-- Modules 02-10
-- Generated by: database/seeds/runner.py
-- Modules: 09-profiles, 02-providers, 03-models, 04-agents, 06-auth, 08-evals, 10-systems
-- ============================================================

-- agent_agents_junction
INSERT INTO public.agent_agents_junction (agent_id, agents_id, active, created_at, generated, mcp) VALUES ('ab00000a-0000-0000-0000-00000000000a', 'ab00000a-0000-0000-0000-00000000000a', true, '2026-03-10 22:39:14.141839+00:00', false, false) ON CONFLICT (id) DO NOTHING;
INSERT INTO public.agent_agents_junction (agent_id, agents_id, active, created_at, generated, mcp) VALUES ('88888888-8888-8888-8888-888888888888', '88888888-8888-8888-8888-888888888888', true, '2026-03-10 22:39:14.149189+00:00', false, false) ON CONFLICT (id) DO NOTHING;
INSERT INTO public.agent_agents_junction (agent_id, agents_id, active, created_at, generated, mcp) VALUES ('ab000002-0000-0000-0000-000000000002', 'ab000002-0000-0000-0000-000000000002', true, '2026-03-10 22:39:14.153555+00:00', false, false) ON CONFLICT (id) DO NOTHING;
INSERT INTO public.agent_agents_junction (agent_id, agents_id, active, created_at, generated, mcp) VALUES ('ab000003-0000-0000-0000-000000000003', 'ab000003-0000-0000-0000-000000000003', true, '2026-03-10 22:39:14.156382+00:00', false, false) ON CONFLICT (id) DO NOTHING;
INSERT INTO public.agent_agents_junction (agent_id, agents_id, active, created_at, generated, mcp) VALUES ('018f0005-0001-7000-8000-000000000001', '018f0005-0001-7000-8000-000000000001', true, '2026-03-10 22:39:14.159437+00:00', false, false) ON CONFLICT (id) DO NOTHING;
INSERT INTO public.agent_agents_junction (agent_id, agents_id, active, created_at, generated, mcp) VALUES ('22222222-2222-2222-2222-222222222222', '22222222-2222-2222-2222-222222222222', true, '2026-03-10 22:39:14.162483+00:00', false, false) ON CONFLICT (id) DO NOTHING;
INSERT INTO public.agent_agents_junction (agent_id, agents_id, active, created_at, generated, mcp) VALUES ('aabbccdd-aabb-ccdd-aabb-ccddaabbccdd', 'aabbccdd-aabb-ccdd-aabb-ccddaabbccdd', true, '2026-03-10 22:39:14.165427+00:00', false, false) ON CONFLICT (id) DO NOTHING;
INSERT INTO public.agent_agents_junction (agent_id, agents_id, active, created_at, generated, mcp) VALUES ('bbbbbbbb-bbbb-bbbb-bbbb-bbbbbbbbbbbb', 'bbbbbbbb-bbbb-bbbb-bbbb-bbbbbbbbbbbb', true, '2026-03-10 22:39:14.168317+00:00', false, false) ON CONFLICT (id) DO NOTHING;
INSERT INTO public.agent_agents_junction (agent_id, agents_id, active, created_at, generated, mcp) VALUES ('66666666-6666-6666-6666-666666666666', '66666666-6666-6666-6666-666666666666', true, '2026-03-10 22:39:14.171158+00:00', false, false) ON CONFLICT (id) DO NOTHING;
INSERT INTO public.agent_agents_junction (agent_id, agents_id, active, created_at, generated, mcp) VALUES ('ab000007-0000-0000-0000-000000000007', 'ab000007-0000-0000-0000-000000000007', true, '2026-03-10 22:39:14.173984+00:00', false, false) ON CONFLICT (id) DO NOTHING;
INSERT INTO public.agent_agents_junction (agent_id, agents_id, active, created_at, generated, mcp) VALUES ('44444444-4444-4444-4444-444444444444', '44444444-4444-4444-4444-444444444444', true, '2026-03-10 22:39:14.177003+00:00', false, false) ON CONFLICT (id) DO NOTHING;
INSERT INTO public.agent_agents_junction (agent_id, agents_id, active, created_at, generated, mcp) VALUES ('019b3be4-3112-774d-82b2-c4c3ed98238e', '019b3be4-3112-774d-82b2-c4c3ed98238e', true, '2026-03-10 22:39:14.180196+00:00', false, false) ON CONFLICT (id) DO NOTHING;
INSERT INTO public.agent_agents_junction (agent_id, agents_id, active, created_at, generated, mcp) VALUES ('eeeeeeee-eeee-eeee-eeee-eeeeeeeeeeee', 'eeeeeeee-eeee-eeee-eeee-eeeeeeeeeeee', true, '2026-03-10 22:39:14.182866+00:00', false, false) ON CONFLICT (id) DO NOTHING;
INSERT INTO public.agent_agents_junction (agent_id, agents_id, active, created_at, generated, mcp) VALUES ('ffffffff-ffff-ffff-ffff-ffffffffffff', 'ffffffff-ffff-ffff-ffff-ffffffffffff', true, '2026-03-10 22:39:14.185493+00:00', false, false) ON CONFLICT (id) DO NOTHING;
INSERT INTO public.agent_agents_junction (agent_id, agents_id, active, created_at, generated, mcp) VALUES ('ab00000f-0000-0000-0000-00000000000f', 'ab00000f-0000-0000-0000-00000000000f', true, '2026-03-10 22:39:14.188173+00:00', false, false) ON CONFLICT (id) DO NOTHING;
INSERT INTO public.agent_agents_junction (agent_id, agents_id, active, created_at, generated, mcp) VALUES ('ab00000d-0000-0000-0000-00000000000d', 'ab00000d-0000-0000-0000-00000000000d', true, '2026-03-10 22:39:14.190931+00:00', false, false) ON CONFLICT (id) DO NOTHING;
INSERT INTO public.agent_agents_junction (agent_id, agents_id, active, created_at, generated, mcp) VALUES ('ab000005-0000-0000-0000-000000000005', 'ab000005-0000-0000-0000-000000000005', true, '2026-03-10 22:39:14.193822+00:00', false, false) ON CONFLICT (id) DO NOTHING;
INSERT INTO public.agent_agents_junction (agent_id, agents_id, active, created_at, generated, mcp) VALUES ('ab000001-0000-0000-0000-000000000001', 'ab000001-0000-0000-0000-000000000001', true, '2026-03-10 22:39:14.196686+00:00', false, false) ON CONFLICT (id) DO NOTHING;
INSERT INTO public.agent_agents_junction (agent_id, agents_id, active, created_at, generated, mcp) VALUES ('ab00000e-0000-0000-0000-00000000000e', 'ab00000e-0000-0000-0000-00000000000e', true, '2026-03-10 22:39:14.199477+00:00', false, false) ON CONFLICT (id) DO NOTHING;
INSERT INTO public.agent_agents_junction (agent_id, agents_id, active, created_at, generated, mcp) VALUES ('99999999-9999-9999-9999-999999999999', '99999999-9999-9999-9999-999999999999', true, '2026-03-10 22:39:14.202216+00:00', false, false) ON CONFLICT (id) DO NOTHING;
INSERT INTO public.agent_agents_junction (agent_id, agents_id, active, created_at, generated, mcp) VALUES ('11111111-1111-1111-1111-111111111111', '11111111-1111-1111-1111-111111111111', true, '2026-03-10 22:39:14.204893+00:00', false, false) ON CONFLICT (id) DO NOTHING;
INSERT INTO public.agent_agents_junction (agent_id, agents_id, active, created_at, generated, mcp) VALUES ('cccccccc-cccc-cccc-cccc-cccccccccccc', 'cccccccc-cccc-cccc-cccc-cccccccccccc', true, '2026-03-10 22:39:14.207718+00:00', false, false) ON CONFLICT (id) DO NOTHING;
INSERT INTO public.agent_agents_junction (agent_id, agents_id, active, created_at, generated, mcp) VALUES ('ab000006-0000-0000-0000-000000000006', 'ab000006-0000-0000-0000-000000000006', true, '2026-03-10 22:39:14.210549+00:00', false, false) ON CONFLICT (id) DO NOTHING;
INSERT INTO public.agent_agents_junction (agent_id, agents_id, active, created_at, generated, mcp) VALUES ('ab00000c-0000-0000-0000-00000000000c', 'ab00000c-0000-0000-0000-00000000000c', true, '2026-03-10 22:39:14.213250+00:00', false, false) ON CONFLICT (id) DO NOTHING;
INSERT INTO public.agent_agents_junction (agent_id, agents_id, active, created_at, generated, mcp) VALUES ('33333333-3333-3333-3333-333333333333', '33333333-3333-3333-3333-333333333333', true, '2026-03-10 22:39:14.216038+00:00', false, false) ON CONFLICT (id) DO NOTHING;
INSERT INTO public.agent_agents_junction (agent_id, agents_id, active, created_at, generated, mcp) VALUES ('00000000-0000-0000-0000-000000000000', '00000000-0000-0000-0000-000000000000', true, '2026-03-10 22:39:14.218763+00:00', false, false) ON CONFLICT (id) DO NOTHING;
INSERT INTO public.agent_agents_junction (agent_id, agents_id, active, created_at, generated, mcp) VALUES ('ab000009-0000-0000-0000-000000000009', 'ab000009-0000-0000-0000-000000000009', true, '2026-03-10 22:39:14.221440+00:00', false, false) ON CONFLICT (id) DO NOTHING;
INSERT INTO public.agent_agents_junction (agent_id, agents_id, active, created_at, generated, mcp) VALUES ('ab000008-0000-0000-0000-000000000008', 'ab000008-0000-0000-0000-000000000008', true, '2026-03-10 22:39:14.224209+00:00', false, false) ON CONFLICT (id) DO NOTHING;
INSERT INTO public.agent_agents_junction (agent_id, agents_id, active, created_at, generated, mcp) VALUES ('019b3be4-3112-7786-ad7d-45ee39b86bc5', '019b3be4-3112-7786-ad7d-45ee39b86bc5', true, '2026-03-10 22:39:14.226934+00:00', false, false) ON CONFLICT (id) DO NOTHING;
INSERT INTO public.agent_agents_junction (agent_id, agents_id, active, created_at, generated, mcp) VALUES ('019b3be4-3112-7685-8967-a5488fadb090', '019b3be4-3112-7685-8967-a5488fadb090', true, '2026-03-10 22:39:14.229704+00:00', false, false) ON CONFLICT (id) DO NOTHING;
INSERT INTO public.agent_agents_junction (agent_id, agents_id, active, created_at, generated, mcp) VALUES ('f6533535-6087-4e6d-9fd3-ed92cc9c1021', 'f6533535-6087-4e6d-9fd3-ed92cc9c1021', true, '2026-03-10 22:39:14.232440+00:00', false, false) ON CONFLICT (id) DO NOTHING;
INSERT INTO public.agent_agents_junction (agent_id, agents_id, active, created_at, generated, mcp) VALUES ('3937bcae-527f-495f-82c5-476d18ce7fed', '3937bcae-527f-495f-82c5-476d18ce7fed', true, '2026-03-10 22:39:14.235096+00:00', false, false) ON CONFLICT (id) DO NOTHING;
INSERT INTO public.agent_agents_junction (agent_id, agents_id, active, created_at, generated, mcp) VALUES ('ab00000b-0000-0000-0000-00000000000b', 'ab00000b-0000-0000-0000-00000000000b', true, '2026-03-10 22:39:14.237845+00:00', false, false) ON CONFLICT (id) DO NOTHING;
INSERT INTO public.agent_agents_junction (agent_id, agents_id, active, created_at, generated, mcp) VALUES ('77777777-7777-7777-7777-777777777777', '77777777-7777-7777-7777-777777777777', true, '2026-03-10 22:39:14.240746+00:00', false, false) ON CONFLICT (id) DO NOTHING;
INSERT INTO public.agent_agents_junction (agent_id, agents_id, active, created_at, generated, mcp) VALUES ('dddddddd-dddd-dddd-dddd-dddddddddddd', 'dddddddd-dddd-dddd-dddd-dddddddddddd', true, '2026-03-10 22:39:14.243785+00:00', false, false) ON CONFLICT (id) DO NOTHING;
INSERT INTO public.agent_agents_junction (agent_id, agents_id, active, created_at, generated, mcp) VALUES ('ab000004-0000-0000-0000-000000000004', 'ab000004-0000-0000-0000-000000000004', true, '2026-03-10 22:39:14.246646+00:00', false, false) ON CONFLICT (id) DO NOTHING;
INSERT INTO public.agent_agents_junction (agent_id, agents_id, active, created_at, generated, mcp) VALUES ('018f0005-0001-7000-8000-000000000002', '018f0005-0001-7000-8000-000000000002', true, '2026-03-10 22:39:14.249466+00:00', false, false) ON CONFLICT (id) DO NOTHING;
INSERT INTO public.agent_agents_junction (agent_id, agents_id, active, created_at, generated, mcp) VALUES ('aaaaaaaa-aaaa-aaaa-aaaa-aaaaaaaaaaaa', 'aaaaaaaa-aaaa-aaaa-aaaa-aaaaaaaaaaaa', true, '2026-03-10 22:39:14.252224+00:00', false, false) ON CONFLICT (id) DO NOTHING;

-- agent_artifact
INSERT INTO public.agent_artifact (created_at, updated_at, id, generated, mcp, active) VALUES ('2026-03-10 22:39:14.141839+00:00', '2026-03-10 22:39:14.141839+00:00', 'ab00000a-0000-0000-0000-00000000000a', false, false, true) ON CONFLICT (id) DO NOTHING;
INSERT INTO public.agent_artifact (created_at, updated_at, id, generated, mcp, active) VALUES ('2026-03-10 22:39:14.149189+00:00', '2026-03-10 22:39:14.149189+00:00', '88888888-8888-8888-8888-888888888888', false, false, true) ON CONFLICT (id) DO NOTHING;
INSERT INTO public.agent_artifact (created_at, updated_at, id, generated, mcp, active) VALUES ('2026-03-10 22:39:14.153555+00:00', '2026-03-10 22:39:14.153555+00:00', 'ab000002-0000-0000-0000-000000000002', false, false, true) ON CONFLICT (id) DO NOTHING;
INSERT INTO public.agent_artifact (created_at, updated_at, id, generated, mcp, active) VALUES ('2026-03-10 22:39:14.156382+00:00', '2026-03-10 22:39:14.156382+00:00', 'ab000003-0000-0000-0000-000000000003', false, false, true) ON CONFLICT (id) DO NOTHING;
INSERT INTO public.agent_artifact (created_at, updated_at, id, generated, mcp, active) VALUES ('2026-03-10 22:39:14.159437+00:00', '2026-03-10 22:39:14.159437+00:00', '018f0005-0001-7000-8000-000000000001', false, false, true) ON CONFLICT (id) DO NOTHING;
INSERT INTO public.agent_artifact (created_at, updated_at, id, generated, mcp, active) VALUES ('2026-03-10 22:39:14.162483+00:00', '2026-03-10 22:39:14.162483+00:00', '22222222-2222-2222-2222-222222222222', false, false, true) ON CONFLICT (id) DO NOTHING;
INSERT INTO public.agent_artifact (created_at, updated_at, id, generated, mcp, active) VALUES ('2026-03-10 22:39:14.165427+00:00', '2026-03-10 22:39:14.165427+00:00', 'aabbccdd-aabb-ccdd-aabb-ccddaabbccdd', false, false, true) ON CONFLICT (id) DO NOTHING;
INSERT INTO public.agent_artifact (created_at, updated_at, id, generated, mcp, active) VALUES ('2026-03-10 22:39:14.168317+00:00', '2026-03-10 22:39:14.168317+00:00', 'bbbbbbbb-bbbb-bbbb-bbbb-bbbbbbbbbbbb', false, false, true) ON CONFLICT (id) DO NOTHING;
INSERT INTO public.agent_artifact (created_at, updated_at, id, generated, mcp, active) VALUES ('2026-03-10 22:39:14.171158+00:00', '2026-03-10 22:39:14.171158+00:00', '66666666-6666-6666-6666-666666666666', false, false, true) ON CONFLICT (id) DO NOTHING;
INSERT INTO public.agent_artifact (created_at, updated_at, id, generated, mcp, active) VALUES ('2026-03-10 22:39:14.173984+00:00', '2026-03-10 22:39:14.173984+00:00', 'ab000007-0000-0000-0000-000000000007', false, false, true) ON CONFLICT (id) DO NOTHING;
INSERT INTO public.agent_artifact (created_at, updated_at, id, generated, mcp, active) VALUES ('2026-03-10 22:39:14.177003+00:00', '2026-03-10 22:39:14.177003+00:00', '44444444-4444-4444-4444-444444444444', false, false, true) ON CONFLICT (id) DO NOTHING;
INSERT INTO public.agent_artifact (created_at, updated_at, id, generated, mcp, active) VALUES ('2026-03-10 22:39:14.180196+00:00', '2026-03-10 22:39:14.180196+00:00', '019b3be4-3112-774d-82b2-c4c3ed98238e', false, false, true) ON CONFLICT (id) DO NOTHING;
INSERT INTO public.agent_artifact (created_at, updated_at, id, generated, mcp, active) VALUES ('2026-03-10 22:39:14.182866+00:00', '2026-03-10 22:39:14.182866+00:00', 'eeeeeeee-eeee-eeee-eeee-eeeeeeeeeeee', false, false, true) ON CONFLICT (id) DO NOTHING;
INSERT INTO public.agent_artifact (created_at, updated_at, id, generated, mcp, active) VALUES ('2026-03-10 22:39:14.185493+00:00', '2026-03-10 22:39:14.185493+00:00', 'ffffffff-ffff-ffff-ffff-ffffffffffff', false, false, true) ON CONFLICT (id) DO NOTHING;
INSERT INTO public.agent_artifact (created_at, updated_at, id, generated, mcp, active) VALUES ('2026-03-10 22:39:14.188173+00:00', '2026-03-10 22:39:14.188173+00:00', 'ab00000f-0000-0000-0000-00000000000f', false, false, true) ON CONFLICT (id) DO NOTHING;
INSERT INTO public.agent_artifact (created_at, updated_at, id, generated, mcp, active) VALUES ('2026-03-10 22:39:14.190931+00:00', '2026-03-10 22:39:14.190931+00:00', 'ab00000d-0000-0000-0000-00000000000d', false, false, true) ON CONFLICT (id) DO NOTHING;
INSERT INTO public.agent_artifact (created_at, updated_at, id, generated, mcp, active) VALUES ('2026-03-10 22:39:14.193822+00:00', '2026-03-10 22:39:14.193822+00:00', 'ab000005-0000-0000-0000-000000000005', false, false, true) ON CONFLICT (id) DO NOTHING;
INSERT INTO public.agent_artifact (created_at, updated_at, id, generated, mcp, active) VALUES ('2026-03-10 22:39:14.196686+00:00', '2026-03-10 22:39:14.196686+00:00', 'ab000001-0000-0000-0000-000000000001', false, false, true) ON CONFLICT (id) DO NOTHING;
INSERT INTO public.agent_artifact (created_at, updated_at, id, generated, mcp, active) VALUES ('2026-03-10 22:39:14.199477+00:00', '2026-03-10 22:39:14.199477+00:00', 'ab00000e-0000-0000-0000-00000000000e', false, false, true) ON CONFLICT (id) DO NOTHING;
INSERT INTO public.agent_artifact (created_at, updated_at, id, generated, mcp, active) VALUES ('2026-03-10 22:39:14.202216+00:00', '2026-03-10 22:39:14.202216+00:00', '99999999-9999-9999-9999-999999999999', false, false, true) ON CONFLICT (id) DO NOTHING;
INSERT INTO public.agent_artifact (created_at, updated_at, id, generated, mcp, active) VALUES ('2026-03-10 22:39:14.204893+00:00', '2026-03-10 22:39:14.204893+00:00', '11111111-1111-1111-1111-111111111111', false, false, true) ON CONFLICT (id) DO NOTHING;
INSERT INTO public.agent_artifact (created_at, updated_at, id, generated, mcp, active) VALUES ('2026-03-10 22:39:14.207718+00:00', '2026-03-10 22:39:14.207718+00:00', 'cccccccc-cccc-cccc-cccc-cccccccccccc', false, false, true) ON CONFLICT (id) DO NOTHING;
INSERT INTO public.agent_artifact (created_at, updated_at, id, generated, mcp, active) VALUES ('2026-03-10 22:39:14.210549+00:00', '2026-03-10 22:39:14.210549+00:00', 'ab000006-0000-0000-0000-000000000006', false, false, true) ON CONFLICT (id) DO NOTHING;
INSERT INTO public.agent_artifact (created_at, updated_at, id, generated, mcp, active) VALUES ('2026-03-10 22:39:14.213250+00:00', '2026-03-10 22:39:14.213250+00:00', 'ab00000c-0000-0000-0000-00000000000c', false, false, true) ON CONFLICT (id) DO NOTHING;
INSERT INTO public.agent_artifact (created_at, updated_at, id, generated, mcp, active) VALUES ('2026-03-10 22:39:14.216038+00:00', '2026-03-10 22:39:14.216038+00:00', '33333333-3333-3333-3333-333333333333', false, false, true) ON CONFLICT (id) DO NOTHING;
INSERT INTO public.agent_artifact (created_at, updated_at, id, generated, mcp, active) VALUES ('2026-03-10 22:39:14.218763+00:00', '2026-03-10 22:39:14.218763+00:00', '00000000-0000-0000-0000-000000000000', false, false, true) ON CONFLICT (id) DO NOTHING;
INSERT INTO public.agent_artifact (created_at, updated_at, id, generated, mcp, active) VALUES ('2026-03-10 22:39:14.221440+00:00', '2026-03-10 22:39:14.221440+00:00', 'ab000009-0000-0000-0000-000000000009', false, false, true) ON CONFLICT (id) DO NOTHING;
INSERT INTO public.agent_artifact (created_at, updated_at, id, generated, mcp, active) VALUES ('2026-03-10 22:39:14.224209+00:00', '2026-03-10 22:39:14.224209+00:00', 'ab000008-0000-0000-0000-000000000008', false, false, true) ON CONFLICT (id) DO NOTHING;
INSERT INTO public.agent_artifact (created_at, updated_at, id, generated, mcp, active) VALUES ('2026-03-10 22:39:14.226934+00:00', '2026-03-10 22:39:14.226934+00:00', '019b3be4-3112-7786-ad7d-45ee39b86bc5', false, false, true) ON CONFLICT (id) DO NOTHING;
INSERT INTO public.agent_artifact (created_at, updated_at, id, generated, mcp, active) VALUES ('2026-03-10 22:39:14.229704+00:00', '2026-03-10 22:39:14.229704+00:00', '019b3be4-3112-7685-8967-a5488fadb090', false, false, true) ON CONFLICT (id) DO NOTHING;
INSERT INTO public.agent_artifact (created_at, updated_at, id, generated, mcp, active) VALUES ('2026-03-10 22:39:14.232440+00:00', '2026-03-10 22:39:14.232440+00:00', 'f6533535-6087-4e6d-9fd3-ed92cc9c1021', false, false, true) ON CONFLICT (id) DO NOTHING;
INSERT INTO public.agent_artifact (created_at, updated_at, id, generated, mcp, active) VALUES ('2026-03-10 22:39:14.235096+00:00', '2026-03-10 22:39:14.235096+00:00', '3937bcae-527f-495f-82c5-476d18ce7fed', false, false, true) ON CONFLICT (id) DO NOTHING;
INSERT INTO public.agent_artifact (created_at, updated_at, id, generated, mcp, active) VALUES ('2026-03-10 22:39:14.237845+00:00', '2026-03-10 22:39:14.237845+00:00', 'ab00000b-0000-0000-0000-00000000000b', false, false, true) ON CONFLICT (id) DO NOTHING;
INSERT INTO public.agent_artifact (created_at, updated_at, id, generated, mcp, active) VALUES ('2026-03-10 22:39:14.240746+00:00', '2026-03-10 22:39:14.240746+00:00', '77777777-7777-7777-7777-777777777777', false, false, true) ON CONFLICT (id) DO NOTHING;
INSERT INTO public.agent_artifact (created_at, updated_at, id, generated, mcp, active) VALUES ('2026-03-10 22:39:14.243785+00:00', '2026-03-10 22:39:14.243785+00:00', 'dddddddd-dddd-dddd-dddd-dddddddddddd', false, false, true) ON CONFLICT (id) DO NOTHING;
INSERT INTO public.agent_artifact (created_at, updated_at, id, generated, mcp, active) VALUES ('2026-03-10 22:39:14.246646+00:00', '2026-03-10 22:39:14.246646+00:00', 'ab000004-0000-0000-0000-000000000004', false, false, true) ON CONFLICT (id) DO NOTHING;
INSERT INTO public.agent_artifact (created_at, updated_at, id, generated, mcp, active) VALUES ('2026-03-10 22:39:14.249466+00:00', '2026-03-10 22:39:14.249466+00:00', '018f0005-0001-7000-8000-000000000002', false, false, true) ON CONFLICT (id) DO NOTHING;
INSERT INTO public.agent_artifact (created_at, updated_at, id, generated, mcp, active) VALUES ('2026-03-10 22:39:14.252224+00:00', '2026-03-10 22:39:14.252224+00:00', 'aaaaaaaa-aaaa-aaaa-aaaa-aaaaaaaaaaaa', false, false, true) ON CONFLICT (id) DO NOTHING;

-- agent_descriptions_junction
INSERT INTO public.agent_descriptions_junction (agent_id, descriptions_id, created_at, generated, mcp, active) VALUES ('ab00000a-0000-0000-0000-00000000000a', '019cd9e7-829b-73d6-a419-79c09ea372f1', '2026-03-10 22:39:14.141839+00:00', false, false, true) ON CONFLICT (id) DO NOTHING;
INSERT INTO public.agent_descriptions_junction (agent_id, descriptions_id, created_at, generated, mcp, active) VALUES ('88888888-8888-8888-8888-888888888888', '019cd9e7-829d-7083-98a0-22cbfdd56367', '2026-03-10 22:39:14.149189+00:00', false, false, true) ON CONFLICT (id) DO NOTHING;
INSERT INTO public.agent_descriptions_junction (agent_id, descriptions_id, created_at, generated, mcp, active) VALUES ('ab000002-0000-0000-0000-000000000002', '019cd9e7-829e-7b3a-a623-03cafbb25d99', '2026-03-10 22:39:14.153555+00:00', false, false, true) ON CONFLICT (id) DO NOTHING;
INSERT INTO public.agent_descriptions_junction (agent_id, descriptions_id, created_at, generated, mcp, active) VALUES ('ab000003-0000-0000-0000-000000000003', '019cd9e7-82a0-79ba-b2ec-de3c30fa0071', '2026-03-10 22:39:14.156382+00:00', false, false, true) ON CONFLICT (id) DO NOTHING;
INSERT INTO public.agent_descriptions_junction (agent_id, descriptions_id, created_at, generated, mcp, active) VALUES ('018f0005-0001-7000-8000-000000000001', '019cd9e7-82a2-7341-9cb5-138a7b6b1708', '2026-03-10 22:39:14.159437+00:00', false, false, true) ON CONFLICT (id) DO NOTHING;
INSERT INTO public.agent_descriptions_junction (agent_id, descriptions_id, created_at, generated, mcp, active) VALUES ('22222222-2222-2222-2222-222222222222', '019cd9e7-82a3-7c67-9606-ab736d6c4539', '2026-03-10 22:39:14.162483+00:00', false, false, true) ON CONFLICT (id) DO NOTHING;
INSERT INTO public.agent_descriptions_junction (agent_id, descriptions_id, created_at, generated, mcp, active) VALUES ('aabbccdd-aabb-ccdd-aabb-ccddaabbccdd', '019cd9e7-82a5-7596-bd6b-26977095a75f', '2026-03-10 22:39:14.165427+00:00', false, false, true) ON CONFLICT (id) DO NOTHING;
INSERT INTO public.agent_descriptions_junction (agent_id, descriptions_id, created_at, generated, mcp, active) VALUES ('bbbbbbbb-bbbb-bbbb-bbbb-bbbbbbbbbbbb', '019cd9e7-82a6-7e62-8360-f4eb220eaf67', '2026-03-10 22:39:14.168317+00:00', false, false, true) ON CONFLICT (id) DO NOTHING;
INSERT INTO public.agent_descriptions_junction (agent_id, descriptions_id, created_at, generated, mcp, active) VALUES ('66666666-6666-6666-6666-666666666666', '019cd9e7-82a8-7810-a158-7ad6394c037b', '2026-03-10 22:39:14.171158+00:00', false, false, true) ON CONFLICT (id) DO NOTHING;
INSERT INTO public.agent_descriptions_junction (agent_id, descriptions_id, created_at, generated, mcp, active) VALUES ('ab000007-0000-0000-0000-000000000007', '019cd9e7-82aa-719f-9c95-c549b10b9256', '2026-03-10 22:39:14.173984+00:00', false, false, true) ON CONFLICT (id) DO NOTHING;
INSERT INTO public.agent_descriptions_junction (agent_id, descriptions_id, created_at, generated, mcp, active) VALUES ('44444444-4444-4444-4444-444444444444', '019cd9e7-82ac-720e-9fe8-96a44723ca06', '2026-03-10 22:39:14.177003+00:00', false, false, true) ON CONFLICT (id) DO NOTHING;
INSERT INTO public.agent_descriptions_junction (agent_id, descriptions_id, created_at, generated, mcp, active) VALUES ('019b3be4-3112-774d-82b2-c4c3ed98238e', '019cd9e7-82ad-7d30-a4ec-353fa95cc05f', '2026-03-10 22:39:14.180196+00:00', false, false, true) ON CONFLICT (id) DO NOTHING;
INSERT INTO public.agent_descriptions_junction (agent_id, descriptions_id, created_at, generated, mcp, active) VALUES ('eeeeeeee-eeee-eeee-eeee-eeeeeeeeeeee', '019cd9e7-82af-7649-b97c-bd9df1a60414', '2026-03-10 22:39:14.182866+00:00', false, false, true) ON CONFLICT (id) DO NOTHING;
INSERT INTO public.agent_descriptions_junction (agent_id, descriptions_id, created_at, generated, mcp, active) VALUES ('ffffffff-ffff-ffff-ffff-ffffffffffff', '019cd9e7-82b0-7f8c-86fd-6152cc0ed574', '2026-03-10 22:39:14.185493+00:00', false, false, true) ON CONFLICT (id) DO NOTHING;
INSERT INTO public.agent_descriptions_junction (agent_id, descriptions_id, created_at, generated, mcp, active) VALUES ('ab00000f-0000-0000-0000-00000000000f', '019cd9e7-82b2-78c1-9b1a-9ade1a7824d6', '2026-03-10 22:39:14.188173+00:00', false, false, true) ON CONFLICT (id) DO NOTHING;
INSERT INTO public.agent_descriptions_junction (agent_id, descriptions_id, created_at, generated, mcp, active) VALUES ('ab00000d-0000-0000-0000-00000000000d', '019cd9e7-82b4-72a9-870a-a0decd43adee', '2026-03-10 22:39:14.190931+00:00', false, false, true) ON CONFLICT (id) DO NOTHING;
INSERT INTO public.agent_descriptions_junction (agent_id, descriptions_id, created_at, generated, mcp, active) VALUES ('ab000005-0000-0000-0000-000000000005', '019cd9e7-82b5-7b33-bea4-b2208b600d44', '2026-03-10 22:39:14.193822+00:00', false, false, true) ON CONFLICT (id) DO NOTHING;
INSERT INTO public.agent_descriptions_junction (agent_id, descriptions_id, created_at, generated, mcp, active) VALUES ('ab000001-0000-0000-0000-000000000001', '019cd9e7-82b7-7649-a6bf-d5922b3b1d87', '2026-03-10 22:39:14.196686+00:00', false, false, true) ON CONFLICT (id) DO NOTHING;
INSERT INTO public.agent_descriptions_junction (agent_id, descriptions_id, created_at, generated, mcp, active) VALUES ('ab00000e-0000-0000-0000-00000000000e', '019cd9e7-82b9-7059-83ed-fcdc2fe6ed84', '2026-03-10 22:39:14.199477+00:00', false, false, true) ON CONFLICT (id) DO NOTHING;
INSERT INTO public.agent_descriptions_junction (agent_id, descriptions_id, created_at, generated, mcp, active) VALUES ('99999999-9999-9999-9999-999999999999', '019cd9e7-82ba-7afb-a7a1-651e11b7acf4', '2026-03-10 22:39:14.202216+00:00', false, false, true) ON CONFLICT (id) DO NOTHING;
INSERT INTO public.agent_descriptions_junction (agent_id, descriptions_id, created_at, generated, mcp, active) VALUES ('11111111-1111-1111-1111-111111111111', '019cd9e7-82bc-7a64-8598-a7b523dfb847', '2026-03-10 22:39:14.204893+00:00', false, false, true) ON CONFLICT (id) DO NOTHING;
INSERT INTO public.agent_descriptions_junction (agent_id, descriptions_id, created_at, generated, mcp, active) VALUES ('cccccccc-cccc-cccc-cccc-cccccccccccc', '019cd9e7-82be-7654-ba9f-3f9cf6ecbe5d', '2026-03-10 22:39:14.207718+00:00', false, false, true) ON CONFLICT (id) DO NOTHING;
INSERT INTO public.agent_descriptions_junction (agent_id, descriptions_id, created_at, generated, mcp, active) VALUES ('ab000006-0000-0000-0000-000000000006', '019cd9e7-82c0-7036-ae48-03692411f366', '2026-03-10 22:39:14.210549+00:00', false, false, true) ON CONFLICT (id) DO NOTHING;
INSERT INTO public.agent_descriptions_junction (agent_id, descriptions_id, created_at, generated, mcp, active) VALUES ('ab00000c-0000-0000-0000-00000000000c', '019cd9e7-82c1-7a1b-b0e3-6783efd5e760', '2026-03-10 22:39:14.213250+00:00', false, false, true) ON CONFLICT (id) DO NOTHING;
INSERT INTO public.agent_descriptions_junction (agent_id, descriptions_id, created_at, generated, mcp, active) VALUES ('33333333-3333-3333-3333-333333333333', '019cd9e7-82c3-74ce-ba45-7b9ffa6dfd03', '2026-03-10 22:39:14.216038+00:00', false, false, true) ON CONFLICT (id) DO NOTHING;
INSERT INTO public.agent_descriptions_junction (agent_id, descriptions_id, created_at, generated, mcp, active) VALUES ('00000000-0000-0000-0000-000000000000', '019cd9e7-82c4-7ef2-aaf3-2e7654d03041', '2026-03-10 22:39:14.218763+00:00', false, false, true) ON CONFLICT (id) DO NOTHING;
INSERT INTO public.agent_descriptions_junction (agent_id, descriptions_id, created_at, generated, mcp, active) VALUES ('ab000009-0000-0000-0000-000000000009', '019cd9e7-82c6-78b4-bde5-4ffe05a77cd6', '2026-03-10 22:39:14.221440+00:00', false, false, true) ON CONFLICT (id) DO NOTHING;
INSERT INTO public.agent_descriptions_junction (agent_id, descriptions_id, created_at, generated, mcp, active) VALUES ('ab000008-0000-0000-0000-000000000008', '019cd9e7-82c8-7249-9e5d-2af7783b27a6', '2026-03-10 22:39:14.224209+00:00', false, false, true) ON CONFLICT (id) DO NOTHING;
INSERT INTO public.agent_descriptions_junction (agent_id, descriptions_id, created_at, generated, mcp, active) VALUES ('019b3be4-3112-7786-ad7d-45ee39b86bc5', '019cd9e7-82c9-7bfe-b6cf-15ac89e37c36', '2026-03-10 22:39:14.226934+00:00', false, false, true) ON CONFLICT (id) DO NOTHING;
INSERT INTO public.agent_descriptions_junction (agent_id, descriptions_id, created_at, generated, mcp, active) VALUES ('019b3be4-3112-7685-8967-a5488fadb090', '019cd9e7-82cb-75d1-ab10-23ac64e697ff', '2026-03-10 22:39:14.229704+00:00', false, false, true) ON CONFLICT (id) DO NOTHING;
INSERT INTO public.agent_descriptions_junction (agent_id, descriptions_id, created_at, generated, mcp, active) VALUES ('f6533535-6087-4e6d-9fd3-ed92cc9c1021', '019cd9e7-82cc-7f11-8209-01acd7c4881e', '2026-03-10 22:39:14.232440+00:00', false, false, true) ON CONFLICT (id) DO NOTHING;
INSERT INTO public.agent_descriptions_junction (agent_id, descriptions_id, created_at, generated, mcp, active) VALUES ('3937bcae-527f-495f-82c5-476d18ce7fed', '019cd9e7-82ce-7ae9-96bb-987e1fafbc48', '2026-03-10 22:39:14.235096+00:00', false, false, true) ON CONFLICT (id) DO NOTHING;
INSERT INTO public.agent_descriptions_junction (agent_id, descriptions_id, created_at, generated, mcp, active) VALUES ('ab00000b-0000-0000-0000-00000000000b', '019cd9e7-82d0-74c9-ab99-cb00dd31b79a', '2026-03-10 22:39:14.237845+00:00', false, false, true) ON CONFLICT (id) DO NOTHING;
INSERT INTO public.agent_descriptions_junction (agent_id, descriptions_id, created_at, generated, mcp, active) VALUES ('77777777-7777-7777-7777-777777777777', '019cd9e7-82d1-7de8-9102-52aea269b6b3', '2026-03-10 22:39:14.240746+00:00', false, false, true) ON CONFLICT (id) DO NOTHING;
INSERT INTO public.agent_descriptions_junction (agent_id, descriptions_id, created_at, generated, mcp, active) VALUES ('dddddddd-dddd-dddd-dddd-dddddddddddd', '019cd9e7-82d3-7743-8c22-6b43459ee71a', '2026-03-10 22:39:14.243785+00:00', false, false, true) ON CONFLICT (id) DO NOTHING;
INSERT INTO public.agent_descriptions_junction (agent_id, descriptions_id, created_at, generated, mcp, active) VALUES ('ab000004-0000-0000-0000-000000000004', '019cd9e7-82d5-7089-acb2-3d680d7d2516', '2026-03-10 22:39:14.246646+00:00', false, false, true) ON CONFLICT (id) DO NOTHING;
INSERT INTO public.agent_descriptions_junction (agent_id, descriptions_id, created_at, generated, mcp, active) VALUES ('018f0005-0001-7000-8000-000000000002', '019cd9e7-82d6-7980-8cf9-b9ed1966ee43', '2026-03-10 22:39:14.249466+00:00', false, false, true) ON CONFLICT (id) DO NOTHING;
INSERT INTO public.agent_descriptions_junction (agent_id, descriptions_id, created_at, generated, mcp, active) VALUES ('aaaaaaaa-aaaa-aaaa-aaaa-aaaaaaaaaaaa', '019cd9e7-82d8-7270-8771-2f915fcb08f8', '2026-03-10 22:39:14.252224+00:00', false, false, true) ON CONFLICT (id) DO NOTHING;

-- agent_flags_junction
INSERT INTO public.agent_flags_junction (agent_id, flags_id, created_at, generated, mcp, active) VALUES ('ab00000a-0000-0000-0000-00000000000a', '019be334-bfc4-76ac-80d3-c8ba7618bc7a', '2026-03-10 22:39:14.141839+00:00', false, false, true) ON CONFLICT (id) DO NOTHING;
INSERT INTO public.agent_flags_junction (agent_id, flags_id, created_at, generated, mcp, active) VALUES ('88888888-8888-8888-8888-888888888888', '019be334-bfc4-76ac-80d3-c8ba7618bc7a', '2026-03-10 22:39:14.149189+00:00', false, false, true) ON CONFLICT (id) DO NOTHING;
INSERT INTO public.agent_flags_junction (agent_id, flags_id, created_at, generated, mcp, active) VALUES ('ab000002-0000-0000-0000-000000000002', '019be334-bfc4-76ac-80d3-c8ba7618bc7a', '2026-03-10 22:39:14.153555+00:00', false, false, true) ON CONFLICT (id) DO NOTHING;
INSERT INTO public.agent_flags_junction (agent_id, flags_id, created_at, generated, mcp, active) VALUES ('ab000003-0000-0000-0000-000000000003', '019be334-bfc4-76ac-80d3-c8ba7618bc7a', '2026-03-10 22:39:14.156382+00:00', false, false, true) ON CONFLICT (id) DO NOTHING;
INSERT INTO public.agent_flags_junction (agent_id, flags_id, created_at, generated, mcp, active) VALUES ('018f0005-0001-7000-8000-000000000001', '019be334-bfc4-76ac-80d3-c8ba7618bc7a', '2026-03-10 22:39:14.159437+00:00', false, false, true) ON CONFLICT (id) DO NOTHING;
INSERT INTO public.agent_flags_junction (agent_id, flags_id, created_at, generated, mcp, active) VALUES ('22222222-2222-2222-2222-222222222222', '019be334-bfc4-76ac-80d3-c8ba7618bc7a', '2026-03-10 22:39:14.162483+00:00', false, false, true) ON CONFLICT (id) DO NOTHING;
INSERT INTO public.agent_flags_junction (agent_id, flags_id, created_at, generated, mcp, active) VALUES ('aabbccdd-aabb-ccdd-aabb-ccddaabbccdd', '019be334-bfc4-76ac-80d3-c8ba7618bc7a', '2026-03-10 22:39:14.165427+00:00', false, false, true) ON CONFLICT (id) DO NOTHING;
INSERT INTO public.agent_flags_junction (agent_id, flags_id, created_at, generated, mcp, active) VALUES ('bbbbbbbb-bbbb-bbbb-bbbb-bbbbbbbbbbbb', '019be334-bfc4-76ac-80d3-c8ba7618bc7a', '2026-03-10 22:39:14.168317+00:00', false, false, true) ON CONFLICT (id) DO NOTHING;
INSERT INTO public.agent_flags_junction (agent_id, flags_id, created_at, generated, mcp, active) VALUES ('66666666-6666-6666-6666-666666666666', '019be334-bfc4-76ac-80d3-c8ba7618bc7a', '2026-03-10 22:39:14.171158+00:00', false, false, true) ON CONFLICT (id) DO NOTHING;
INSERT INTO public.agent_flags_junction (agent_id, flags_id, created_at, generated, mcp, active) VALUES ('ab000007-0000-0000-0000-000000000007', '019be334-bfc4-76ac-80d3-c8ba7618bc7a', '2026-03-10 22:39:14.173984+00:00', false, false, true) ON CONFLICT (id) DO NOTHING;
INSERT INTO public.agent_flags_junction (agent_id, flags_id, created_at, generated, mcp, active) VALUES ('44444444-4444-4444-4444-444444444444', '019be334-bfc4-76ac-80d3-c8ba7618bc7a', '2026-03-10 22:39:14.177003+00:00', false, false, true) ON CONFLICT (id) DO NOTHING;
INSERT INTO public.agent_flags_junction (agent_id, flags_id, created_at, generated, mcp, active) VALUES ('019b3be4-3112-774d-82b2-c4c3ed98238e', '019be334-bfc4-76ac-80d3-c8ba7618bc7a', '2026-03-10 22:39:14.180196+00:00', false, false, true) ON CONFLICT (id) DO NOTHING;
INSERT INTO public.agent_flags_junction (agent_id, flags_id, created_at, generated, mcp, active) VALUES ('eeeeeeee-eeee-eeee-eeee-eeeeeeeeeeee', '019be334-bfc4-76ac-80d3-c8ba7618bc7a', '2026-03-10 22:39:14.182866+00:00', false, false, true) ON CONFLICT (id) DO NOTHING;
INSERT INTO public.agent_flags_junction (agent_id, flags_id, created_at, generated, mcp, active) VALUES ('ffffffff-ffff-ffff-ffff-ffffffffffff', '019be334-bfc4-76ac-80d3-c8ba7618bc7a', '2026-03-10 22:39:14.185493+00:00', false, false, true) ON CONFLICT (id) DO NOTHING;
INSERT INTO public.agent_flags_junction (agent_id, flags_id, created_at, generated, mcp, active) VALUES ('ab00000f-0000-0000-0000-00000000000f', '019be334-bfc4-76ac-80d3-c8ba7618bc7a', '2026-03-10 22:39:14.188173+00:00', false, false, true) ON CONFLICT (id) DO NOTHING;
INSERT INTO public.agent_flags_junction (agent_id, flags_id, created_at, generated, mcp, active) VALUES ('ab00000d-0000-0000-0000-00000000000d', '019be334-bfc4-76ac-80d3-c8ba7618bc7a', '2026-03-10 22:39:14.190931+00:00', false, false, true) ON CONFLICT (id) DO NOTHING;
INSERT INTO public.agent_flags_junction (agent_id, flags_id, created_at, generated, mcp, active) VALUES ('ab000005-0000-0000-0000-000000000005', '019be334-bfc4-76ac-80d3-c8ba7618bc7a', '2026-03-10 22:39:14.193822+00:00', false, false, true) ON CONFLICT (id) DO NOTHING;
INSERT INTO public.agent_flags_junction (agent_id, flags_id, created_at, generated, mcp, active) VALUES ('ab000001-0000-0000-0000-000000000001', '019be334-bfc4-76ac-80d3-c8ba7618bc7a', '2026-03-10 22:39:14.196686+00:00', false, false, true) ON CONFLICT (id) DO NOTHING;
INSERT INTO public.agent_flags_junction (agent_id, flags_id, created_at, generated, mcp, active) VALUES ('ab00000e-0000-0000-0000-00000000000e', '019be334-bfc4-76ac-80d3-c8ba7618bc7a', '2026-03-10 22:39:14.199477+00:00', false, false, true) ON CONFLICT (id) DO NOTHING;
INSERT INTO public.agent_flags_junction (agent_id, flags_id, created_at, generated, mcp, active) VALUES ('99999999-9999-9999-9999-999999999999', '019be334-bfc4-76ac-80d3-c8ba7618bc7a', '2026-03-10 22:39:14.202216+00:00', false, false, true) ON CONFLICT (id) DO NOTHING;
INSERT INTO public.agent_flags_junction (agent_id, flags_id, created_at, generated, mcp, active) VALUES ('11111111-1111-1111-1111-111111111111', '019be334-bfc4-76ac-80d3-c8ba7618bc7a', '2026-03-10 22:39:14.204893+00:00', false, false, true) ON CONFLICT (id) DO NOTHING;
INSERT INTO public.agent_flags_junction (agent_id, flags_id, created_at, generated, mcp, active) VALUES ('cccccccc-cccc-cccc-cccc-cccccccccccc', '019be334-bfc4-76ac-80d3-c8ba7618bc7a', '2026-03-10 22:39:14.207718+00:00', false, false, true) ON CONFLICT (id) DO NOTHING;
INSERT INTO public.agent_flags_junction (agent_id, flags_id, created_at, generated, mcp, active) VALUES ('ab000006-0000-0000-0000-000000000006', '019be334-bfc4-76ac-80d3-c8ba7618bc7a', '2026-03-10 22:39:14.210549+00:00', false, false, true) ON CONFLICT (id) DO NOTHING;
INSERT INTO public.agent_flags_junction (agent_id, flags_id, created_at, generated, mcp, active) VALUES ('ab00000c-0000-0000-0000-00000000000c', '019be334-bfc4-76ac-80d3-c8ba7618bc7a', '2026-03-10 22:39:14.213250+00:00', false, false, true) ON CONFLICT (id) DO NOTHING;
INSERT INTO public.agent_flags_junction (agent_id, flags_id, created_at, generated, mcp, active) VALUES ('33333333-3333-3333-3333-333333333333', '019be334-bfc4-76ac-80d3-c8ba7618bc7a', '2026-03-10 22:39:14.216038+00:00', false, false, true) ON CONFLICT (id) DO NOTHING;
INSERT INTO public.agent_flags_junction (agent_id, flags_id, created_at, generated, mcp, active) VALUES ('00000000-0000-0000-0000-000000000000', '019be334-bfc4-76ac-80d3-c8ba7618bc7a', '2026-03-10 22:39:14.218763+00:00', false, false, true) ON CONFLICT (id) DO NOTHING;
INSERT INTO public.agent_flags_junction (agent_id, flags_id, created_at, generated, mcp, active) VALUES ('ab000009-0000-0000-0000-000000000009', '019be334-bfc4-76ac-80d3-c8ba7618bc7a', '2026-03-10 22:39:14.221440+00:00', false, false, true) ON CONFLICT (id) DO NOTHING;
INSERT INTO public.agent_flags_junction (agent_id, flags_id, created_at, generated, mcp, active) VALUES ('ab000008-0000-0000-0000-000000000008', '019be334-bfc4-76ac-80d3-c8ba7618bc7a', '2026-03-10 22:39:14.224209+00:00', false, false, true) ON CONFLICT (id) DO NOTHING;
INSERT INTO public.agent_flags_junction (agent_id, flags_id, created_at, generated, mcp, active) VALUES ('019b3be4-3112-7786-ad7d-45ee39b86bc5', '019be334-bfc4-76ac-80d3-c8ba7618bc7a', '2026-03-10 22:39:14.226934+00:00', false, false, true) ON CONFLICT (id) DO NOTHING;
INSERT INTO public.agent_flags_junction (agent_id, flags_id, created_at, generated, mcp, active) VALUES ('019b3be4-3112-7685-8967-a5488fadb090', '019be334-bfc4-76ac-80d3-c8ba7618bc7a', '2026-03-10 22:39:14.229704+00:00', false, false, true) ON CONFLICT (id) DO NOTHING;
INSERT INTO public.agent_flags_junction (agent_id, flags_id, created_at, generated, mcp, active) VALUES ('f6533535-6087-4e6d-9fd3-ed92cc9c1021', '019be334-bfc4-76ac-80d3-c8ba7618bc7a', '2026-03-10 22:39:14.232440+00:00', false, false, true) ON CONFLICT (id) DO NOTHING;
INSERT INTO public.agent_flags_junction (agent_id, flags_id, created_at, generated, mcp, active) VALUES ('3937bcae-527f-495f-82c5-476d18ce7fed', '019be334-bfc4-76ac-80d3-c8ba7618bc7a', '2026-03-10 22:39:14.235096+00:00', false, false, true) ON CONFLICT (id) DO NOTHING;
INSERT INTO public.agent_flags_junction (agent_id, flags_id, created_at, generated, mcp, active) VALUES ('ab00000b-0000-0000-0000-00000000000b', '019be334-bfc4-76ac-80d3-c8ba7618bc7a', '2026-03-10 22:39:14.237845+00:00', false, false, true) ON CONFLICT (id) DO NOTHING;
INSERT INTO public.agent_flags_junction (agent_id, flags_id, created_at, generated, mcp, active) VALUES ('77777777-7777-7777-7777-777777777777', '019be334-bfc4-76ac-80d3-c8ba7618bc7a', '2026-03-10 22:39:14.240746+00:00', false, false, true) ON CONFLICT (id) DO NOTHING;
INSERT INTO public.agent_flags_junction (agent_id, flags_id, created_at, generated, mcp, active) VALUES ('dddddddd-dddd-dddd-dddd-dddddddddddd', '019be334-bfc4-76ac-80d3-c8ba7618bc7a', '2026-03-10 22:39:14.243785+00:00', false, false, true) ON CONFLICT (id) DO NOTHING;
INSERT INTO public.agent_flags_junction (agent_id, flags_id, created_at, generated, mcp, active) VALUES ('ab000004-0000-0000-0000-000000000004', '019be334-bfc4-76ac-80d3-c8ba7618bc7a', '2026-03-10 22:39:14.246646+00:00', false, false, true) ON CONFLICT (id) DO NOTHING;
INSERT INTO public.agent_flags_junction (agent_id, flags_id, created_at, generated, mcp, active) VALUES ('018f0005-0001-7000-8000-000000000002', '019be334-bfc4-76ac-80d3-c8ba7618bc7a', '2026-03-10 22:39:14.249466+00:00', false, false, true) ON CONFLICT (id) DO NOTHING;
INSERT INTO public.agent_flags_junction (agent_id, flags_id, created_at, generated, mcp, active) VALUES ('aaaaaaaa-aaaa-aaaa-aaaa-aaaaaaaaaaaa', '019be334-bfc4-76ac-80d3-c8ba7618bc7a', '2026-03-10 22:39:14.252224+00:00', false, false, true) ON CONFLICT (id) DO NOTHING;

-- agent_models_junction
INSERT INTO public.agent_models_junction (agent_id, models_id, active, created_at, generated, mcp) VALUES ('ab00000a-0000-0000-0000-00000000000a', '019b3be4-36d1-7790-ae43-d83841b86f0b', true, '2026-03-10 22:39:14.141839+00:00', false, false) ON CONFLICT (id) DO NOTHING;
INSERT INTO public.agent_models_junction (agent_id, models_id, active, created_at, generated, mcp) VALUES ('88888888-8888-8888-8888-888888888888', '019b3be4-36d1-7790-ae43-d83841b86f0b', true, '2026-03-10 22:39:14.149189+00:00', false, false) ON CONFLICT (id) DO NOTHING;
INSERT INTO public.agent_models_junction (agent_id, models_id, active, created_at, generated, mcp) VALUES ('ab000002-0000-0000-0000-000000000002', '019b3be4-36d1-7790-ae43-d83841b86f0b', true, '2026-03-10 22:39:14.153555+00:00', false, false) ON CONFLICT (id) DO NOTHING;
INSERT INTO public.agent_models_junction (agent_id, models_id, active, created_at, generated, mcp) VALUES ('ab000003-0000-0000-0000-000000000003', '019b3be4-36d1-7790-ae43-d83841b86f0b', true, '2026-03-10 22:39:14.156382+00:00', false, false) ON CONFLICT (id) DO NOTHING;
INSERT INTO public.agent_models_junction (agent_id, models_id, active, created_at, generated, mcp) VALUES ('018f0005-0001-7000-8000-000000000001', '019b3be4-36d1-7790-ae43-d83841b86f0b', true, '2026-03-10 22:39:14.159437+00:00', false, false) ON CONFLICT (id) DO NOTHING;
INSERT INTO public.agent_models_junction (agent_id, models_id, active, created_at, generated, mcp) VALUES ('22222222-2222-2222-2222-222222222222', '019b3be4-36d1-7790-ae43-d83841b86f0b', true, '2026-03-10 22:39:14.162483+00:00', false, false) ON CONFLICT (id) DO NOTHING;
INSERT INTO public.agent_models_junction (agent_id, models_id, active, created_at, generated, mcp) VALUES ('aabbccdd-aabb-ccdd-aabb-ccddaabbccdd', '019b3be4-36d1-7790-ae43-d83841b86f0b', true, '2026-03-10 22:39:14.165427+00:00', false, false) ON CONFLICT (id) DO NOTHING;
INSERT INTO public.agent_models_junction (agent_id, models_id, active, created_at, generated, mcp) VALUES ('bbbbbbbb-bbbb-bbbb-bbbb-bbbbbbbbbbbb', '019b3be4-36d1-7790-ae43-d83841b86f0b', true, '2026-03-10 22:39:14.168317+00:00', false, false) ON CONFLICT (id) DO NOTHING;
INSERT INTO public.agent_models_junction (agent_id, models_id, active, created_at, generated, mcp) VALUES ('66666666-6666-6666-6666-666666666666', '019b3be4-36d1-7790-ae43-d83841b86f0b', true, '2026-03-10 22:39:14.171158+00:00', false, false) ON CONFLICT (id) DO NOTHING;
INSERT INTO public.agent_models_junction (agent_id, models_id, active, created_at, generated, mcp) VALUES ('ab000007-0000-0000-0000-000000000007', '019b3be4-36d1-7790-ae43-d83841b86f0b', true, '2026-03-10 22:39:14.173984+00:00', false, false) ON CONFLICT (id) DO NOTHING;
INSERT INTO public.agent_models_junction (agent_id, models_id, active, created_at, generated, mcp) VALUES ('44444444-4444-4444-4444-444444444444', '019b3be4-36d1-7790-ae43-d83841b86f0b', true, '2026-03-10 22:39:14.177003+00:00', false, false) ON CONFLICT (id) DO NOTHING;
INSERT INTO public.agent_models_junction (agent_id, models_id, active, created_at, generated, mcp) VALUES ('019b3be4-3112-774d-82b2-c4c3ed98238e', '019b3be4-36d1-7790-ae43-d83841b86f0b', true, '2026-03-10 22:39:14.180196+00:00', false, false) ON CONFLICT (id) DO NOTHING;
INSERT INTO public.agent_models_junction (agent_id, models_id, active, created_at, generated, mcp) VALUES ('eeeeeeee-eeee-eeee-eeee-eeeeeeeeeeee', '019b3be4-36d1-7790-ae43-d83841b86f0b', true, '2026-03-10 22:39:14.182866+00:00', false, false) ON CONFLICT (id) DO NOTHING;
INSERT INTO public.agent_models_junction (agent_id, models_id, active, created_at, generated, mcp) VALUES ('ffffffff-ffff-ffff-ffff-ffffffffffff', '019b3be4-36d1-7790-ae43-d83841b86f0b', true, '2026-03-10 22:39:14.185493+00:00', false, false) ON CONFLICT (id) DO NOTHING;
INSERT INTO public.agent_models_junction (agent_id, models_id, active, created_at, generated, mcp) VALUES ('ab00000f-0000-0000-0000-00000000000f', '019b3be4-36d1-7790-ae43-d83841b86f0b', true, '2026-03-10 22:39:14.188173+00:00', false, false) ON CONFLICT (id) DO NOTHING;
INSERT INTO public.agent_models_junction (agent_id, models_id, active, created_at, generated, mcp) VALUES ('ab00000d-0000-0000-0000-00000000000d', '019b3be4-36d1-7790-ae43-d83841b86f0b', true, '2026-03-10 22:39:14.190931+00:00', false, false) ON CONFLICT (id) DO NOTHING;
INSERT INTO public.agent_models_junction (agent_id, models_id, active, created_at, generated, mcp) VALUES ('ab000005-0000-0000-0000-000000000005', '019b3be4-36d1-7790-ae43-d83841b86f0b', true, '2026-03-10 22:39:14.193822+00:00', false, false) ON CONFLICT (id) DO NOTHING;
INSERT INTO public.agent_models_junction (agent_id, models_id, active, created_at, generated, mcp) VALUES ('ab000001-0000-0000-0000-000000000001', '019b3be4-36d1-7790-ae43-d83841b86f0b', true, '2026-03-10 22:39:14.196686+00:00', false, false) ON CONFLICT (id) DO NOTHING;
INSERT INTO public.agent_models_junction (agent_id, models_id, active, created_at, generated, mcp) VALUES ('ab00000e-0000-0000-0000-00000000000e', '019b3be4-36d1-7790-ae43-d83841b86f0b', true, '2026-03-10 22:39:14.199477+00:00', false, false) ON CONFLICT (id) DO NOTHING;
INSERT INTO public.agent_models_junction (agent_id, models_id, active, created_at, generated, mcp) VALUES ('99999999-9999-9999-9999-999999999999', '019b3be4-36d1-7790-ae43-d83841b86f0b', true, '2026-03-10 22:39:14.202216+00:00', false, false) ON CONFLICT (id) DO NOTHING;
INSERT INTO public.agent_models_junction (agent_id, models_id, active, created_at, generated, mcp) VALUES ('11111111-1111-1111-1111-111111111111', '019b3be4-36d1-7790-ae43-d83841b86f0b', true, '2026-03-10 22:39:14.204893+00:00', false, false) ON CONFLICT (id) DO NOTHING;
INSERT INTO public.agent_models_junction (agent_id, models_id, active, created_at, generated, mcp) VALUES ('cccccccc-cccc-cccc-cccc-cccccccccccc', '019b3be4-36d1-7790-ae43-d83841b86f0b', true, '2026-03-10 22:39:14.207718+00:00', false, false) ON CONFLICT (id) DO NOTHING;
INSERT INTO public.agent_models_junction (agent_id, models_id, active, created_at, generated, mcp) VALUES ('ab000006-0000-0000-0000-000000000006', '019b3be4-36d1-7790-ae43-d83841b86f0b', true, '2026-03-10 22:39:14.210549+00:00', false, false) ON CONFLICT (id) DO NOTHING;
INSERT INTO public.agent_models_junction (agent_id, models_id, active, created_at, generated, mcp) VALUES ('ab00000c-0000-0000-0000-00000000000c', '019b3be4-36d1-7790-ae43-d83841b86f0b', true, '2026-03-10 22:39:14.213250+00:00', false, false) ON CONFLICT (id) DO NOTHING;
INSERT INTO public.agent_models_junction (agent_id, models_id, active, created_at, generated, mcp) VALUES ('33333333-3333-3333-3333-333333333333', '019b3be4-36d1-7790-ae43-d83841b86f0b', true, '2026-03-10 22:39:14.216038+00:00', false, false) ON CONFLICT (id) DO NOTHING;
INSERT INTO public.agent_models_junction (agent_id, models_id, active, created_at, generated, mcp) VALUES ('00000000-0000-0000-0000-000000000000', '019b3be4-36d1-7790-ae43-d83841b86f0b', true, '2026-03-10 22:39:14.218763+00:00', false, false) ON CONFLICT (id) DO NOTHING;
INSERT INTO public.agent_models_junction (agent_id, models_id, active, created_at, generated, mcp) VALUES ('ab000009-0000-0000-0000-000000000009', '019b3be4-36d1-7790-ae43-d83841b86f0b', true, '2026-03-10 22:39:14.221440+00:00', false, false) ON CONFLICT (id) DO NOTHING;
INSERT INTO public.agent_models_junction (agent_id, models_id, active, created_at, generated, mcp) VALUES ('ab000008-0000-0000-0000-000000000008', '019b3be4-36d1-7790-ae43-d83841b86f0b', true, '2026-03-10 22:39:14.224209+00:00', false, false) ON CONFLICT (id) DO NOTHING;
INSERT INTO public.agent_models_junction (agent_id, models_id, active, created_at, generated, mcp) VALUES ('019b3be4-3112-7786-ad7d-45ee39b86bc5', '019b3be4-36d1-7790-ae43-d83841b86f0b', true, '2026-03-10 22:39:14.226934+00:00', false, false) ON CONFLICT (id) DO NOTHING;
INSERT INTO public.agent_models_junction (agent_id, models_id, active, created_at, generated, mcp) VALUES ('019b3be4-3112-7685-8967-a5488fadb090', '019b3be4-36d1-7790-ae43-d83841b86f0b', true, '2026-03-10 22:39:14.229704+00:00', false, false) ON CONFLICT (id) DO NOTHING;
INSERT INTO public.agent_models_junction (agent_id, models_id, active, created_at, generated, mcp) VALUES ('f6533535-6087-4e6d-9fd3-ed92cc9c1021', '019b3be4-36d1-7790-ae43-d83841b86f0b', true, '2026-03-10 22:39:14.232440+00:00', false, false) ON CONFLICT (id) DO NOTHING;
INSERT INTO public.agent_models_junction (agent_id, models_id, active, created_at, generated, mcp) VALUES ('3937bcae-527f-495f-82c5-476d18ce7fed', '019b3be4-36d1-7790-ae43-d83841b86f0b', true, '2026-03-10 22:39:14.235096+00:00', false, false) ON CONFLICT (id) DO NOTHING;
INSERT INTO public.agent_models_junction (agent_id, models_id, active, created_at, generated, mcp) VALUES ('ab00000b-0000-0000-0000-00000000000b', '019b3be4-36d1-7790-ae43-d83841b86f0b', true, '2026-03-10 22:39:14.237845+00:00', false, false) ON CONFLICT (id) DO NOTHING;
INSERT INTO public.agent_models_junction (agent_id, models_id, active, created_at, generated, mcp) VALUES ('77777777-7777-7777-7777-777777777777', '019b3be4-36d1-7790-ae43-d83841b86f0b', true, '2026-03-10 22:39:14.240746+00:00', false, false) ON CONFLICT (id) DO NOTHING;
INSERT INTO public.agent_models_junction (agent_id, models_id, active, created_at, generated, mcp) VALUES ('dddddddd-dddd-dddd-dddd-dddddddddddd', '019b3be4-36d1-7790-ae43-d83841b86f0b', true, '2026-03-10 22:39:14.243785+00:00', false, false) ON CONFLICT (id) DO NOTHING;
INSERT INTO public.agent_models_junction (agent_id, models_id, active, created_at, generated, mcp) VALUES ('ab000004-0000-0000-0000-000000000004', '019b3be4-36d1-7790-ae43-d83841b86f0b', true, '2026-03-10 22:39:14.246646+00:00', false, false) ON CONFLICT (id) DO NOTHING;
INSERT INTO public.agent_models_junction (agent_id, models_id, active, created_at, generated, mcp) VALUES ('018f0005-0001-7000-8000-000000000002', '019b3be4-36d1-7790-ae43-d83841b86f0b', true, '2026-03-10 22:39:14.249466+00:00', false, false) ON CONFLICT (id) DO NOTHING;
INSERT INTO public.agent_models_junction (agent_id, models_id, active, created_at, generated, mcp) VALUES ('aaaaaaaa-aaaa-aaaa-aaaa-aaaaaaaaaaaa', '019b3be4-36d1-7790-ae43-d83841b86f0b', true, '2026-03-10 22:39:14.252224+00:00', false, false) ON CONFLICT (id) DO NOTHING;

-- agent_names_junction
INSERT INTO public.agent_names_junction (agent_id, names_id, created_at, generated, mcp, active) VALUES ('ab00000a-0000-0000-0000-00000000000a', '019cd9e7-8299-7f99-8b0a-2c464bf9de81', '2026-03-10 22:39:14.141839+00:00', false, false, true) ON CONFLICT (id) DO NOTHING;
INSERT INTO public.agent_names_junction (agent_id, names_id, created_at, generated, mcp, active) VALUES ('88888888-8888-8888-8888-888888888888', '019cd9e7-829c-7215-a524-964832e562ba', '2026-03-10 22:39:14.149189+00:00', false, false, true) ON CONFLICT (id) DO NOTHING;
INSERT INTO public.agent_names_junction (agent_id, names_id, created_at, generated, mcp, active) VALUES ('ab000002-0000-0000-0000-000000000002', '019cd9e7-829d-7de8-9338-36262a9fee29', '2026-03-10 22:39:14.153555+00:00', false, false, true) ON CONFLICT (id) DO NOTHING;
INSERT INTO public.agent_names_junction (agent_id, names_id, created_at, generated, mcp, active) VALUES ('ab000003-0000-0000-0000-000000000003', '019cd9e7-829f-7c15-aa5d-518a12294453', '2026-03-10 22:39:14.156382+00:00', false, false, true) ON CONFLICT (id) DO NOTHING;
INSERT INTO public.agent_names_junction (agent_id, names_id, created_at, generated, mcp, active) VALUES ('018f0005-0001-7000-8000-000000000001', '019cd9e7-82a1-7680-b594-24c1a3810de2', '2026-03-10 22:39:14.159437+00:00', false, false, true) ON CONFLICT (id) DO NOTHING;
INSERT INTO public.agent_names_junction (agent_id, names_id, created_at, generated, mcp, active) VALUES ('22222222-2222-2222-2222-222222222222', '019cd9e7-82a2-7fba-9742-973b2097f345', '2026-03-10 22:39:14.162483+00:00', false, false, true) ON CONFLICT (id) DO NOTHING;
INSERT INTO public.agent_names_junction (agent_id, names_id, created_at, generated, mcp, active) VALUES ('aabbccdd-aabb-ccdd-aabb-ccddaabbccdd', '019cd9e7-82a4-7907-aed1-c8010c57c706', '2026-03-10 22:39:14.165427+00:00', false, false, true) ON CONFLICT (id) DO NOTHING;
INSERT INTO public.agent_names_junction (agent_id, names_id, created_at, generated, mcp, active) VALUES ('bbbbbbbb-bbbb-bbbb-bbbb-bbbbbbbbbbbb', '019cd9e7-82a6-71f8-82d0-18482184e383', '2026-03-10 22:39:14.168317+00:00', false, false, true) ON CONFLICT (id) DO NOTHING;
INSERT INTO public.agent_names_junction (agent_id, names_id, created_at, generated, mcp, active) VALUES ('66666666-6666-6666-6666-666666666666', '019cd9e7-82a7-7af4-838e-24f2ea9fc018', '2026-03-10 22:39:14.171158+00:00', false, false, true) ON CONFLICT (id) DO NOTHING;
INSERT INTO public.agent_names_junction (agent_id, names_id, created_at, generated, mcp, active) VALUES ('ab000007-0000-0000-0000-000000000007', '019cd9e7-82a9-746e-8e74-7f8ccc4cd036', '2026-03-10 22:39:14.173984+00:00', false, false, true) ON CONFLICT (id) DO NOTHING;
INSERT INTO public.agent_names_junction (agent_id, names_id, created_at, generated, mcp, active) VALUES ('44444444-4444-4444-4444-444444444444', '019cd9e7-82ab-73fb-b955-4811cf3d2fd9', '2026-03-10 22:39:14.177003+00:00', false, false, true) ON CONFLICT (id) DO NOTHING;
INSERT INTO public.agent_names_junction (agent_id, names_id, created_at, generated, mcp, active) VALUES ('019b3be4-3112-774d-82b2-c4c3ed98238e', '019cd9e7-82ad-702c-9e05-a9ab95acc0b2', '2026-03-10 22:39:14.180196+00:00', false, false, true) ON CONFLICT (id) DO NOTHING;
INSERT INTO public.agent_names_junction (agent_id, names_id, created_at, generated, mcp, active) VALUES ('eeeeeeee-eeee-eeee-eeee-eeeeeeeeeeee', '019cd9e7-82ae-79ca-8aac-7c4d367a991c', '2026-03-10 22:39:14.182866+00:00', false, false, true) ON CONFLICT (id) DO NOTHING;
INSERT INTO public.agent_names_junction (agent_id, names_id, created_at, generated, mcp, active) VALUES ('ffffffff-ffff-ffff-ffff-ffffffffffff', '019cd9e7-82b0-72b8-a8b3-6ae7460190aa', '2026-03-10 22:39:14.185493+00:00', false, false, true) ON CONFLICT (id) DO NOTHING;
INSERT INTO public.agent_names_junction (agent_id, names_id, created_at, generated, mcp, active) VALUES ('ab00000f-0000-0000-0000-00000000000f', '019cd9e7-82b1-7b65-81ba-0075f72d25b1', '2026-03-10 22:39:14.188173+00:00', false, false, true) ON CONFLICT (id) DO NOTHING;
INSERT INTO public.agent_names_junction (agent_id, names_id, created_at, generated, mcp, active) VALUES ('ab00000d-0000-0000-0000-00000000000d', '019cd9e7-82b3-75c7-9df6-b16a933567d0', '2026-03-10 22:39:14.190931+00:00', false, false, true) ON CONFLICT (id) DO NOTHING;
INSERT INTO public.agent_names_junction (agent_id, names_id, created_at, generated, mcp, active) VALUES ('ab000005-0000-0000-0000-000000000005', '019cd9e7-82b4-7e94-8dfc-082383a8f9dc', '2026-03-10 22:39:14.193822+00:00', false, false, true) ON CONFLICT (id) DO NOTHING;
INSERT INTO public.agent_names_junction (agent_id, names_id, created_at, generated, mcp, active) VALUES ('ab000001-0000-0000-0000-000000000001', '019cd9e7-82b6-791b-ad03-4b52d44b7dca', '2026-03-10 22:39:14.196686+00:00', false, false, true) ON CONFLICT (id) DO NOTHING;
INSERT INTO public.agent_names_junction (agent_id, names_id, created_at, generated, mcp, active) VALUES ('ab00000e-0000-0000-0000-00000000000e', '019cd9e7-82b8-735c-9474-d4bc21461284', '2026-03-10 22:39:14.199477+00:00', false, false, true) ON CONFLICT (id) DO NOTHING;
INSERT INTO public.agent_names_junction (agent_id, names_id, created_at, generated, mcp, active) VALUES ('99999999-9999-9999-9999-999999999999', '019cd9e7-82b9-7d3e-9124-a2946e87d374', '2026-03-10 22:39:14.202216+00:00', false, false, true) ON CONFLICT (id) DO NOTHING;
INSERT INTO public.agent_names_junction (agent_id, names_id, created_at, generated, mcp, active) VALUES ('11111111-1111-1111-1111-111111111111', '019cd9e7-82bb-7c49-a432-93cde93de428', '2026-03-10 22:39:14.204893+00:00', false, false, true) ON CONFLICT (id) DO NOTHING;
INSERT INTO public.agent_names_junction (agent_id, names_id, created_at, generated, mcp, active) VALUES ('cccccccc-cccc-cccc-cccc-cccccccccccc', '019cd9e7-82bd-795a-a0df-4824593dc85c', '2026-03-10 22:39:14.207718+00:00', false, false, true) ON CONFLICT (id) DO NOTHING;
INSERT INTO public.agent_names_junction (agent_id, names_id, created_at, generated, mcp, active) VALUES ('ab000006-0000-0000-0000-000000000006', '019cd9e7-82bf-7382-af54-29e75f578dae', '2026-03-10 22:39:14.210549+00:00', false, false, true) ON CONFLICT (id) DO NOTHING;
INSERT INTO public.agent_names_junction (agent_id, names_id, created_at, generated, mcp, active) VALUES ('ab00000c-0000-0000-0000-00000000000c', '019cd9e7-82c0-7d08-8000-d513c2c05dcc', '2026-03-10 22:39:14.213250+00:00', false, false, true) ON CONFLICT (id) DO NOTHING;
INSERT INTO public.agent_names_junction (agent_id, names_id, created_at, generated, mcp, active) VALUES ('33333333-3333-3333-3333-333333333333', '019cd9e7-82c2-775e-89e4-001672aa9232', '2026-03-10 22:39:14.216038+00:00', false, false, true) ON CONFLICT (id) DO NOTHING;
INSERT INTO public.agent_names_junction (agent_id, names_id, created_at, generated, mcp, active) VALUES ('00000000-0000-0000-0000-000000000000', '019cd9e7-82c4-71ce-9ae3-d06da1e820a9', '2026-03-10 22:39:14.218763+00:00', false, false, true) ON CONFLICT (id) DO NOTHING;
INSERT INTO public.agent_names_junction (agent_id, names_id, created_at, generated, mcp, active) VALUES ('ab000009-0000-0000-0000-000000000009', '019cd9e7-82c5-7bdf-ae0a-7b3d1147b27e', '2026-03-10 22:39:14.221440+00:00', false, false, true) ON CONFLICT (id) DO NOTHING;
INSERT INTO public.agent_names_junction (agent_id, names_id, created_at, generated, mcp, active) VALUES ('ab000008-0000-0000-0000-000000000008', '019cd9e7-82c7-754b-a9c1-ab53732538b8', '2026-03-10 22:39:14.224209+00:00', false, false, true) ON CONFLICT (id) DO NOTHING;
INSERT INTO public.agent_names_junction (agent_id, names_id, created_at, generated, mcp, active) VALUES ('019b3be4-3112-7786-ad7d-45ee39b86bc5', '019cd9e7-82c8-7f40-ab91-5f660069cb6f', '2026-03-10 22:39:14.226934+00:00', false, false, true) ON CONFLICT (id) DO NOTHING;
INSERT INTO public.agent_names_junction (agent_id, names_id, created_at, generated, mcp, active) VALUES ('019b3be4-3112-7685-8967-a5488fadb090', '019cd9e7-82ca-78d4-86af-9243ebbba461', '2026-03-10 22:39:14.229704+00:00', false, false, true) ON CONFLICT (id) DO NOTHING;
INSERT INTO public.agent_names_junction (agent_id, names_id, created_at, generated, mcp, active) VALUES ('f6533535-6087-4e6d-9fd3-ed92cc9c1021', '019cd9e7-82cc-7277-8611-f77b12339187', '2026-03-10 22:39:14.232440+00:00', false, false, true) ON CONFLICT (id) DO NOTHING;
INSERT INTO public.agent_names_junction (agent_id, names_id, created_at, generated, mcp, active) VALUES ('3937bcae-527f-495f-82c5-476d18ce7fed', '019cd9e7-82cd-7c78-b4a8-4f945582918c', '2026-03-10 22:39:14.235096+00:00', false, false, true) ON CONFLICT (id) DO NOTHING;
INSERT INTO public.agent_names_junction (agent_id, names_id, created_at, generated, mcp, active) VALUES ('ab00000b-0000-0000-0000-00000000000b', '019cd9e7-82cf-7811-b3e7-b6d1065bddf4', '2026-03-10 22:39:14.237845+00:00', false, false, true) ON CONFLICT (id) DO NOTHING;
INSERT INTO public.agent_names_junction (agent_id, names_id, created_at, generated, mcp, active) VALUES ('77777777-7777-7777-7777-777777777777', '019cd9e7-82d1-7153-8aa1-f7e94813ed4c', '2026-03-10 22:39:14.240746+00:00', false, false, true) ON CONFLICT (id) DO NOTHING;
INSERT INTO public.agent_names_junction (agent_id, names_id, created_at, generated, mcp, active) VALUES ('dddddddd-dddd-dddd-dddd-dddddddddddd', '019cd9e7-82d2-7a63-a7c5-f8d51c985c71', '2026-03-10 22:39:14.243785+00:00', false, false, true) ON CONFLICT (id) DO NOTHING;
INSERT INTO public.agent_names_junction (agent_id, names_id, created_at, generated, mcp, active) VALUES ('ab000004-0000-0000-0000-000000000004', '019cd9e7-82d4-73c7-b720-0e770f68108c', '2026-03-10 22:39:14.246646+00:00', false, false, true) ON CONFLICT (id) DO NOTHING;
INSERT INTO public.agent_names_junction (agent_id, names_id, created_at, generated, mcp, active) VALUES ('018f0005-0001-7000-8000-000000000002', '019cd9e7-82d5-7cbc-ba61-b6aaff65b055', '2026-03-10 22:39:14.249466+00:00', false, false, true) ON CONFLICT (id) DO NOTHING;
INSERT INTO public.agent_names_junction (agent_id, names_id, created_at, generated, mcp, active) VALUES ('aaaaaaaa-aaaa-aaaa-aaaa-aaaaaaaaaaaa', '019cd9e7-82d7-75eb-92b9-f9fd24bf1a62', '2026-03-10 22:39:14.252224+00:00', false, false, true) ON CONFLICT (id) DO NOTHING;

-- agents_resource
INSERT INTO public.agents_resource (created_at, active, generated, mcp, id, name, description, department_ids, temperature, reasoning, tool_ids, quality, model_id, prompt_id, instruction_ids, voices, rubric_id) VALUES ('2026-03-10 22:39:14.137697+00:00', true, false, false, 'ab00000a-0000-0000-0000-00000000000a', 'Activity', 'Analytical insights agent for real-time activity monitoring', '{}', NULL, NULL, '{}', NULL, NULL, NULL, '{}', '{}', NULL) ON CONFLICT (id) DO NOTHING;
INSERT INTO public.agents_resource (created_at, active, generated, mcp, id, name, description, department_ids, temperature, reasoning, tool_ids, quality, model_id, prompt_id, instruction_ids, voices, rubric_id) VALUES ('2026-03-10 22:39:14.145641+00:00', true, false, false, '88888888-8888-8888-8888-888888888888', 'Agent', 'AI agent for generating and managing agent resources including names, descriptions, flags, departments, prompts, instructions, models, and tools using GPT-5.1', '{}', NULL, NULL, '{}', NULL, NULL, NULL, '{}', '{}', NULL) ON CONFLICT (id) DO NOTHING;
INSERT INTO public.agents_resource (created_at, active, generated, mcp, id, name, description, department_ids, temperature, reasoning, tool_ids, quality, model_id, prompt_id, instruction_ids, voices, rubric_id) VALUES ('2026-03-10 22:39:14.152539+00:00', true, false, false, 'ab000002-0000-0000-0000-000000000002', 'Attempt Chat', 'Conversational AI agent for conducting training dialogues as personas', '{}', NULL, NULL, '{}', NULL, NULL, NULL, '{}', '{}', NULL) ON CONFLICT (id) DO NOTHING;
INSERT INTO public.agents_resource (created_at, active, generated, mcp, id, name, description, department_ids, temperature, reasoning, tool_ids, quality, model_id, prompt_id, instruction_ids, voices, rubric_id) VALUES ('2026-03-10 22:39:14.155383+00:00', true, false, false, 'ab000003-0000-0000-0000-000000000003', 'Attempt Grade', 'Grading and evaluation agent for analyzing training attempt performance', '{}', NULL, NULL, '{}', NULL, NULL, NULL, '{}', '{}', NULL) ON CONFLICT (id) DO NOTHING;
INSERT INTO public.agents_resource (created_at, active, generated, mcp, id, name, description, department_ids, temperature, reasoning, tool_ids, quality, model_id, prompt_id, instruction_ids, voices, rubric_id) VALUES ('2026-03-10 22:39:14.158311+00:00', true, false, false, '018f0005-0001-7000-8000-000000000001', 'Attempt Insight', 'AI agent for generating analytical insights about individual training attempts including performance, conversation quality, and skill development', '{}', NULL, NULL, '{}', NULL, NULL, NULL, '{}', '{}', NULL) ON CONFLICT (id) DO NOTHING;
INSERT INTO public.agents_resource (created_at, active, generated, mcp, id, name, description, department_ids, temperature, reasoning, tool_ids, quality, model_id, prompt_id, instruction_ids, voices, rubric_id) VALUES ('2026-03-10 22:39:14.161430+00:00', true, false, false, '22222222-2222-2222-2222-222222222222', 'Auth', 'AI agent for generating and managing auth resources including names, descriptions, flags, protocols, slugs, and items using GPT-5.1', '{}', NULL, NULL, '{}', NULL, NULL, NULL, '{}', '{}', NULL) ON CONFLICT (id) DO NOTHING;
INSERT INTO public.agents_resource (created_at, active, generated, mcp, id, name, description, department_ids, temperature, reasoning, tool_ids, quality, model_id, prompt_id, instruction_ids, voices, rubric_id) VALUES ('2026-03-10 22:39:14.164394+00:00', true, false, false, 'aabbccdd-aabb-ccdd-aabb-ccddaabbccdd', 'Benchmark', 'AI agent for generating analytical insights about benchmark evaluation results including cross-model performance and scoring quality', '{}', NULL, NULL, '{}', NULL, NULL, NULL, '{}', '{}', NULL) ON CONFLICT (id) DO NOTHING;
INSERT INTO public.agents_resource (created_at, active, generated, mcp, id, name, description, department_ids, temperature, reasoning, tool_ids, quality, model_id, prompt_id, instruction_ids, voices, rubric_id) VALUES ('2026-03-10 22:39:14.167295+00:00', true, false, false, 'bbbbbbbb-bbbb-bbbb-bbbb-bbbbbbbbbbbb', 'Chat', 'AI agent for creating and managing training chat sessions with persona-driven scenario conversations', '{}', NULL, NULL, '{}', NULL, NULL, NULL, '{}', '{}', NULL) ON CONFLICT (id) DO NOTHING;
INSERT INTO public.agents_resource (created_at, active, generated, mcp, id, name, description, department_ids, temperature, reasoning, tool_ids, quality, model_id, prompt_id, instruction_ids, voices, rubric_id) VALUES ('2026-03-10 22:39:14.170188+00:00', true, false, false, '66666666-6666-6666-6666-666666666666', 'Cohort', 'AI agent for generating and managing cohort resources including names, descriptions, flags, departments, personas, and scenarios using GPT-5.1', '{}', NULL, NULL, '{}', NULL, NULL, NULL, '{}', '{}', NULL) ON CONFLICT (id) DO NOTHING;
INSERT INTO public.agents_resource (created_at, active, generated, mcp, id, name, description, department_ids, temperature, reasoning, tool_ids, quality, model_id, prompt_id, instruction_ids, voices, rubric_id) VALUES ('2026-03-10 22:39:14.172917+00:00', true, false, false, 'ab000007-0000-0000-0000-000000000007', 'Dashboard', 'Analytical insights agent for high-level organizational KPIs and trends', '{}', NULL, NULL, '{}', NULL, NULL, NULL, '{}', '{}', NULL) ON CONFLICT (id) DO NOTHING;
INSERT INTO public.agents_resource (created_at, active, generated, mcp, id, name, description, department_ids, temperature, reasoning, tool_ids, quality, model_id, prompt_id, instruction_ids, voices, rubric_id) VALUES ('2026-03-10 22:39:14.175898+00:00', true, false, false, '44444444-4444-4444-4444-444444444444', 'Department', 'AI agent for generating and managing department resources including names, descriptions, flags, and settings using GPT-5.1', '{}', NULL, NULL, '{}', NULL, NULL, NULL, '{}', '{}', NULL) ON CONFLICT (id) DO NOTHING;
INSERT INTO public.agents_resource (created_at, active, generated, mcp, id, name, description, department_ids, temperature, reasoning, tool_ids, quality, model_id, prompt_id, instruction_ids, voices, rubric_id) VALUES ('2026-03-10 22:39:14.178957+00:00', true, false, false, '019b3be4-3112-774d-82b2-c4c3ed98238e', 'Document', 'Agent for generating and working with documents, templates, and structured content', '{}', NULL, NULL, '{}', NULL, NULL, NULL, '{}', '{}', NULL) ON CONFLICT (id) DO NOTHING;
INSERT INTO public.agents_resource (created_at, active, generated, mcp, id, name, description, department_ids, temperature, reasoning, tool_ids, quality, model_id, prompt_id, instruction_ids, voices, rubric_id) VALUES ('2026-03-10 22:39:14.181888+00:00', true, false, false, 'eeeeeeee-eeee-eeee-eeee-eeeeeeeeeeee', 'Eval', 'AI agent for generating and managing eval resources including names, descriptions, flags, departments, scenarios, rubrics, and various eval-specific resources using GPT-5.1', '{}', NULL, NULL, '{}', NULL, NULL, NULL, '{}', '{}', NULL) ON CONFLICT (id) DO NOTHING;
INSERT INTO public.agents_resource (created_at, active, generated, mcp, id, name, description, department_ids, temperature, reasoning, tool_ids, quality, model_id, prompt_id, instruction_ids, voices, rubric_id) VALUES ('2026-03-10 22:39:14.184522+00:00', true, false, false, 'ffffffff-ffff-ffff-ffff-ffffffffffff', 'Field', 'AI agent for generating and managing field resources including names, descriptions, flags, departments, and conditional parameters using GPT-5.1', '{}', NULL, NULL, '{}', NULL, NULL, NULL, '{}', '{}', NULL) ON CONFLICT (id) DO NOTHING;
INSERT INTO public.agents_resource (created_at, active, generated, mcp, id, name, description, department_ids, temperature, reasoning, tool_ids, quality, model_id, prompt_id, instruction_ids, voices, rubric_id) VALUES ('2026-03-10 22:39:14.187170+00:00', true, false, false, 'ab00000f-0000-0000-0000-00000000000f', 'Group', 'Analytical insights agent for group-level analytics', '{}', NULL, NULL, '{}', NULL, NULL, NULL, '{}', '{}', NULL) ON CONFLICT (id) DO NOTHING;
INSERT INTO public.agents_resource (created_at, active, generated, mcp, id, name, description, department_ids, temperature, reasoning, tool_ids, quality, model_id, prompt_id, instruction_ids, voices, rubric_id) VALUES ('2026-03-10 22:39:14.189855+00:00', true, false, false, 'ab00000d-0000-0000-0000-00000000000d', 'Health', 'Analytical insights agent for system health monitoring', '{}', NULL, NULL, '{}', NULL, NULL, NULL, '{}', '{}', NULL) ON CONFLICT (id) DO NOTHING;
INSERT INTO public.agents_resource (created_at, active, generated, mcp, id, name, description, department_ids, temperature, reasoning, tool_ids, quality, model_id, prompt_id, instruction_ids, voices, rubric_id) VALUES ('2026-03-10 22:39:14.192829+00:00', true, false, false, 'ab000005-0000-0000-0000-000000000005', 'Home', 'Navigation and recommendation agent for home page overview', '{}', NULL, NULL, '{}', NULL, NULL, NULL, '{}', '{}', NULL) ON CONFLICT (id) DO NOTHING;
INSERT INTO public.agents_resource (created_at, active, generated, mcp, id, name, description, department_ids, temperature, reasoning, tool_ids, quality, model_id, prompt_id, instruction_ids, voices, rubric_id) VALUES ('2026-03-10 22:39:14.195629+00:00', true, false, false, 'ab000001-0000-0000-0000-000000000001', 'Invocation', 'AI agent for creating and managing benchmark invocations with model and tool configurations', '{}', NULL, NULL, '{}', NULL, NULL, NULL, '{}', '{}', NULL) ON CONFLICT (id) DO NOTHING;
INSERT INTO public.agents_resource (created_at, active, generated, mcp, id, name, description, department_ids, temperature, reasoning, tool_ids, quality, model_id, prompt_id, instruction_ids, voices, rubric_id) VALUES ('2026-03-10 22:39:14.198498+00:00', true, false, false, 'ab00000e-0000-0000-0000-00000000000e', 'Leaderboard', 'Analytical insights agent for performance rankings', '{}', NULL, NULL, '{}', NULL, NULL, NULL, '{}', '{}', NULL) ON CONFLICT (id) DO NOTHING;
INSERT INTO public.agents_resource (created_at, active, generated, mcp, id, name, description, department_ids, temperature, reasoning, tool_ids, quality, model_id, prompt_id, instruction_ids, voices, rubric_id) VALUES ('2026-03-10 22:39:14.201243+00:00', true, false, false, '99999999-9999-9999-9999-999999999999', 'Model', 'AI agent for generating and managing model resources including names, descriptions, flags, departments, endpoints, keys, modalities, and providers using GPT-5.1', '{}', NULL, NULL, '{}', NULL, NULL, NULL, '{}', '{}', NULL) ON CONFLICT (id) DO NOTHING;
INSERT INTO public.agents_resource (created_at, active, generated, mcp, id, name, description, department_ids, temperature, reasoning, tool_ids, quality, model_id, prompt_id, instruction_ids, voices, rubric_id) VALUES ('2026-03-10 22:39:14.203882+00:00', true, false, false, '11111111-1111-1111-1111-111111111111', 'Parameter', 'AI agent for generating and managing parameter resources including names, descriptions, flags, departments, and fields using GPT-5.1', '{}', NULL, NULL, '{}', NULL, NULL, NULL, '{}', '{}', NULL) ON CONFLICT (id) DO NOTHING;
INSERT INTO public.agents_resource (created_at, active, generated, mcp, id, name, description, department_ids, temperature, reasoning, tool_ids, quality, model_id, prompt_id, instruction_ids, voices, rubric_id) VALUES ('2026-03-10 22:39:14.206676+00:00', true, false, false, 'cccccccc-cccc-cccc-cccc-cccccccccccc', 'Persona', 'AI agent for generating and managing persona resources including names, descriptions, colors, icons, instructions, examples, flags, departments, and fields using GPT-5.1', '{}', NULL, NULL, '{}', NULL, NULL, NULL, '{}', '{}', NULL) ON CONFLICT (id) DO NOTHING;
INSERT INTO public.agents_resource (created_at, active, generated, mcp, id, name, description, department_ids, temperature, reasoning, tool_ids, quality, model_id, prompt_id, instruction_ids, voices, rubric_id) VALUES ('2026-03-10 22:39:14.209519+00:00', true, false, false, 'ab000006-0000-0000-0000-000000000006', 'Practice', 'Navigation and recommendation agent for practice mode entry point', '{}', NULL, NULL, '{}', NULL, NULL, NULL, '{}', '{}', NULL) ON CONFLICT (id) DO NOTHING;
INSERT INTO public.agents_resource (created_at, active, generated, mcp, id, name, description, department_ids, temperature, reasoning, tool_ids, quality, model_id, prompt_id, instruction_ids, voices, rubric_id) VALUES ('2026-03-10 22:39:14.212281+00:00', true, false, false, 'ab00000c-0000-0000-0000-00000000000c', 'Pricing', 'Analytical insights agent for cost analytics and billing breakdowns', '{}', NULL, NULL, '{}', NULL, NULL, NULL, '{}', '{}', NULL) ON CONFLICT (id) DO NOTHING;
INSERT INTO public.agents_resource (created_at, active, generated, mcp, id, name, description, department_ids, temperature, reasoning, tool_ids, quality, model_id, prompt_id, instruction_ids, voices, rubric_id) VALUES ('2026-03-10 22:39:14.214959+00:00', true, false, false, '33333333-3333-3333-3333-333333333333', 'Profile', 'AI agent for generating and managing profile resources including names, descriptions, flags, departments, emails, cohorts, and request limits using GPT-5.1', '{}', NULL, NULL, '{}', NULL, NULL, NULL, '{}', '{}', NULL) ON CONFLICT (id) DO NOTHING;
INSERT INTO public.agents_resource (created_at, active, generated, mcp, id, name, description, department_ids, temperature, reasoning, tool_ids, quality, model_id, prompt_id, instruction_ids, voices, rubric_id) VALUES ('2026-03-10 22:39:14.217799+00:00', true, false, false, '00000000-0000-0000-0000-000000000000', 'Provider', 'AI agent for generating and managing provider resources including names, descriptions, flags, and endpoints using GPT-5.1', '{}', NULL, NULL, '{}', NULL, NULL, NULL, '{}', '{}', NULL) ON CONFLICT (id) DO NOTHING;
INSERT INTO public.agents_resource (created_at, active, generated, mcp, id, name, description, department_ids, temperature, reasoning, tool_ids, quality, model_id, prompt_id, instruction_ids, voices, rubric_id) VALUES ('2026-03-10 22:39:14.220407+00:00', true, false, false, 'ab000009-0000-0000-0000-000000000009', 'Record', 'Analytical insights agent for individual training record analytics', '{}', NULL, NULL, '{}', NULL, NULL, NULL, '{}', '{}', NULL) ON CONFLICT (id) DO NOTHING;
INSERT INTO public.agents_resource (created_at, active, generated, mcp, id, name, description, department_ids, temperature, reasoning, tool_ids, quality, model_id, prompt_id, instruction_ids, voices, rubric_id) VALUES ('2026-03-10 22:39:14.223210+00:00', true, false, false, 'ab000008-0000-0000-0000-000000000008', 'Reports', 'Analytical insights agent for detailed training outcome reports', '{}', NULL, NULL, '{}', NULL, NULL, NULL, '{}', '{}', NULL) ON CONFLICT (id) DO NOTHING;
INSERT INTO public.agents_resource (created_at, active, generated, mcp, id, name, description, department_ids, temperature, reasoning, tool_ids, quality, model_id, prompt_id, instruction_ids, voices, rubric_id) VALUES ('2026-03-10 22:39:14.225903+00:00', true, false, false, '019b3be4-3112-7786-ad7d-45ee39b86bc5', 'Rubric', 'Agent for generating rubric descriptions and grid cell content', '{}', NULL, NULL, '{}', NULL, NULL, NULL, '{}', '{}', NULL) ON CONFLICT (id) DO NOTHING;
INSERT INTO public.agents_resource (created_at, active, generated, mcp, id, name, description, department_ids, temperature, reasoning, tool_ids, quality, model_id, prompt_id, instruction_ids, voices, rubric_id) VALUES ('2026-03-10 22:39:14.228697+00:00', true, false, false, '019b3be4-3112-7685-8967-a5488fadb090', 'Scenario', 'Helps create distinct scenarios for chat interactions.', '{}', NULL, NULL, '{}', NULL, NULL, NULL, '{}', '{}', NULL) ON CONFLICT (id) DO NOTHING;
INSERT INTO public.agents_resource (created_at, active, generated, mcp, id, name, description, department_ids, temperature, reasoning, tool_ids, quality, model_id, prompt_id, instruction_ids, voices, rubric_id) VALUES ('2026-03-10 22:39:14.231475+00:00', true, false, false, 'f6533535-6087-4e6d-9fd3-ed92cc9c1021', 'Scenario Image', 'Image generation agent for creating scenario visuals', '{}', NULL, NULL, '{}', NULL, NULL, NULL, '{}', '{}', NULL) ON CONFLICT (id) DO NOTHING;
INSERT INTO public.agents_resource (created_at, active, generated, mcp, id, name, description, department_ids, temperature, reasoning, tool_ids, quality, model_id, prompt_id, instruction_ids, voices, rubric_id) VALUES ('2026-03-10 22:39:14.234132+00:00', true, false, false, '3937bcae-527f-495f-82c5-476d18ce7fed', 'Scenario Video', 'Video generation agent for creating scenario visuals', '{}', NULL, NULL, '{}', NULL, NULL, NULL, '{}', '{}', NULL) ON CONFLICT (id) DO NOTHING;
INSERT INTO public.agents_resource (created_at, active, generated, mcp, id, name, description, department_ids, temperature, reasoning, tool_ids, quality, model_id, prompt_id, instruction_ids, voices, rubric_id) VALUES ('2026-03-10 22:39:14.236768+00:00', true, false, false, 'ab00000b-0000-0000-0000-00000000000b', 'Session', 'Analytical insights agent for individual training session analytics', '{}', NULL, NULL, '{}', NULL, NULL, NULL, '{}', '{}', NULL) ON CONFLICT (id) DO NOTHING;
INSERT INTO public.agents_resource (created_at, active, generated, mcp, id, name, description, department_ids, temperature, reasoning, tool_ids, quality, model_id, prompt_id, instruction_ids, voices, rubric_id) VALUES ('2026-03-10 22:39:14.239669+00:00', true, false, false, '77777777-7777-7777-7777-777777777777', 'Setting', 'AI agent for generating and managing setting resources', '{}', NULL, NULL, '{}', NULL, NULL, NULL, '{}', '{}', NULL) ON CONFLICT (id) DO NOTHING;
INSERT INTO public.agents_resource (created_at, active, generated, mcp, id, name, description, department_ids, temperature, reasoning, tool_ids, quality, model_id, prompt_id, instruction_ids, voices, rubric_id) VALUES ('2026-03-10 22:39:14.242763+00:00', true, false, false, 'dddddddd-dddd-dddd-dddd-dddddddddddd', 'Simulation', 'AI agent for generating and managing simulation scenario resources including scenarios, scenario positions, scenario flags, and scenario rubric grade agents', '{}', NULL, NULL, '{}', NULL, NULL, NULL, '{}', '{}', NULL) ON CONFLICT (id) DO NOTHING;
INSERT INTO public.agents_resource (created_at, active, generated, mcp, id, name, description, department_ids, temperature, reasoning, tool_ids, quality, model_id, prompt_id, instruction_ids, voices, rubric_id) VALUES ('2026-03-10 22:39:14.245516+00:00', true, false, false, 'ab000004-0000-0000-0000-000000000004', 'Test Grade', 'Benchmark test grading agent for evaluating model outputs against rubric standards', '{}', NULL, NULL, '{}', NULL, NULL, NULL, '{}', '{}', NULL) ON CONFLICT (id) DO NOTHING;
INSERT INTO public.agents_resource (created_at, active, generated, mcp, id, name, description, department_ids, temperature, reasoning, tool_ids, quality, model_id, prompt_id, instruction_ids, voices, rubric_id) VALUES ('2026-03-10 22:39:14.248475+00:00', true, false, false, '018f0005-0001-7000-8000-000000000002', 'Test Insight', 'AI agent for generating analytical insights about benchmark test results including model performance, rubric evaluation, and scoring quality', '{}', NULL, NULL, '{}', NULL, NULL, NULL, '{}', '{}', NULL) ON CONFLICT (id) DO NOTHING;
INSERT INTO public.agents_resource (created_at, active, generated, mcp, id, name, description, department_ids, temperature, reasoning, tool_ids, quality, model_id, prompt_id, instruction_ids, voices, rubric_id) VALUES ('2026-03-10 22:39:14.251250+00:00', true, false, false, 'aaaaaaaa-aaaa-aaaa-aaaa-aaaaaaaaaaaa', 'Tool', 'AI agent for generating and managing tool resources', '{}', NULL, NULL, '{}', NULL, NULL, NULL, '{}', '{}', NULL) ON CONFLICT (id) DO NOTHING;

-- auth_artifact
INSERT INTO public.auth_artifact (created_at, updated_at, id, generated, mcp, active) VALUES ('2026-03-10 22:39:14.686594+00:00', '2026-03-10 22:39:14.686594+00:00', '019b3be4-3117-7aa4-aa34-0041aa51d1d8', false, false, true) ON CONFLICT (id) DO NOTHING;
INSERT INTO public.auth_artifact (created_at, updated_at, id, generated, mcp, active) VALUES ('2026-03-10 22:39:14.696498+00:00', '2026-03-10 22:39:14.696498+00:00', '019b3be4-3117-7afc-8d1d-a2815d70f294', false, false, true) ON CONFLICT (id) DO NOTHING;

-- auth_auths_junction
INSERT INTO public.auth_auths_junction (auth_id, auths_id, active, created_at, generated, mcp) VALUES ('019b3be4-3117-7aa4-aa34-0041aa51d1d8', '019b3be4-3117-7aa4-aa34-0041aa51d1d8', true, '2026-03-10 22:39:14.686594+00:00', false, false) ON CONFLICT (id) DO NOTHING;
INSERT INTO public.auth_auths_junction (auth_id, auths_id, active, created_at, generated, mcp) VALUES ('019b3be4-3117-7afc-8d1d-a2815d70f294', '019b3be4-3117-7afc-8d1d-a2815d70f294', true, '2026-03-10 22:39:14.696498+00:00', false, false) ON CONFLICT (id) DO NOTHING;

-- auth_descriptions_junction
INSERT INTO public.auth_descriptions_junction (auth_id, descriptions_id, created_at, generated, mcp, active) VALUES ('019b3be4-3117-7aa4-aa34-0041aa51d1d8', '019cd9e7-84f1-73af-ae57-8346cd6b00b6', '2026-03-10 22:39:14.686594+00:00', false, false, true) ON CONFLICT (id) DO NOTHING;
INSERT INTO public.auth_descriptions_junction (auth_id, descriptions_id, created_at, generated, mcp, active) VALUES ('019b3be4-3117-7afc-8d1d-a2815d70f294', '019cd9e7-84f6-76e2-9f1a-92c1aed5f2cc', '2026-03-10 22:39:14.696498+00:00', false, false, true) ON CONFLICT (id) DO NOTHING;

-- auth_names_junction
INSERT INTO public.auth_names_junction (auth_id, names_id, created_at, generated, mcp, active) VALUES ('019b3be4-3117-7aa4-aa34-0041aa51d1d8', '019cd9e7-84ee-731d-bc1e-a590cbe7db6f', '2026-03-10 22:39:14.686594+00:00', false, false, true) ON CONFLICT (id) DO NOTHING;
INSERT INTO public.auth_names_junction (auth_id, names_id, created_at, generated, mcp, active) VALUES ('019b3be4-3117-7afc-8d1d-a2815d70f294', '019cd9e7-84f3-7f70-acfb-0384363726db', '2026-03-10 22:39:14.696498+00:00', false, false, true) ON CONFLICT (id) DO NOTHING;

-- auths_resource
INSERT INTO public.auths_resource (created_at, active, generated, mcp, id, name, description, department_ids, slug, protocol) VALUES ('2026-03-10 22:39:14.682309+00:00', true, false, false, '019b3be4-3117-7aa4-aa34-0041aa51d1d8', 'Google', 'Google Workspace', '{}', NULL, NULL) ON CONFLICT (id) DO NOTHING;
INSERT INTO public.auths_resource (created_at, active, generated, mcp, id, name, description, department_ids, slug, protocol) VALUES ('2026-03-10 22:39:14.694089+00:00', true, false, false, '019b3be4-3117-7afc-8d1d-a2815d70f294', 'Microsoft', 'Microsoft Entra ID OAuth configuration', '{}', NULL, NULL) ON CONFLICT (id) DO NOTHING;

-- descriptions_resource
INSERT INTO public.descriptions_resource (id, description, created_at, active, generated, mcp) VALUES ('019cd9e7-81c2-7918-8a64-de8a92600b4e', 'Provider description', '2026-03-10 22:39:13.858255+00:00', true, false, false) ON CONFLICT (id) DO NOTHING;
INSERT INTO public.descriptions_resource (id, description, created_at, active, generated, mcp) VALUES ('019cd9e7-81c8-7bf3-bb51-9ec348739eb7', 'Provider description', '2026-03-10 22:39:13.864731+00:00', true, false, false) ON CONFLICT (id) DO NOTHING;
INSERT INTO public.descriptions_resource (id, description, created_at, active, generated, mcp) VALUES ('019cd9e7-81e4-7711-aab1-23d6c7e2ecf4', 'Gemini 2.5 Flash Image is Google''s native image generation model, optimized for speed, flexibility, and contextual understanding. Text input and output is priced the same as 2.5 Flash.', '2026-03-10 22:39:13.892427+00:00', true, false, false) ON CONFLICT (id) DO NOTHING;
INSERT INTO public.descriptions_resource (id, description, created_at, active, generated, mcp) VALUES ('019cd9e7-81e6-792d-ab85-7c978303a7f0', 'Gemini 2.5 Flash Lite is a lightweight version of Gemini 2.5 Flash optimized for speed and efficiency.', '2026-03-10 22:39:13.894560+00:00', true, false, false) ON CONFLICT (id) DO NOTHING;
INSERT INTO public.descriptions_resource (id, description, created_at, active, generated, mcp) VALUES ('019cd9e7-81e8-79be-9582-c3711d3b13d5', 'Gemini 2.5 Flash is a language model that can be used to generate text, images, and audio. Pricing shown is for thinking mode.', '2026-03-10 22:39:13.896589+00:00', true, false, false) ON CONFLICT (id) DO NOTHING;
INSERT INTO public.descriptions_resource (id, description, created_at, active, generated, mcp) VALUES ('019cd9e7-81ea-7b13-b57b-de7378c9fa1b', 'Gemini 2.5 Pro is Google''s most advanced language model with enhanced reasoning and multimodal capabilities. Pricing shown is for context windows ≤200k tokens.', '2026-03-10 22:39:13.898673+00:00', true, false, false) ON CONFLICT (id) DO NOTHING;
INSERT INTO public.descriptions_resource (id, description, created_at, active, generated, mcp) VALUES ('019cd9e7-81ec-7c51-9f9f-6a32f0489904', 'Gemini 3 Pro Image Preview is Google''s native image generation model, optimized for speed, flexibility, and contextual understanding. Text input and output is priced the same as Gemini 3 Pro.', '2026-03-10 22:39:13.900763+00:00', true, false, false) ON CONFLICT (id) DO NOTHING;
INSERT INTO public.descriptions_resource (id, description, created_at, active, generated, mcp) VALUES ('019cd9e7-81ee-7d11-b1b0-37153e482c5d', 'Gemini 3 Pro Preview is Google''s most advanced language model. Pricing shown is for prompts ≤200k tokens. Separate higher tier for prompts >200k (input $4 / output $18 / cache $0.40).', '2026-03-10 22:39:13.902810+00:00', true, false, false) ON CONFLICT (id) DO NOTHING;
INSERT INTO public.descriptions_resource (id, description, created_at, active, generated, mcp) VALUES ('019cd9e7-81f0-7dc2-961a-19ae2b7c8da6', 'Imagen 4 Fast - Faster variant of Imagen 4 image generation model', '2026-03-10 22:39:13.904853+00:00', true, false, false) ON CONFLICT (id) DO NOTHING;
INSERT INTO public.descriptions_resource (id, description, created_at, active, generated, mcp) VALUES ('019cd9e7-81f2-7ebb-8ea4-34e5d248f56f', 'Imagen 4 Standard - Latest image generation model with significantly better text rendering and overall image quality', '2026-03-10 22:39:13.906915+00:00', true, false, false) ON CONFLICT (id) DO NOTHING;
INSERT INTO public.descriptions_resource (id, description, created_at, active, generated, mcp) VALUES ('019cd9e7-81f4-7d45-8604-acd374ac067e', 'Imagen 4 Ultra - Highest quality variant of Imagen 4 image generation model', '2026-03-10 22:39:13.908823+00:00', true, false, false) ON CONFLICT (id) DO NOTHING;
INSERT INTO public.descriptions_resource (id, description, created_at, active, generated, mcp) VALUES ('019cd9e7-81f6-7cbf-bb24-ffc991309768', 'Veo 3.1 Fast - Faster variant of Veo 3.1 video generation model', '2026-03-10 22:39:13.910791+00:00', true, false, false) ON CONFLICT (id) DO NOTHING;
INSERT INTO public.descriptions_resource (id, description, created_at, active, generated, mcp) VALUES ('019cd9e7-81f8-7d70-b1ce-d8219e59ff26', 'Veo 3.1 Standard - Our latest video generation model, generates video with audio from text and image prompts', '2026-03-10 22:39:13.912834+00:00', true, false, false) ON CONFLICT (id) DO NOTHING;
INSERT INTO public.descriptions_resource (id, description, created_at, active, generated, mcp) VALUES ('019cd9e7-81fa-7c82-905b-d91bdaac1ea9', 'GPT-4.1 excels at instruction following and tool calling, with broad knowledge across domains. It features a 1M token context window, and low latency without a reasoning step.', '2026-03-10 22:39:13.914775+00:00', true, false, false) ON CONFLICT (id) DO NOTHING;
INSERT INTO public.descriptions_resource (id, description, created_at, active, generated, mcp) VALUES ('019cd9e7-81fc-7d5d-9e56-b92b780184f0', 'GPT-5 Mini is a faster, more efficient version of GPT-5 optimized for speed and cost.', '2026-03-10 22:39:13.916828+00:00', true, false, false) ON CONFLICT (id) DO NOTHING;
INSERT INTO public.descriptions_resource (id, description, created_at, active, generated, mcp) VALUES ('019cd9e7-81fe-7c7e-b827-5540e4b5d534', 'GPT-5 Nano is the smallest and fastest GPT-5 variant, ideal for real-time applications.', '2026-03-10 22:39:13.918775+00:00', true, false, false) ON CONFLICT (id) DO NOTHING;
INSERT INTO public.descriptions_resource (id, description, created_at, active, generated, mcp) VALUES ('019cd9e7-8200-7ccb-8520-23d43dca1a03', 'GPT-5.1 is OpenAI''s latest language model with advanced reasoning and multimodal capabilities. 400k context, 128k max output.', '2026-03-10 22:39:13.920792+00:00', true, false, false) ON CONFLICT (id) DO NOTHING;
INSERT INTO public.descriptions_resource (id, description, created_at, active, generated, mcp) VALUES ('019cd9e7-8202-7cf1-a7b1-7a0d197430fe', 'GPT-5 is OpenAI''s latest language model with advanced reasoning and multimodal capabilities.', '2026-03-10 22:39:13.922804+00:00', true, false, false) ON CONFLICT (id) DO NOTHING;
INSERT INTO public.descriptions_resource (id, description, created_at, active, generated, mcp) VALUES ('019cd9e7-8204-7c0a-9f0c-42a213007b79', 'A cost-efficient version of GPT Audio. Accepts audio inputs and outputs, can be used in Chat Completions REST API. 128k context, 16k max output.', '2026-03-10 22:39:13.924747+00:00', true, false, false) ON CONFLICT (id) DO NOTHING;
INSERT INTO public.descriptions_resource (id, description, created_at, active, generated, mcp) VALUES ('019cd9e7-8206-7bd6-a6b3-7ede2bf7579c', 'GPT Audio is OpenAI''s first generally available audio model. Accepts audio inputs and outputs, can be used in Chat Completions REST API. 128k context, 16k max output.', '2026-03-10 22:39:13.926733+00:00', true, false, false) ON CONFLICT (id) DO NOTHING;
INSERT INTO public.descriptions_resource (id, description, created_at, active, generated, mcp) VALUES ('019cd9e7-8208-7e94-96b9-1dc3c453b33e', 'GPT Image 1 Mini (Medium Quality) - 1024x1024 resolution. OpenAI''s compact image generation model with balanced quality and cost.', '2026-03-10 22:39:13.928904+00:00', true, false, false) ON CONFLICT (id) DO NOTHING;
INSERT INTO public.descriptions_resource (id, description, created_at, active, generated, mcp) VALUES ('019cd9e7-820a-7e09-a692-67647af7651c', 'GPT Image 1 (High Quality) - 1024x1024 resolution. OpenAI''s image generation model optimized for highest quality output.', '2026-03-10 22:39:13.930871+00:00', true, false, false) ON CONFLICT (id) DO NOTHING;
INSERT INTO public.descriptions_resource (id, description, created_at, active, generated, mcp) VALUES ('019cd9e7-820d-727f-aecf-27e0abf46946', 'Open Source Running Locally', '2026-03-10 22:39:13.933150+00:00', true, false, false) ON CONFLICT (id) DO NOTHING;
INSERT INTO public.descriptions_resource (id, description, created_at, active, generated, mcp) VALUES ('019cd9e7-820f-7197-86eb-c852695b4bfb', 'A cost-efficient version of GPT Realtime - capable of responding to audio and text inputs in realtime over WebRTC, WebSocket, or SIP connections. 32k context, 4k max output.', '2026-03-10 22:39:13.935094+00:00', true, false, false) ON CONFLICT (id) DO NOTHING;
INSERT INTO public.descriptions_resource (id, description, created_at, active, generated, mcp) VALUES ('019cd9e7-8211-70f8-9800-2b79155de8d3', 'GPT Realtime is OpenAI''s real-time audio model for conversational AI.', '2026-03-10 22:39:13.937048+00:00', true, false, false) ON CONFLICT (id) DO NOTHING;
INSERT INTO public.descriptions_resource (id, description, created_at, active, generated, mcp) VALUES ('019cd9e7-8213-7186-8970-d45f31956e22', 'Sora 2 Pro (Low Quality) - 720x1280/1280x720 resolution. OpenAI''s advanced video generation model optimized for cost efficiency.', '2026-03-10 22:39:13.939088+00:00', true, false, false) ON CONFLICT (id) DO NOTHING;
INSERT INTO public.descriptions_resource (id, description, created_at, active, generated, mcp) VALUES ('019cd9e7-8214-7f6a-80c5-2dcaa128b5da', 'Sora 2 is OpenAI''s advanced video generation model.', '2026-03-10 22:39:13.940957+00:00', true, false, false) ON CONFLICT (id) DO NOTHING;
INSERT INTO public.descriptions_resource (id, description, created_at, active, generated, mcp) VALUES ('019cd9e7-829b-73d6-a419-79c09ea372f1', 'Analytical insights agent for real-time activity monitoring', '2026-03-10 22:39:14.075069+00:00', true, false, false) ON CONFLICT (id) DO NOTHING;
INSERT INTO public.descriptions_resource (id, description, created_at, active, generated, mcp) VALUES ('019cd9e7-829d-7083-98a0-22cbfdd56367', 'AI agent for generating and managing agent resources including names, descriptions, flags, departments, prompts, instructions, models, and tools using GPT-5.1', '2026-03-10 22:39:14.077016+00:00', true, false, false) ON CONFLICT (id) DO NOTHING;
INSERT INTO public.descriptions_resource (id, description, created_at, active, generated, mcp) VALUES ('019cd9e7-829e-7b3a-a623-03cafbb25d99', 'Conversational AI agent for conducting training dialogues as personas', '2026-03-10 22:39:14.078689+00:00', true, false, false) ON CONFLICT (id) DO NOTHING;
INSERT INTO public.descriptions_resource (id, description, created_at, active, generated, mcp) VALUES ('019cd9e7-82a0-79ba-b2ec-de3c30fa0071', 'Grading and evaluation agent for analyzing training attempt performance', '2026-03-10 22:39:14.080595+00:00', true, false, false) ON CONFLICT (id) DO NOTHING;
INSERT INTO public.descriptions_resource (id, description, created_at, active, generated, mcp) VALUES ('019cd9e7-82a2-7341-9cb5-138a7b6b1708', 'AI agent for generating analytical insights about individual training attempts including performance, conversation quality, and skill development', '2026-03-10 22:39:14.082190+00:00', true, false, false) ON CONFLICT (id) DO NOTHING;
INSERT INTO public.descriptions_resource (id, description, created_at, active, generated, mcp) VALUES ('019cd9e7-82a3-7c67-9606-ab736d6c4539', 'AI agent for generating and managing auth resources including names, descriptions, flags, protocols, slugs, and items using GPT-5.1', '2026-03-10 22:39:14.083759+00:00', true, false, false) ON CONFLICT (id) DO NOTHING;
INSERT INTO public.descriptions_resource (id, description, created_at, active, generated, mcp) VALUES ('019cd9e7-82a5-7596-bd6b-26977095a75f', 'AI agent for generating analytical insights about benchmark evaluation results including cross-model performance and scoring quality', '2026-03-10 22:39:14.085343+00:00', true, false, false) ON CONFLICT (id) DO NOTHING;
INSERT INTO public.descriptions_resource (id, description, created_at, active, generated, mcp) VALUES ('019cd9e7-82a6-7e62-8360-f4eb220eaf67', 'AI agent for creating and managing training chat sessions with persona-driven scenario conversations', '2026-03-10 22:39:14.086891+00:00', true, false, false) ON CONFLICT (id) DO NOTHING;
INSERT INTO public.descriptions_resource (id, description, created_at, active, generated, mcp) VALUES ('019cd9e7-82a8-7810-a158-7ad6394c037b', 'AI agent for generating and managing cohort resources including names, descriptions, flags, departments, personas, and scenarios using GPT-5.1', '2026-03-10 22:39:14.088496+00:00', true, false, false) ON CONFLICT (id) DO NOTHING;
INSERT INTO public.descriptions_resource (id, description, created_at, active, generated, mcp) VALUES ('019cd9e7-82aa-719f-9c95-c549b10b9256', 'Analytical insights agent for high-level organizational KPIs and trends', '2026-03-10 22:39:14.090089+00:00', true, false, false) ON CONFLICT (id) DO NOTHING;
INSERT INTO public.descriptions_resource (id, description, created_at, active, generated, mcp) VALUES ('019cd9e7-82ac-720e-9fe8-96a44723ca06', 'AI agent for generating and managing department resources including names, descriptions, flags, and settings using GPT-5.1', '2026-03-10 22:39:14.092118+00:00', true, false, false) ON CONFLICT (id) DO NOTHING;
INSERT INTO public.descriptions_resource (id, description, created_at, active, generated, mcp) VALUES ('019cd9e7-82ad-7d30-a4ec-353fa95cc05f', 'Agent for generating and working with documents, templates, and structured content', '2026-03-10 22:39:14.093818+00:00', true, false, false) ON CONFLICT (id) DO NOTHING;
INSERT INTO public.descriptions_resource (id, description, created_at, active, generated, mcp) VALUES ('019cd9e7-82af-7649-b97c-bd9df1a60414', 'AI agent for generating and managing eval resources including names, descriptions, flags, departments, scenarios, rubrics, and various eval-specific resources using GPT-5.1', '2026-03-10 22:39:14.095383+00:00', true, false, false) ON CONFLICT (id) DO NOTHING;
INSERT INTO public.descriptions_resource (id, description, created_at, active, generated, mcp) VALUES ('019cd9e7-82b0-7f8c-86fd-6152cc0ed574', 'AI agent for generating and managing field resources including names, descriptions, flags, departments, and conditional parameters using GPT-5.1', '2026-03-10 22:39:14.096965+00:00', true, false, false) ON CONFLICT (id) DO NOTHING;
INSERT INTO public.descriptions_resource (id, description, created_at, active, generated, mcp) VALUES ('019cd9e7-82b2-78c1-9b1a-9ade1a7824d6', 'Analytical insights agent for group-level analytics', '2026-03-10 22:39:14.098540+00:00', true, false, false) ON CONFLICT (id) DO NOTHING;
INSERT INTO public.descriptions_resource (id, description, created_at, active, generated, mcp) VALUES ('019cd9e7-82b4-72a9-870a-a0decd43adee', 'Analytical insights agent for system health monitoring', '2026-03-10 22:39:14.100161+00:00', true, false, false) ON CONFLICT (id) DO NOTHING;
INSERT INTO public.descriptions_resource (id, description, created_at, active, generated, mcp) VALUES ('019cd9e7-82b5-7b33-bea4-b2208b600d44', 'Navigation and recommendation agent for home page overview', '2026-03-10 22:39:14.101691+00:00', true, false, false) ON CONFLICT (id) DO NOTHING;
INSERT INTO public.descriptions_resource (id, description, created_at, active, generated, mcp) VALUES ('019cd9e7-82b7-7649-a6bf-d5922b3b1d87', 'AI agent for creating and managing benchmark invocations with model and tool configurations', '2026-03-10 22:39:14.103377+00:00', true, false, false) ON CONFLICT (id) DO NOTHING;
INSERT INTO public.descriptions_resource (id, description, created_at, active, generated, mcp) VALUES ('019cd9e7-82b9-7059-83ed-fcdc2fe6ed84', 'Analytical insights agent for performance rankings', '2026-03-10 22:39:14.105013+00:00', true, false, false) ON CONFLICT (id) DO NOTHING;
INSERT INTO public.descriptions_resource (id, description, created_at, active, generated, mcp) VALUES ('019cd9e7-82ba-7afb-a7a1-651e11b7acf4', 'AI agent for generating and managing model resources including names, descriptions, flags, departments, endpoints, keys, modalities, and providers using GPT-5.1', '2026-03-10 22:39:14.106679+00:00', true, false, false) ON CONFLICT (id) DO NOTHING;
INSERT INTO public.descriptions_resource (id, description, created_at, active, generated, mcp) VALUES ('019cd9e7-82bc-7a64-8598-a7b523dfb847', 'AI agent for generating and managing parameter resources including names, descriptions, flags, departments, and fields using GPT-5.1', '2026-03-10 22:39:14.108642+00:00', true, false, false) ON CONFLICT (id) DO NOTHING;
INSERT INTO public.descriptions_resource (id, description, created_at, active, generated, mcp) VALUES ('019cd9e7-82be-7654-ba9f-3f9cf6ecbe5d', 'AI agent for generating and managing persona resources including names, descriptions, colors, icons, instructions, examples, flags, departments, and fields using GPT-5.1', '2026-03-10 22:39:14.110387+00:00', true, false, false) ON CONFLICT (id) DO NOTHING;
INSERT INTO public.descriptions_resource (id, description, created_at, active, generated, mcp) VALUES ('019cd9e7-82c0-7036-ae48-03692411f366', 'Navigation and recommendation agent for practice mode entry point', '2026-03-10 22:39:14.112005+00:00', true, false, false) ON CONFLICT (id) DO NOTHING;
INSERT INTO public.descriptions_resource (id, description, created_at, active, generated, mcp) VALUES ('019cd9e7-82c1-7a1b-b0e3-6783efd5e760', 'Analytical insights agent for cost analytics and billing breakdowns', '2026-03-10 22:39:14.113624+00:00', true, false, false) ON CONFLICT (id) DO NOTHING;
INSERT INTO public.descriptions_resource (id, description, created_at, active, generated, mcp) VALUES ('019cd9e7-82c3-74ce-ba45-7b9ffa6dfd03', 'AI agent for generating and managing profile resources including names, descriptions, flags, departments, emails, cohorts, and request limits using GPT-5.1', '2026-03-10 22:39:14.115294+00:00', true, false, false) ON CONFLICT (id) DO NOTHING;
INSERT INTO public.descriptions_resource (id, description, created_at, active, generated, mcp) VALUES ('019cd9e7-82c4-7ef2-aaf3-2e7654d03041', 'AI agent for generating and managing provider resources including names, descriptions, flags, and endpoints using GPT-5.1', '2026-03-10 22:39:14.116929+00:00', true, false, false) ON CONFLICT (id) DO NOTHING;
INSERT INTO public.descriptions_resource (id, description, created_at, active, generated, mcp) VALUES ('019cd9e7-82c6-78b4-bde5-4ffe05a77cd6', 'Analytical insights agent for individual training record analytics', '2026-03-10 22:39:14.118537+00:00', true, false, false) ON CONFLICT (id) DO NOTHING;
INSERT INTO public.descriptions_resource (id, description, created_at, active, generated, mcp) VALUES ('019cd9e7-82c8-7249-9e5d-2af7783b27a6', 'Analytical insights agent for detailed training outcome reports', '2026-03-10 22:39:14.120138+00:00', true, false, false) ON CONFLICT (id) DO NOTHING;
INSERT INTO public.descriptions_resource (id, description, created_at, active, generated, mcp) VALUES ('019cd9e7-82c9-7bfe-b6cf-15ac89e37c36', 'Agent for generating rubric descriptions and grid cell content', '2026-03-10 22:39:14.121743+00:00', true, false, false) ON CONFLICT (id) DO NOTHING;
INSERT INTO public.descriptions_resource (id, description, created_at, active, generated, mcp) VALUES ('019cd9e7-82cb-75d1-ab10-23ac64e697ff', 'Helps create distinct scenarios for chat interactions.', '2026-03-10 22:39:14.123355+00:00', true, false, false) ON CONFLICT (id) DO NOTHING;
INSERT INTO public.descriptions_resource (id, description, created_at, active, generated, mcp) VALUES ('019cd9e7-82cc-7f11-8209-01acd7c4881e', 'Image generation agent for creating scenario visuals', '2026-03-10 22:39:14.124934+00:00', true, false, false) ON CONFLICT (id) DO NOTHING;
INSERT INTO public.descriptions_resource (id, description, created_at, active, generated, mcp) VALUES ('019cd9e7-82ce-7ae9-96bb-987e1fafbc48', 'Video generation agent for creating scenario visuals', '2026-03-10 22:39:14.126674+00:00', true, false, false) ON CONFLICT (id) DO NOTHING;
INSERT INTO public.descriptions_resource (id, description, created_at, active, generated, mcp) VALUES ('019cd9e7-82d0-74c9-ab99-cb00dd31b79a', 'Analytical insights agent for individual training session analytics', '2026-03-10 22:39:14.128293+00:00', true, false, false) ON CONFLICT (id) DO NOTHING;
INSERT INTO public.descriptions_resource (id, description, created_at, active, generated, mcp) VALUES ('019cd9e7-82d1-7de8-9102-52aea269b6b3', 'AI agent for generating and managing setting resources', '2026-03-10 22:39:14.129862+00:00', true, false, false) ON CONFLICT (id) DO NOTHING;
INSERT INTO public.descriptions_resource (id, description, created_at, active, generated, mcp) VALUES ('019cd9e7-82d3-7743-8c22-6b43459ee71a', 'AI agent for generating and managing simulation scenario resources including scenarios, scenario positions, scenario flags, and scenario rubric grade agents', '2026-03-10 22:39:14.131448+00:00', true, false, false) ON CONFLICT (id) DO NOTHING;
INSERT INTO public.descriptions_resource (id, description, created_at, active, generated, mcp) VALUES ('019cd9e7-82d5-7089-acb2-3d680d7d2516', 'Benchmark test grading agent for evaluating model outputs against rubric standards', '2026-03-10 22:39:14.133027+00:00', true, false, false) ON CONFLICT (id) DO NOTHING;
INSERT INTO public.descriptions_resource (id, description, created_at, active, generated, mcp) VALUES ('019cd9e7-82d6-7980-8cf9-b9ed1966ee43', 'AI agent for generating analytical insights about benchmark test results including model performance, rubric evaluation, and scoring quality', '2026-03-10 22:39:14.134587+00:00', true, false, false) ON CONFLICT (id) DO NOTHING;
INSERT INTO public.descriptions_resource (id, description, created_at, active, generated, mcp) VALUES ('019cd9e7-82d8-7270-8771-2f915fcb08f8', 'AI agent for generating and managing tool resources', '2026-03-10 22:39:14.136147+00:00', true, false, false) ON CONFLICT (id) DO NOTHING;
INSERT INTO public.descriptions_resource (id, description, created_at, active, generated, mcp) VALUES ('019cd9e7-84f1-73af-ae57-8346cd6b00b6', 'Google Workspace', '2026-03-10 22:39:14.673201+00:00', true, false, false) ON CONFLICT (id) DO NOTHING;
INSERT INTO public.descriptions_resource (id, description, created_at, active, generated, mcp) VALUES ('019cd9e7-84f6-76e2-9f1a-92c1aed5f2cc', 'Microsoft Entra ID OAuth configuration', '2026-03-10 22:39:14.678402+00:00', true, false, false) ON CONFLICT (id) DO NOTHING;
INSERT INTO public.descriptions_resource (id, description, created_at, active, generated, mcp) VALUES ('019cd9e7-851a-7f50-9422-2ce9be039e45', 'Evaluates individual runs from the demo attempt.', '2026-03-10 22:39:14.714763+00:00', true, false, false) ON CONFLICT (id) DO NOTHING;
INSERT INTO public.descriptions_resource (id, description, created_at, active, generated, mcp) VALUES ('019cd9e7-851d-7f96-8b6c-31b836ad027e', 'Evaluates the chat group from the demo attempt.', '2026-03-10 22:39:14.717960+00:00', true, false, false) ON CONFLICT (id) DO NOTHING;
INSERT INTO public.descriptions_resource (id, description, created_at, active, generated, mcp) VALUES ('019cd9e7-8520-7e50-8a33-bcfbbd373987', 'Evaluation of agent agent performance', '2026-03-10 22:39:14.720878+00:00', true, false, false) ON CONFLICT (id) DO NOTHING;
INSERT INTO public.descriptions_resource (id, description, created_at, active, generated, mcp) VALUES ('019cd9e7-8523-7db2-aa62-f62e041ec77f', 'Evaluation of auth agent performance', '2026-03-10 22:39:14.723840+00:00', true, false, false) ON CONFLICT (id) DO NOTHING;
INSERT INTO public.descriptions_resource (id, description, created_at, active, generated, mcp) VALUES ('019cd9e7-8526-7a7d-8c5d-463b366823c8', 'Evaluation of benchmark agent performance', '2026-03-10 22:39:14.726641+00:00', true, false, false) ON CONFLICT (id) DO NOTHING;
INSERT INTO public.descriptions_resource (id, description, created_at, active, generated, mcp) VALUES ('019cd9e7-8529-76b7-82f9-80042a704c29', 'Evaluation of chat agent agent performance', '2026-03-10 22:39:14.729399+00:00', true, false, false) ON CONFLICT (id) DO NOTHING;
INSERT INTO public.descriptions_resource (id, description, created_at, active, generated, mcp) VALUES ('019cd9e7-852c-73e1-bfe3-efe8b24d22af', 'Evaluation of cohort agent performance', '2026-03-10 22:39:14.732233+00:00', true, false, false) ON CONFLICT (id) DO NOTHING;
INSERT INTO public.descriptions_resource (id, description, created_at, active, generated, mcp) VALUES ('019cd9e7-852e-7e69-beca-3cac4505cb0d', 'Evaluation of department agent performance', '2026-03-10 22:39:14.734892+00:00', true, false, false) ON CONFLICT (id) DO NOTHING;
INSERT INTO public.descriptions_resource (id, description, created_at, active, generated, mcp) VALUES ('019cd9e7-8531-7ae7-a859-01a38f17e74b', 'Evaluation of document agent performance', '2026-03-10 22:39:14.737670+00:00', true, false, false) ON CONFLICT (id) DO NOTHING;
INSERT INTO public.descriptions_resource (id, description, created_at, active, generated, mcp) VALUES ('019cd9e7-8534-7818-b2bc-de14cca3909d', 'Evaluation of eval agent performance', '2026-03-10 22:39:14.740496+00:00', true, false, false) ON CONFLICT (id) DO NOTHING;
INSERT INTO public.descriptions_resource (id, description, created_at, active, generated, mcp) VALUES ('019cd9e7-8537-7576-8879-d100f3806a35', 'Evaluation of field agent performance', '2026-03-10 22:39:14.743333+00:00', true, false, false) ON CONFLICT (id) DO NOTHING;
INSERT INTO public.descriptions_resource (id, description, created_at, active, generated, mcp) VALUES ('019cd9e7-853a-7076-8f0f-94684bbafb8e', 'Evaluation of grade agent agent performance', '2026-03-10 22:39:14.746021+00:00', true, false, false) ON CONFLICT (id) DO NOTHING;
INSERT INTO public.descriptions_resource (id, description, created_at, active, generated, mcp) VALUES ('019cd9e7-853c-7d83-ab86-bd154c0e63a3', 'Evaluation of model agent performance', '2026-03-10 22:39:14.748837+00:00', true, false, false) ON CONFLICT (id) DO NOTHING;
INSERT INTO public.descriptions_resource (id, description, created_at, active, generated, mcp) VALUES ('019cd9e7-853f-7ade-b0c7-3ca010aab888', 'Evaluation of parameter agent performance', '2026-03-10 22:39:14.751673+00:00', true, false, false) ON CONFLICT (id) DO NOTHING;
INSERT INTO public.descriptions_resource (id, description, created_at, active, generated, mcp) VALUES ('019cd9e7-8542-763f-8514-45ed9d3083e3', 'Evaluation of persona agent performance', '2026-03-10 22:39:14.754372+00:00', true, false, false) ON CONFLICT (id) DO NOTHING;
INSERT INTO public.descriptions_resource (id, description, created_at, active, generated, mcp) VALUES ('019cd9e7-8545-7538-a436-78e88ea0bccd', 'Evaluation of profile agent performance', '2026-03-10 22:39:14.757285+00:00', true, false, false) ON CONFLICT (id) DO NOTHING;
INSERT INTO public.descriptions_resource (id, description, created_at, active, generated, mcp) VALUES ('019cd9e7-8549-7dd3-94ca-d94734797ae4', 'Evaluation of provider agent performance', '2026-03-10 22:39:14.761844+00:00', true, false, false) ON CONFLICT (id) DO NOTHING;
INSERT INTO public.descriptions_resource (id, description, created_at, active, generated, mcp) VALUES ('019cd9e7-854d-76b8-b712-95c795a5cfdd', 'Evaluation of rubric agent performance', '2026-03-10 22:39:14.765411+00:00', true, false, false) ON CONFLICT (id) DO NOTHING;
INSERT INTO public.descriptions_resource (id, description, created_at, active, generated, mcp) VALUES ('019cd9e7-8550-79dc-a75e-146b19ad4b82', 'Evaluation of scenario agent performance', '2026-03-10 22:39:14.768609+00:00', true, false, false) ON CONFLICT (id) DO NOTHING;
INSERT INTO public.descriptions_resource (id, description, created_at, active, generated, mcp) VALUES ('019cd9e7-8553-79e7-9e1b-e55e3119bab7', 'Evaluation of setting agent performance', '2026-03-10 22:39:14.771605+00:00', true, false, false) ON CONFLICT (id) DO NOTHING;
INSERT INTO public.descriptions_resource (id, description, created_at, active, generated, mcp) VALUES ('019cd9e7-8556-7815-a7c1-a36632271934', 'Evaluation of simulation agent performance', '2026-03-10 22:39:14.774498+00:00', true, false, false) ON CONFLICT (id) DO NOTHING;
INSERT INTO public.descriptions_resource (id, description, created_at, active, generated, mcp) VALUES ('019cd9e7-8559-773c-8e69-e8f58a45c066', 'Evaluation of tool agent performance', '2026-03-10 22:39:14.777445+00:00', true, false, false) ON CONFLICT (id) DO NOTHING;
INSERT INTO public.descriptions_resource (id, description, created_at, active, generated, mcp) VALUES ('019cd9e7-855c-777c-be5e-35dbd3bec788', 'Evaluation of training agent performance', '2026-03-10 22:39:14.780461+00:00', true, false, false) ON CONFLICT (id) DO NOTHING;

-- eval_artifact
INSERT INTO public.eval_artifact (created_at, updated_at, id, generated, mcp, active) VALUES ('2026-03-10 22:39:14.785553+00:00', '2026-03-10 22:39:14.785553+00:00', 'dd000051-0001-0000-0000-000000000001', false, false, true) ON CONFLICT (id) DO NOTHING;
INSERT INTO public.eval_artifact (created_at, updated_at, id, generated, mcp, active) VALUES ('2026-03-10 22:39:14.792642+00:00', '2026-03-10 22:39:14.792642+00:00', 'dd000051-0002-0000-0000-000000000001', false, false, true) ON CONFLICT (id) DO NOTHING;
INSERT INTO public.eval_artifact (created_at, updated_at, id, generated, mcp, active) VALUES ('2026-03-10 22:39:14.798827+00:00', '2026-03-10 22:39:14.798827+00:00', '019c4e7a-47a2-7896-9f5a-5f57ee554660', false, false, true) ON CONFLICT (id) DO NOTHING;
INSERT INTO public.eval_artifact (created_at, updated_at, id, generated, mcp, active) VALUES ('2026-03-10 22:39:14.803197+00:00', '2026-03-10 22:39:14.803197+00:00', '019c4e7a-479e-7b43-8b0d-556438b63229', false, false, true) ON CONFLICT (id) DO NOTHING;
INSERT INTO public.eval_artifact (created_at, updated_at, id, generated, mcp, active) VALUES ('2026-03-10 22:39:14.807499+00:00', '2026-03-10 22:39:14.807499+00:00', 'cc000004-0000-0000-0000-000000000004', false, false, true) ON CONFLICT (id) DO NOTHING;
INSERT INTO public.eval_artifact (created_at, updated_at, id, generated, mcp, active) VALUES ('2026-03-10 22:39:14.811770+00:00', '2026-03-10 22:39:14.811770+00:00', '019c4e7a-47a6-7955-bfd8-48ef668e5e2b', false, false, true) ON CONFLICT (id) DO NOTHING;
INSERT INTO public.eval_artifact (created_at, updated_at, id, generated, mcp, active) VALUES ('2026-03-10 22:39:14.816405+00:00', '2026-03-10 22:39:14.816405+00:00', '019c4e7a-47a1-718c-accd-d11772098c08', false, false, true) ON CONFLICT (id) DO NOTHING;
INSERT INTO public.eval_artifact (created_at, updated_at, id, generated, mcp, active) VALUES ('2026-03-10 22:39:14.820715+00:00', '2026-03-10 22:39:14.820715+00:00', '019c4e7a-47a0-75f7-99dd-154cf20c98a2', false, false, true) ON CONFLICT (id) DO NOTHING;
INSERT INTO public.eval_artifact (created_at, updated_at, id, generated, mcp, active) VALUES ('2026-03-10 22:39:14.825021+00:00', '2026-03-10 22:39:14.825021+00:00', '019c4e7a-479b-7da3-8534-d832cfa860ae', false, false, true) ON CONFLICT (id) DO NOTHING;
INSERT INTO public.eval_artifact (created_at, updated_at, id, generated, mcp, active) VALUES ('2026-03-10 22:39:14.829424+00:00', '2026-03-10 22:39:14.829424+00:00', '019c4e7a-47a7-7553-8b10-6eb4663b8f4c', false, false, true) ON CONFLICT (id) DO NOTHING;
INSERT INTO public.eval_artifact (created_at, updated_at, id, generated, mcp, active) VALUES ('2026-03-10 22:39:14.833727+00:00', '2026-03-10 22:39:14.833727+00:00', '019c4e7a-47a8-7e85-b75d-f4b48ab2ee19', false, false, true) ON CONFLICT (id) DO NOTHING;
INSERT INTO public.eval_artifact (created_at, updated_at, id, generated, mcp, active) VALUES ('2026-03-10 22:39:14.837919+00:00', '2026-03-10 22:39:14.837919+00:00', '019c4e7a-47a8-7275-93eb-681f5cf002bb', false, false, true) ON CONFLICT (id) DO NOTHING;
INSERT INTO public.eval_artifact (created_at, updated_at, id, generated, mcp, active) VALUES ('2026-03-10 22:39:14.842115+00:00', '2026-03-10 22:39:14.842115+00:00', '019c4e7a-47a3-76e1-bfa9-b402c7625143', false, false, true) ON CONFLICT (id) DO NOTHING;
INSERT INTO public.eval_artifact (created_at, updated_at, id, generated, mcp, active) VALUES ('2026-03-10 22:39:14.846857+00:00', '2026-03-10 22:39:14.846857+00:00', '019c4e7a-479d-7a2b-9b03-a8c46af98ae0', false, false, true) ON CONFLICT (id) DO NOTHING;
INSERT INTO public.eval_artifact (created_at, updated_at, id, generated, mcp, active) VALUES ('2026-03-10 22:39:14.850946+00:00', '2026-03-10 22:39:14.850946+00:00', '019c4e7a-47a5-716a-a626-9112bdb22e12', false, false, true) ON CONFLICT (id) DO NOTHING;
INSERT INTO public.eval_artifact (created_at, updated_at, id, generated, mcp, active) VALUES ('2026-03-10 22:39:14.855129+00:00', '2026-03-10 22:39:14.855129+00:00', '019c4e7a-479f-7abc-b3ea-61e82a842163', false, false, true) ON CONFLICT (id) DO NOTHING;
INSERT INTO public.eval_artifact (created_at, updated_at, id, generated, mcp, active) VALUES ('2026-03-10 22:39:14.859543+00:00', '2026-03-10 22:39:14.859543+00:00', '019c4e7a-4794-739c-8361-b0401227847c', false, false, true) ON CONFLICT (id) DO NOTHING;
INSERT INTO public.eval_artifact (created_at, updated_at, id, generated, mcp, active) VALUES ('2026-03-10 22:39:14.863957+00:00', '2026-03-10 22:39:14.863957+00:00', '019c4e7a-479c-7c3d-bd8e-44daa22da6bc', false, false, true) ON CONFLICT (id) DO NOTHING;
INSERT INTO public.eval_artifact (created_at, updated_at, id, generated, mcp, active) VALUES ('2026-03-10 22:39:14.868015+00:00', '2026-03-10 22:39:14.868015+00:00', '019c4e7a-479a-7a20-9aab-060d29dfbe69', false, false, true) ON CONFLICT (id) DO NOTHING;
INSERT INTO public.eval_artifact (created_at, updated_at, id, generated, mcp, active) VALUES ('2026-03-10 22:39:14.872077+00:00', '2026-03-10 22:39:14.872077+00:00', '019c4e7a-47a1-7cd1-964f-ed3f1d0d56a6', false, false, true) ON CONFLICT (id) DO NOTHING;
INSERT INTO public.eval_artifact (created_at, updated_at, id, generated, mcp, active) VALUES ('2026-03-10 22:39:14.876247+00:00', '2026-03-10 22:39:14.876247+00:00', '019c4e7a-47a5-7d9f-9919-7e441e32a162', false, false, true) ON CONFLICT (id) DO NOTHING;
INSERT INTO public.eval_artifact (created_at, updated_at, id, generated, mcp, active) VALUES ('2026-03-10 22:39:14.880010+00:00', '2026-03-10 22:39:14.880010+00:00', '019c4e7a-47a4-7552-970e-bddea1ef0176', false, false, true) ON CONFLICT (id) DO NOTHING;
INSERT INTO public.eval_artifact (created_at, updated_at, id, generated, mcp, active) VALUES ('2026-03-10 22:39:14.884046+00:00', '2026-03-10 22:39:14.884046+00:00', 'cc000003-0000-0000-0000-000000000003', false, false, true) ON CONFLICT (id) DO NOTHING;

-- eval_descriptions_junction
INSERT INTO public.eval_descriptions_junction (eval_id, descriptions_id, created_at, generated, mcp, active) VALUES ('dd000051-0001-0000-0000-000000000001', '019cd9e7-851a-7f50-9422-2ce9be039e45', '2026-03-10 22:39:14.785553+00:00', false, false, true) ON CONFLICT (id) DO NOTHING;
INSERT INTO public.eval_descriptions_junction (eval_id, descriptions_id, created_at, generated, mcp, active) VALUES ('dd000051-0002-0000-0000-000000000001', '019cd9e7-851d-7f96-8b6c-31b836ad027e', '2026-03-10 22:39:14.792642+00:00', false, false, true) ON CONFLICT (id) DO NOTHING;
INSERT INTO public.eval_descriptions_junction (eval_id, descriptions_id, created_at, generated, mcp, active) VALUES ('019c4e7a-47a2-7896-9f5a-5f57ee554660', '019cd9e7-8520-7e50-8a33-bcfbbd373987', '2026-03-10 22:39:14.798827+00:00', false, false, true) ON CONFLICT (id) DO NOTHING;
INSERT INTO public.eval_descriptions_junction (eval_id, descriptions_id, created_at, generated, mcp, active) VALUES ('019c4e7a-479e-7b43-8b0d-556438b63229', '019cd9e7-8523-7db2-aa62-f62e041ec77f', '2026-03-10 22:39:14.803197+00:00', false, false, true) ON CONFLICT (id) DO NOTHING;
INSERT INTO public.eval_descriptions_junction (eval_id, descriptions_id, created_at, generated, mcp, active) VALUES ('cc000004-0000-0000-0000-000000000004', '019cd9e7-8526-7a7d-8c5d-463b366823c8', '2026-03-10 22:39:14.807499+00:00', false, false, true) ON CONFLICT (id) DO NOTHING;
INSERT INTO public.eval_descriptions_junction (eval_id, descriptions_id, created_at, generated, mcp, active) VALUES ('019c4e7a-47a6-7955-bfd8-48ef668e5e2b', '019cd9e7-8529-76b7-82f9-80042a704c29', '2026-03-10 22:39:14.811770+00:00', false, false, true) ON CONFLICT (id) DO NOTHING;
INSERT INTO public.eval_descriptions_junction (eval_id, descriptions_id, created_at, generated, mcp, active) VALUES ('019c4e7a-47a1-718c-accd-d11772098c08', '019cd9e7-852c-73e1-bfe3-efe8b24d22af', '2026-03-10 22:39:14.816405+00:00', false, false, true) ON CONFLICT (id) DO NOTHING;
INSERT INTO public.eval_descriptions_junction (eval_id, descriptions_id, created_at, generated, mcp, active) VALUES ('019c4e7a-47a0-75f7-99dd-154cf20c98a2', '019cd9e7-852e-7e69-beca-3cac4505cb0d', '2026-03-10 22:39:14.820715+00:00', false, false, true) ON CONFLICT (id) DO NOTHING;
INSERT INTO public.eval_descriptions_junction (eval_id, descriptions_id, created_at, generated, mcp, active) VALUES ('019c4e7a-479b-7da3-8534-d832cfa860ae', '019cd9e7-8531-7ae7-a859-01a38f17e74b', '2026-03-10 22:39:14.825021+00:00', false, false, true) ON CONFLICT (id) DO NOTHING;
INSERT INTO public.eval_descriptions_junction (eval_id, descriptions_id, created_at, generated, mcp, active) VALUES ('019c4e7a-47a7-7553-8b10-6eb4663b8f4c', '019cd9e7-8534-7818-b2bc-de14cca3909d', '2026-03-10 22:39:14.829424+00:00', false, false, true) ON CONFLICT (id) DO NOTHING;
INSERT INTO public.eval_descriptions_junction (eval_id, descriptions_id, created_at, generated, mcp, active) VALUES ('019c4e7a-47a8-7e85-b75d-f4b48ab2ee19', '019cd9e7-8537-7576-8879-d100f3806a35', '2026-03-10 22:39:14.833727+00:00', false, false, true) ON CONFLICT (id) DO NOTHING;
INSERT INTO public.eval_descriptions_junction (eval_id, descriptions_id, created_at, generated, mcp, active) VALUES ('019c4e7a-47a8-7275-93eb-681f5cf002bb', '019cd9e7-853a-7076-8f0f-94684bbafb8e', '2026-03-10 22:39:14.837919+00:00', false, false, true) ON CONFLICT (id) DO NOTHING;
INSERT INTO public.eval_descriptions_junction (eval_id, descriptions_id, created_at, generated, mcp, active) VALUES ('019c4e7a-47a3-76e1-bfa9-b402c7625143', '019cd9e7-853c-7d83-ab86-bd154c0e63a3', '2026-03-10 22:39:14.842115+00:00', false, false, true) ON CONFLICT (id) DO NOTHING;
INSERT INTO public.eval_descriptions_junction (eval_id, descriptions_id, created_at, generated, mcp, active) VALUES ('019c4e7a-479d-7a2b-9b03-a8c46af98ae0', '019cd9e7-853f-7ade-b0c7-3ca010aab888', '2026-03-10 22:39:14.846857+00:00', false, false, true) ON CONFLICT (id) DO NOTHING;
INSERT INTO public.eval_descriptions_junction (eval_id, descriptions_id, created_at, generated, mcp, active) VALUES ('019c4e7a-47a5-716a-a626-9112bdb22e12', '019cd9e7-8542-763f-8514-45ed9d3083e3', '2026-03-10 22:39:14.850946+00:00', false, false, true) ON CONFLICT (id) DO NOTHING;
INSERT INTO public.eval_descriptions_junction (eval_id, descriptions_id, created_at, generated, mcp, active) VALUES ('019c4e7a-479f-7abc-b3ea-61e82a842163', '019cd9e7-8545-7538-a436-78e88ea0bccd', '2026-03-10 22:39:14.855129+00:00', false, false, true) ON CONFLICT (id) DO NOTHING;
INSERT INTO public.eval_descriptions_junction (eval_id, descriptions_id, created_at, generated, mcp, active) VALUES ('019c4e7a-4794-739c-8361-b0401227847c', '019cd9e7-8549-7dd3-94ca-d94734797ae4', '2026-03-10 22:39:14.859543+00:00', false, false, true) ON CONFLICT (id) DO NOTHING;
INSERT INTO public.eval_descriptions_junction (eval_id, descriptions_id, created_at, generated, mcp, active) VALUES ('019c4e7a-479c-7c3d-bd8e-44daa22da6bc', '019cd9e7-854d-76b8-b712-95c795a5cfdd', '2026-03-10 22:39:14.863957+00:00', false, false, true) ON CONFLICT (id) DO NOTHING;
INSERT INTO public.eval_descriptions_junction (eval_id, descriptions_id, created_at, generated, mcp, active) VALUES ('019c4e7a-479a-7a20-9aab-060d29dfbe69', '019cd9e7-8550-79dc-a75e-146b19ad4b82', '2026-03-10 22:39:14.868015+00:00', false, false, true) ON CONFLICT (id) DO NOTHING;
INSERT INTO public.eval_descriptions_junction (eval_id, descriptions_id, created_at, generated, mcp, active) VALUES ('019c4e7a-47a1-7cd1-964f-ed3f1d0d56a6', '019cd9e7-8553-79e7-9e1b-e55e3119bab7', '2026-03-10 22:39:14.872077+00:00', false, false, true) ON CONFLICT (id) DO NOTHING;
INSERT INTO public.eval_descriptions_junction (eval_id, descriptions_id, created_at, generated, mcp, active) VALUES ('019c4e7a-47a5-7d9f-9919-7e441e32a162', '019cd9e7-8556-7815-a7c1-a36632271934', '2026-03-10 22:39:14.876247+00:00', false, false, true) ON CONFLICT (id) DO NOTHING;
INSERT INTO public.eval_descriptions_junction (eval_id, descriptions_id, created_at, generated, mcp, active) VALUES ('019c4e7a-47a4-7552-970e-bddea1ef0176', '019cd9e7-8559-773c-8e69-e8f58a45c066', '2026-03-10 22:39:14.880010+00:00', false, false, true) ON CONFLICT (id) DO NOTHING;
INSERT INTO public.eval_descriptions_junction (eval_id, descriptions_id, created_at, generated, mcp, active) VALUES ('cc000003-0000-0000-0000-000000000003', '019cd9e7-855c-777c-be5e-35dbd3bec788', '2026-03-10 22:39:14.884046+00:00', false, false, true) ON CONFLICT (id) DO NOTHING;

-- eval_evals_junction
INSERT INTO public.eval_evals_junction (eval_id, evals_id, active, created_at, generated, mcp) VALUES ('dd000051-0001-0000-0000-000000000001', 'dd000051-0001-0000-0000-000000000001', true, '2026-03-10 22:39:14.785553+00:00', false, false) ON CONFLICT (id) DO NOTHING;
INSERT INTO public.eval_evals_junction (eval_id, evals_id, active, created_at, generated, mcp) VALUES ('dd000051-0002-0000-0000-000000000001', 'dd000051-0002-0000-0000-000000000001', true, '2026-03-10 22:39:14.792642+00:00', false, false) ON CONFLICT (id) DO NOTHING;
INSERT INTO public.eval_evals_junction (eval_id, evals_id, active, created_at, generated, mcp) VALUES ('019c4e7a-47a2-7896-9f5a-5f57ee554660', '019c4e7a-47a2-7896-9f5a-5f57ee554660', true, '2026-03-10 22:39:14.798827+00:00', false, false) ON CONFLICT (id) DO NOTHING;
INSERT INTO public.eval_evals_junction (eval_id, evals_id, active, created_at, generated, mcp) VALUES ('019c4e7a-479e-7b43-8b0d-556438b63229', '019c4e7a-479e-7b43-8b0d-556438b63229', true, '2026-03-10 22:39:14.803197+00:00', false, false) ON CONFLICT (id) DO NOTHING;
INSERT INTO public.eval_evals_junction (eval_id, evals_id, active, created_at, generated, mcp) VALUES ('cc000004-0000-0000-0000-000000000004', 'cc000004-0000-0000-0000-000000000004', true, '2026-03-10 22:39:14.807499+00:00', false, false) ON CONFLICT (id) DO NOTHING;
INSERT INTO public.eval_evals_junction (eval_id, evals_id, active, created_at, generated, mcp) VALUES ('019c4e7a-47a6-7955-bfd8-48ef668e5e2b', '019c4e7a-47a6-7955-bfd8-48ef668e5e2b', true, '2026-03-10 22:39:14.811770+00:00', false, false) ON CONFLICT (id) DO NOTHING;
INSERT INTO public.eval_evals_junction (eval_id, evals_id, active, created_at, generated, mcp) VALUES ('019c4e7a-47a1-718c-accd-d11772098c08', '019c4e7a-47a1-718c-accd-d11772098c08', true, '2026-03-10 22:39:14.816405+00:00', false, false) ON CONFLICT (id) DO NOTHING;
INSERT INTO public.eval_evals_junction (eval_id, evals_id, active, created_at, generated, mcp) VALUES ('019c4e7a-47a0-75f7-99dd-154cf20c98a2', '019c4e7a-47a0-75f7-99dd-154cf20c98a2', true, '2026-03-10 22:39:14.820715+00:00', false, false) ON CONFLICT (id) DO NOTHING;
INSERT INTO public.eval_evals_junction (eval_id, evals_id, active, created_at, generated, mcp) VALUES ('019c4e7a-479b-7da3-8534-d832cfa860ae', '019c4e7a-479b-7da3-8534-d832cfa860ae', true, '2026-03-10 22:39:14.825021+00:00', false, false) ON CONFLICT (id) DO NOTHING;
INSERT INTO public.eval_evals_junction (eval_id, evals_id, active, created_at, generated, mcp) VALUES ('019c4e7a-47a7-7553-8b10-6eb4663b8f4c', '019c4e7a-47a7-7553-8b10-6eb4663b8f4c', true, '2026-03-10 22:39:14.829424+00:00', false, false) ON CONFLICT (id) DO NOTHING;
INSERT INTO public.eval_evals_junction (eval_id, evals_id, active, created_at, generated, mcp) VALUES ('019c4e7a-47a8-7e85-b75d-f4b48ab2ee19', '019c4e7a-47a8-7e85-b75d-f4b48ab2ee19', true, '2026-03-10 22:39:14.833727+00:00', false, false) ON CONFLICT (id) DO NOTHING;
INSERT INTO public.eval_evals_junction (eval_id, evals_id, active, created_at, generated, mcp) VALUES ('019c4e7a-47a8-7275-93eb-681f5cf002bb', '019c4e7a-47a8-7275-93eb-681f5cf002bb', true, '2026-03-10 22:39:14.837919+00:00', false, false) ON CONFLICT (id) DO NOTHING;
INSERT INTO public.eval_evals_junction (eval_id, evals_id, active, created_at, generated, mcp) VALUES ('019c4e7a-47a3-76e1-bfa9-b402c7625143', '019c4e7a-47a3-76e1-bfa9-b402c7625143', true, '2026-03-10 22:39:14.842115+00:00', false, false) ON CONFLICT (id) DO NOTHING;
INSERT INTO public.eval_evals_junction (eval_id, evals_id, active, created_at, generated, mcp) VALUES ('019c4e7a-479d-7a2b-9b03-a8c46af98ae0', '019c4e7a-479d-7a2b-9b03-a8c46af98ae0', true, '2026-03-10 22:39:14.846857+00:00', false, false) ON CONFLICT (id) DO NOTHING;
INSERT INTO public.eval_evals_junction (eval_id, evals_id, active, created_at, generated, mcp) VALUES ('019c4e7a-47a5-716a-a626-9112bdb22e12', '019c4e7a-47a5-716a-a626-9112bdb22e12', true, '2026-03-10 22:39:14.850946+00:00', false, false) ON CONFLICT (id) DO NOTHING;
INSERT INTO public.eval_evals_junction (eval_id, evals_id, active, created_at, generated, mcp) VALUES ('019c4e7a-479f-7abc-b3ea-61e82a842163', '019c4e7a-479f-7abc-b3ea-61e82a842163', true, '2026-03-10 22:39:14.855129+00:00', false, false) ON CONFLICT (id) DO NOTHING;
INSERT INTO public.eval_evals_junction (eval_id, evals_id, active, created_at, generated, mcp) VALUES ('019c4e7a-4794-739c-8361-b0401227847c', '019c4e7a-4794-739c-8361-b0401227847c', true, '2026-03-10 22:39:14.859543+00:00', false, false) ON CONFLICT (id) DO NOTHING;
INSERT INTO public.eval_evals_junction (eval_id, evals_id, active, created_at, generated, mcp) VALUES ('019c4e7a-479c-7c3d-bd8e-44daa22da6bc', '019c4e7a-479c-7c3d-bd8e-44daa22da6bc', true, '2026-03-10 22:39:14.863957+00:00', false, false) ON CONFLICT (id) DO NOTHING;
INSERT INTO public.eval_evals_junction (eval_id, evals_id, active, created_at, generated, mcp) VALUES ('019c4e7a-479a-7a20-9aab-060d29dfbe69', '019c4e7a-479a-7a20-9aab-060d29dfbe69', true, '2026-03-10 22:39:14.868015+00:00', false, false) ON CONFLICT (id) DO NOTHING;
INSERT INTO public.eval_evals_junction (eval_id, evals_id, active, created_at, generated, mcp) VALUES ('019c4e7a-47a1-7cd1-964f-ed3f1d0d56a6', '019c4e7a-47a1-7cd1-964f-ed3f1d0d56a6', true, '2026-03-10 22:39:14.872077+00:00', false, false) ON CONFLICT (id) DO NOTHING;
INSERT INTO public.eval_evals_junction (eval_id, evals_id, active, created_at, generated, mcp) VALUES ('019c4e7a-47a5-7d9f-9919-7e441e32a162', '019c4e7a-47a5-7d9f-9919-7e441e32a162', true, '2026-03-10 22:39:14.876247+00:00', false, false) ON CONFLICT (id) DO NOTHING;
INSERT INTO public.eval_evals_junction (eval_id, evals_id, active, created_at, generated, mcp) VALUES ('019c4e7a-47a4-7552-970e-bddea1ef0176', '019c4e7a-47a4-7552-970e-bddea1ef0176', true, '2026-03-10 22:39:14.880010+00:00', false, false) ON CONFLICT (id) DO NOTHING;
INSERT INTO public.eval_evals_junction (eval_id, evals_id, active, created_at, generated, mcp) VALUES ('cc000003-0000-0000-0000-000000000003', 'cc000003-0000-0000-0000-000000000003', true, '2026-03-10 22:39:14.884046+00:00', false, false) ON CONFLICT (id) DO NOTHING;

-- eval_flags_junction
INSERT INTO public.eval_flags_junction (eval_id, flags_id, created_at, generated, mcp, active) VALUES ('dd000051-0001-0000-0000-000000000001', '019b995a-86ef-789f-94fa-2bd3e0707baa', '2026-03-10 22:39:14.785553+00:00', false, false, true) ON CONFLICT (id) DO NOTHING;
INSERT INTO public.eval_flags_junction (eval_id, flags_id, created_at, generated, mcp, active) VALUES ('dd000051-0001-0000-0000-000000000001', '019b995a-86ef-7879-89ed-3eadac3e0b84', '2026-03-10 22:39:14.785553+00:00', false, false, true) ON CONFLICT (id) DO NOTHING;
INSERT INTO public.eval_flags_junction (eval_id, flags_id, created_at, generated, mcp, active) VALUES ('dd000051-0001-0000-0000-000000000001', '019be334-bfc4-7c9d-b9f9-19eb0fc849ec', '2026-03-10 22:39:14.785553+00:00', false, false, true) ON CONFLICT (id) DO NOTHING;
INSERT INTO public.eval_flags_junction (eval_id, flags_id, created_at, generated, mcp, active) VALUES ('dd000051-0002-0000-0000-000000000001', '019b995a-86ef-789f-94fa-2bd3e0707baa', '2026-03-10 22:39:14.792642+00:00', false, false, true) ON CONFLICT (id) DO NOTHING;
INSERT INTO public.eval_flags_junction (eval_id, flags_id, created_at, generated, mcp, active) VALUES ('dd000051-0002-0000-0000-000000000001', '019b995a-86ef-7879-89ed-3eadac3e0b84', '2026-03-10 22:39:14.792642+00:00', false, false, true) ON CONFLICT (id) DO NOTHING;
INSERT INTO public.eval_flags_junction (eval_id, flags_id, created_at, generated, mcp, active) VALUES ('dd000051-0002-0000-0000-000000000001', '019be334-bfc4-7c9d-b9f9-19eb0fc849ec', '2026-03-10 22:39:14.792642+00:00', false, false, true) ON CONFLICT (id) DO NOTHING;
INSERT INTO public.eval_flags_junction (eval_id, flags_id, created_at, generated, mcp, active) VALUES ('019c4e7a-47a2-7896-9f5a-5f57ee554660', '019b995a-86ef-789f-94fa-2bd3e0707baa', '2026-03-10 22:39:14.798827+00:00', false, false, true) ON CONFLICT (id) DO NOTHING;
INSERT INTO public.eval_flags_junction (eval_id, flags_id, created_at, generated, mcp, active) VALUES ('019c4e7a-47a2-7896-9f5a-5f57ee554660', '019b995a-86ef-7879-89ed-3eadac3e0b84', '2026-03-10 22:39:14.798827+00:00', false, false, true) ON CONFLICT (id) DO NOTHING;
INSERT INTO public.eval_flags_junction (eval_id, flags_id, created_at, generated, mcp, active) VALUES ('019c4e7a-47a2-7896-9f5a-5f57ee554660', '019be334-bfc4-7c9d-b9f9-19eb0fc849ec', '2026-03-10 22:39:14.798827+00:00', false, false, true) ON CONFLICT (id) DO NOTHING;
INSERT INTO public.eval_flags_junction (eval_id, flags_id, created_at, generated, mcp, active) VALUES ('019c4e7a-479e-7b43-8b0d-556438b63229', '019b995a-86ef-789f-94fa-2bd3e0707baa', '2026-03-10 22:39:14.803197+00:00', false, false, true) ON CONFLICT (id) DO NOTHING;
INSERT INTO public.eval_flags_junction (eval_id, flags_id, created_at, generated, mcp, active) VALUES ('019c4e7a-479e-7b43-8b0d-556438b63229', '019b995a-86ef-7879-89ed-3eadac3e0b84', '2026-03-10 22:39:14.803197+00:00', false, false, true) ON CONFLICT (id) DO NOTHING;
INSERT INTO public.eval_flags_junction (eval_id, flags_id, created_at, generated, mcp, active) VALUES ('019c4e7a-479e-7b43-8b0d-556438b63229', '019be334-bfc4-7c9d-b9f9-19eb0fc849ec', '2026-03-10 22:39:14.803197+00:00', false, false, true) ON CONFLICT (id) DO NOTHING;
INSERT INTO public.eval_flags_junction (eval_id, flags_id, created_at, generated, mcp, active) VALUES ('cc000004-0000-0000-0000-000000000004', '019b995a-86ef-789f-94fa-2bd3e0707baa', '2026-03-10 22:39:14.807499+00:00', false, false, true) ON CONFLICT (id) DO NOTHING;
INSERT INTO public.eval_flags_junction (eval_id, flags_id, created_at, generated, mcp, active) VALUES ('cc000004-0000-0000-0000-000000000004', '019b995a-86ef-7879-89ed-3eadac3e0b84', '2026-03-10 22:39:14.807499+00:00', false, false, true) ON CONFLICT (id) DO NOTHING;
INSERT INTO public.eval_flags_junction (eval_id, flags_id, created_at, generated, mcp, active) VALUES ('cc000004-0000-0000-0000-000000000004', '019be334-bfc4-7c9d-b9f9-19eb0fc849ec', '2026-03-10 22:39:14.807499+00:00', false, false, true) ON CONFLICT (id) DO NOTHING;
INSERT INTO public.eval_flags_junction (eval_id, flags_id, created_at, generated, mcp, active) VALUES ('019c4e7a-47a6-7955-bfd8-48ef668e5e2b', '019b995a-86ef-789f-94fa-2bd3e0707baa', '2026-03-10 22:39:14.811770+00:00', false, false, true) ON CONFLICT (id) DO NOTHING;
INSERT INTO public.eval_flags_junction (eval_id, flags_id, created_at, generated, mcp, active) VALUES ('019c4e7a-47a6-7955-bfd8-48ef668e5e2b', '019b995a-86ef-7879-89ed-3eadac3e0b84', '2026-03-10 22:39:14.811770+00:00', false, false, true) ON CONFLICT (id) DO NOTHING;
INSERT INTO public.eval_flags_junction (eval_id, flags_id, created_at, generated, mcp, active) VALUES ('019c4e7a-47a6-7955-bfd8-48ef668e5e2b', '019be334-bfc4-7c9d-b9f9-19eb0fc849ec', '2026-03-10 22:39:14.811770+00:00', false, false, true) ON CONFLICT (id) DO NOTHING;
INSERT INTO public.eval_flags_junction (eval_id, flags_id, created_at, generated, mcp, active) VALUES ('019c4e7a-47a1-718c-accd-d11772098c08', '019b995a-86ef-789f-94fa-2bd3e0707baa', '2026-03-10 22:39:14.816405+00:00', false, false, true) ON CONFLICT (id) DO NOTHING;
INSERT INTO public.eval_flags_junction (eval_id, flags_id, created_at, generated, mcp, active) VALUES ('019c4e7a-47a1-718c-accd-d11772098c08', '019b995a-86ef-7879-89ed-3eadac3e0b84', '2026-03-10 22:39:14.816405+00:00', false, false, true) ON CONFLICT (id) DO NOTHING;
INSERT INTO public.eval_flags_junction (eval_id, flags_id, created_at, generated, mcp, active) VALUES ('019c4e7a-47a1-718c-accd-d11772098c08', '019be334-bfc4-7c9d-b9f9-19eb0fc849ec', '2026-03-10 22:39:14.816405+00:00', false, false, true) ON CONFLICT (id) DO NOTHING;
INSERT INTO public.eval_flags_junction (eval_id, flags_id, created_at, generated, mcp, active) VALUES ('019c4e7a-47a0-75f7-99dd-154cf20c98a2', '019b995a-86ef-789f-94fa-2bd3e0707baa', '2026-03-10 22:39:14.820715+00:00', false, false, true) ON CONFLICT (id) DO NOTHING;
INSERT INTO public.eval_flags_junction (eval_id, flags_id, created_at, generated, mcp, active) VALUES ('019c4e7a-47a0-75f7-99dd-154cf20c98a2', '019b995a-86ef-7879-89ed-3eadac3e0b84', '2026-03-10 22:39:14.820715+00:00', false, false, true) ON CONFLICT (id) DO NOTHING;
INSERT INTO public.eval_flags_junction (eval_id, flags_id, created_at, generated, mcp, active) VALUES ('019c4e7a-47a0-75f7-99dd-154cf20c98a2', '019be334-bfc4-7c9d-b9f9-19eb0fc849ec', '2026-03-10 22:39:14.820715+00:00', false, false, true) ON CONFLICT (id) DO NOTHING;
INSERT INTO public.eval_flags_junction (eval_id, flags_id, created_at, generated, mcp, active) VALUES ('019c4e7a-479b-7da3-8534-d832cfa860ae', '019b995a-86ef-789f-94fa-2bd3e0707baa', '2026-03-10 22:39:14.825021+00:00', false, false, true) ON CONFLICT (id) DO NOTHING;
INSERT INTO public.eval_flags_junction (eval_id, flags_id, created_at, generated, mcp, active) VALUES ('019c4e7a-479b-7da3-8534-d832cfa860ae', '019b995a-86ef-7879-89ed-3eadac3e0b84', '2026-03-10 22:39:14.825021+00:00', false, false, true) ON CONFLICT (id) DO NOTHING;
INSERT INTO public.eval_flags_junction (eval_id, flags_id, created_at, generated, mcp, active) VALUES ('019c4e7a-479b-7da3-8534-d832cfa860ae', '019be334-bfc4-7c9d-b9f9-19eb0fc849ec', '2026-03-10 22:39:14.825021+00:00', false, false, true) ON CONFLICT (id) DO NOTHING;
INSERT INTO public.eval_flags_junction (eval_id, flags_id, created_at, generated, mcp, active) VALUES ('019c4e7a-47a7-7553-8b10-6eb4663b8f4c', '019b995a-86ef-789f-94fa-2bd3e0707baa', '2026-03-10 22:39:14.829424+00:00', false, false, true) ON CONFLICT (id) DO NOTHING;
INSERT INTO public.eval_flags_junction (eval_id, flags_id, created_at, generated, mcp, active) VALUES ('019c4e7a-47a7-7553-8b10-6eb4663b8f4c', '019b995a-86ef-7879-89ed-3eadac3e0b84', '2026-03-10 22:39:14.829424+00:00', false, false, true) ON CONFLICT (id) DO NOTHING;
INSERT INTO public.eval_flags_junction (eval_id, flags_id, created_at, generated, mcp, active) VALUES ('019c4e7a-47a7-7553-8b10-6eb4663b8f4c', '019be334-bfc4-7c9d-b9f9-19eb0fc849ec', '2026-03-10 22:39:14.829424+00:00', false, false, true) ON CONFLICT (id) DO NOTHING;
INSERT INTO public.eval_flags_junction (eval_id, flags_id, created_at, generated, mcp, active) VALUES ('019c4e7a-47a8-7e85-b75d-f4b48ab2ee19', '019b995a-86ef-789f-94fa-2bd3e0707baa', '2026-03-10 22:39:14.833727+00:00', false, false, true) ON CONFLICT (id) DO NOTHING;
INSERT INTO public.eval_flags_junction (eval_id, flags_id, created_at, generated, mcp, active) VALUES ('019c4e7a-47a8-7e85-b75d-f4b48ab2ee19', '019b995a-86ef-7879-89ed-3eadac3e0b84', '2026-03-10 22:39:14.833727+00:00', false, false, true) ON CONFLICT (id) DO NOTHING;
INSERT INTO public.eval_flags_junction (eval_id, flags_id, created_at, generated, mcp, active) VALUES ('019c4e7a-47a8-7e85-b75d-f4b48ab2ee19', '019be334-bfc4-7c9d-b9f9-19eb0fc849ec', '2026-03-10 22:39:14.833727+00:00', false, false, true) ON CONFLICT (id) DO NOTHING;
INSERT INTO public.eval_flags_junction (eval_id, flags_id, created_at, generated, mcp, active) VALUES ('019c4e7a-47a8-7275-93eb-681f5cf002bb', '019b995a-86ef-789f-94fa-2bd3e0707baa', '2026-03-10 22:39:14.837919+00:00', false, false, true) ON CONFLICT (id) DO NOTHING;
INSERT INTO public.eval_flags_junction (eval_id, flags_id, created_at, generated, mcp, active) VALUES ('019c4e7a-47a8-7275-93eb-681f5cf002bb', '019b995a-86ef-7879-89ed-3eadac3e0b84', '2026-03-10 22:39:14.837919+00:00', false, false, true) ON CONFLICT (id) DO NOTHING;
INSERT INTO public.eval_flags_junction (eval_id, flags_id, created_at, generated, mcp, active) VALUES ('019c4e7a-47a8-7275-93eb-681f5cf002bb', '019be334-bfc4-7c9d-b9f9-19eb0fc849ec', '2026-03-10 22:39:14.837919+00:00', false, false, true) ON CONFLICT (id) DO NOTHING;
INSERT INTO public.eval_flags_junction (eval_id, flags_id, created_at, generated, mcp, active) VALUES ('019c4e7a-47a3-76e1-bfa9-b402c7625143', '019b995a-86ef-789f-94fa-2bd3e0707baa', '2026-03-10 22:39:14.842115+00:00', false, false, true) ON CONFLICT (id) DO NOTHING;
INSERT INTO public.eval_flags_junction (eval_id, flags_id, created_at, generated, mcp, active) VALUES ('019c4e7a-47a3-76e1-bfa9-b402c7625143', '019b995a-86ef-7879-89ed-3eadac3e0b84', '2026-03-10 22:39:14.842115+00:00', false, false, true) ON CONFLICT (id) DO NOTHING;
INSERT INTO public.eval_flags_junction (eval_id, flags_id, created_at, generated, mcp, active) VALUES ('019c4e7a-47a3-76e1-bfa9-b402c7625143', '019be334-bfc4-7c9d-b9f9-19eb0fc849ec', '2026-03-10 22:39:14.842115+00:00', false, false, true) ON CONFLICT (id) DO NOTHING;
INSERT INTO public.eval_flags_junction (eval_id, flags_id, created_at, generated, mcp, active) VALUES ('019c4e7a-479d-7a2b-9b03-a8c46af98ae0', '019b995a-86ef-789f-94fa-2bd3e0707baa', '2026-03-10 22:39:14.846857+00:00', false, false, true) ON CONFLICT (id) DO NOTHING;
INSERT INTO public.eval_flags_junction (eval_id, flags_id, created_at, generated, mcp, active) VALUES ('019c4e7a-479d-7a2b-9b03-a8c46af98ae0', '019b995a-86ef-7879-89ed-3eadac3e0b84', '2026-03-10 22:39:14.846857+00:00', false, false, true) ON CONFLICT (id) DO NOTHING;
INSERT INTO public.eval_flags_junction (eval_id, flags_id, created_at, generated, mcp, active) VALUES ('019c4e7a-479d-7a2b-9b03-a8c46af98ae0', '019be334-bfc4-7c9d-b9f9-19eb0fc849ec', '2026-03-10 22:39:14.846857+00:00', false, false, true) ON CONFLICT (id) DO NOTHING;
INSERT INTO public.eval_flags_junction (eval_id, flags_id, created_at, generated, mcp, active) VALUES ('019c4e7a-47a5-716a-a626-9112bdb22e12', '019b995a-86ef-789f-94fa-2bd3e0707baa', '2026-03-10 22:39:14.850946+00:00', false, false, true) ON CONFLICT (id) DO NOTHING;
INSERT INTO public.eval_flags_junction (eval_id, flags_id, created_at, generated, mcp, active) VALUES ('019c4e7a-47a5-716a-a626-9112bdb22e12', '019b995a-86ef-7879-89ed-3eadac3e0b84', '2026-03-10 22:39:14.850946+00:00', false, false, true) ON CONFLICT (id) DO NOTHING;
INSERT INTO public.eval_flags_junction (eval_id, flags_id, created_at, generated, mcp, active) VALUES ('019c4e7a-47a5-716a-a626-9112bdb22e12', '019be334-bfc4-7c9d-b9f9-19eb0fc849ec', '2026-03-10 22:39:14.850946+00:00', false, false, true) ON CONFLICT (id) DO NOTHING;
INSERT INTO public.eval_flags_junction (eval_id, flags_id, created_at, generated, mcp, active) VALUES ('019c4e7a-479f-7abc-b3ea-61e82a842163', '019b995a-86ef-789f-94fa-2bd3e0707baa', '2026-03-10 22:39:14.855129+00:00', false, false, true) ON CONFLICT (id) DO NOTHING;
INSERT INTO public.eval_flags_junction (eval_id, flags_id, created_at, generated, mcp, active) VALUES ('019c4e7a-479f-7abc-b3ea-61e82a842163', '019b995a-86ef-7879-89ed-3eadac3e0b84', '2026-03-10 22:39:14.855129+00:00', false, false, true) ON CONFLICT (id) DO NOTHING;
INSERT INTO public.eval_flags_junction (eval_id, flags_id, created_at, generated, mcp, active) VALUES ('019c4e7a-479f-7abc-b3ea-61e82a842163', '019be334-bfc4-7c9d-b9f9-19eb0fc849ec', '2026-03-10 22:39:14.855129+00:00', false, false, true) ON CONFLICT (id) DO NOTHING;
INSERT INTO public.eval_flags_junction (eval_id, flags_id, created_at, generated, mcp, active) VALUES ('019c4e7a-4794-739c-8361-b0401227847c', '019b995a-86ef-789f-94fa-2bd3e0707baa', '2026-03-10 22:39:14.859543+00:00', false, false, true) ON CONFLICT (id) DO NOTHING;
INSERT INTO public.eval_flags_junction (eval_id, flags_id, created_at, generated, mcp, active) VALUES ('019c4e7a-4794-739c-8361-b0401227847c', '019b995a-86ef-7879-89ed-3eadac3e0b84', '2026-03-10 22:39:14.859543+00:00', false, false, true) ON CONFLICT (id) DO NOTHING;
INSERT INTO public.eval_flags_junction (eval_id, flags_id, created_at, generated, mcp, active) VALUES ('019c4e7a-4794-739c-8361-b0401227847c', '019be334-bfc4-7c9d-b9f9-19eb0fc849ec', '2026-03-10 22:39:14.859543+00:00', false, false, true) ON CONFLICT (id) DO NOTHING;
INSERT INTO public.eval_flags_junction (eval_id, flags_id, created_at, generated, mcp, active) VALUES ('019c4e7a-479c-7c3d-bd8e-44daa22da6bc', '019b995a-86ef-789f-94fa-2bd3e0707baa', '2026-03-10 22:39:14.863957+00:00', false, false, true) ON CONFLICT (id) DO NOTHING;
INSERT INTO public.eval_flags_junction (eval_id, flags_id, created_at, generated, mcp, active) VALUES ('019c4e7a-479c-7c3d-bd8e-44daa22da6bc', '019b995a-86ef-7879-89ed-3eadac3e0b84', '2026-03-10 22:39:14.863957+00:00', false, false, true) ON CONFLICT (id) DO NOTHING;
INSERT INTO public.eval_flags_junction (eval_id, flags_id, created_at, generated, mcp, active) VALUES ('019c4e7a-479c-7c3d-bd8e-44daa22da6bc', '019be334-bfc4-7c9d-b9f9-19eb0fc849ec', '2026-03-10 22:39:14.863957+00:00', false, false, true) ON CONFLICT (id) DO NOTHING;
INSERT INTO public.eval_flags_junction (eval_id, flags_id, created_at, generated, mcp, active) VALUES ('019c4e7a-479a-7a20-9aab-060d29dfbe69', '019b995a-86ef-789f-94fa-2bd3e0707baa', '2026-03-10 22:39:14.868015+00:00', false, false, true) ON CONFLICT (id) DO NOTHING;
INSERT INTO public.eval_flags_junction (eval_id, flags_id, created_at, generated, mcp, active) VALUES ('019c4e7a-479a-7a20-9aab-060d29dfbe69', '019b995a-86ef-7879-89ed-3eadac3e0b84', '2026-03-10 22:39:14.868015+00:00', false, false, true) ON CONFLICT (id) DO NOTHING;
INSERT INTO public.eval_flags_junction (eval_id, flags_id, created_at, generated, mcp, active) VALUES ('019c4e7a-479a-7a20-9aab-060d29dfbe69', '019be334-bfc4-7c9d-b9f9-19eb0fc849ec', '2026-03-10 22:39:14.868015+00:00', false, false, true) ON CONFLICT (id) DO NOTHING;
INSERT INTO public.eval_flags_junction (eval_id, flags_id, created_at, generated, mcp, active) VALUES ('019c4e7a-47a1-7cd1-964f-ed3f1d0d56a6', '019b995a-86ef-789f-94fa-2bd3e0707baa', '2026-03-10 22:39:14.872077+00:00', false, false, true) ON CONFLICT (id) DO NOTHING;
INSERT INTO public.eval_flags_junction (eval_id, flags_id, created_at, generated, mcp, active) VALUES ('019c4e7a-47a1-7cd1-964f-ed3f1d0d56a6', '019b995a-86ef-7879-89ed-3eadac3e0b84', '2026-03-10 22:39:14.872077+00:00', false, false, true) ON CONFLICT (id) DO NOTHING;
INSERT INTO public.eval_flags_junction (eval_id, flags_id, created_at, generated, mcp, active) VALUES ('019c4e7a-47a1-7cd1-964f-ed3f1d0d56a6', '019be334-bfc4-7c9d-b9f9-19eb0fc849ec', '2026-03-10 22:39:14.872077+00:00', false, false, true) ON CONFLICT (id) DO NOTHING;
INSERT INTO public.eval_flags_junction (eval_id, flags_id, created_at, generated, mcp, active) VALUES ('019c4e7a-47a5-7d9f-9919-7e441e32a162', '019b995a-86ef-789f-94fa-2bd3e0707baa', '2026-03-10 22:39:14.876247+00:00', false, false, true) ON CONFLICT (id) DO NOTHING;
INSERT INTO public.eval_flags_junction (eval_id, flags_id, created_at, generated, mcp, active) VALUES ('019c4e7a-47a5-7d9f-9919-7e441e32a162', '019b995a-86ef-7879-89ed-3eadac3e0b84', '2026-03-10 22:39:14.876247+00:00', false, false, true) ON CONFLICT (id) DO NOTHING;
INSERT INTO public.eval_flags_junction (eval_id, flags_id, created_at, generated, mcp, active) VALUES ('019c4e7a-47a5-7d9f-9919-7e441e32a162', '019be334-bfc4-7c9d-b9f9-19eb0fc849ec', '2026-03-10 22:39:14.876247+00:00', false, false, true) ON CONFLICT (id) DO NOTHING;
INSERT INTO public.eval_flags_junction (eval_id, flags_id, created_at, generated, mcp, active) VALUES ('019c4e7a-47a4-7552-970e-bddea1ef0176', '019b995a-86ef-789f-94fa-2bd3e0707baa', '2026-03-10 22:39:14.880010+00:00', false, false, true) ON CONFLICT (id) DO NOTHING;
INSERT INTO public.eval_flags_junction (eval_id, flags_id, created_at, generated, mcp, active) VALUES ('019c4e7a-47a4-7552-970e-bddea1ef0176', '019b995a-86ef-7879-89ed-3eadac3e0b84', '2026-03-10 22:39:14.880010+00:00', false, false, true) ON CONFLICT (id) DO NOTHING;
INSERT INTO public.eval_flags_junction (eval_id, flags_id, created_at, generated, mcp, active) VALUES ('019c4e7a-47a4-7552-970e-bddea1ef0176', '019be334-bfc4-7c9d-b9f9-19eb0fc849ec', '2026-03-10 22:39:14.880010+00:00', false, false, true) ON CONFLICT (id) DO NOTHING;
INSERT INTO public.eval_flags_junction (eval_id, flags_id, created_at, generated, mcp, active) VALUES ('cc000003-0000-0000-0000-000000000003', '019b995a-86ef-789f-94fa-2bd3e0707baa', '2026-03-10 22:39:14.884046+00:00', false, false, true) ON CONFLICT (id) DO NOTHING;
INSERT INTO public.eval_flags_junction (eval_id, flags_id, created_at, generated, mcp, active) VALUES ('cc000003-0000-0000-0000-000000000003', '019b995a-86ef-7879-89ed-3eadac3e0b84', '2026-03-10 22:39:14.884046+00:00', false, false, true) ON CONFLICT (id) DO NOTHING;
INSERT INTO public.eval_flags_junction (eval_id, flags_id, created_at, generated, mcp, active) VALUES ('cc000003-0000-0000-0000-000000000003', '019be334-bfc4-7c9d-b9f9-19eb0fc849ec', '2026-03-10 22:39:14.884046+00:00', false, false, true) ON CONFLICT (id) DO NOTHING;

-- eval_names_junction
INSERT INTO public.eval_names_junction (eval_id, names_id, created_at, generated, mcp, active) VALUES ('dd000051-0001-0000-0000-000000000001', '019cd9e7-8519-730f-b458-daf91a7cad6d', '2026-03-10 22:39:14.785553+00:00', false, false, true) ON CONFLICT (id) DO NOTHING;
INSERT INTO public.eval_names_junction (eval_id, names_id, created_at, generated, mcp, active) VALUES ('dd000051-0002-0000-0000-000000000001', '019cd9e7-851c-77b3-b580-1ec3d165b452', '2026-03-10 22:39:14.792642+00:00', false, false, true) ON CONFLICT (id) DO NOTHING;
INSERT INTO public.eval_names_junction (eval_id, names_id, created_at, generated, mcp, active) VALUES ('019c4e7a-47a2-7896-9f5a-5f57ee554660', '019cd9e7-851f-7725-939d-f798c9db4fba', '2026-03-10 22:39:14.798827+00:00', false, false, true) ON CONFLICT (id) DO NOTHING;
INSERT INTO public.eval_names_junction (eval_id, names_id, created_at, generated, mcp, active) VALUES ('019c4e7a-479e-7b43-8b0d-556438b63229', '019cd9e7-8522-759f-a1b8-fd36d18798d7', '2026-03-10 22:39:14.803197+00:00', false, false, true) ON CONFLICT (id) DO NOTHING;
INSERT INTO public.eval_names_junction (eval_id, names_id, created_at, generated, mcp, active) VALUES ('cc000004-0000-0000-0000-000000000004', '019cd9e7-8525-749c-b5ac-a73eb3b10f8d', '2026-03-10 22:39:14.807499+00:00', false, false, true) ON CONFLICT (id) DO NOTHING;
INSERT INTO public.eval_names_junction (eval_id, names_id, created_at, generated, mcp, active) VALUES ('019c4e7a-47a6-7955-bfd8-48ef668e5e2b', '019cd9e7-8527-7fcd-9d77-5bb6e75530ba', '2026-03-10 22:39:14.811770+00:00', false, false, true) ON CONFLICT (id) DO NOTHING;
INSERT INTO public.eval_names_junction (eval_id, names_id, created_at, generated, mcp, active) VALUES ('019c4e7a-47a1-718c-accd-d11772098c08', '019cd9e7-852a-7e54-9d6c-b0d9e5ae21d6', '2026-03-10 22:39:14.816405+00:00', false, false, true) ON CONFLICT (id) DO NOTHING;
INSERT INTO public.eval_names_junction (eval_id, names_id, created_at, generated, mcp, active) VALUES ('019c4e7a-47a0-75f7-99dd-154cf20c98a2', '019cd9e7-852d-791a-9f4e-e65bfad48484', '2026-03-10 22:39:14.820715+00:00', false, false, true) ON CONFLICT (id) DO NOTHING;
INSERT INTO public.eval_names_junction (eval_id, names_id, created_at, generated, mcp, active) VALUES ('019c4e7a-479b-7da3-8534-d832cfa860ae', '019cd9e7-8530-73dd-b007-71596546d922', '2026-03-10 22:39:14.825021+00:00', false, false, true) ON CONFLICT (id) DO NOTHING;
INSERT INTO public.eval_names_junction (eval_id, names_id, created_at, generated, mcp, active) VALUES ('019c4e7a-47a7-7553-8b10-6eb4663b8f4c', '019cd9e7-8533-71f2-93ab-6b5198913648', '2026-03-10 22:39:14.829424+00:00', false, false, true) ON CONFLICT (id) DO NOTHING;
INSERT INTO public.eval_names_junction (eval_id, names_id, created_at, generated, mcp, active) VALUES ('019c4e7a-47a8-7e85-b75d-f4b48ab2ee19', '019cd9e7-8535-7ed7-b848-737d272dd4cf', '2026-03-10 22:39:14.833727+00:00', false, false, true) ON CONFLICT (id) DO NOTHING;
INSERT INTO public.eval_names_junction (eval_id, names_id, created_at, generated, mcp, active) VALUES ('019c4e7a-47a8-7275-93eb-681f5cf002bb', '019cd9e7-8538-7b8d-85cf-5ecfc4255b02', '2026-03-10 22:39:14.837919+00:00', false, false, true) ON CONFLICT (id) DO NOTHING;
INSERT INTO public.eval_names_junction (eval_id, names_id, created_at, generated, mcp, active) VALUES ('019c4e7a-47a3-76e1-bfa9-b402c7625143', '019cd9e7-853b-767f-bfc3-f0edb3380979', '2026-03-10 22:39:14.842115+00:00', false, false, true) ON CONFLICT (id) DO NOTHING;
INSERT INTO public.eval_names_junction (eval_id, names_id, created_at, generated, mcp, active) VALUES ('019c4e7a-479d-7a2b-9b03-a8c46af98ae0', '019cd9e7-853e-7396-b160-f4ee57cf9796', '2026-03-10 22:39:14.846857+00:00', false, false, true) ON CONFLICT (id) DO NOTHING;
INSERT INTO public.eval_names_junction (eval_id, names_id, created_at, generated, mcp, active) VALUES ('019c4e7a-47a5-716a-a626-9112bdb22e12', '019cd9e7-8541-708e-b6e0-bfe332f44122', '2026-03-10 22:39:14.850946+00:00', false, false, true) ON CONFLICT (id) DO NOTHING;
INSERT INTO public.eval_names_junction (eval_id, names_id, created_at, generated, mcp, active) VALUES ('019c4e7a-479f-7abc-b3ea-61e82a842163', '019cd9e7-8543-7b29-ab99-a00009dd17cf', '2026-03-10 22:39:14.855129+00:00', false, false, true) ON CONFLICT (id) DO NOTHING;
INSERT INTO public.eval_names_junction (eval_id, names_id, created_at, generated, mcp, active) VALUES ('019c4e7a-4794-739c-8361-b0401227847c', '019cd9e7-8547-7be0-bc65-6e99721f7484', '2026-03-10 22:39:14.859543+00:00', false, false, true) ON CONFLICT (id) DO NOTHING;
INSERT INTO public.eval_names_junction (eval_id, names_id, created_at, generated, mcp, active) VALUES ('019c4e7a-479c-7c3d-bd8e-44daa22da6bc', '019cd9e7-854b-7b3e-bc83-e4800606666f', '2026-03-10 22:39:14.863957+00:00', false, false, true) ON CONFLICT (id) DO NOTHING;
INSERT INTO public.eval_names_junction (eval_id, names_id, created_at, generated, mcp, active) VALUES ('019c4e7a-479a-7a20-9aab-060d29dfbe69', '019cd9e7-854f-7165-b612-2563c7bccd31', '2026-03-10 22:39:14.868015+00:00', false, false, true) ON CONFLICT (id) DO NOTHING;
INSERT INTO public.eval_names_junction (eval_id, names_id, created_at, generated, mcp, active) VALUES ('019c4e7a-47a1-7cd1-964f-ed3f1d0d56a6', '019cd9e7-8552-71d1-b453-f86a1e7927de', '2026-03-10 22:39:14.872077+00:00', false, false, true) ON CONFLICT (id) DO NOTHING;
INSERT INTO public.eval_names_junction (eval_id, names_id, created_at, generated, mcp, active) VALUES ('019c4e7a-47a5-7d9f-9919-7e441e32a162', '019cd9e7-8555-71f9-b6d0-78a6c5301725', '2026-03-10 22:39:14.876247+00:00', false, false, true) ON CONFLICT (id) DO NOTHING;
INSERT INTO public.eval_names_junction (eval_id, names_id, created_at, generated, mcp, active) VALUES ('019c4e7a-47a4-7552-970e-bddea1ef0176', '019cd9e7-8557-7edb-833d-8315b9188796', '2026-03-10 22:39:14.880010+00:00', false, false, true) ON CONFLICT (id) DO NOTHING;
INSERT INTO public.eval_names_junction (eval_id, names_id, created_at, generated, mcp, active) VALUES ('cc000003-0000-0000-0000-000000000003', '019cd9e7-855a-7f36-9efc-485008c51515', '2026-03-10 22:39:14.884046+00:00', false, false, true) ON CONFLICT (id) DO NOTHING;

-- evals_resource
INSERT INTO public.evals_resource (created_at, active, generated, mcp, id, name, description, department_ids, model_ids, model_rubric_ids, model_flag_ids, model_position_ids) VALUES ('2026-03-10 22:39:14.782991+00:00', true, false, false, 'dd000051-0001-0000-0000-000000000001', 'Run Evaluation', 'Evaluates individual runs from the demo attempt.', '{}', '{}', '{}', '{}', '{}') ON CONFLICT (id) DO NOTHING;
INSERT INTO public.evals_resource (created_at, active, generated, mcp, id, name, description, department_ids, model_ids, model_rubric_ids, model_flag_ids, model_position_ids) VALUES ('2026-03-10 22:39:14.789921+00:00', true, false, false, 'dd000051-0002-0000-0000-000000000001', 'Group Evaluation', 'Evaluates the chat group from the demo attempt.', '{}', '{}', '{}', '{}', '{}') ON CONFLICT (id) DO NOTHING;
INSERT INTO public.evals_resource (created_at, active, generated, mcp, id, name, description, department_ids, model_ids, model_rubric_ids, model_flag_ids, model_position_ids) VALUES ('2026-03-10 22:39:14.796941+00:00', true, false, false, '019c4e7a-47a2-7896-9f5a-5f57ee554660', 'Agent Agent Evaluation', 'Evaluation of agent agent performance', '{}', '{}', '{}', '{}', '{}') ON CONFLICT (id) DO NOTHING;
INSERT INTO public.evals_resource (created_at, active, generated, mcp, id, name, description, department_ids, model_ids, model_rubric_ids, model_flag_ids, model_position_ids) VALUES ('2026-03-10 22:39:14.801353+00:00', true, false, false, '019c4e7a-479e-7b43-8b0d-556438b63229', 'Auth Agent Evaluation', 'Evaluation of auth agent performance', '{}', '{}', '{}', '{}', '{}') ON CONFLICT (id) DO NOTHING;
INSERT INTO public.evals_resource (created_at, active, generated, mcp, id, name, description, department_ids, model_ids, model_rubric_ids, model_flag_ids, model_position_ids) VALUES ('2026-03-10 22:39:14.805646+00:00', true, false, false, 'cc000004-0000-0000-0000-000000000004', 'Benchmark Agent Evaluation', 'Evaluation of benchmark agent performance', '{}', '{}', '{}', '{}', '{}') ON CONFLICT (id) DO NOTHING;
INSERT INTO public.evals_resource (created_at, active, generated, mcp, id, name, description, department_ids, model_ids, model_rubric_ids, model_flag_ids, model_position_ids) VALUES ('2026-03-10 22:39:14.809858+00:00', true, false, false, '019c4e7a-47a6-7955-bfd8-48ef668e5e2b', 'Chat Agent Agent Evaluation', 'Evaluation of chat agent agent performance', '{}', '{}', '{}', '{}', '{}') ON CONFLICT (id) DO NOTHING;
INSERT INTO public.evals_resource (created_at, active, generated, mcp, id, name, description, department_ids, model_ids, model_rubric_ids, model_flag_ids, model_position_ids) VALUES ('2026-03-10 22:39:14.814434+00:00', true, false, false, '019c4e7a-47a1-718c-accd-d11772098c08', 'Cohort Agent Evaluation', 'Evaluation of cohort agent performance', '{}', '{}', '{}', '{}', '{}') ON CONFLICT (id) DO NOTHING;
INSERT INTO public.evals_resource (created_at, active, generated, mcp, id, name, description, department_ids, model_ids, model_rubric_ids, model_flag_ids, model_position_ids) VALUES ('2026-03-10 22:39:14.818915+00:00', true, false, false, '019c4e7a-47a0-75f7-99dd-154cf20c98a2', 'Department Agent Evaluation', 'Evaluation of department agent performance', '{}', '{}', '{}', '{}', '{}') ON CONFLICT (id) DO NOTHING;
INSERT INTO public.evals_resource (created_at, active, generated, mcp, id, name, description, department_ids, model_ids, model_rubric_ids, model_flag_ids, model_position_ids) VALUES ('2026-03-10 22:39:14.823068+00:00', true, false, false, '019c4e7a-479b-7da3-8534-d832cfa860ae', 'Document Agent Evaluation', 'Evaluation of document agent performance', '{}', '{}', '{}', '{}', '{}') ON CONFLICT (id) DO NOTHING;
INSERT INTO public.evals_resource (created_at, active, generated, mcp, id, name, description, department_ids, model_ids, model_rubric_ids, model_flag_ids, model_position_ids) VALUES ('2026-03-10 22:39:14.827557+00:00', true, false, false, '019c4e7a-47a7-7553-8b10-6eb4663b8f4c', 'Eval Agent Evaluation', 'Evaluation of eval agent performance', '{}', '{}', '{}', '{}', '{}') ON CONFLICT (id) DO NOTHING;
INSERT INTO public.evals_resource (created_at, active, generated, mcp, id, name, description, department_ids, model_ids, model_rubric_ids, model_flag_ids, model_position_ids) VALUES ('2026-03-10 22:39:14.831942+00:00', true, false, false, '019c4e7a-47a8-7e85-b75d-f4b48ab2ee19', 'Field Agent Evaluation', 'Evaluation of field agent performance', '{}', '{}', '{}', '{}', '{}') ON CONFLICT (id) DO NOTHING;
INSERT INTO public.evals_resource (created_at, active, generated, mcp, id, name, description, department_ids, model_ids, model_rubric_ids, model_flag_ids, model_position_ids) VALUES ('2026-03-10 22:39:14.836050+00:00', true, false, false, '019c4e7a-47a8-7275-93eb-681f5cf002bb', 'Grade Agent Agent Evaluation', 'Evaluation of grade agent agent performance', '{}', '{}', '{}', '{}', '{}') ON CONFLICT (id) DO NOTHING;
INSERT INTO public.evals_resource (created_at, active, generated, mcp, id, name, description, department_ids, model_ids, model_rubric_ids, model_flag_ids, model_position_ids) VALUES ('2026-03-10 22:39:14.840305+00:00', true, false, false, '019c4e7a-47a3-76e1-bfa9-b402c7625143', 'Model Agent Evaluation', 'Evaluation of model agent performance', '{}', '{}', '{}', '{}', '{}') ON CONFLICT (id) DO NOTHING;
INSERT INTO public.evals_resource (created_at, active, generated, mcp, id, name, description, department_ids, model_ids, model_rubric_ids, model_flag_ids, model_position_ids) VALUES ('2026-03-10 22:39:14.845008+00:00', true, false, false, '019c4e7a-479d-7a2b-9b03-a8c46af98ae0', 'Parameter Agent Evaluation', 'Evaluation of parameter agent performance', '{}', '{}', '{}', '{}', '{}') ON CONFLICT (id) DO NOTHING;
INSERT INTO public.evals_resource (created_at, active, generated, mcp, id, name, description, department_ids, model_ids, model_rubric_ids, model_flag_ids, model_position_ids) VALUES ('2026-03-10 22:39:14.849162+00:00', true, false, false, '019c4e7a-47a5-716a-a626-9112bdb22e12', 'Persona Agent Evaluation', 'Evaluation of persona agent performance', '{}', '{}', '{}', '{}', '{}') ON CONFLICT (id) DO NOTHING;
INSERT INTO public.evals_resource (created_at, active, generated, mcp, id, name, description, department_ids, model_ids, model_rubric_ids, model_flag_ids, model_position_ids) VALUES ('2026-03-10 22:39:14.853217+00:00', true, false, false, '019c4e7a-479f-7abc-b3ea-61e82a842163', 'Profile Agent Evaluation', 'Evaluation of profile agent performance', '{}', '{}', '{}', '{}', '{}') ON CONFLICT (id) DO NOTHING;
INSERT INTO public.evals_resource (created_at, active, generated, mcp, id, name, description, department_ids, model_ids, model_rubric_ids, model_flag_ids, model_position_ids) VALUES ('2026-03-10 22:39:14.857560+00:00', true, false, false, '019c4e7a-4794-739c-8361-b0401227847c', 'Provider Agent Evaluation', 'Evaluation of provider agent performance', '{}', '{}', '{}', '{}', '{}') ON CONFLICT (id) DO NOTHING;
INSERT INTO public.evals_resource (created_at, active, generated, mcp, id, name, description, department_ids, model_ids, model_rubric_ids, model_flag_ids, model_position_ids) VALUES ('2026-03-10 22:39:14.862061+00:00', true, false, false, '019c4e7a-479c-7c3d-bd8e-44daa22da6bc', 'Rubric Agent Evaluation', 'Evaluation of rubric agent performance', '{}', '{}', '{}', '{}', '{}') ON CONFLICT (id) DO NOTHING;
INSERT INTO public.evals_resource (created_at, active, generated, mcp, id, name, description, department_ids, model_ids, model_rubric_ids, model_flag_ids, model_position_ids) VALUES ('2026-03-10 22:39:14.866233+00:00', true, false, false, '019c4e7a-479a-7a20-9aab-060d29dfbe69', 'Scenario Agent Evaluation', 'Evaluation of scenario agent performance', '{}', '{}', '{}', '{}', '{}') ON CONFLICT (id) DO NOTHING;
INSERT INTO public.evals_resource (created_at, active, generated, mcp, id, name, description, department_ids, model_ids, model_rubric_ids, model_flag_ids, model_position_ids) VALUES ('2026-03-10 22:39:14.870244+00:00', true, false, false, '019c4e7a-47a1-7cd1-964f-ed3f1d0d56a6', 'Setting Agent Evaluation', 'Evaluation of setting agent performance', '{}', '{}', '{}', '{}', '{}') ON CONFLICT (id) DO NOTHING;
INSERT INTO public.evals_resource (created_at, active, generated, mcp, id, name, description, department_ids, model_ids, model_rubric_ids, model_flag_ids, model_position_ids) VALUES ('2026-03-10 22:39:14.874475+00:00', true, false, false, '019c4e7a-47a5-7d9f-9919-7e441e32a162', 'Simulation Agent Evaluation', 'Evaluation of simulation agent performance', '{}', '{}', '{}', '{}', '{}') ON CONFLICT (id) DO NOTHING;
INSERT INTO public.evals_resource (created_at, active, generated, mcp, id, name, description, department_ids, model_ids, model_rubric_ids, model_flag_ids, model_position_ids) VALUES ('2026-03-10 22:39:14.878291+00:00', true, false, false, '019c4e7a-47a4-7552-970e-bddea1ef0176', 'Tool Agent Evaluation', 'Evaluation of tool agent performance', '{}', '{}', '{}', '{}', '{}') ON CONFLICT (id) DO NOTHING;
INSERT INTO public.evals_resource (created_at, active, generated, mcp, id, name, description, department_ids, model_ids, model_rubric_ids, model_flag_ids, model_position_ids) VALUES ('2026-03-10 22:39:14.882295+00:00', true, false, false, 'cc000003-0000-0000-0000-000000000003', 'Training Agent Evaluation', 'Evaluation of training agent performance', '{}', '{}', '{}', '{}', '{}') ON CONFLICT (id) DO NOTHING;

-- model_artifact
INSERT INTO public.model_artifact (created_at, updated_at, id, generated, mcp, active) VALUES ('2026-03-10 22:39:13.945418+00:00', '2026-03-10 22:39:13.945418+00:00', '019b3be4-36d1-77e9-a142-1caa685eefb0', false, false, true) ON CONFLICT (id) DO NOTHING;
INSERT INTO public.model_artifact (created_at, updated_at, id, generated, mcp, active) VALUES ('2026-03-10 22:39:13.953284+00:00', '2026-03-10 22:39:13.953284+00:00', '019b3be4-36cd-7877-836a-8a5fc9b7f7bb', false, false, true) ON CONFLICT (id) DO NOTHING;
INSERT INTO public.model_artifact (created_at, updated_at, id, generated, mcp, active) VALUES ('2026-03-10 22:39:13.962485+00:00', '2026-03-10 22:39:13.962485+00:00', '019b3be4-36cd-7821-9ad2-6c260f8271b9', false, false, true) ON CONFLICT (id) DO NOTHING;
INSERT INTO public.model_artifact (created_at, updated_at, id, generated, mcp, active) VALUES ('2026-03-10 22:39:13.969244+00:00', '2026-03-10 22:39:13.969244+00:00', '019b3be4-36cd-7883-b878-cf77e61f5906', false, false, true) ON CONFLICT (id) DO NOTHING;
INSERT INTO public.model_artifact (created_at, updated_at, id, generated, mcp, active) VALUES ('2026-03-10 22:39:13.973417+00:00', '2026-03-10 22:39:13.973417+00:00', '019b3be4-36d1-77f4-ae69-94e974529f3d', false, false, true) ON CONFLICT (id) DO NOTHING;
INSERT INTO public.model_artifact (created_at, updated_at, id, generated, mcp, active) VALUES ('2026-03-10 22:39:13.977658+00:00', '2026-03-10 22:39:13.977658+00:00', '019b3be4-36d1-77ac-9c8d-7bcd806fbcf7', false, false, true) ON CONFLICT (id) DO NOTHING;
INSERT INTO public.model_artifact (created_at, updated_at, id, generated, mcp, active) VALUES ('2026-03-10 22:39:13.983541+00:00', '2026-03-10 22:39:13.983541+00:00', '019b3be4-36d1-782b-9f07-7b368cadc1f1', false, false, true) ON CONFLICT (id) DO NOTHING;
INSERT INTO public.model_artifact (created_at, updated_at, id, generated, mcp, active) VALUES ('2026-03-10 22:39:13.987323+00:00', '2026-03-10 22:39:13.987323+00:00', '019b3be4-36d1-781d-9346-a9a8e2d4306d', false, false, true) ON CONFLICT (id) DO NOTHING;
INSERT INTO public.model_artifact (created_at, updated_at, id, generated, mcp, active) VALUES ('2026-03-10 22:39:13.991150+00:00', '2026-03-10 22:39:13.991150+00:00', '019b3be4-36d1-7837-84df-b45edebc4ee5', false, false, true) ON CONFLICT (id) DO NOTHING;
INSERT INTO public.model_artifact (created_at, updated_at, id, generated, mcp, active) VALUES ('2026-03-10 22:39:13.994867+00:00', '2026-03-10 22:39:13.994867+00:00', '019b3be4-36d1-7811-8a78-2a54d6facafc', false, false, true) ON CONFLICT (id) DO NOTHING;
INSERT INTO public.model_artifact (created_at, updated_at, id, generated, mcp, active) VALUES ('2026-03-10 22:39:13.998469+00:00', '2026-03-10 22:39:13.998469+00:00', '019b3be4-36d1-7805-8d8b-9c811e4e765b', false, false, true) ON CONFLICT (id) DO NOTHING;
INSERT INTO public.model_artifact (created_at, updated_at, id, generated, mcp, active) VALUES ('2026-03-10 22:39:14.001941+00:00', '2026-03-10 22:39:14.001941+00:00', '019b3be4-36cd-7888-842b-8c6f8dfb363b', false, false, true) ON CONFLICT (id) DO NOTHING;
INSERT INTO public.model_artifact (created_at, updated_at, id, generated, mcp, active) VALUES ('2026-03-10 22:39:14.007139+00:00', '2026-03-10 22:39:14.007139+00:00', '019b3be4-36d1-7742-89d5-a4dabeba6ae3', false, false, true) ON CONFLICT (id) DO NOTHING;
INSERT INTO public.model_artifact (created_at, updated_at, id, generated, mcp, active) VALUES ('2026-03-10 22:39:14.012114+00:00', '2026-03-10 22:39:14.012114+00:00', '019b3be4-36d1-7753-88ba-93ca9b8c6ee5', false, false, true) ON CONFLICT (id) DO NOTHING;
INSERT INTO public.model_artifact (created_at, updated_at, id, generated, mcp, active) VALUES ('2026-03-10 22:39:14.015642+00:00', '2026-03-10 22:39:14.015642+00:00', '019b3be4-36d1-7790-ae43-d83841b86f0b', false, false, true) ON CONFLICT (id) DO NOTHING;
INSERT INTO public.model_artifact (created_at, updated_at, id, generated, mcp, active) VALUES ('2026-03-10 22:39:14.021159+00:00', '2026-03-10 22:39:14.021159+00:00', '019b3be4-36d1-7723-9b2e-5ea00d22ad62', false, false, true) ON CONFLICT (id) DO NOTHING;
INSERT INTO public.model_artifact (created_at, updated_at, id, generated, mcp, active) VALUES ('2026-03-10 22:39:14.025054+00:00', '2026-03-10 22:39:14.025054+00:00', '019b3be4-36d1-77d1-bf3d-f2920b175b97', false, false, true) ON CONFLICT (id) DO NOTHING;
INSERT INTO public.model_artifact (created_at, updated_at, id, generated, mcp, active) VALUES ('2026-03-10 22:39:14.029856+00:00', '2026-03-10 22:39:14.029856+00:00', '019b3be4-36d1-77bb-b61a-400ca2e43b82', false, false, true) ON CONFLICT (id) DO NOTHING;
INSERT INTO public.model_artifact (created_at, updated_at, id, generated, mcp, active) VALUES ('2026-03-10 22:39:14.034654+00:00', '2026-03-10 22:39:14.034654+00:00', '019b3be4-36d1-786c-a2d6-39d1847d758c', false, false, true) ON CONFLICT (id) DO NOTHING;
INSERT INTO public.model_artifact (created_at, updated_at, id, generated, mcp, active) VALUES ('2026-03-10 22:39:14.037663+00:00', '2026-03-10 22:39:14.037663+00:00', '019b3be4-36d1-785a-afe5-6f3a911cdf01', false, false, true) ON CONFLICT (id) DO NOTHING;
INSERT INTO public.model_artifact (created_at, updated_at, id, generated, mcp, active) VALUES ('2026-03-10 22:39:14.041115+00:00', '2026-03-10 22:39:14.041115+00:00', '019b3be4-36cd-7891-988a-33c18c46a564', false, false, true) ON CONFLICT (id) DO NOTHING;
INSERT INTO public.model_artifact (created_at, updated_at, id, generated, mcp, active) VALUES ('2026-03-10 22:39:14.044338+00:00', '2026-03-10 22:39:14.044338+00:00', '019b3be4-36d1-77dc-8a0c-81273114cb56', false, false, true) ON CONFLICT (id) DO NOTHING;
INSERT INTO public.model_artifact (created_at, updated_at, id, generated, mcp, active) VALUES ('2026-03-10 22:39:14.048875+00:00', '2026-03-10 22:39:14.048875+00:00', '019b3be4-36d1-776a-8c68-59e8e40a6e77', false, false, true) ON CONFLICT (id) DO NOTHING;
INSERT INTO public.model_artifact (created_at, updated_at, id, generated, mcp, active) VALUES ('2026-03-10 22:39:14.053579+00:00', '2026-03-10 22:39:14.053579+00:00', '019b3be4-36d1-7887-a4a4-c282641fe9e3', false, false, true) ON CONFLICT (id) DO NOTHING;
INSERT INTO public.model_artifact (created_at, updated_at, id, generated, mcp, active) VALUES ('2026-03-10 22:39:14.056794+00:00', '2026-03-10 22:39:14.056794+00:00', '019b3be4-36d1-7777-ad9f-cbe6aa668517', false, false, true) ON CONFLICT (id) DO NOTHING;

-- model_descriptions_junction
INSERT INTO public.model_descriptions_junction (model_id, descriptions_id, created_at, generated, mcp, active) VALUES ('019b3be4-36d1-77e9-a142-1caa685eefb0', '019cd9e7-81e4-7711-aab1-23d6c7e2ecf4', '2026-03-10 22:39:13.945418+00:00', false, false, true) ON CONFLICT (id) DO NOTHING;
INSERT INTO public.model_descriptions_junction (model_id, descriptions_id, created_at, generated, mcp, active) VALUES ('019b3be4-36cd-7877-836a-8a5fc9b7f7bb', '019cd9e7-81e6-792d-ab85-7c978303a7f0', '2026-03-10 22:39:13.953284+00:00', false, false, true) ON CONFLICT (id) DO NOTHING;
INSERT INTO public.model_descriptions_junction (model_id, descriptions_id, created_at, generated, mcp, active) VALUES ('019b3be4-36cd-7821-9ad2-6c260f8271b9', '019cd9e7-81e8-79be-9582-c3711d3b13d5', '2026-03-10 22:39:13.962485+00:00', false, false, true) ON CONFLICT (id) DO NOTHING;
INSERT INTO public.model_descriptions_junction (model_id, descriptions_id, created_at, generated, mcp, active) VALUES ('019b3be4-36cd-7883-b878-cf77e61f5906', '019cd9e7-81ea-7b13-b57b-de7378c9fa1b', '2026-03-10 22:39:13.969244+00:00', false, false, true) ON CONFLICT (id) DO NOTHING;
INSERT INTO public.model_descriptions_junction (model_id, descriptions_id, created_at, generated, mcp, active) VALUES ('019b3be4-36d1-77f4-ae69-94e974529f3d', '019cd9e7-81ec-7c51-9f9f-6a32f0489904', '2026-03-10 22:39:13.973417+00:00', false, false, true) ON CONFLICT (id) DO NOTHING;
INSERT INTO public.model_descriptions_junction (model_id, descriptions_id, created_at, generated, mcp, active) VALUES ('019b3be4-36d1-77ac-9c8d-7bcd806fbcf7', '019cd9e7-81ee-7d11-b1b0-37153e482c5d', '2026-03-10 22:39:13.977658+00:00', false, false, true) ON CONFLICT (id) DO NOTHING;
INSERT INTO public.model_descriptions_junction (model_id, descriptions_id, created_at, generated, mcp, active) VALUES ('019b3be4-36d1-782b-9f07-7b368cadc1f1', '019cd9e7-81f0-7dc2-961a-19ae2b7c8da6', '2026-03-10 22:39:13.983541+00:00', false, false, true) ON CONFLICT (id) DO NOTHING;
INSERT INTO public.model_descriptions_junction (model_id, descriptions_id, created_at, generated, mcp, active) VALUES ('019b3be4-36d1-781d-9346-a9a8e2d4306d', '019cd9e7-81f2-7ebb-8ea4-34e5d248f56f', '2026-03-10 22:39:13.987323+00:00', false, false, true) ON CONFLICT (id) DO NOTHING;
INSERT INTO public.model_descriptions_junction (model_id, descriptions_id, created_at, generated, mcp, active) VALUES ('019b3be4-36d1-7837-84df-b45edebc4ee5', '019cd9e7-81f4-7d45-8604-acd374ac067e', '2026-03-10 22:39:13.991150+00:00', false, false, true) ON CONFLICT (id) DO NOTHING;
INSERT INTO public.model_descriptions_junction (model_id, descriptions_id, created_at, generated, mcp, active) VALUES ('019b3be4-36d1-7811-8a78-2a54d6facafc', '019cd9e7-81f6-7cbf-bb24-ffc991309768', '2026-03-10 22:39:13.994867+00:00', false, false, true) ON CONFLICT (id) DO NOTHING;
INSERT INTO public.model_descriptions_junction (model_id, descriptions_id, created_at, generated, mcp, active) VALUES ('019b3be4-36d1-7805-8d8b-9c811e4e765b', '019cd9e7-81f8-7d70-b1ce-d8219e59ff26', '2026-03-10 22:39:13.998469+00:00', false, false, true) ON CONFLICT (id) DO NOTHING;
INSERT INTO public.model_descriptions_junction (model_id, descriptions_id, created_at, generated, mcp, active) VALUES ('019b3be4-36cd-7888-842b-8c6f8dfb363b', '019cd9e7-81fa-7c82-905b-d91bdaac1ea9', '2026-03-10 22:39:14.001941+00:00', false, false, true) ON CONFLICT (id) DO NOTHING;
INSERT INTO public.model_descriptions_junction (model_id, descriptions_id, created_at, generated, mcp, active) VALUES ('019b3be4-36d1-7742-89d5-a4dabeba6ae3', '019cd9e7-81fc-7d5d-9e56-b92b780184f0', '2026-03-10 22:39:14.007139+00:00', false, false, true) ON CONFLICT (id) DO NOTHING;
INSERT INTO public.model_descriptions_junction (model_id, descriptions_id, created_at, generated, mcp, active) VALUES ('019b3be4-36d1-7753-88ba-93ca9b8c6ee5', '019cd9e7-81fe-7c7e-b827-5540e4b5d534', '2026-03-10 22:39:14.012114+00:00', false, false, true) ON CONFLICT (id) DO NOTHING;
INSERT INTO public.model_descriptions_junction (model_id, descriptions_id, created_at, generated, mcp, active) VALUES ('019b3be4-36d1-7790-ae43-d83841b86f0b', '019cd9e7-8200-7ccb-8520-23d43dca1a03', '2026-03-10 22:39:14.015642+00:00', false, false, true) ON CONFLICT (id) DO NOTHING;
INSERT INTO public.model_descriptions_junction (model_id, descriptions_id, created_at, generated, mcp, active) VALUES ('019b3be4-36d1-7723-9b2e-5ea00d22ad62', '019cd9e7-8202-7cf1-a7b1-7a0d197430fe', '2026-03-10 22:39:14.021159+00:00', false, false, true) ON CONFLICT (id) DO NOTHING;
INSERT INTO public.model_descriptions_junction (model_id, descriptions_id, created_at, generated, mcp, active) VALUES ('019b3be4-36d1-77d1-bf3d-f2920b175b97', '019cd9e7-8204-7c0a-9f0c-42a213007b79', '2026-03-10 22:39:14.025054+00:00', false, false, true) ON CONFLICT (id) DO NOTHING;
INSERT INTO public.model_descriptions_junction (model_id, descriptions_id, created_at, generated, mcp, active) VALUES ('019b3be4-36d1-77bb-b61a-400ca2e43b82', '019cd9e7-8206-7bd6-a6b3-7ede2bf7579c', '2026-03-10 22:39:14.029856+00:00', false, false, true) ON CONFLICT (id) DO NOTHING;
INSERT INTO public.model_descriptions_junction (model_id, descriptions_id, created_at, generated, mcp, active) VALUES ('019b3be4-36d1-786c-a2d6-39d1847d758c', '019cd9e7-8208-7e94-96b9-1dc3c453b33e', '2026-03-10 22:39:14.034654+00:00', false, false, true) ON CONFLICT (id) DO NOTHING;
INSERT INTO public.model_descriptions_junction (model_id, descriptions_id, created_at, generated, mcp, active) VALUES ('019b3be4-36d1-785a-afe5-6f3a911cdf01', '019cd9e7-820a-7e09-a692-67647af7651c', '2026-03-10 22:39:14.037663+00:00', false, false, true) ON CONFLICT (id) DO NOTHING;
INSERT INTO public.model_descriptions_junction (model_id, descriptions_id, created_at, generated, mcp, active) VALUES ('019b3be4-36cd-7891-988a-33c18c46a564', '019cd9e7-820d-727f-aecf-27e0abf46946', '2026-03-10 22:39:14.041115+00:00', false, false, true) ON CONFLICT (id) DO NOTHING;
INSERT INTO public.model_descriptions_junction (model_id, descriptions_id, created_at, generated, mcp, active) VALUES ('019b3be4-36d1-77dc-8a0c-81273114cb56', '019cd9e7-820f-7197-86eb-c852695b4bfb', '2026-03-10 22:39:14.044338+00:00', false, false, true) ON CONFLICT (id) DO NOTHING;
INSERT INTO public.model_descriptions_junction (model_id, descriptions_id, created_at, generated, mcp, active) VALUES ('019b3be4-36d1-776a-8c68-59e8e40a6e77', '019cd9e7-8211-70f8-9800-2b79155de8d3', '2026-03-10 22:39:14.048875+00:00', false, false, true) ON CONFLICT (id) DO NOTHING;
INSERT INTO public.model_descriptions_junction (model_id, descriptions_id, created_at, generated, mcp, active) VALUES ('019b3be4-36d1-7887-a4a4-c282641fe9e3', '019cd9e7-8213-7186-8970-d45f31956e22', '2026-03-10 22:39:14.053579+00:00', false, false, true) ON CONFLICT (id) DO NOTHING;
INSERT INTO public.model_descriptions_junction (model_id, descriptions_id, created_at, generated, mcp, active) VALUES ('019b3be4-36d1-7777-ad9f-cbe6aa668517', '019cd9e7-8214-7f6a-80c5-2dcaa128b5da', '2026-03-10 22:39:14.056794+00:00', false, false, true) ON CONFLICT (id) DO NOTHING;

-- model_flags_junction
INSERT INTO public.model_flags_junction (model_id, flags_id, created_at, generated, mcp, active) VALUES ('019b3be4-36d1-77e9-a142-1caa685eefb0', '019be334-bfc4-7ef6-b18f-7a556d94b225', '2026-03-10 22:39:13.945418+00:00', false, false, true) ON CONFLICT (id) DO NOTHING;
INSERT INTO public.model_flags_junction (model_id, flags_id, created_at, generated, mcp, active) VALUES ('019b3be4-36cd-7877-836a-8a5fc9b7f7bb', '019be334-bfc4-7ef6-b18f-7a556d94b225', '2026-03-10 22:39:13.953284+00:00', false, false, true) ON CONFLICT (id) DO NOTHING;
INSERT INTO public.model_flags_junction (model_id, flags_id, created_at, generated, mcp, active) VALUES ('019b3be4-36cd-7821-9ad2-6c260f8271b9', '019be334-bfc4-7ef6-b18f-7a556d94b225', '2026-03-10 22:39:13.962485+00:00', false, false, true) ON CONFLICT (id) DO NOTHING;
INSERT INTO public.model_flags_junction (model_id, flags_id, created_at, generated, mcp, active) VALUES ('019b3be4-36cd-7883-b878-cf77e61f5906', '019be334-bfc4-7ef6-b18f-7a556d94b225', '2026-03-10 22:39:13.969244+00:00', false, false, true) ON CONFLICT (id) DO NOTHING;
INSERT INTO public.model_flags_junction (model_id, flags_id, created_at, generated, mcp, active) VALUES ('019b3be4-36d1-77f4-ae69-94e974529f3d', '019be334-bfc4-7ef6-b18f-7a556d94b225', '2026-03-10 22:39:13.973417+00:00', false, false, true) ON CONFLICT (id) DO NOTHING;
INSERT INTO public.model_flags_junction (model_id, flags_id, created_at, generated, mcp, active) VALUES ('019b3be4-36d1-77ac-9c8d-7bcd806fbcf7', '019be334-bfc4-7ef6-b18f-7a556d94b225', '2026-03-10 22:39:13.977658+00:00', false, false, true) ON CONFLICT (id) DO NOTHING;
INSERT INTO public.model_flags_junction (model_id, flags_id, created_at, generated, mcp, active) VALUES ('019b3be4-36d1-782b-9f07-7b368cadc1f1', '019be334-bfc4-7ef6-b18f-7a556d94b225', '2026-03-10 22:39:13.983541+00:00', false, false, true) ON CONFLICT (id) DO NOTHING;
INSERT INTO public.model_flags_junction (model_id, flags_id, created_at, generated, mcp, active) VALUES ('019b3be4-36d1-781d-9346-a9a8e2d4306d', '019be334-bfc4-7ef6-b18f-7a556d94b225', '2026-03-10 22:39:13.987323+00:00', false, false, true) ON CONFLICT (id) DO NOTHING;
INSERT INTO public.model_flags_junction (model_id, flags_id, created_at, generated, mcp, active) VALUES ('019b3be4-36d1-7837-84df-b45edebc4ee5', '019be334-bfc4-7ef6-b18f-7a556d94b225', '2026-03-10 22:39:13.991150+00:00', false, false, true) ON CONFLICT (id) DO NOTHING;
INSERT INTO public.model_flags_junction (model_id, flags_id, created_at, generated, mcp, active) VALUES ('019b3be4-36d1-7811-8a78-2a54d6facafc', '019be334-bfc4-7ef6-b18f-7a556d94b225', '2026-03-10 22:39:13.994867+00:00', false, false, true) ON CONFLICT (id) DO NOTHING;
INSERT INTO public.model_flags_junction (model_id, flags_id, created_at, generated, mcp, active) VALUES ('019b3be4-36d1-7805-8d8b-9c811e4e765b', '019be334-bfc4-7ef6-b18f-7a556d94b225', '2026-03-10 22:39:13.998469+00:00', false, false, true) ON CONFLICT (id) DO NOTHING;
INSERT INTO public.model_flags_junction (model_id, flags_id, created_at, generated, mcp, active) VALUES ('019b3be4-36cd-7888-842b-8c6f8dfb363b', '019be334-bfc4-7ef6-b18f-7a556d94b225', '2026-03-10 22:39:14.001941+00:00', false, false, true) ON CONFLICT (id) DO NOTHING;
INSERT INTO public.model_flags_junction (model_id, flags_id, created_at, generated, mcp, active) VALUES ('019b3be4-36d1-7742-89d5-a4dabeba6ae3', '019be334-bfc4-7ef6-b18f-7a556d94b225', '2026-03-10 22:39:14.007139+00:00', false, false, true) ON CONFLICT (id) DO NOTHING;
INSERT INTO public.model_flags_junction (model_id, flags_id, created_at, generated, mcp, active) VALUES ('019b3be4-36d1-7753-88ba-93ca9b8c6ee5', '019be334-bfc4-7ef6-b18f-7a556d94b225', '2026-03-10 22:39:14.012114+00:00', false, false, true) ON CONFLICT (id) DO NOTHING;
INSERT INTO public.model_flags_junction (model_id, flags_id, created_at, generated, mcp, active) VALUES ('019b3be4-36d1-7790-ae43-d83841b86f0b', '019be334-bfc4-7ef6-b18f-7a556d94b225', '2026-03-10 22:39:14.015642+00:00', false, false, true) ON CONFLICT (id) DO NOTHING;
INSERT INTO public.model_flags_junction (model_id, flags_id, created_at, generated, mcp, active) VALUES ('019b3be4-36d1-7723-9b2e-5ea00d22ad62', '019be334-bfc4-7ef6-b18f-7a556d94b225', '2026-03-10 22:39:14.021159+00:00', false, false, true) ON CONFLICT (id) DO NOTHING;
INSERT INTO public.model_flags_junction (model_id, flags_id, created_at, generated, mcp, active) VALUES ('019b3be4-36d1-77d1-bf3d-f2920b175b97', '019be334-bfc4-7ef6-b18f-7a556d94b225', '2026-03-10 22:39:14.025054+00:00', false, false, true) ON CONFLICT (id) DO NOTHING;
INSERT INTO public.model_flags_junction (model_id, flags_id, created_at, generated, mcp, active) VALUES ('019b3be4-36d1-77bb-b61a-400ca2e43b82', '019be334-bfc4-7ef6-b18f-7a556d94b225', '2026-03-10 22:39:14.029856+00:00', false, false, true) ON CONFLICT (id) DO NOTHING;
INSERT INTO public.model_flags_junction (model_id, flags_id, created_at, generated, mcp, active) VALUES ('019b3be4-36d1-786c-a2d6-39d1847d758c', '019be334-bfc4-7ef6-b18f-7a556d94b225', '2026-03-10 22:39:14.034654+00:00', false, false, true) ON CONFLICT (id) DO NOTHING;
INSERT INTO public.model_flags_junction (model_id, flags_id, created_at, generated, mcp, active) VALUES ('019b3be4-36d1-785a-afe5-6f3a911cdf01', '019be334-bfc4-7ef6-b18f-7a556d94b225', '2026-03-10 22:39:14.037663+00:00', false, false, true) ON CONFLICT (id) DO NOTHING;
INSERT INTO public.model_flags_junction (model_id, flags_id, created_at, generated, mcp, active) VALUES ('019b3be4-36cd-7891-988a-33c18c46a564', '019be334-bfc4-7ef6-b18f-7a556d94b225', '2026-03-10 22:39:14.041115+00:00', false, false, true) ON CONFLICT (id) DO NOTHING;
INSERT INTO public.model_flags_junction (model_id, flags_id, created_at, generated, mcp, active) VALUES ('019b3be4-36d1-77dc-8a0c-81273114cb56', '019be334-bfc4-7ef6-b18f-7a556d94b225', '2026-03-10 22:39:14.044338+00:00', false, false, true) ON CONFLICT (id) DO NOTHING;
INSERT INTO public.model_flags_junction (model_id, flags_id, created_at, generated, mcp, active) VALUES ('019b3be4-36d1-776a-8c68-59e8e40a6e77', '019be334-bfc4-7ef6-b18f-7a556d94b225', '2026-03-10 22:39:14.048875+00:00', false, false, true) ON CONFLICT (id) DO NOTHING;
INSERT INTO public.model_flags_junction (model_id, flags_id, created_at, generated, mcp, active) VALUES ('019b3be4-36d1-7887-a4a4-c282641fe9e3', '019be334-bfc4-7ef6-b18f-7a556d94b225', '2026-03-10 22:39:14.053579+00:00', false, false, true) ON CONFLICT (id) DO NOTHING;
INSERT INTO public.model_flags_junction (model_id, flags_id, created_at, generated, mcp, active) VALUES ('019b3be4-36d1-7777-ad9f-cbe6aa668517', '019be334-bfc4-7ef6-b18f-7a556d94b225', '2026-03-10 22:39:14.056794+00:00', false, false, true) ON CONFLICT (id) DO NOTHING;

-- model_modalities_junction
INSERT INTO public.model_modalities_junction (active, created_at, model_id, generated, mcp, modalities_id) VALUES (true, '2026-03-10 22:39:13.945418+00:00', '019b3be4-36d1-77e9-a142-1caa685eefb0', false, false, '019bbce5-e609-750d-90c6-cb39f1266e18') ON CONFLICT (id) DO NOTHING;
INSERT INTO public.model_modalities_junction (active, created_at, model_id, generated, mcp, modalities_id) VALUES (true, '2026-03-10 22:39:13.945418+00:00', '019b3be4-36d1-77e9-a142-1caa685eefb0', false, false, '019bbce5-e606-77f1-abf8-78df7462af03') ON CONFLICT (id) DO NOTHING;
INSERT INTO public.model_modalities_junction (active, created_at, model_id, generated, mcp, modalities_id) VALUES (true, '2026-03-10 22:39:13.945418+00:00', '019b3be4-36d1-77e9-a142-1caa685eefb0', false, false, '019bbce5-e609-7efe-8549-87dd267f086a') ON CONFLICT (id) DO NOTHING;
INSERT INTO public.model_modalities_junction (active, created_at, model_id, generated, mcp, modalities_id) VALUES (true, '2026-03-10 22:39:13.945418+00:00', '019b3be4-36d1-77e9-a142-1caa685eefb0', false, false, '019c47d6-6c45-75f5-abd6-9cfc54b978a6') ON CONFLICT (id) DO NOTHING;
INSERT INTO public.model_modalities_junction (active, created_at, model_id, generated, mcp, modalities_id) VALUES (true, '2026-03-10 22:39:13.945418+00:00', '019b3be4-36d1-77e9-a142-1caa685eefb0', false, false, '019c47d6-6c45-754d-9669-73c9882d1a66') ON CONFLICT (id) DO NOTHING;
INSERT INTO public.model_modalities_junction (active, created_at, model_id, generated, mcp, modalities_id) VALUES (true, '2026-03-10 22:39:13.945418+00:00', '019b3be4-36d1-77e9-a142-1caa685eefb0', false, false, '019c47d6-6c45-7602-a2b1-b2a608b0cf31') ON CONFLICT (id) DO NOTHING;
INSERT INTO public.model_modalities_junction (active, created_at, model_id, generated, mcp, modalities_id) VALUES (true, '2026-03-10 22:39:13.953284+00:00', '019b3be4-36cd-7877-836a-8a5fc9b7f7bb', false, false, '019bbce5-e606-77f1-abf8-78df7462af03') ON CONFLICT (id) DO NOTHING;
INSERT INTO public.model_modalities_junction (active, created_at, model_id, generated, mcp, modalities_id) VALUES (true, '2026-03-10 22:39:13.953284+00:00', '019b3be4-36cd-7877-836a-8a5fc9b7f7bb', false, false, '019bbce5-e609-7efe-8549-87dd267f086a') ON CONFLICT (id) DO NOTHING;
INSERT INTO public.model_modalities_junction (active, created_at, model_id, generated, mcp, modalities_id) VALUES (true, '2026-03-10 22:39:13.953284+00:00', '019b3be4-36cd-7877-836a-8a5fc9b7f7bb', false, false, '019c47d6-6c45-75df-923a-6b23040e63b3') ON CONFLICT (id) DO NOTHING;
INSERT INTO public.model_modalities_junction (active, created_at, model_id, generated, mcp, modalities_id) VALUES (true, '2026-03-10 22:39:13.953284+00:00', '019b3be4-36cd-7877-836a-8a5fc9b7f7bb', false, false, '019c47d6-6c45-75ed-b882-53a18d4f5db6') ON CONFLICT (id) DO NOTHING;
INSERT INTO public.model_modalities_junction (active, created_at, model_id, generated, mcp, modalities_id) VALUES (true, '2026-03-10 22:39:13.953284+00:00', '019b3be4-36cd-7877-836a-8a5fc9b7f7bb', false, false, '019c47d6-6c45-75f5-abd6-9cfc54b978a6') ON CONFLICT (id) DO NOTHING;
INSERT INTO public.model_modalities_junction (active, created_at, model_id, generated, mcp, modalities_id) VALUES (true, '2026-03-10 22:39:13.953284+00:00', '019b3be4-36cd-7877-836a-8a5fc9b7f7bb', false, false, '019c47d6-6c45-754d-9669-73c9882d1a66') ON CONFLICT (id) DO NOTHING;
INSERT INTO public.model_modalities_junction (active, created_at, model_id, generated, mcp, modalities_id) VALUES (true, '2026-03-10 22:39:13.953284+00:00', '019b3be4-36cd-7877-836a-8a5fc9b7f7bb', false, false, '019c47d6-6c45-7602-a2b1-b2a608b0cf31') ON CONFLICT (id) DO NOTHING;
INSERT INTO public.model_modalities_junction (active, created_at, model_id, generated, mcp, modalities_id) VALUES (true, '2026-03-10 22:39:13.962485+00:00', '019b3be4-36cd-7821-9ad2-6c260f8271b9', false, false, '019bbce5-e609-750d-90c6-cb39f1266e18') ON CONFLICT (id) DO NOTHING;
INSERT INTO public.model_modalities_junction (active, created_at, model_id, generated, mcp, modalities_id) VALUES (true, '2026-03-10 22:39:13.962485+00:00', '019b3be4-36cd-7821-9ad2-6c260f8271b9', false, false, '019bbce5-e606-77f1-abf8-78df7462af03') ON CONFLICT (id) DO NOTHING;
INSERT INTO public.model_modalities_junction (active, created_at, model_id, generated, mcp, modalities_id) VALUES (true, '2026-03-10 22:39:13.962485+00:00', '019b3be4-36cd-7821-9ad2-6c260f8271b9', false, false, '019bbce5-e609-7efe-8549-87dd267f086a') ON CONFLICT (id) DO NOTHING;
INSERT INTO public.model_modalities_junction (active, created_at, model_id, generated, mcp, modalities_id) VALUES (true, '2026-03-10 22:39:13.962485+00:00', '019b3be4-36cd-7821-9ad2-6c260f8271b9', false, false, '019c47d6-6c45-75df-923a-6b23040e63b3') ON CONFLICT (id) DO NOTHING;
INSERT INTO public.model_modalities_junction (active, created_at, model_id, generated, mcp, modalities_id) VALUES (true, '2026-03-10 22:39:13.962485+00:00', '019b3be4-36cd-7821-9ad2-6c260f8271b9', false, false, '019c47d6-6c45-75ed-b882-53a18d4f5db6') ON CONFLICT (id) DO NOTHING;
INSERT INTO public.model_modalities_junction (active, created_at, model_id, generated, mcp, modalities_id) VALUES (true, '2026-03-10 22:39:13.962485+00:00', '019b3be4-36cd-7821-9ad2-6c260f8271b9', false, false, '019c47d6-6c45-75f5-abd6-9cfc54b978a6') ON CONFLICT (id) DO NOTHING;
INSERT INTO public.model_modalities_junction (active, created_at, model_id, generated, mcp, modalities_id) VALUES (true, '2026-03-10 22:39:13.962485+00:00', '019b3be4-36cd-7821-9ad2-6c260f8271b9', false, false, '019c47d6-6c45-754d-9669-73c9882d1a66') ON CONFLICT (id) DO NOTHING;
INSERT INTO public.model_modalities_junction (active, created_at, model_id, generated, mcp, modalities_id) VALUES (true, '2026-03-10 22:39:13.962485+00:00', '019b3be4-36cd-7821-9ad2-6c260f8271b9', false, false, '019c47d6-6c45-7602-a2b1-b2a608b0cf31') ON CONFLICT (id) DO NOTHING;
INSERT INTO public.model_modalities_junction (active, created_at, model_id, generated, mcp, modalities_id) VALUES (true, '2026-03-10 22:39:13.969244+00:00', '019b3be4-36cd-7883-b878-cf77e61f5906', false, false, '019bbce5-e606-77f1-abf8-78df7462af03') ON CONFLICT (id) DO NOTHING;
INSERT INTO public.model_modalities_junction (active, created_at, model_id, generated, mcp, modalities_id) VALUES (true, '2026-03-10 22:39:13.969244+00:00', '019b3be4-36cd-7883-b878-cf77e61f5906', false, false, '019bbce5-e609-7efe-8549-87dd267f086a') ON CONFLICT (id) DO NOTHING;
INSERT INTO public.model_modalities_junction (active, created_at, model_id, generated, mcp, modalities_id) VALUES (true, '2026-03-10 22:39:13.969244+00:00', '019b3be4-36cd-7883-b878-cf77e61f5906', false, false, '019c47d6-6c45-75df-923a-6b23040e63b3') ON CONFLICT (id) DO NOTHING;
INSERT INTO public.model_modalities_junction (active, created_at, model_id, generated, mcp, modalities_id) VALUES (true, '2026-03-10 22:39:13.969244+00:00', '019b3be4-36cd-7883-b878-cf77e61f5906', false, false, '019c47d6-6c45-75ed-b882-53a18d4f5db6') ON CONFLICT (id) DO NOTHING;
INSERT INTO public.model_modalities_junction (active, created_at, model_id, generated, mcp, modalities_id) VALUES (true, '2026-03-10 22:39:13.969244+00:00', '019b3be4-36cd-7883-b878-cf77e61f5906', false, false, '019c47d6-6c45-75f5-abd6-9cfc54b978a6') ON CONFLICT (id) DO NOTHING;
INSERT INTO public.model_modalities_junction (active, created_at, model_id, generated, mcp, modalities_id) VALUES (true, '2026-03-10 22:39:13.969244+00:00', '019b3be4-36cd-7883-b878-cf77e61f5906', false, false, '019c47d6-6c45-754d-9669-73c9882d1a66') ON CONFLICT (id) DO NOTHING;
INSERT INTO public.model_modalities_junction (active, created_at, model_id, generated, mcp, modalities_id) VALUES (true, '2026-03-10 22:39:13.969244+00:00', '019b3be4-36cd-7883-b878-cf77e61f5906', false, false, '019c47d6-6c45-7602-a2b1-b2a608b0cf31') ON CONFLICT (id) DO NOTHING;
INSERT INTO public.model_modalities_junction (active, created_at, model_id, generated, mcp, modalities_id) VALUES (true, '2026-03-10 22:39:13.973417+00:00', '019b3be4-36d1-77f4-ae69-94e974529f3d', false, false, '019bbce5-e609-750d-90c6-cb39f1266e18') ON CONFLICT (id) DO NOTHING;
INSERT INTO public.model_modalities_junction (active, created_at, model_id, generated, mcp, modalities_id) VALUES (true, '2026-03-10 22:39:13.973417+00:00', '019b3be4-36d1-77f4-ae69-94e974529f3d', false, false, '019bbce5-e606-77f1-abf8-78df7462af03') ON CONFLICT (id) DO NOTHING;
INSERT INTO public.model_modalities_junction (active, created_at, model_id, generated, mcp, modalities_id) VALUES (true, '2026-03-10 22:39:13.973417+00:00', '019b3be4-36d1-77f4-ae69-94e974529f3d', false, false, '019bbce5-e609-7efe-8549-87dd267f086a') ON CONFLICT (id) DO NOTHING;
INSERT INTO public.model_modalities_junction (active, created_at, model_id, generated, mcp, modalities_id) VALUES (true, '2026-03-10 22:39:13.973417+00:00', '019b3be4-36d1-77f4-ae69-94e974529f3d', false, false, '019c47d6-6c45-75f5-abd6-9cfc54b978a6') ON CONFLICT (id) DO NOTHING;
INSERT INTO public.model_modalities_junction (active, created_at, model_id, generated, mcp, modalities_id) VALUES (true, '2026-03-10 22:39:13.973417+00:00', '019b3be4-36d1-77f4-ae69-94e974529f3d', false, false, '019c47d6-6c45-754d-9669-73c9882d1a66') ON CONFLICT (id) DO NOTHING;
INSERT INTO public.model_modalities_junction (active, created_at, model_id, generated, mcp, modalities_id) VALUES (true, '2026-03-10 22:39:13.973417+00:00', '019b3be4-36d1-77f4-ae69-94e974529f3d', false, false, '019c47d6-6c45-7602-a2b1-b2a608b0cf31') ON CONFLICT (id) DO NOTHING;
INSERT INTO public.model_modalities_junction (active, created_at, model_id, generated, mcp, modalities_id) VALUES (true, '2026-03-10 22:39:13.977658+00:00', '019b3be4-36d1-77ac-9c8d-7bcd806fbcf7', false, false, '019bbce5-e609-750d-90c6-cb39f1266e18') ON CONFLICT (id) DO NOTHING;
INSERT INTO public.model_modalities_junction (active, created_at, model_id, generated, mcp, modalities_id) VALUES (true, '2026-03-10 22:39:13.977658+00:00', '019b3be4-36d1-77ac-9c8d-7bcd806fbcf7', false, false, '019bbce5-e606-77f1-abf8-78df7462af03') ON CONFLICT (id) DO NOTHING;
INSERT INTO public.model_modalities_junction (active, created_at, model_id, generated, mcp, modalities_id) VALUES (true, '2026-03-10 22:39:13.977658+00:00', '019b3be4-36d1-77ac-9c8d-7bcd806fbcf7', false, false, '019bbce5-e609-7efe-8549-87dd267f086a') ON CONFLICT (id) DO NOTHING;
INSERT INTO public.model_modalities_junction (active, created_at, model_id, generated, mcp, modalities_id) VALUES (true, '2026-03-10 22:39:13.977658+00:00', '019b3be4-36d1-77ac-9c8d-7bcd806fbcf7', false, false, '019c47d6-6c45-75df-923a-6b23040e63b3') ON CONFLICT (id) DO NOTHING;
INSERT INTO public.model_modalities_junction (active, created_at, model_id, generated, mcp, modalities_id) VALUES (true, '2026-03-10 22:39:13.977658+00:00', '019b3be4-36d1-77ac-9c8d-7bcd806fbcf7', false, false, '019c47d6-6c45-75ed-b882-53a18d4f5db6') ON CONFLICT (id) DO NOTHING;
INSERT INTO public.model_modalities_junction (active, created_at, model_id, generated, mcp, modalities_id) VALUES (true, '2026-03-10 22:39:13.977658+00:00', '019b3be4-36d1-77ac-9c8d-7bcd806fbcf7', false, false, '019c47d6-6c45-75f5-abd6-9cfc54b978a6') ON CONFLICT (id) DO NOTHING;
INSERT INTO public.model_modalities_junction (active, created_at, model_id, generated, mcp, modalities_id) VALUES (true, '2026-03-10 22:39:13.977658+00:00', '019b3be4-36d1-77ac-9c8d-7bcd806fbcf7', false, false, '019c47d6-6c45-754d-9669-73c9882d1a66') ON CONFLICT (id) DO NOTHING;
INSERT INTO public.model_modalities_junction (active, created_at, model_id, generated, mcp, modalities_id) VALUES (true, '2026-03-10 22:39:13.977658+00:00', '019b3be4-36d1-77ac-9c8d-7bcd806fbcf7', false, false, '019c47d6-6c45-7602-a2b1-b2a608b0cf31') ON CONFLICT (id) DO NOTHING;
INSERT INTO public.model_modalities_junction (active, created_at, model_id, generated, mcp, modalities_id) VALUES (true, '2026-03-10 22:39:13.983541+00:00', '019b3be4-36d1-782b-9f07-7b368cadc1f1', false, false, '019bbce5-e609-750d-90c6-cb39f1266e18') ON CONFLICT (id) DO NOTHING;
INSERT INTO public.model_modalities_junction (active, created_at, model_id, generated, mcp, modalities_id) VALUES (true, '2026-03-10 22:39:13.983541+00:00', '019b3be4-36d1-782b-9f07-7b368cadc1f1', false, false, '019c47d6-6c45-754d-9669-73c9882d1a66') ON CONFLICT (id) DO NOTHING;
INSERT INTO public.model_modalities_junction (active, created_at, model_id, generated, mcp, modalities_id) VALUES (true, '2026-03-10 22:39:13.987323+00:00', '019b3be4-36d1-781d-9346-a9a8e2d4306d', false, false, '019bbce5-e609-750d-90c6-cb39f1266e18') ON CONFLICT (id) DO NOTHING;
INSERT INTO public.model_modalities_junction (active, created_at, model_id, generated, mcp, modalities_id) VALUES (true, '2026-03-10 22:39:13.987323+00:00', '019b3be4-36d1-781d-9346-a9a8e2d4306d', false, false, '019c47d6-6c45-754d-9669-73c9882d1a66') ON CONFLICT (id) DO NOTHING;
INSERT INTO public.model_modalities_junction (active, created_at, model_id, generated, mcp, modalities_id) VALUES (true, '2026-03-10 22:39:13.991150+00:00', '019b3be4-36d1-7837-84df-b45edebc4ee5', false, false, '019bbce5-e609-750d-90c6-cb39f1266e18') ON CONFLICT (id) DO NOTHING;
INSERT INTO public.model_modalities_junction (active, created_at, model_id, generated, mcp, modalities_id) VALUES (true, '2026-03-10 22:39:13.991150+00:00', '019b3be4-36d1-7837-84df-b45edebc4ee5', false, false, '019c47d6-6c45-754d-9669-73c9882d1a66') ON CONFLICT (id) DO NOTHING;
INSERT INTO public.model_modalities_junction (active, created_at, model_id, generated, mcp, modalities_id) VALUES (true, '2026-03-10 22:39:13.994867+00:00', '019b3be4-36d1-7811-8a78-2a54d6facafc', false, false, '019bbce5-e608-7d5a-b937-0a22697e3f8b') ON CONFLICT (id) DO NOTHING;
INSERT INTO public.model_modalities_junction (active, created_at, model_id, generated, mcp, modalities_id) VALUES (true, '2026-03-10 22:39:13.994867+00:00', '019b3be4-36d1-7811-8a78-2a54d6facafc', false, false, '019bbce5-e607-7bc4-a6b0-a4218bc8e5f8') ON CONFLICT (id) DO NOTHING;
INSERT INTO public.model_modalities_junction (active, created_at, model_id, generated, mcp, modalities_id) VALUES (true, '2026-03-10 22:39:13.994867+00:00', '019b3be4-36d1-7811-8a78-2a54d6facafc', false, false, '019c47d6-6c45-75f5-abd6-9cfc54b978a6') ON CONFLICT (id) DO NOTHING;
INSERT INTO public.model_modalities_junction (active, created_at, model_id, generated, mcp, modalities_id) VALUES (true, '2026-03-10 22:39:13.994867+00:00', '019b3be4-36d1-7811-8a78-2a54d6facafc', false, false, '019c47d6-6c45-754d-9669-73c9882d1a66') ON CONFLICT (id) DO NOTHING;
INSERT INTO public.model_modalities_junction (active, created_at, model_id, generated, mcp, modalities_id) VALUES (true, '2026-03-10 22:39:13.998469+00:00', '019b3be4-36d1-7805-8d8b-9c811e4e765b', false, false, '019bbce5-e608-7d5a-b937-0a22697e3f8b') ON CONFLICT (id) DO NOTHING;
INSERT INTO public.model_modalities_junction (active, created_at, model_id, generated, mcp, modalities_id) VALUES (true, '2026-03-10 22:39:13.998469+00:00', '019b3be4-36d1-7805-8d8b-9c811e4e765b', false, false, '019bbce5-e607-7bc4-a6b0-a4218bc8e5f8') ON CONFLICT (id) DO NOTHING;
INSERT INTO public.model_modalities_junction (active, created_at, model_id, generated, mcp, modalities_id) VALUES (true, '2026-03-10 22:39:13.998469+00:00', '019b3be4-36d1-7805-8d8b-9c811e4e765b', false, false, '019c47d6-6c45-75f5-abd6-9cfc54b978a6') ON CONFLICT (id) DO NOTHING;
INSERT INTO public.model_modalities_junction (active, created_at, model_id, generated, mcp, modalities_id) VALUES (true, '2026-03-10 22:39:13.998469+00:00', '019b3be4-36d1-7805-8d8b-9c811e4e765b', false, false, '019c47d6-6c45-754d-9669-73c9882d1a66') ON CONFLICT (id) DO NOTHING;
INSERT INTO public.model_modalities_junction (active, created_at, model_id, generated, mcp, modalities_id) VALUES (true, '2026-03-10 22:39:14.001941+00:00', '019b3be4-36cd-7888-842b-8c6f8dfb363b', false, false, '019bbce5-e606-77f1-abf8-78df7462af03') ON CONFLICT (id) DO NOTHING;
INSERT INTO public.model_modalities_junction (active, created_at, model_id, generated, mcp, modalities_id) VALUES (true, '2026-03-10 22:39:14.001941+00:00', '019b3be4-36cd-7888-842b-8c6f8dfb363b', false, false, '019bbce5-e609-7efe-8549-87dd267f086a') ON CONFLICT (id) DO NOTHING;
INSERT INTO public.model_modalities_junction (active, created_at, model_id, generated, mcp, modalities_id) VALUES (true, '2026-03-10 22:39:14.001941+00:00', '019b3be4-36cd-7888-842b-8c6f8dfb363b', false, false, '019c47d6-6c45-75f5-abd6-9cfc54b978a6') ON CONFLICT (id) DO NOTHING;
INSERT INTO public.model_modalities_junction (active, created_at, model_id, generated, mcp, modalities_id) VALUES (true, '2026-03-10 22:39:14.001941+00:00', '019b3be4-36cd-7888-842b-8c6f8dfb363b', false, false, '019c47d6-6c45-754d-9669-73c9882d1a66') ON CONFLICT (id) DO NOTHING;
INSERT INTO public.model_modalities_junction (active, created_at, model_id, generated, mcp, modalities_id) VALUES (true, '2026-03-10 22:39:14.001941+00:00', '019b3be4-36cd-7888-842b-8c6f8dfb363b', false, false, '019c47d6-6c45-7602-a2b1-b2a608b0cf31') ON CONFLICT (id) DO NOTHING;
INSERT INTO public.model_modalities_junction (active, created_at, model_id, generated, mcp, modalities_id) VALUES (true, '2026-03-10 22:39:14.007139+00:00', '019b3be4-36d1-7742-89d5-a4dabeba6ae3', false, false, '019bbce5-e606-77f1-abf8-78df7462af03') ON CONFLICT (id) DO NOTHING;
INSERT INTO public.model_modalities_junction (active, created_at, model_id, generated, mcp, modalities_id) VALUES (true, '2026-03-10 22:39:14.007139+00:00', '019b3be4-36d1-7742-89d5-a4dabeba6ae3', false, false, '019bbce5-e609-7efe-8549-87dd267f086a') ON CONFLICT (id) DO NOTHING;
INSERT INTO public.model_modalities_junction (active, created_at, model_id, generated, mcp, modalities_id) VALUES (true, '2026-03-10 22:39:14.007139+00:00', '019b3be4-36d1-7742-89d5-a4dabeba6ae3', false, false, '019c47d6-6c45-75f5-abd6-9cfc54b978a6') ON CONFLICT (id) DO NOTHING;
INSERT INTO public.model_modalities_junction (active, created_at, model_id, generated, mcp, modalities_id) VALUES (true, '2026-03-10 22:39:14.007139+00:00', '019b3be4-36d1-7742-89d5-a4dabeba6ae3', false, false, '019c47d6-6c45-754d-9669-73c9882d1a66') ON CONFLICT (id) DO NOTHING;
INSERT INTO public.model_modalities_junction (active, created_at, model_id, generated, mcp, modalities_id) VALUES (true, '2026-03-10 22:39:14.007139+00:00', '019b3be4-36d1-7742-89d5-a4dabeba6ae3', false, false, '019c47d6-6c45-7602-a2b1-b2a608b0cf31') ON CONFLICT (id) DO NOTHING;
INSERT INTO public.model_modalities_junction (active, created_at, model_id, generated, mcp, modalities_id) VALUES (true, '2026-03-10 22:39:14.012114+00:00', '019b3be4-36d1-7753-88ba-93ca9b8c6ee5', false, false, '019bbce5-e606-77f1-abf8-78df7462af03') ON CONFLICT (id) DO NOTHING;
INSERT INTO public.model_modalities_junction (active, created_at, model_id, generated, mcp, modalities_id) VALUES (true, '2026-03-10 22:39:14.012114+00:00', '019b3be4-36d1-7753-88ba-93ca9b8c6ee5', false, false, '019bbce5-e609-7efe-8549-87dd267f086a') ON CONFLICT (id) DO NOTHING;
INSERT INTO public.model_modalities_junction (active, created_at, model_id, generated, mcp, modalities_id) VALUES (true, '2026-03-10 22:39:14.012114+00:00', '019b3be4-36d1-7753-88ba-93ca9b8c6ee5', false, false, '019c47d6-6c45-75f5-abd6-9cfc54b978a6') ON CONFLICT (id) DO NOTHING;
INSERT INTO public.model_modalities_junction (active, created_at, model_id, generated, mcp, modalities_id) VALUES (true, '2026-03-10 22:39:14.012114+00:00', '019b3be4-36d1-7753-88ba-93ca9b8c6ee5', false, false, '019c47d6-6c45-754d-9669-73c9882d1a66') ON CONFLICT (id) DO NOTHING;
INSERT INTO public.model_modalities_junction (active, created_at, model_id, generated, mcp, modalities_id) VALUES (true, '2026-03-10 22:39:14.012114+00:00', '019b3be4-36d1-7753-88ba-93ca9b8c6ee5', false, false, '019c47d6-6c45-7602-a2b1-b2a608b0cf31') ON CONFLICT (id) DO NOTHING;
INSERT INTO public.model_modalities_junction (active, created_at, model_id, generated, mcp, modalities_id) VALUES (true, '2026-03-10 22:39:14.015642+00:00', '019b3be4-36d1-7790-ae43-d83841b86f0b', false, false, '019bbce5-e606-77f1-abf8-78df7462af03') ON CONFLICT (id) DO NOTHING;
INSERT INTO public.model_modalities_junction (active, created_at, model_id, generated, mcp, modalities_id) VALUES (true, '2026-03-10 22:39:14.015642+00:00', '019b3be4-36d1-7790-ae43-d83841b86f0b', false, false, '019bbce5-e609-7efe-8549-87dd267f086a') ON CONFLICT (id) DO NOTHING;
INSERT INTO public.model_modalities_junction (active, created_at, model_id, generated, mcp, modalities_id) VALUES (true, '2026-03-10 22:39:14.015642+00:00', '019b3be4-36d1-7790-ae43-d83841b86f0b', false, false, '019c47d6-6c45-75f5-abd6-9cfc54b978a6') ON CONFLICT (id) DO NOTHING;
INSERT INTO public.model_modalities_junction (active, created_at, model_id, generated, mcp, modalities_id) VALUES (true, '2026-03-10 22:39:14.015642+00:00', '019b3be4-36d1-7790-ae43-d83841b86f0b', false, false, '019c47d6-6c45-754d-9669-73c9882d1a66') ON CONFLICT (id) DO NOTHING;
INSERT INTO public.model_modalities_junction (active, created_at, model_id, generated, mcp, modalities_id) VALUES (true, '2026-03-10 22:39:14.015642+00:00', '019b3be4-36d1-7790-ae43-d83841b86f0b', false, false, '019c47d6-6c45-7602-a2b1-b2a608b0cf31') ON CONFLICT (id) DO NOTHING;
INSERT INTO public.model_modalities_junction (active, created_at, model_id, generated, mcp, modalities_id) VALUES (true, '2026-03-10 22:39:14.021159+00:00', '019b3be4-36d1-7723-9b2e-5ea00d22ad62', false, false, '019bbce5-e606-77f1-abf8-78df7462af03') ON CONFLICT (id) DO NOTHING;
INSERT INTO public.model_modalities_junction (active, created_at, model_id, generated, mcp, modalities_id) VALUES (true, '2026-03-10 22:39:14.021159+00:00', '019b3be4-36d1-7723-9b2e-5ea00d22ad62', false, false, '019bbce5-e609-7efe-8549-87dd267f086a') ON CONFLICT (id) DO NOTHING;
INSERT INTO public.model_modalities_junction (active, created_at, model_id, generated, mcp, modalities_id) VALUES (true, '2026-03-10 22:39:14.021159+00:00', '019b3be4-36d1-7723-9b2e-5ea00d22ad62', false, false, '019c47d6-6c45-75f5-abd6-9cfc54b978a6') ON CONFLICT (id) DO NOTHING;
INSERT INTO public.model_modalities_junction (active, created_at, model_id, generated, mcp, modalities_id) VALUES (true, '2026-03-10 22:39:14.021159+00:00', '019b3be4-36d1-7723-9b2e-5ea00d22ad62', false, false, '019c47d6-6c45-754d-9669-73c9882d1a66') ON CONFLICT (id) DO NOTHING;
INSERT INTO public.model_modalities_junction (active, created_at, model_id, generated, mcp, modalities_id) VALUES (true, '2026-03-10 22:39:14.021159+00:00', '019b3be4-36d1-7723-9b2e-5ea00d22ad62', false, false, '019c47d6-6c45-7602-a2b1-b2a608b0cf31') ON CONFLICT (id) DO NOTHING;
INSERT INTO public.model_modalities_junction (active, created_at, model_id, generated, mcp, modalities_id) VALUES (true, '2026-03-10 22:39:14.025054+00:00', '019b3be4-36d1-77d1-bf3d-f2920b175b97', false, false, '019bbce5-e608-7d5a-b937-0a22697e3f8b') ON CONFLICT (id) DO NOTHING;
INSERT INTO public.model_modalities_junction (active, created_at, model_id, generated, mcp, modalities_id) VALUES (true, '2026-03-10 22:39:14.025054+00:00', '019b3be4-36d1-77d1-bf3d-f2920b175b97', false, false, '019bbce5-e606-77f1-abf8-78df7462af03') ON CONFLICT (id) DO NOTHING;
INSERT INTO public.model_modalities_junction (active, created_at, model_id, generated, mcp, modalities_id) VALUES (true, '2026-03-10 22:39:14.025054+00:00', '019b3be4-36d1-77d1-bf3d-f2920b175b97', false, false, '019bbce5-e609-7efe-8549-87dd267f086a') ON CONFLICT (id) DO NOTHING;
INSERT INTO public.model_modalities_junction (active, created_at, model_id, generated, mcp, modalities_id) VALUES (true, '2026-03-10 22:39:14.025054+00:00', '019b3be4-36d1-77d1-bf3d-f2920b175b97', false, false, '019c47d6-6c45-75ed-b882-53a18d4f5db6') ON CONFLICT (id) DO NOTHING;
INSERT INTO public.model_modalities_junction (active, created_at, model_id, generated, mcp, modalities_id) VALUES (true, '2026-03-10 22:39:14.025054+00:00', '019b3be4-36d1-77d1-bf3d-f2920b175b97', false, false, '019c47d6-6c45-754d-9669-73c9882d1a66') ON CONFLICT (id) DO NOTHING;
INSERT INTO public.model_modalities_junction (active, created_at, model_id, generated, mcp, modalities_id) VALUES (true, '2026-03-10 22:39:14.025054+00:00', '019b3be4-36d1-77d1-bf3d-f2920b175b97', false, false, '019c47d6-6c45-7602-a2b1-b2a608b0cf31') ON CONFLICT (id) DO NOTHING;
INSERT INTO public.model_modalities_junction (active, created_at, model_id, generated, mcp, modalities_id) VALUES (true, '2026-03-10 22:39:14.029856+00:00', '019b3be4-36d1-77bb-b61a-400ca2e43b82', false, false, '019bbce5-e608-7d5a-b937-0a22697e3f8b') ON CONFLICT (id) DO NOTHING;
INSERT INTO public.model_modalities_junction (active, created_at, model_id, generated, mcp, modalities_id) VALUES (true, '2026-03-10 22:39:14.029856+00:00', '019b3be4-36d1-77bb-b61a-400ca2e43b82', false, false, '019bbce5-e606-77f1-abf8-78df7462af03') ON CONFLICT (id) DO NOTHING;
INSERT INTO public.model_modalities_junction (active, created_at, model_id, generated, mcp, modalities_id) VALUES (true, '2026-03-10 22:39:14.029856+00:00', '019b3be4-36d1-77bb-b61a-400ca2e43b82', false, false, '019bbce5-e609-7efe-8549-87dd267f086a') ON CONFLICT (id) DO NOTHING;
INSERT INTO public.model_modalities_junction (active, created_at, model_id, generated, mcp, modalities_id) VALUES (true, '2026-03-10 22:39:14.029856+00:00', '019b3be4-36d1-77bb-b61a-400ca2e43b82', false, false, '019c47d6-6c45-75ed-b882-53a18d4f5db6') ON CONFLICT (id) DO NOTHING;
INSERT INTO public.model_modalities_junction (active, created_at, model_id, generated, mcp, modalities_id) VALUES (true, '2026-03-10 22:39:14.029856+00:00', '019b3be4-36d1-77bb-b61a-400ca2e43b82', false, false, '019c47d6-6c45-754d-9669-73c9882d1a66') ON CONFLICT (id) DO NOTHING;
INSERT INTO public.model_modalities_junction (active, created_at, model_id, generated, mcp, modalities_id) VALUES (true, '2026-03-10 22:39:14.029856+00:00', '019b3be4-36d1-77bb-b61a-400ca2e43b82', false, false, '019c47d6-6c45-7602-a2b1-b2a608b0cf31') ON CONFLICT (id) DO NOTHING;
INSERT INTO public.model_modalities_junction (active, created_at, model_id, generated, mcp, modalities_id) VALUES (true, '2026-03-10 22:39:14.034654+00:00', '019b3be4-36d1-786c-a2d6-39d1847d758c', false, false, '019bbce5-e609-750d-90c6-cb39f1266e18') ON CONFLICT (id) DO NOTHING;
INSERT INTO public.model_modalities_junction (active, created_at, model_id, generated, mcp, modalities_id) VALUES (true, '2026-03-10 22:39:14.034654+00:00', '019b3be4-36d1-786c-a2d6-39d1847d758c', false, false, '019c47d6-6c45-75f5-abd6-9cfc54b978a6') ON CONFLICT (id) DO NOTHING;
INSERT INTO public.model_modalities_junction (active, created_at, model_id, generated, mcp, modalities_id) VALUES (true, '2026-03-10 22:39:14.034654+00:00', '019b3be4-36d1-786c-a2d6-39d1847d758c', false, false, '019c47d6-6c45-754d-9669-73c9882d1a66') ON CONFLICT (id) DO NOTHING;
INSERT INTO public.model_modalities_junction (active, created_at, model_id, generated, mcp, modalities_id) VALUES (true, '2026-03-10 22:39:14.037663+00:00', '019b3be4-36d1-785a-afe5-6f3a911cdf01', false, false, '019bbce5-e609-750d-90c6-cb39f1266e18') ON CONFLICT (id) DO NOTHING;
INSERT INTO public.model_modalities_junction (active, created_at, model_id, generated, mcp, modalities_id) VALUES (true, '2026-03-10 22:39:14.037663+00:00', '019b3be4-36d1-785a-afe5-6f3a911cdf01', false, false, '019c47d6-6c45-75f5-abd6-9cfc54b978a6') ON CONFLICT (id) DO NOTHING;
INSERT INTO public.model_modalities_junction (active, created_at, model_id, generated, mcp, modalities_id) VALUES (true, '2026-03-10 22:39:14.037663+00:00', '019b3be4-36d1-785a-afe5-6f3a911cdf01', false, false, '019c47d6-6c45-754d-9669-73c9882d1a66') ON CONFLICT (id) DO NOTHING;
INSERT INTO public.model_modalities_junction (active, created_at, model_id, generated, mcp, modalities_id) VALUES (true, '2026-03-10 22:39:14.041115+00:00', '019b3be4-36cd-7891-988a-33c18c46a564', false, false, '019bbce5-e606-77f1-abf8-78df7462af03') ON CONFLICT (id) DO NOTHING;
INSERT INTO public.model_modalities_junction (active, created_at, model_id, generated, mcp, modalities_id) VALUES (true, '2026-03-10 22:39:14.041115+00:00', '019b3be4-36cd-7891-988a-33c18c46a564', false, false, '019bbce5-e609-7efe-8549-87dd267f086a') ON CONFLICT (id) DO NOTHING;
INSERT INTO public.model_modalities_junction (active, created_at, model_id, generated, mcp, modalities_id) VALUES (true, '2026-03-10 22:39:14.041115+00:00', '019b3be4-36cd-7891-988a-33c18c46a564', false, false, '019c47d6-6c45-754d-9669-73c9882d1a66') ON CONFLICT (id) DO NOTHING;
INSERT INTO public.model_modalities_junction (active, created_at, model_id, generated, mcp, modalities_id) VALUES (true, '2026-03-10 22:39:14.041115+00:00', '019b3be4-36cd-7891-988a-33c18c46a564', false, false, '019c47d6-6c45-7602-a2b1-b2a608b0cf31') ON CONFLICT (id) DO NOTHING;
INSERT INTO public.model_modalities_junction (active, created_at, model_id, generated, mcp, modalities_id) VALUES (true, '2026-03-10 22:39:14.053579+00:00', '019b3be4-36d1-7887-a4a4-c282641fe9e3', false, false, '019bbce5-e608-7d5a-b937-0a22697e3f8b') ON CONFLICT (id) DO NOTHING;
INSERT INTO public.model_modalities_junction (active, created_at, model_id, generated, mcp, modalities_id) VALUES (true, '2026-03-10 22:39:14.053579+00:00', '019b3be4-36d1-7887-a4a4-c282641fe9e3', false, false, '019bbce5-e607-7bc4-a6b0-a4218bc8e5f8') ON CONFLICT (id) DO NOTHING;
INSERT INTO public.model_modalities_junction (active, created_at, model_id, generated, mcp, modalities_id) VALUES (true, '2026-03-10 22:39:14.053579+00:00', '019b3be4-36d1-7887-a4a4-c282641fe9e3', false, false, '019c47d6-6c45-75f5-abd6-9cfc54b978a6') ON CONFLICT (id) DO NOTHING;
INSERT INTO public.model_modalities_junction (active, created_at, model_id, generated, mcp, modalities_id) VALUES (true, '2026-03-10 22:39:14.053579+00:00', '019b3be4-36d1-7887-a4a4-c282641fe9e3', false, false, '019c47d6-6c45-754d-9669-73c9882d1a66') ON CONFLICT (id) DO NOTHING;
INSERT INTO public.model_modalities_junction (active, created_at, model_id, generated, mcp, modalities_id) VALUES (true, '2026-03-10 22:39:14.056794+00:00', '019b3be4-36d1-7777-ad9f-cbe6aa668517', false, false, '019bbce5-e608-7d5a-b937-0a22697e3f8b') ON CONFLICT (id) DO NOTHING;
INSERT INTO public.model_modalities_junction (active, created_at, model_id, generated, mcp, modalities_id) VALUES (true, '2026-03-10 22:39:14.056794+00:00', '019b3be4-36d1-7777-ad9f-cbe6aa668517', false, false, '019bbce5-e607-7bc4-a6b0-a4218bc8e5f8') ON CONFLICT (id) DO NOTHING;
INSERT INTO public.model_modalities_junction (active, created_at, model_id, generated, mcp, modalities_id) VALUES (true, '2026-03-10 22:39:14.056794+00:00', '019b3be4-36d1-7777-ad9f-cbe6aa668517', false, false, '019c47d6-6c45-75f5-abd6-9cfc54b978a6') ON CONFLICT (id) DO NOTHING;
INSERT INTO public.model_modalities_junction (active, created_at, model_id, generated, mcp, modalities_id) VALUES (true, '2026-03-10 22:39:14.056794+00:00', '019b3be4-36d1-7777-ad9f-cbe6aa668517', false, false, '019c47d6-6c45-754d-9669-73c9882d1a66') ON CONFLICT (id) DO NOTHING;
INSERT INTO public.model_modalities_junction (active, created_at, model_id, generated, mcp, modalities_id) VALUES (true, '2026-03-10 22:39:14.044338+00:00', '019b3be4-36d1-77dc-8a0c-81273114cb56', false, false, '019bbce5-e608-7d5a-b937-0a22697e3f8b') ON CONFLICT (id) DO NOTHING;
INSERT INTO public.model_modalities_junction (active, created_at, model_id, generated, mcp, modalities_id) VALUES (true, '2026-03-10 22:39:14.044338+00:00', '019b3be4-36d1-77dc-8a0c-81273114cb56', false, false, '019bbce5-e606-77f1-abf8-78df7462af03') ON CONFLICT (id) DO NOTHING;
INSERT INTO public.model_modalities_junction (active, created_at, model_id, generated, mcp, modalities_id) VALUES (true, '2026-03-10 22:39:14.044338+00:00', '019b3be4-36d1-77dc-8a0c-81273114cb56', false, false, '019bbce5-e609-7efe-8549-87dd267f086a') ON CONFLICT (id) DO NOTHING;
INSERT INTO public.model_modalities_junction (active, created_at, model_id, generated, mcp, modalities_id) VALUES (true, '2026-03-10 22:39:14.044338+00:00', '019b3be4-36d1-77dc-8a0c-81273114cb56', false, false, '019c47d6-6c45-75ed-b882-53a18d4f5db6') ON CONFLICT (id) DO NOTHING;
INSERT INTO public.model_modalities_junction (active, created_at, model_id, generated, mcp, modalities_id) VALUES (true, '2026-03-10 22:39:14.044338+00:00', '019b3be4-36d1-77dc-8a0c-81273114cb56', false, false, '019c47d6-6c45-75f5-abd6-9cfc54b978a6') ON CONFLICT (id) DO NOTHING;
INSERT INTO public.model_modalities_junction (active, created_at, model_id, generated, mcp, modalities_id) VALUES (true, '2026-03-10 22:39:14.044338+00:00', '019b3be4-36d1-77dc-8a0c-81273114cb56', false, false, '019c47d6-6c45-754d-9669-73c9882d1a66') ON CONFLICT (id) DO NOTHING;
INSERT INTO public.model_modalities_junction (active, created_at, model_id, generated, mcp, modalities_id) VALUES (true, '2026-03-10 22:39:14.044338+00:00', '019b3be4-36d1-77dc-8a0c-81273114cb56', false, false, '019c47d6-6c45-7602-a2b1-b2a608b0cf31') ON CONFLICT (id) DO NOTHING;
INSERT INTO public.model_modalities_junction (active, created_at, model_id, generated, mcp, modalities_id) VALUES (true, '2026-03-10 22:39:14.048875+00:00', '019b3be4-36d1-776a-8c68-59e8e40a6e77', false, false, '019bbce5-e608-7d5a-b937-0a22697e3f8b') ON CONFLICT (id) DO NOTHING;
INSERT INTO public.model_modalities_junction (active, created_at, model_id, generated, mcp, modalities_id) VALUES (true, '2026-03-10 22:39:14.048875+00:00', '019b3be4-36d1-776a-8c68-59e8e40a6e77', false, false, '019bbce5-e606-77f1-abf8-78df7462af03') ON CONFLICT (id) DO NOTHING;
INSERT INTO public.model_modalities_junction (active, created_at, model_id, generated, mcp, modalities_id) VALUES (true, '2026-03-10 22:39:14.048875+00:00', '019b3be4-36d1-776a-8c68-59e8e40a6e77', false, false, '019bbce5-e609-7efe-8549-87dd267f086a') ON CONFLICT (id) DO NOTHING;
INSERT INTO public.model_modalities_junction (active, created_at, model_id, generated, mcp, modalities_id) VALUES (true, '2026-03-10 22:39:14.048875+00:00', '019b3be4-36d1-776a-8c68-59e8e40a6e77', false, false, '019c47d6-6c45-75ed-b882-53a18d4f5db6') ON CONFLICT (id) DO NOTHING;
INSERT INTO public.model_modalities_junction (active, created_at, model_id, generated, mcp, modalities_id) VALUES (true, '2026-03-10 22:39:14.048875+00:00', '019b3be4-36d1-776a-8c68-59e8e40a6e77', false, false, '019c47d6-6c45-75f5-abd6-9cfc54b978a6') ON CONFLICT (id) DO NOTHING;
INSERT INTO public.model_modalities_junction (active, created_at, model_id, generated, mcp, modalities_id) VALUES (true, '2026-03-10 22:39:14.048875+00:00', '019b3be4-36d1-776a-8c68-59e8e40a6e77', false, false, '019c47d6-6c45-754d-9669-73c9882d1a66') ON CONFLICT (id) DO NOTHING;
INSERT INTO public.model_modalities_junction (active, created_at, model_id, generated, mcp, modalities_id) VALUES (true, '2026-03-10 22:39:14.048875+00:00', '019b3be4-36d1-776a-8c68-59e8e40a6e77', false, false, '019c47d6-6c45-7602-a2b1-b2a608b0cf31') ON CONFLICT (id) DO NOTHING;

-- model_models_junction
INSERT INTO public.model_models_junction (model_id, models_id, active, created_at, generated, mcp) VALUES ('019b3be4-36d1-77e9-a142-1caa685eefb0', '019b3be4-36d1-77e9-a142-1caa685eefb0', true, '2026-03-10 22:39:13.945418+00:00', false, false) ON CONFLICT (id) DO NOTHING;
INSERT INTO public.model_models_junction (model_id, models_id, active, created_at, generated, mcp) VALUES ('019b3be4-36cd-7877-836a-8a5fc9b7f7bb', '019b3be4-36cd-7877-836a-8a5fc9b7f7bb', true, '2026-03-10 22:39:13.953284+00:00', false, false) ON CONFLICT (id) DO NOTHING;
INSERT INTO public.model_models_junction (model_id, models_id, active, created_at, generated, mcp) VALUES ('019b3be4-36cd-7821-9ad2-6c260f8271b9', '019b3be4-36cd-7821-9ad2-6c260f8271b9', true, '2026-03-10 22:39:13.962485+00:00', false, false) ON CONFLICT (id) DO NOTHING;
INSERT INTO public.model_models_junction (model_id, models_id, active, created_at, generated, mcp) VALUES ('019b3be4-36cd-7883-b878-cf77e61f5906', '019b3be4-36cd-7883-b878-cf77e61f5906', true, '2026-03-10 22:39:13.969244+00:00', false, false) ON CONFLICT (id) DO NOTHING;
INSERT INTO public.model_models_junction (model_id, models_id, active, created_at, generated, mcp) VALUES ('019b3be4-36d1-77f4-ae69-94e974529f3d', '019b3be4-36d1-77f4-ae69-94e974529f3d', true, '2026-03-10 22:39:13.973417+00:00', false, false) ON CONFLICT (id) DO NOTHING;
INSERT INTO public.model_models_junction (model_id, models_id, active, created_at, generated, mcp) VALUES ('019b3be4-36d1-77ac-9c8d-7bcd806fbcf7', '019b3be4-36d1-77ac-9c8d-7bcd806fbcf7', true, '2026-03-10 22:39:13.977658+00:00', false, false) ON CONFLICT (id) DO NOTHING;
INSERT INTO public.model_models_junction (model_id, models_id, active, created_at, generated, mcp) VALUES ('019b3be4-36d1-782b-9f07-7b368cadc1f1', '019b3be4-36d1-782b-9f07-7b368cadc1f1', true, '2026-03-10 22:39:13.983541+00:00', false, false) ON CONFLICT (id) DO NOTHING;
INSERT INTO public.model_models_junction (model_id, models_id, active, created_at, generated, mcp) VALUES ('019b3be4-36d1-781d-9346-a9a8e2d4306d', '019b3be4-36d1-781d-9346-a9a8e2d4306d', true, '2026-03-10 22:39:13.987323+00:00', false, false) ON CONFLICT (id) DO NOTHING;
INSERT INTO public.model_models_junction (model_id, models_id, active, created_at, generated, mcp) VALUES ('019b3be4-36d1-7837-84df-b45edebc4ee5', '019b3be4-36d1-7837-84df-b45edebc4ee5', true, '2026-03-10 22:39:13.991150+00:00', false, false) ON CONFLICT (id) DO NOTHING;
INSERT INTO public.model_models_junction (model_id, models_id, active, created_at, generated, mcp) VALUES ('019b3be4-36d1-7811-8a78-2a54d6facafc', '019b3be4-36d1-7811-8a78-2a54d6facafc', true, '2026-03-10 22:39:13.994867+00:00', false, false) ON CONFLICT (id) DO NOTHING;
INSERT INTO public.model_models_junction (model_id, models_id, active, created_at, generated, mcp) VALUES ('019b3be4-36d1-7805-8d8b-9c811e4e765b', '019b3be4-36d1-7805-8d8b-9c811e4e765b', true, '2026-03-10 22:39:13.998469+00:00', false, false) ON CONFLICT (id) DO NOTHING;
INSERT INTO public.model_models_junction (model_id, models_id, active, created_at, generated, mcp) VALUES ('019b3be4-36cd-7888-842b-8c6f8dfb363b', '019b3be4-36cd-7888-842b-8c6f8dfb363b', true, '2026-03-10 22:39:14.001941+00:00', false, false) ON CONFLICT (id) DO NOTHING;
INSERT INTO public.model_models_junction (model_id, models_id, active, created_at, generated, mcp) VALUES ('019b3be4-36d1-7742-89d5-a4dabeba6ae3', '019b3be4-36d1-7742-89d5-a4dabeba6ae3', true, '2026-03-10 22:39:14.007139+00:00', false, false) ON CONFLICT (id) DO NOTHING;
INSERT INTO public.model_models_junction (model_id, models_id, active, created_at, generated, mcp) VALUES ('019b3be4-36d1-7753-88ba-93ca9b8c6ee5', '019b3be4-36d1-7753-88ba-93ca9b8c6ee5', true, '2026-03-10 22:39:14.012114+00:00', false, false) ON CONFLICT (id) DO NOTHING;
INSERT INTO public.model_models_junction (model_id, models_id, active, created_at, generated, mcp) VALUES ('019b3be4-36d1-7790-ae43-d83841b86f0b', '019b3be4-36d1-7790-ae43-d83841b86f0b', true, '2026-03-10 22:39:14.015642+00:00', false, false) ON CONFLICT (id) DO NOTHING;
INSERT INTO public.model_models_junction (model_id, models_id, active, created_at, generated, mcp) VALUES ('019b3be4-36d1-7723-9b2e-5ea00d22ad62', '019b3be4-36d1-7723-9b2e-5ea00d22ad62', true, '2026-03-10 22:39:14.021159+00:00', false, false) ON CONFLICT (id) DO NOTHING;
INSERT INTO public.model_models_junction (model_id, models_id, active, created_at, generated, mcp) VALUES ('019b3be4-36d1-77d1-bf3d-f2920b175b97', '019b3be4-36d1-77d1-bf3d-f2920b175b97', true, '2026-03-10 22:39:14.025054+00:00', false, false) ON CONFLICT (id) DO NOTHING;
INSERT INTO public.model_models_junction (model_id, models_id, active, created_at, generated, mcp) VALUES ('019b3be4-36d1-77bb-b61a-400ca2e43b82', '019b3be4-36d1-77bb-b61a-400ca2e43b82', true, '2026-03-10 22:39:14.029856+00:00', false, false) ON CONFLICT (id) DO NOTHING;
INSERT INTO public.model_models_junction (model_id, models_id, active, created_at, generated, mcp) VALUES ('019b3be4-36d1-786c-a2d6-39d1847d758c', '019b3be4-36d1-786c-a2d6-39d1847d758c', true, '2026-03-10 22:39:14.034654+00:00', false, false) ON CONFLICT (id) DO NOTHING;
INSERT INTO public.model_models_junction (model_id, models_id, active, created_at, generated, mcp) VALUES ('019b3be4-36d1-785a-afe5-6f3a911cdf01', '019b3be4-36d1-785a-afe5-6f3a911cdf01', true, '2026-03-10 22:39:14.037663+00:00', false, false) ON CONFLICT (id) DO NOTHING;
INSERT INTO public.model_models_junction (model_id, models_id, active, created_at, generated, mcp) VALUES ('019b3be4-36cd-7891-988a-33c18c46a564', '019b3be4-36cd-7891-988a-33c18c46a564', true, '2026-03-10 22:39:14.041115+00:00', false, false) ON CONFLICT (id) DO NOTHING;
INSERT INTO public.model_models_junction (model_id, models_id, active, created_at, generated, mcp) VALUES ('019b3be4-36d1-77dc-8a0c-81273114cb56', '019b3be4-36d1-77dc-8a0c-81273114cb56', true, '2026-03-10 22:39:14.044338+00:00', false, false) ON CONFLICT (id) DO NOTHING;
INSERT INTO public.model_models_junction (model_id, models_id, active, created_at, generated, mcp) VALUES ('019b3be4-36d1-776a-8c68-59e8e40a6e77', '019b3be4-36d1-776a-8c68-59e8e40a6e77', true, '2026-03-10 22:39:14.048875+00:00', false, false) ON CONFLICT (id) DO NOTHING;
INSERT INTO public.model_models_junction (model_id, models_id, active, created_at, generated, mcp) VALUES ('019b3be4-36d1-7887-a4a4-c282641fe9e3', '019b3be4-36d1-7887-a4a4-c282641fe9e3', true, '2026-03-10 22:39:14.053579+00:00', false, false) ON CONFLICT (id) DO NOTHING;
INSERT INTO public.model_models_junction (model_id, models_id, active, created_at, generated, mcp) VALUES ('019b3be4-36d1-7777-ad9f-cbe6aa668517', '019b3be4-36d1-7777-ad9f-cbe6aa668517', true, '2026-03-10 22:39:14.056794+00:00', false, false) ON CONFLICT (id) DO NOTHING;

-- model_names_junction
INSERT INTO public.model_names_junction (model_id, names_id, created_at, generated, mcp, active) VALUES ('019b3be4-36d1-77e9-a142-1caa685eefb0', '019cd9e7-81e3-742b-b7b0-ce7cc6e90769', '2026-03-10 22:39:13.945418+00:00', false, false, true) ON CONFLICT (id) DO NOTHING;
INSERT INTO public.model_names_junction (model_id, names_id, created_at, generated, mcp, active) VALUES ('019b3be4-36cd-7877-836a-8a5fc9b7f7bb', '019cd9e7-81e5-7913-8467-55e21a6b1992', '2026-03-10 22:39:13.953284+00:00', false, false, true) ON CONFLICT (id) DO NOTHING;
INSERT INTO public.model_names_junction (model_id, names_id, created_at, generated, mcp, active) VALUES ('019b3be4-36cd-7821-9ad2-6c260f8271b9', '019cd9e7-81e7-7936-a696-84ecbd233501', '2026-03-10 22:39:13.962485+00:00', false, false, true) ON CONFLICT (id) DO NOTHING;
INSERT INTO public.model_names_junction (model_id, names_id, created_at, generated, mcp, active) VALUES ('019b3be4-36cd-7883-b878-cf77e61f5906', '019cd9e7-81e9-7a48-9109-a50ce3fbc6b1', '2026-03-10 22:39:13.969244+00:00', false, false, true) ON CONFLICT (id) DO NOTHING;
INSERT INTO public.model_names_junction (model_id, names_id, created_at, generated, mcp, active) VALUES ('019b3be4-36d1-77f4-ae69-94e974529f3d', '019cd9e7-81eb-7c40-b4af-faf4da31410d', '2026-03-10 22:39:13.973417+00:00', false, false, true) ON CONFLICT (id) DO NOTHING;
INSERT INTO public.model_names_junction (model_id, names_id, created_at, generated, mcp, active) VALUES ('019b3be4-36d1-77ac-9c8d-7bcd806fbcf7', '019cd9e7-81ed-7cfa-bc00-1c8e32aef59f', '2026-03-10 22:39:13.977658+00:00', false, false, true) ON CONFLICT (id) DO NOTHING;
INSERT INTO public.model_names_junction (model_id, names_id, created_at, generated, mcp, active) VALUES ('019b3be4-36d1-782b-9f07-7b368cadc1f1', '019cd9e7-81ef-7d82-8dca-4e17ab171c45', '2026-03-10 22:39:13.983541+00:00', false, false, true) ON CONFLICT (id) DO NOTHING;
INSERT INTO public.model_names_junction (model_id, names_id, created_at, generated, mcp, active) VALUES ('019b3be4-36d1-781d-9346-a9a8e2d4306d', '019cd9e7-81f1-7eb8-b99e-140957b52d1a', '2026-03-10 22:39:13.987323+00:00', false, false, true) ON CONFLICT (id) DO NOTHING;
INSERT INTO public.model_names_junction (model_id, names_id, created_at, generated, mcp, active) VALUES ('019b3be4-36d1-7837-84df-b45edebc4ee5', '019cd9e7-81f3-7d75-9b2c-ca1618a2ca38', '2026-03-10 22:39:13.991150+00:00', false, false, true) ON CONFLICT (id) DO NOTHING;
INSERT INTO public.model_names_junction (model_id, names_id, created_at, generated, mcp, active) VALUES ('019b3be4-36d1-7811-8a78-2a54d6facafc', '019cd9e7-81f5-7d7e-b2a4-35efa21a3e34', '2026-03-10 22:39:13.994867+00:00', false, false, true) ON CONFLICT (id) DO NOTHING;
INSERT INTO public.model_names_junction (model_id, names_id, created_at, generated, mcp, active) VALUES ('019b3be4-36d1-7805-8d8b-9c811e4e765b', '019cd9e7-81f7-7d3e-9a83-eae6bea981ec', '2026-03-10 22:39:13.998469+00:00', false, false, true) ON CONFLICT (id) DO NOTHING;
INSERT INTO public.model_names_junction (model_id, names_id, created_at, generated, mcp, active) VALUES ('019b3be4-36cd-7888-842b-8c6f8dfb363b', '019cd9e7-81f9-7c4d-8c55-292ed3bd85df', '2026-03-10 22:39:14.001941+00:00', false, false, true) ON CONFLICT (id) DO NOTHING;
INSERT INTO public.model_names_junction (model_id, names_id, created_at, generated, mcp, active) VALUES ('019b3be4-36d1-7742-89d5-a4dabeba6ae3', '019cd9e7-81fb-7cf2-992e-727c50c87232', '2026-03-10 22:39:14.007139+00:00', false, false, true) ON CONFLICT (id) DO NOTHING;
INSERT INTO public.model_names_junction (model_id, names_id, created_at, generated, mcp, active) VALUES ('019b3be4-36d1-7753-88ba-93ca9b8c6ee5', '019cd9e7-81fd-7cc1-ade5-ab7c87a56790', '2026-03-10 22:39:14.012114+00:00', false, false, true) ON CONFLICT (id) DO NOTHING;
INSERT INTO public.model_names_junction (model_id, names_id, created_at, generated, mcp, active) VALUES ('019b3be4-36d1-7790-ae43-d83841b86f0b', '019cd9e7-81ff-7cf8-bc15-d4c4449fbd40', '2026-03-10 22:39:14.015642+00:00', false, false, true) ON CONFLICT (id) DO NOTHING;
INSERT INTO public.model_names_junction (model_id, names_id, created_at, generated, mcp, active) VALUES ('019b3be4-36d1-7723-9b2e-5ea00d22ad62', '019cd9e7-8201-7da3-9c4a-130114a6b157', '2026-03-10 22:39:14.021159+00:00', false, false, true) ON CONFLICT (id) DO NOTHING;
INSERT INTO public.model_names_junction (model_id, names_id, created_at, generated, mcp, active) VALUES ('019b3be4-36d1-77d1-bf3d-f2920b175b97', '019cd9e7-8203-7d62-93db-a22c2f3d8bc5', '2026-03-10 22:39:14.025054+00:00', false, false, true) ON CONFLICT (id) DO NOTHING;
INSERT INTO public.model_names_junction (model_id, names_id, created_at, generated, mcp, active) VALUES ('019b3be4-36d1-77bb-b61a-400ca2e43b82', '019cd9e7-8205-7b8f-9047-c1ec33788878', '2026-03-10 22:39:14.029856+00:00', false, false, true) ON CONFLICT (id) DO NOTHING;
INSERT INTO public.model_names_junction (model_id, names_id, created_at, generated, mcp, active) VALUES ('019b3be4-36d1-786c-a2d6-39d1847d758c', '019cd9e7-8207-7d51-be96-fd2b56644ca8', '2026-03-10 22:39:14.034654+00:00', false, false, true) ON CONFLICT (id) DO NOTHING;
INSERT INTO public.model_names_junction (model_id, names_id, created_at, generated, mcp, active) VALUES ('019b3be4-36d1-785a-afe5-6f3a911cdf01', '019cd9e7-8209-7e8b-b5ea-bac3f39d3465', '2026-03-10 22:39:14.037663+00:00', false, false, true) ON CONFLICT (id) DO NOTHING;
INSERT INTO public.model_names_junction (model_id, names_id, created_at, generated, mcp, active) VALUES ('019b3be4-36cd-7891-988a-33c18c46a564', '019cd9e7-820c-729b-bf19-3f4c56106d91', '2026-03-10 22:39:14.041115+00:00', false, false, true) ON CONFLICT (id) DO NOTHING;
INSERT INTO public.model_names_junction (model_id, names_id, created_at, generated, mcp, active) VALUES ('019b3be4-36d1-77dc-8a0c-81273114cb56', '019cd9e7-820e-720a-ae16-1bf263ccfe4b', '2026-03-10 22:39:14.044338+00:00', false, false, true) ON CONFLICT (id) DO NOTHING;
INSERT INTO public.model_names_junction (model_id, names_id, created_at, generated, mcp, active) VALUES ('019b3be4-36d1-776a-8c68-59e8e40a6e77', '019cd9e7-8210-7125-aac3-f83ed9c82fb4', '2026-03-10 22:39:14.048875+00:00', false, false, true) ON CONFLICT (id) DO NOTHING;
INSERT INTO public.model_names_junction (model_id, names_id, created_at, generated, mcp, active) VALUES ('019b3be4-36d1-7887-a4a4-c282641fe9e3', '019cd9e7-8212-7074-b4cf-e6341a37c3e6', '2026-03-10 22:39:14.053579+00:00', false, false, true) ON CONFLICT (id) DO NOTHING;
INSERT INTO public.model_names_junction (model_id, names_id, created_at, generated, mcp, active) VALUES ('019b3be4-36d1-7777-ad9f-cbe6aa668517', '019cd9e7-8214-705b-ba78-b57549299bc4', '2026-03-10 22:39:14.056794+00:00', false, false, true) ON CONFLICT (id) DO NOTHING;

-- model_pricing_junction
INSERT INTO public.model_pricing_junction (active, created_at, model_id, generated, mcp, pricing_id) VALUES (true, '2026-03-10 22:39:13.945418+00:00', '019b3be4-36d1-77e9-a142-1caa685eefb0', false, false, '019bbce5-e616-7639-bdef-fe85d318ea5d') ON CONFLICT (id) DO NOTHING;
INSERT INTO public.model_pricing_junction (active, created_at, model_id, generated, mcp, pricing_id) VALUES (true, '2026-03-10 22:39:13.945418+00:00', '019b3be4-36d1-77e9-a142-1caa685eefb0', false, false, '019bbce5-e613-7123-884c-ce90a613ecfa') ON CONFLICT (id) DO NOTHING;
INSERT INTO public.model_pricing_junction (active, created_at, model_id, generated, mcp, pricing_id) VALUES (true, '2026-03-10 22:39:13.953284+00:00', '019b3be4-36cd-7877-836a-8a5fc9b7f7bb', false, false, '019bbce5-e617-7969-b29c-8518b3ecfa80') ON CONFLICT (id) DO NOTHING;
INSERT INTO public.model_pricing_junction (active, created_at, model_id, generated, mcp, pricing_id) VALUES (true, '2026-03-10 22:39:13.953284+00:00', '019b3be4-36cd-7877-836a-8a5fc9b7f7bb', false, false, '019bbce5-e612-765b-9c4b-1f5257b9de29') ON CONFLICT (id) DO NOTHING;
INSERT INTO public.model_pricing_junction (active, created_at, model_id, generated, mcp, pricing_id) VALUES (true, '2026-03-10 22:39:13.962485+00:00', '019b3be4-36cd-7821-9ad2-6c260f8271b9', false, false, '019bbce5-e618-7571-925a-803f2089d71b') ON CONFLICT (id) DO NOTHING;
INSERT INTO public.model_pricing_junction (active, created_at, model_id, generated, mcp, pricing_id) VALUES (true, '2026-03-10 22:39:13.962485+00:00', '019b3be4-36cd-7821-9ad2-6c260f8271b9', false, false, '019bbce5-e613-7123-884c-ce90a613ecfa') ON CONFLICT (id) DO NOTHING;
INSERT INTO public.model_pricing_junction (active, created_at, model_id, generated, mcp, pricing_id) VALUES (true, '2026-03-10 22:39:13.969244+00:00', '019b3be4-36cd-7883-b878-cf77e61f5906', false, false, '019bbce5-e619-71a6-805e-be8916a1565e') ON CONFLICT (id) DO NOTHING;
INSERT INTO public.model_pricing_junction (active, created_at, model_id, generated, mcp, pricing_id) VALUES (true, '2026-03-10 22:39:13.969244+00:00', '019b3be4-36cd-7883-b878-cf77e61f5906', false, false, '019bbce5-e618-7cbd-ba98-7b0d3adc15b3') ON CONFLICT (id) DO NOTHING;
INSERT INTO public.model_pricing_junction (active, created_at, model_id, generated, mcp, pricing_id) VALUES (true, '2026-03-10 22:39:13.969244+00:00', '019b3be4-36cd-7883-b878-cf77e61f5906', false, false, '019bbce5-e614-7dba-bfc7-104348e5a45e') ON CONFLICT (id) DO NOTHING;
INSERT INTO public.model_pricing_junction (active, created_at, model_id, generated, mcp, pricing_id) VALUES (true, '2026-03-10 22:39:13.969244+00:00', '019b3be4-36cd-7883-b878-cf77e61f5906', false, false, '019bbce5-e613-7f49-90e2-722d3188bb30') ON CONFLICT (id) DO NOTHING;
INSERT INTO public.model_pricing_junction (active, created_at, model_id, generated, mcp, pricing_id) VALUES (true, '2026-03-10 22:39:13.973417+00:00', '019b3be4-36d1-77f4-ae69-94e974529f3d', false, false, '019bbce5-e61a-7134-b388-56de1664ed02') ON CONFLICT (id) DO NOTHING;
INSERT INTO public.model_pricing_junction (active, created_at, model_id, generated, mcp, pricing_id) VALUES (true, '2026-03-10 22:39:13.973417+00:00', '019b3be4-36d1-77f4-ae69-94e974529f3d', false, false, '019bbce5-e619-7977-98d3-a5f86433086f') ON CONFLICT (id) DO NOTHING;
INSERT INTO public.model_pricing_junction (active, created_at, model_id, generated, mcp, pricing_id) VALUES (true, '2026-03-10 22:39:13.973417+00:00', '019b3be4-36d1-77f4-ae69-94e974529f3d', false, false, '019bbce5-e618-7f1b-821b-25d03479409c') ON CONFLICT (id) DO NOTHING;
INSERT INTO public.model_pricing_junction (active, created_at, model_id, generated, mcp, pricing_id) VALUES (true, '2026-03-10 22:39:13.973417+00:00', '019b3be4-36d1-77f4-ae69-94e974529f3d', false, false, '019bbce5-e614-71cb-9535-84cdb7eac6ea') ON CONFLICT (id) DO NOTHING;
INSERT INTO public.model_pricing_junction (active, created_at, model_id, generated, mcp, pricing_id) VALUES (true, '2026-03-10 22:39:13.977658+00:00', '019b3be4-36d1-77ac-9c8d-7bcd806fbcf7', false, false, '019bbce5-e619-7977-98d3-a5f86433086f') ON CONFLICT (id) DO NOTHING;
INSERT INTO public.model_pricing_junction (active, created_at, model_id, generated, mcp, pricing_id) VALUES (true, '2026-03-10 22:39:13.977658+00:00', '019b3be4-36d1-77ac-9c8d-7bcd806fbcf7', false, false, '019bbce5-e618-7f1b-821b-25d03479409c') ON CONFLICT (id) DO NOTHING;
INSERT INTO public.model_pricing_junction (active, created_at, model_id, generated, mcp, pricing_id) VALUES (true, '2026-03-10 22:39:13.977658+00:00', '019b3be4-36d1-77ac-9c8d-7bcd806fbcf7', false, false, '019bbce5-e615-7039-9e54-d02b6e278e6e') ON CONFLICT (id) DO NOTHING;
INSERT INTO public.model_pricing_junction (active, created_at, model_id, generated, mcp, pricing_id) VALUES (true, '2026-03-10 22:39:13.977658+00:00', '019b3be4-36d1-77ac-9c8d-7bcd806fbcf7', false, false, '019bbce5-e614-7b0a-9775-52f849776328') ON CONFLICT (id) DO NOTHING;
INSERT INTO public.model_pricing_junction (active, created_at, model_id, generated, mcp, pricing_id) VALUES (true, '2026-03-10 22:39:13.983541+00:00', '019b3be4-36d1-782b-9f07-7b368cadc1f1', false, false, '019bbce5-e616-7183-ba48-82eb73b11c6d') ON CONFLICT (id) DO NOTHING;
INSERT INTO public.model_pricing_junction (active, created_at, model_id, generated, mcp, pricing_id) VALUES (true, '2026-03-10 22:39:13.987323+00:00', '019b3be4-36d1-781d-9346-a9a8e2d4306d', false, false, '019bbce5-e616-78c7-98da-9323f8fbe9c0') ON CONFLICT (id) DO NOTHING;
INSERT INTO public.model_pricing_junction (active, created_at, model_id, generated, mcp, pricing_id) VALUES (true, '2026-03-10 22:39:13.991150+00:00', '019b3be4-36d1-7837-84df-b45edebc4ee5', false, false, '019bbce5-e616-7d80-9151-67a90c90a6a2') ON CONFLICT (id) DO NOTHING;
INSERT INTO public.model_pricing_junction (active, created_at, model_id, generated, mcp, pricing_id) VALUES (true, '2026-03-10 22:39:13.994867+00:00', '019b3be4-36d1-7811-8a78-2a54d6facafc', false, false, '019bbce5-e617-722a-9bd2-66a46aff5385') ON CONFLICT (id) DO NOTHING;
INSERT INTO public.model_pricing_junction (active, created_at, model_id, generated, mcp, pricing_id) VALUES (true, '2026-03-10 22:39:13.998469+00:00', '019b3be4-36d1-7805-8d8b-9c811e4e765b', false, false, '019bbce5-e617-7bcd-89ad-641e506e5954') ON CONFLICT (id) DO NOTHING;
INSERT INTO public.model_pricing_junction (active, created_at, model_id, generated, mcp, pricing_id) VALUES (true, '2026-03-10 22:39:14.001941+00:00', '019b3be4-36cd-7888-842b-8c6f8dfb363b', false, false, '019bbce5-e61c-72ba-80a6-0f8c95e0db6c') ON CONFLICT (id) DO NOTHING;
INSERT INTO public.model_pricing_junction (active, created_at, model_id, generated, mcp, pricing_id) VALUES (true, '2026-03-10 22:39:14.001941+00:00', '019b3be4-36cd-7888-842b-8c6f8dfb363b', false, false, '019bbce5-e618-7805-9dd6-e845d173a27f') ON CONFLICT (id) DO NOTHING;
INSERT INTO public.model_pricing_junction (active, created_at, model_id, generated, mcp, pricing_id) VALUES (true, '2026-03-10 22:39:14.001941+00:00', '019b3be4-36cd-7888-842b-8c6f8dfb363b', false, false, '019bbce5-e614-71cb-9535-84cdb7eac6ea') ON CONFLICT (id) DO NOTHING;
INSERT INTO public.model_pricing_junction (active, created_at, model_id, generated, mcp, pricing_id) VALUES (true, '2026-03-10 22:39:14.007139+00:00', '019b3be4-36d1-7742-89d5-a4dabeba6ae3', false, false, '019bbce5-e618-70bf-a5a0-4af9f941f075') ON CONFLICT (id) DO NOTHING;
INSERT INTO public.model_pricing_junction (active, created_at, model_id, generated, mcp, pricing_id) VALUES (true, '2026-03-10 22:39:14.007139+00:00', '019b3be4-36d1-7742-89d5-a4dabeba6ae3', false, false, '019bbce5-e61b-77d4-952b-29ed47b20942') ON CONFLICT (id) DO NOTHING;
INSERT INTO public.model_pricing_junction (active, created_at, model_id, generated, mcp, pricing_id) VALUES (true, '2026-03-10 22:39:14.007139+00:00', '019b3be4-36d1-7742-89d5-a4dabeba6ae3', false, false, '019bbce5-e612-7bea-a6df-af5f0f5aeaef') ON CONFLICT (id) DO NOTHING;
INSERT INTO public.model_pricing_junction (active, created_at, model_id, generated, mcp, pricing_id) VALUES (true, '2026-03-10 22:39:14.012114+00:00', '019b3be4-36d1-7753-88ba-93ca9b8c6ee5', false, false, '019bbce5-e617-7969-b29c-8518b3ecfa80') ON CONFLICT (id) DO NOTHING;
INSERT INTO public.model_pricing_junction (active, created_at, model_id, generated, mcp, pricing_id) VALUES (true, '2026-03-10 22:39:14.012114+00:00', '019b3be4-36d1-7753-88ba-93ca9b8c6ee5', false, false, '019bbce5-e61b-751b-8ec3-984992180842') ON CONFLICT (id) DO NOTHING;
INSERT INTO public.model_pricing_junction (active, created_at, model_id, generated, mcp, pricing_id) VALUES (true, '2026-03-10 22:39:14.012114+00:00', '019b3be4-36d1-7753-88ba-93ca9b8c6ee5', false, false, '019bbce5-e612-70a7-ab5c-535d4ec6d3c1') ON CONFLICT (id) DO NOTHING;
INSERT INTO public.model_pricing_junction (active, created_at, model_id, generated, mcp, pricing_id) VALUES (true, '2026-03-10 22:39:14.015642+00:00', '019b3be4-36d1-7790-ae43-d83841b86f0b', false, false, '019bbce5-e61b-7e7f-b6cb-6d52b3735329') ON CONFLICT (id) DO NOTHING;
INSERT INTO public.model_pricing_junction (active, created_at, model_id, generated, mcp, pricing_id) VALUES (true, '2026-03-10 22:39:14.015642+00:00', '019b3be4-36d1-7790-ae43-d83841b86f0b', false, false, '019bbce5-e618-7a61-8daf-07ca0f11f252') ON CONFLICT (id) DO NOTHING;
INSERT INTO public.model_pricing_junction (active, created_at, model_id, generated, mcp, pricing_id) VALUES (true, '2026-03-10 22:39:14.015642+00:00', '019b3be4-36d1-7790-ae43-d83841b86f0b', false, false, '019bbce5-e613-7cce-9e54-d93870e9ceb0') ON CONFLICT (id) DO NOTHING;
INSERT INTO public.model_pricing_junction (active, created_at, model_id, generated, mcp, pricing_id) VALUES (true, '2026-03-10 22:39:14.021159+00:00', '019b3be4-36d1-7723-9b2e-5ea00d22ad62', false, false, '019bbce5-e61b-7e7f-b6cb-6d52b3735329') ON CONFLICT (id) DO NOTHING;
INSERT INTO public.model_pricing_junction (active, created_at, model_id, generated, mcp, pricing_id) VALUES (true, '2026-03-10 22:39:14.021159+00:00', '019b3be4-36d1-7723-9b2e-5ea00d22ad62', false, false, '019bbce5-e618-7a61-8daf-07ca0f11f252') ON CONFLICT (id) DO NOTHING;
INSERT INTO public.model_pricing_junction (active, created_at, model_id, generated, mcp, pricing_id) VALUES (true, '2026-03-10 22:39:14.021159+00:00', '019b3be4-36d1-7723-9b2e-5ea00d22ad62', false, false, '019bbce5-e613-7cce-9e54-d93870e9ceb0') ON CONFLICT (id) DO NOTHING;
INSERT INTO public.model_pricing_junction (active, created_at, model_id, generated, mcp, pricing_id) VALUES (true, '2026-03-10 22:39:14.025054+00:00', '019b3be4-36d1-77d1-bf3d-f2920b175b97', false, false, '019bbce5-e619-7bc7-a119-f4cda19853c4') ON CONFLICT (id) DO NOTHING;
INSERT INTO public.model_pricing_junction (active, created_at, model_id, generated, mcp, pricing_id) VALUES (true, '2026-03-10 22:39:14.025054+00:00', '019b3be4-36d1-77d1-bf3d-f2920b175b97', false, false, '019bbce5-e615-7519-a48e-119f06ab35b9') ON CONFLICT (id) DO NOTHING;
INSERT INTO public.model_pricing_junction (active, created_at, model_id, generated, mcp, pricing_id) VALUES (true, '2026-03-10 22:39:14.025054+00:00', '019b3be4-36d1-77d1-bf3d-f2920b175b97', false, false, '019bbce5-e618-7315-91c0-40ae2e80e797') ON CONFLICT (id) DO NOTHING;
INSERT INTO public.model_pricing_junction (active, created_at, model_id, generated, mcp, pricing_id) VALUES (true, '2026-03-10 22:39:14.025054+00:00', '019b3be4-36d1-77d1-bf3d-f2920b175b97', false, false, '019bbce5-e613-763f-8532-d1640980f1cd') ON CONFLICT (id) DO NOTHING;
INSERT INTO public.model_pricing_junction (active, created_at, model_id, generated, mcp, pricing_id) VALUES (true, '2026-03-10 22:39:14.029856+00:00', '019b3be4-36d1-77bb-b61a-400ca2e43b82', false, false, '019bbce5-e619-7e21-a84f-30517116ece5') ON CONFLICT (id) DO NOTHING;
INSERT INTO public.model_pricing_junction (active, created_at, model_id, generated, mcp, pricing_id) VALUES (true, '2026-03-10 22:39:14.029856+00:00', '019b3be4-36d1-77bb-b61a-400ca2e43b82', false, false, '019bbce5-e615-7776-ab67-d9e6d74d4241') ON CONFLICT (id) DO NOTHING;
INSERT INTO public.model_pricing_junction (active, created_at, model_id, generated, mcp, pricing_id) VALUES (true, '2026-03-10 22:39:14.029856+00:00', '019b3be4-36d1-77bb-b61a-400ca2e43b82', false, false, '019bbce5-e618-7a61-8daf-07ca0f11f252') ON CONFLICT (id) DO NOTHING;
INSERT INTO public.model_pricing_junction (active, created_at, model_id, generated, mcp, pricing_id) VALUES (true, '2026-03-10 22:39:14.029856+00:00', '019b3be4-36d1-77bb-b61a-400ca2e43b82', false, false, '019bbce5-e614-7dba-bfc7-104348e5a45e') ON CONFLICT (id) DO NOTHING;
INSERT INTO public.model_pricing_junction (active, created_at, model_id, generated, mcp, pricing_id) VALUES (true, '2026-03-10 22:39:14.034654+00:00', '019b3be4-36d1-786c-a2d6-39d1847d758c', false, false, '019bbce5-e615-7ef9-b521-fa267051866b') ON CONFLICT (id) DO NOTHING;
INSERT INTO public.model_pricing_junction (active, created_at, model_id, generated, mcp, pricing_id) VALUES (true, '2026-03-10 22:39:14.034654+00:00', '019b3be4-36d1-786c-a2d6-39d1847d758c', false, false, '019bbce5-e615-7c81-abb4-910688286758') ON CONFLICT (id) DO NOTHING;
INSERT INTO public.model_pricing_junction (active, created_at, model_id, generated, mcp, pricing_id) VALUES (true, '2026-03-10 22:39:14.034654+00:00', '019b3be4-36d1-786c-a2d6-39d1847d758c', false, false, '019bbce5-e616-73d7-bc0b-e58e7c5530ed') ON CONFLICT (id) DO NOTHING;
INSERT INTO public.model_pricing_junction (active, created_at, model_id, generated, mcp, pricing_id) VALUES (true, '2026-03-10 22:39:14.037663+00:00', '019b3be4-36d1-785a-afe5-6f3a911cdf01', false, false, '019bbce5-e617-748c-abcb-8642f1d3f0c0') ON CONFLICT (id) DO NOTHING;
INSERT INTO public.model_pricing_junction (active, created_at, model_id, generated, mcp, pricing_id) VALUES (true, '2026-03-10 22:39:14.037663+00:00', '019b3be4-36d1-785a-afe5-6f3a911cdf01', false, false, '019bbce5-e616-7b20-8526-c014d3ef1b3d') ON CONFLICT (id) DO NOTHING;
INSERT INTO public.model_pricing_junction (active, created_at, model_id, generated, mcp, pricing_id) VALUES (true, '2026-03-10 22:39:14.037663+00:00', '019b3be4-36d1-785a-afe5-6f3a911cdf01', false, false, '019bbce5-e615-7ef9-b521-fa267051866b') ON CONFLICT (id) DO NOTHING;
INSERT INTO public.model_pricing_junction (active, created_at, model_id, generated, mcp, pricing_id) VALUES (true, '2026-03-10 22:39:14.041115+00:00', '019b3be4-36cd-7891-988a-33c18c46a564', false, false, '019bbce5-e615-79ef-973a-92765896a8d4') ON CONFLICT (id) DO NOTHING;
INSERT INTO public.model_pricing_junction (active, created_at, model_id, generated, mcp, pricing_id) VALUES (true, '2026-03-10 22:39:14.041115+00:00', '019b3be4-36cd-7891-988a-33c18c46a564', false, false, '019bbce5-e61a-7c53-b3be-99c73691f7ff') ON CONFLICT (id) DO NOTHING;
INSERT INTO public.model_pricing_junction (active, created_at, model_id, generated, mcp, pricing_id) VALUES (true, '2026-03-10 22:39:14.041115+00:00', '019b3be4-36cd-7891-988a-33c18c46a564', false, false, '019bbce5-e60f-7cbb-8f27-ae33b2c11ccc') ON CONFLICT (id) DO NOTHING;
INSERT INTO public.model_pricing_junction (active, created_at, model_id, generated, mcp, pricing_id) VALUES (true, '2026-03-10 22:39:14.044338+00:00', '019b3be4-36d1-77dc-8a0c-81273114cb56', false, false, '019bbce5-e61b-7c35-923b-d0d99ab8e122') ON CONFLICT (id) DO NOTHING;
INSERT INTO public.model_pricing_junction (active, created_at, model_id, generated, mcp, pricing_id) VALUES (true, '2026-03-10 22:39:14.044338+00:00', '019b3be4-36d1-77dc-8a0c-81273114cb56', false, false, '019bbce5-e613-7a41-b4aa-e9c0612506bf') ON CONFLICT (id) DO NOTHING;
INSERT INTO public.model_pricing_junction (active, created_at, model_id, generated, mcp, pricing_id) VALUES (true, '2026-03-10 22:39:14.044338+00:00', '019b3be4-36d1-77dc-8a0c-81273114cb56', false, false, '019bbce5-e619-7bc7-a119-f4cda19853c4') ON CONFLICT (id) DO NOTHING;
INSERT INTO public.model_pricing_junction (active, created_at, model_id, generated, mcp, pricing_id) VALUES (true, '2026-03-10 22:39:14.044338+00:00', '019b3be4-36d1-77dc-8a0c-81273114cb56', false, false, '019bbce5-e61c-709b-b4d9-979bb314e5d8') ON CONFLICT (id) DO NOTHING;
INSERT INTO public.model_pricing_junction (active, created_at, model_id, generated, mcp, pricing_id) VALUES (true, '2026-03-10 22:39:14.044338+00:00', '019b3be4-36d1-77dc-8a0c-81273114cb56', false, false, '019bbce5-e615-7519-a48e-119f06ab35b9') ON CONFLICT (id) DO NOTHING;
INSERT INTO public.model_pricing_junction (active, created_at, model_id, generated, mcp, pricing_id) VALUES (true, '2026-03-10 22:39:14.044338+00:00', '019b3be4-36d1-77dc-8a0c-81273114cb56', false, false, '019bbce5-e618-7315-91c0-40ae2e80e797') ON CONFLICT (id) DO NOTHING;
INSERT INTO public.model_pricing_junction (active, created_at, model_id, generated, mcp, pricing_id) VALUES (true, '2026-03-10 22:39:14.044338+00:00', '019b3be4-36d1-77dc-8a0c-81273114cb56', false, false, '019bbce5-e61b-7a16-a323-95cd2a0d255f') ON CONFLICT (id) DO NOTHING;
INSERT INTO public.model_pricing_junction (active, created_at, model_id, generated, mcp, pricing_id) VALUES (true, '2026-03-10 22:39:14.044338+00:00', '019b3be4-36d1-77dc-8a0c-81273114cb56', false, false, '019bbce5-e613-763f-8532-d1640980f1cd') ON CONFLICT (id) DO NOTHING;
INSERT INTO public.model_pricing_junction (active, created_at, model_id, generated, mcp, pricing_id) VALUES (true, '2026-03-10 22:39:14.048875+00:00', '019b3be4-36d1-776a-8c68-59e8e40a6e77', false, false, '019bbce5-e61c-76e9-afb3-e8a0812cf774') ON CONFLICT (id) DO NOTHING;
INSERT INTO public.model_pricing_junction (active, created_at, model_id, generated, mcp, pricing_id) VALUES (true, '2026-03-10 22:39:14.048875+00:00', '019b3be4-36d1-776a-8c68-59e8e40a6e77', false, false, '019bbce5-e615-72b2-855e-ce571d75c284') ON CONFLICT (id) DO NOTHING;
INSERT INTO public.model_pricing_junction (active, created_at, model_id, generated, mcp, pricing_id) VALUES (true, '2026-03-10 22:39:14.048875+00:00', '019b3be4-36d1-776a-8c68-59e8e40a6e77', false, false, '019bbce5-e619-7e21-a84f-30517116ece5') ON CONFLICT (id) DO NOTHING;
INSERT INTO public.model_pricing_junction (active, created_at, model_id, generated, mcp, pricing_id) VALUES (true, '2026-03-10 22:39:14.048875+00:00', '019b3be4-36d1-776a-8c68-59e8e40a6e77', false, false, '019bbce5-e61c-74ca-b5b1-6548c9cf692b') ON CONFLICT (id) DO NOTHING;
INSERT INTO public.model_pricing_junction (active, created_at, model_id, generated, mcp, pricing_id) VALUES (true, '2026-03-10 22:39:14.048875+00:00', '019b3be4-36d1-776a-8c68-59e8e40a6e77', false, false, '019bbce5-e615-7776-ab67-d9e6d74d4241') ON CONFLICT (id) DO NOTHING;
INSERT INTO public.model_pricing_junction (active, created_at, model_id, generated, mcp, pricing_id) VALUES (true, '2026-03-10 22:39:14.048875+00:00', '019b3be4-36d1-776a-8c68-59e8e40a6e77', false, false, '019bbce5-e619-76f0-a364-4ceedf4f6bf7') ON CONFLICT (id) DO NOTHING;
INSERT INTO public.model_pricing_junction (active, created_at, model_id, generated, mcp, pricing_id) VALUES (true, '2026-03-10 22:39:14.048875+00:00', '019b3be4-36d1-776a-8c68-59e8e40a6e77', false, false, '019bbce5-e61c-72ba-80a6-0f8c95e0db6c') ON CONFLICT (id) DO NOTHING;
INSERT INTO public.model_pricing_junction (active, created_at, model_id, generated, mcp, pricing_id) VALUES (true, '2026-03-10 22:39:14.048875+00:00', '019b3be4-36d1-776a-8c68-59e8e40a6e77', false, false, '019bbce5-e615-7039-9e54-d02b6e278e6e') ON CONFLICT (id) DO NOTHING;
INSERT INTO public.model_pricing_junction (active, created_at, model_id, generated, mcp, pricing_id) VALUES (true, '2026-03-10 22:39:14.053579+00:00', '019b3be4-36d1-7887-a4a4-c282641fe9e3', false, false, '019bbce5-e617-770f-a354-a94fbf7fe764') ON CONFLICT (id) DO NOTHING;
INSERT INTO public.model_pricing_junction (active, created_at, model_id, generated, mcp, pricing_id) VALUES (true, '2026-03-10 22:39:14.053579+00:00', '019b3be4-36d1-7887-a4a4-c282641fe9e3', false, false, '019bbce5-e617-7e3b-ba13-e97571ba8013') ON CONFLICT (id) DO NOTHING;
INSERT INTO public.model_pricing_junction (active, created_at, model_id, generated, mcp, pricing_id) VALUES (true, '2026-03-10 22:39:14.056794+00:00', '019b3be4-36d1-7777-ad9f-cbe6aa668517', false, false, '019bbce5-e616-7fce-ae21-4356ff8eafaf') ON CONFLICT (id) DO NOTHING;

-- model_providers_junction
INSERT INTO public.model_providers_junction (model_id, providers_id, created_at, active, generated, mcp) VALUES ('019b3be4-36d1-77e9-a142-1caa685eefb0', '019bb2af-b2a5-7219-9e1d-2439eee0b618', '2026-03-10 22:39:13.945418+00:00', true, false, false) ON CONFLICT (id) DO NOTHING;
INSERT INTO public.model_providers_junction (model_id, providers_id, created_at, active, generated, mcp) VALUES ('019b3be4-36cd-7877-836a-8a5fc9b7f7bb', '019bb2af-b2a5-7219-9e1d-2439eee0b618', '2026-03-10 22:39:13.953284+00:00', true, false, false) ON CONFLICT (id) DO NOTHING;
INSERT INTO public.model_providers_junction (model_id, providers_id, created_at, active, generated, mcp) VALUES ('019b3be4-36cd-7821-9ad2-6c260f8271b9', '019bb2af-b2a5-7219-9e1d-2439eee0b618', '2026-03-10 22:39:13.962485+00:00', true, false, false) ON CONFLICT (id) DO NOTHING;
INSERT INTO public.model_providers_junction (model_id, providers_id, created_at, active, generated, mcp) VALUES ('019b3be4-36cd-7883-b878-cf77e61f5906', '019bb2af-b2a5-7219-9e1d-2439eee0b618', '2026-03-10 22:39:13.969244+00:00', true, false, false) ON CONFLICT (id) DO NOTHING;
INSERT INTO public.model_providers_junction (model_id, providers_id, created_at, active, generated, mcp) VALUES ('019b3be4-36d1-77f4-ae69-94e974529f3d', '019bb2af-b2a5-7219-9e1d-2439eee0b618', '2026-03-10 22:39:13.973417+00:00', true, false, false) ON CONFLICT (id) DO NOTHING;
INSERT INTO public.model_providers_junction (model_id, providers_id, created_at, active, generated, mcp) VALUES ('019b3be4-36d1-77ac-9c8d-7bcd806fbcf7', '019bb2af-b2a5-7219-9e1d-2439eee0b618', '2026-03-10 22:39:13.977658+00:00', true, false, false) ON CONFLICT (id) DO NOTHING;
INSERT INTO public.model_providers_junction (model_id, providers_id, created_at, active, generated, mcp) VALUES ('019b3be4-36d1-782b-9f07-7b368cadc1f1', '019bb2af-b2a5-7219-9e1d-2439eee0b618', '2026-03-10 22:39:13.983541+00:00', true, false, false) ON CONFLICT (id) DO NOTHING;
INSERT INTO public.model_providers_junction (model_id, providers_id, created_at, active, generated, mcp) VALUES ('019b3be4-36d1-781d-9346-a9a8e2d4306d', '019bb2af-b2a5-7219-9e1d-2439eee0b618', '2026-03-10 22:39:13.987323+00:00', true, false, false) ON CONFLICT (id) DO NOTHING;
INSERT INTO public.model_providers_junction (model_id, providers_id, created_at, active, generated, mcp) VALUES ('019b3be4-36d1-7837-84df-b45edebc4ee5', '019bb2af-b2a5-7219-9e1d-2439eee0b618', '2026-03-10 22:39:13.991150+00:00', true, false, false) ON CONFLICT (id) DO NOTHING;
INSERT INTO public.model_providers_junction (model_id, providers_id, created_at, active, generated, mcp) VALUES ('019b3be4-36d1-7811-8a78-2a54d6facafc', '019bb2af-b2a5-7219-9e1d-2439eee0b618', '2026-03-10 22:39:13.994867+00:00', true, false, false) ON CONFLICT (id) DO NOTHING;
INSERT INTO public.model_providers_junction (model_id, providers_id, created_at, active, generated, mcp) VALUES ('019b3be4-36d1-7805-8d8b-9c811e4e765b', '019bb2af-b2a5-7219-9e1d-2439eee0b618', '2026-03-10 22:39:13.998469+00:00', true, false, false) ON CONFLICT (id) DO NOTHING;
INSERT INTO public.model_providers_junction (model_id, providers_id, created_at, active, generated, mcp) VALUES ('019b3be4-36cd-7888-842b-8c6f8dfb363b', '019bb2af-b2a3-7466-ad52-1a8593d00b6f', '2026-03-10 22:39:14.001941+00:00', true, false, false) ON CONFLICT (id) DO NOTHING;
INSERT INTO public.model_providers_junction (model_id, providers_id, created_at, active, generated, mcp) VALUES ('019b3be4-36d1-7742-89d5-a4dabeba6ae3', '019bb2af-b2a3-7466-ad52-1a8593d00b6f', '2026-03-10 22:39:14.007139+00:00', true, false, false) ON CONFLICT (id) DO NOTHING;
INSERT INTO public.model_providers_junction (model_id, providers_id, created_at, active, generated, mcp) VALUES ('019b3be4-36d1-7753-88ba-93ca9b8c6ee5', '019bb2af-b2a3-7466-ad52-1a8593d00b6f', '2026-03-10 22:39:14.012114+00:00', true, false, false) ON CONFLICT (id) DO NOTHING;
INSERT INTO public.model_providers_junction (model_id, providers_id, created_at, active, generated, mcp) VALUES ('019b3be4-36d1-7790-ae43-d83841b86f0b', '019bb2af-b2a3-7466-ad52-1a8593d00b6f', '2026-03-10 22:39:14.015642+00:00', true, false, false) ON CONFLICT (id) DO NOTHING;
INSERT INTO public.model_providers_junction (model_id, providers_id, created_at, active, generated, mcp) VALUES ('019b3be4-36d1-7723-9b2e-5ea00d22ad62', '019bb2af-b2a3-7466-ad52-1a8593d00b6f', '2026-03-10 22:39:14.021159+00:00', true, false, false) ON CONFLICT (id) DO NOTHING;
INSERT INTO public.model_providers_junction (model_id, providers_id, created_at, active, generated, mcp) VALUES ('019b3be4-36d1-77d1-bf3d-f2920b175b97', '019bb2af-b2a3-7466-ad52-1a8593d00b6f', '2026-03-10 22:39:14.025054+00:00', true, false, false) ON CONFLICT (id) DO NOTHING;
INSERT INTO public.model_providers_junction (model_id, providers_id, created_at, active, generated, mcp) VALUES ('019b3be4-36d1-77bb-b61a-400ca2e43b82', '019bb2af-b2a3-7466-ad52-1a8593d00b6f', '2026-03-10 22:39:14.029856+00:00', true, false, false) ON CONFLICT (id) DO NOTHING;
INSERT INTO public.model_providers_junction (model_id, providers_id, created_at, active, generated, mcp) VALUES ('019b3be4-36d1-786c-a2d6-39d1847d758c', '019bb2af-b2a3-7466-ad52-1a8593d00b6f', '2026-03-10 22:39:14.034654+00:00', true, false, false) ON CONFLICT (id) DO NOTHING;
INSERT INTO public.model_providers_junction (model_id, providers_id, created_at, active, generated, mcp) VALUES ('019b3be4-36d1-785a-afe5-6f3a911cdf01', '019bb2af-b2a3-7466-ad52-1a8593d00b6f', '2026-03-10 22:39:14.037663+00:00', true, false, false) ON CONFLICT (id) DO NOTHING;
INSERT INTO public.model_providers_junction (model_id, providers_id, created_at, active, generated, mcp) VALUES ('019b3be4-36cd-7891-988a-33c18c46a564', '019bb2af-b2a3-7466-ad52-1a8593d00b6f', '2026-03-10 22:39:14.041115+00:00', true, false, false) ON CONFLICT (id) DO NOTHING;
INSERT INTO public.model_providers_junction (model_id, providers_id, created_at, active, generated, mcp) VALUES ('019b3be4-36d1-77dc-8a0c-81273114cb56', '019bb2af-b2a3-7466-ad52-1a8593d00b6f', '2026-03-10 22:39:14.044338+00:00', true, false, false) ON CONFLICT (id) DO NOTHING;
INSERT INTO public.model_providers_junction (model_id, providers_id, created_at, active, generated, mcp) VALUES ('019b3be4-36d1-776a-8c68-59e8e40a6e77', '019bb2af-b2a3-7466-ad52-1a8593d00b6f', '2026-03-10 22:39:14.048875+00:00', true, false, false) ON CONFLICT (id) DO NOTHING;
INSERT INTO public.model_providers_junction (model_id, providers_id, created_at, active, generated, mcp) VALUES ('019b3be4-36d1-7887-a4a4-c282641fe9e3', '019bb2af-b2a3-7466-ad52-1a8593d00b6f', '2026-03-10 22:39:14.053579+00:00', true, false, false) ON CONFLICT (id) DO NOTHING;
INSERT INTO public.model_providers_junction (model_id, providers_id, created_at, active, generated, mcp) VALUES ('019b3be4-36d1-7777-ad9f-cbe6aa668517', '019bb2af-b2a3-7466-ad52-1a8593d00b6f', '2026-03-10 22:39:14.056794+00:00', true, false, false) ON CONFLICT (id) DO NOTHING;

-- model_reasoning_levels_junction
INSERT INTO public.model_reasoning_levels_junction (model_id, reasoning_levels_id, created_at, generated, mcp, active) VALUES ('019b3be4-36cd-7877-836a-8a5fc9b7f7bb', '019bb58e-0ae0-74a2-a7dc-b32fdb4ce93c', '2026-03-10 22:39:13.953284+00:00', false, false, true) ON CONFLICT (id) DO NOTHING;
INSERT INTO public.model_reasoning_levels_junction (model_id, reasoning_levels_id, created_at, generated, mcp, active) VALUES ('019b3be4-36cd-7877-836a-8a5fc9b7f7bb', '019bb58e-0ae0-7520-9f94-46c300d57c63', '2026-03-10 22:39:13.953284+00:00', false, false, true) ON CONFLICT (id) DO NOTHING;
INSERT INTO public.model_reasoning_levels_junction (model_id, reasoning_levels_id, created_at, generated, mcp, active) VALUES ('019b3be4-36cd-7877-836a-8a5fc9b7f7bb', '019bb58e-0ae0-73e4-943f-60951f322d0a', '2026-03-10 22:39:13.953284+00:00', false, false, true) ON CONFLICT (id) DO NOTHING;
INSERT INTO public.model_reasoning_levels_junction (model_id, reasoning_levels_id, created_at, generated, mcp, active) VALUES ('019b3be4-36cd-7877-836a-8a5fc9b7f7bb', '019bb58e-0ae0-756a-9627-e068af5f7478', '2026-03-10 22:39:13.953284+00:00', false, false, true) ON CONFLICT (id) DO NOTHING;
INSERT INTO public.model_reasoning_levels_junction (model_id, reasoning_levels_id, created_at, generated, mcp, active) VALUES ('019b3be4-36cd-7821-9ad2-6c260f8271b9', '019bb58e-0ae0-7260-a3ce-a897fd08a421', '2026-03-10 22:39:13.962485+00:00', false, false, true) ON CONFLICT (id) DO NOTHING;
INSERT INTO public.model_reasoning_levels_junction (model_id, reasoning_levels_id, created_at, generated, mcp, active) VALUES ('019b3be4-36cd-7821-9ad2-6c260f8271b9', '019bb58e-0ae0-732c-b10b-04ed0a31f86a', '2026-03-10 22:39:13.962485+00:00', false, false, true) ON CONFLICT (id) DO NOTHING;
INSERT INTO public.model_reasoning_levels_junction (model_id, reasoning_levels_id, created_at, generated, mcp, active) VALUES ('019b3be4-36cd-7821-9ad2-6c260f8271b9', '019bb58e-0adf-7b5a-8e46-40a6c1b8dc9a', '2026-03-10 22:39:13.962485+00:00', false, false, true) ON CONFLICT (id) DO NOTHING;
INSERT INTO public.model_reasoning_levels_junction (model_id, reasoning_levels_id, created_at, generated, mcp, active) VALUES ('019b3be4-36cd-7821-9ad2-6c260f8271b9', '019bb58e-0ae0-7188-94e0-c678dc587ef4', '2026-03-10 22:39:13.962485+00:00', false, false, true) ON CONFLICT (id) DO NOTHING;
INSERT INTO public.model_reasoning_levels_junction (model_id, reasoning_levels_id, created_at, generated, mcp, active) VALUES ('019b3be4-36d1-77ac-9c8d-7bcd806fbcf7', '019bb58e-0ae0-7878-af71-36c0539cb08c', '2026-03-10 22:39:13.977658+00:00', false, false, true) ON CONFLICT (id) DO NOTHING;
INSERT INTO public.model_reasoning_levels_junction (model_id, reasoning_levels_id, created_at, generated, mcp, active) VALUES ('019b3be4-36d1-77ac-9c8d-7bcd806fbcf7', '019bb58e-0ae0-78fe-99ef-e2f3db093a78', '2026-03-10 22:39:13.977658+00:00', false, false, true) ON CONFLICT (id) DO NOTHING;
INSERT INTO public.model_reasoning_levels_junction (model_id, reasoning_levels_id, created_at, generated, mcp, active) VALUES ('019b3be4-36d1-77ac-9c8d-7bcd806fbcf7', '019bb58e-0ae0-78bd-98c8-090192eb67b6', '2026-03-10 22:39:13.977658+00:00', false, false, true) ON CONFLICT (id) DO NOTHING;
INSERT INTO public.model_reasoning_levels_junction (model_id, reasoning_levels_id, created_at, generated, mcp, active) VALUES ('019b3be4-36d1-77ac-9c8d-7bcd806fbcf7', '019bb58e-0ae0-783a-973f-1b00cee18340', '2026-03-10 22:39:13.977658+00:00', false, false, true) ON CONFLICT (id) DO NOTHING;
INSERT INTO public.model_reasoning_levels_junction (model_id, reasoning_levels_id, created_at, generated, mcp, active) VALUES ('019b3be4-36d1-7790-ae43-d83841b86f0b', '019bb58e-0ae0-7737-8da3-d47217886e42', '2026-03-10 22:39:14.015642+00:00', false, false, true) ON CONFLICT (id) DO NOTHING;
INSERT INTO public.model_reasoning_levels_junction (model_id, reasoning_levels_id, created_at, generated, mcp, active) VALUES ('019b3be4-36d1-7790-ae43-d83841b86f0b', '019bb58e-0ae0-777a-ac31-d4a94d6b1e43', '2026-03-10 22:39:14.015642+00:00', false, false, true) ON CONFLICT (id) DO NOTHING;
INSERT INTO public.model_reasoning_levels_junction (model_id, reasoning_levels_id, created_at, generated, mcp, active) VALUES ('019b3be4-36d1-7790-ae43-d83841b86f0b', '019bb58e-0ae0-77bb-9ef5-38d4d3963794', '2026-03-10 22:39:14.015642+00:00', false, false, true) ON CONFLICT (id) DO NOTHING;
INSERT INTO public.model_reasoning_levels_junction (model_id, reasoning_levels_id, created_at, generated, mcp, active) VALUES ('019b3be4-36d1-7790-ae43-d83841b86f0b', '019bb58e-0ae0-76f4-8dc9-ffa189134ba4', '2026-03-10 22:39:14.015642+00:00', false, false, true) ON CONFLICT (id) DO NOTHING;
INSERT INTO public.model_reasoning_levels_junction (model_id, reasoning_levels_id, created_at, generated, mcp, active) VALUES ('019b3be4-36d1-7790-ae43-d83841b86f0b', '019bb58e-0ae0-77f9-93e1-a6688660a4d6', '2026-03-10 22:39:14.015642+00:00', false, false, true) ON CONFLICT (id) DO NOTHING;
INSERT INTO public.model_reasoning_levels_junction (model_id, reasoning_levels_id, created_at, generated, mcp, active) VALUES ('019b3be4-36d1-7723-9b2e-5ea00d22ad62', '019bb58e-0ae0-76b9-a047-a56cab0551df', '2026-03-10 22:39:14.021159+00:00', false, false, true) ON CONFLICT (id) DO NOTHING;
INSERT INTO public.model_reasoning_levels_junction (model_id, reasoning_levels_id, created_at, generated, mcp, active) VALUES ('019b3be4-36d1-7723-9b2e-5ea00d22ad62', '019bb58e-0ae0-7674-8f88-3d599e46389c', '2026-03-10 22:39:14.021159+00:00', false, false, true) ON CONFLICT (id) DO NOTHING;
INSERT INTO public.model_reasoning_levels_junction (model_id, reasoning_levels_id, created_at, generated, mcp, active) VALUES ('019b3be4-36d1-7723-9b2e-5ea00d22ad62', '019bb58e-0ae0-75a8-88aa-df5679daaa42', '2026-03-10 22:39:14.021159+00:00', false, false, true) ON CONFLICT (id) DO NOTHING;
INSERT INTO public.model_reasoning_levels_junction (model_id, reasoning_levels_id, created_at, generated, mcp, active) VALUES ('019b3be4-36d1-7723-9b2e-5ea00d22ad62', '019bb58e-0ae0-7632-b146-b0bdb933c00d', '2026-03-10 22:39:14.021159+00:00', false, false, true) ON CONFLICT (id) DO NOTHING;
INSERT INTO public.model_reasoning_levels_junction (model_id, reasoning_levels_id, created_at, generated, mcp, active) VALUES ('019b3be4-36d1-7723-9b2e-5ea00d22ad62', '019bb58e-0ae0-75ee-a5d0-83b15b64064e', '2026-03-10 22:39:14.021159+00:00', false, false, true) ON CONFLICT (id) DO NOTHING;
INSERT INTO public.model_reasoning_levels_junction (model_id, reasoning_levels_id, created_at, generated, mcp, active) VALUES ('019b3be4-36d1-77d1-bf3d-f2920b175b97', '019bb58e-0ae0-7b0b-8f3c-0015fe2fd023', '2026-03-10 22:39:14.025054+00:00', false, false, true) ON CONFLICT (id) DO NOTHING;
INSERT INTO public.model_reasoning_levels_junction (model_id, reasoning_levels_id, created_at, generated, mcp, active) VALUES ('019b3be4-36d1-77d1-bf3d-f2920b175b97', '019bb58e-0ae0-7a8a-8ad5-369e4f0a3c88', '2026-03-10 22:39:14.025054+00:00', false, false, true) ON CONFLICT (id) DO NOTHING;
INSERT INTO public.model_reasoning_levels_junction (model_id, reasoning_levels_id, created_at, generated, mcp, active) VALUES ('019b3be4-36d1-77d1-bf3d-f2920b175b97', '019bb58e-0ae0-7b48-b743-747b65796171', '2026-03-10 22:39:14.025054+00:00', false, false, true) ON CONFLICT (id) DO NOTHING;
INSERT INTO public.model_reasoning_levels_junction (model_id, reasoning_levels_id, created_at, generated, mcp, active) VALUES ('019b3be4-36d1-77d1-bf3d-f2920b175b97', '019bb58e-0ae0-7aca-ab93-c29199c5cc74', '2026-03-10 22:39:14.025054+00:00', false, false, true) ON CONFLICT (id) DO NOTHING;
INSERT INTO public.model_reasoning_levels_junction (model_id, reasoning_levels_id, created_at, generated, mcp, active) VALUES ('019b3be4-36d1-77d1-bf3d-f2920b175b97', '019bb58e-0ae0-7b8d-9d22-0cc3f97176dd', '2026-03-10 22:39:14.025054+00:00', false, false, true) ON CONFLICT (id) DO NOTHING;
INSERT INTO public.model_reasoning_levels_junction (model_id, reasoning_levels_id, created_at, generated, mcp, active) VALUES ('019b3be4-36d1-77bb-b61a-400ca2e43b82', '019bb58e-0ae0-797c-8d92-4e2d037a302e', '2026-03-10 22:39:14.029856+00:00', false, false, true) ON CONFLICT (id) DO NOTHING;
INSERT INTO public.model_reasoning_levels_junction (model_id, reasoning_levels_id, created_at, generated, mcp, active) VALUES ('019b3be4-36d1-77bb-b61a-400ca2e43b82', '019bb58e-0ae0-793b-a87f-4f96b77e4379', '2026-03-10 22:39:14.029856+00:00', false, false, true) ON CONFLICT (id) DO NOTHING;
INSERT INTO public.model_reasoning_levels_junction (model_id, reasoning_levels_id, created_at, generated, mcp, active) VALUES ('019b3be4-36d1-77bb-b61a-400ca2e43b82', '019bb58e-0ae0-7a4d-87a4-b3b2af435887', '2026-03-10 22:39:14.029856+00:00', false, false, true) ON CONFLICT (id) DO NOTHING;
INSERT INTO public.model_reasoning_levels_junction (model_id, reasoning_levels_id, created_at, generated, mcp, active) VALUES ('019b3be4-36d1-77bb-b61a-400ca2e43b82', '019bb58e-0ae0-79b8-ab5b-33c15d1eaabd', '2026-03-10 22:39:14.029856+00:00', false, false, true) ON CONFLICT (id) DO NOTHING;
INSERT INTO public.model_reasoning_levels_junction (model_id, reasoning_levels_id, created_at, generated, mcp, active) VALUES ('019b3be4-36d1-77bb-b61a-400ca2e43b82', '019bb58e-0ae0-79fa-b9f4-fa53ec907051', '2026-03-10 22:39:14.029856+00:00', false, false, true) ON CONFLICT (id) DO NOTHING;

-- model_temperature_levels_junction
INSERT INTO public.model_temperature_levels_junction (model_id, temperature_levels_id, created_at, generated, mcp, active) VALUES ('019b3be4-36cd-7877-836a-8a5fc9b7f7bb', '019c441a-0e9e-7bef-841d-5d33999c9d12', '2026-03-10 22:39:13.953284+00:00', false, false, true) ON CONFLICT (id) DO NOTHING;
INSERT INTO public.model_temperature_levels_junction (model_id, temperature_levels_id, created_at, generated, mcp, active) VALUES ('019b3be4-36cd-7877-836a-8a5fc9b7f7bb', '019c441a-0e9e-7c74-928c-7c0739193aff', '2026-03-10 22:39:13.953284+00:00', false, false, true) ON CONFLICT (id) DO NOTHING;
INSERT INTO public.model_temperature_levels_junction (model_id, temperature_levels_id, created_at, generated, mcp, active) VALUES ('019b3be4-36cd-7877-836a-8a5fc9b7f7bb', '019c441a-0e9e-7c9e-8acc-69725eead5b3', '2026-03-10 22:39:13.953284+00:00', false, false, true) ON CONFLICT (id) DO NOTHING;
INSERT INTO public.model_temperature_levels_junction (model_id, temperature_levels_id, created_at, generated, mcp, active) VALUES ('019b3be4-36cd-7877-836a-8a5fc9b7f7bb', '019c441a-0e9e-7ca4-ad96-a64b4ddb14b4', '2026-03-10 22:39:13.953284+00:00', false, false, true) ON CONFLICT (id) DO NOTHING;
INSERT INTO public.model_temperature_levels_junction (model_id, temperature_levels_id, created_at, generated, mcp, active) VALUES ('019b3be4-36cd-7877-836a-8a5fc9b7f7bb', '019c441a-0e9e-7cc4-83a2-f576e1eac21e', '2026-03-10 22:39:13.953284+00:00', false, false, true) ON CONFLICT (id) DO NOTHING;
INSERT INTO public.model_temperature_levels_junction (model_id, temperature_levels_id, created_at, generated, mcp, active) VALUES ('019b3be4-36cd-7877-836a-8a5fc9b7f7bb', '019c441a-0e9e-7cd3-9f45-b7f2ddd50383', '2026-03-10 22:39:13.953284+00:00', false, false, true) ON CONFLICT (id) DO NOTHING;
INSERT INTO public.model_temperature_levels_junction (model_id, temperature_levels_id, created_at, generated, mcp, active) VALUES ('019b3be4-36cd-7877-836a-8a5fc9b7f7bb', '019c441a-0e9e-7cdc-b2f0-1daefbf9a0d2', '2026-03-10 22:39:13.953284+00:00', false, false, true) ON CONFLICT (id) DO NOTHING;
INSERT INTO public.model_temperature_levels_junction (model_id, temperature_levels_id, created_at, generated, mcp, active) VALUES ('019b3be4-36cd-7877-836a-8a5fc9b7f7bb', '019c441a-0e9e-7ce6-a3df-5d1581d924f8', '2026-03-10 22:39:13.953284+00:00', false, false, true) ON CONFLICT (id) DO NOTHING;
INSERT INTO public.model_temperature_levels_junction (model_id, temperature_levels_id, created_at, generated, mcp, active) VALUES ('019b3be4-36cd-7877-836a-8a5fc9b7f7bb', '019c441a-0e9e-7cf7-b9c2-b296333b30ee', '2026-03-10 22:39:13.953284+00:00', false, false, true) ON CONFLICT (id) DO NOTHING;
INSERT INTO public.model_temperature_levels_junction (model_id, temperature_levels_id, created_at, generated, mcp, active) VALUES ('019b3be4-36cd-7877-836a-8a5fc9b7f7bb', '019c441a-0e9e-7d1a-9b3d-4b030af5a5f5', '2026-03-10 22:39:13.953284+00:00', false, false, true) ON CONFLICT (id) DO NOTHING;
INSERT INTO public.model_temperature_levels_junction (model_id, temperature_levels_id, created_at, generated, mcp, active) VALUES ('019b3be4-36cd-7877-836a-8a5fc9b7f7bb', '019c441a-0e9e-7d22-aa42-b094ce03c315', '2026-03-10 22:39:13.953284+00:00', false, false, true) ON CONFLICT (id) DO NOTHING;
INSERT INTO public.model_temperature_levels_junction (model_id, temperature_levels_id, created_at, generated, mcp, active) VALUES ('019b3be4-36cd-7877-836a-8a5fc9b7f7bb', '019c441a-0e9e-7d2d-a122-d5e27a709e64', '2026-03-10 22:39:13.953284+00:00', false, false, true) ON CONFLICT (id) DO NOTHING;
INSERT INTO public.model_temperature_levels_junction (model_id, temperature_levels_id, created_at, generated, mcp, active) VALUES ('019b3be4-36cd-7877-836a-8a5fc9b7f7bb', '019c441a-0e9e-7d34-beaf-cb977faaad88', '2026-03-10 22:39:13.953284+00:00', false, false, true) ON CONFLICT (id) DO NOTHING;
INSERT INTO public.model_temperature_levels_junction (model_id, temperature_levels_id, created_at, generated, mcp, active) VALUES ('019b3be4-36cd-7877-836a-8a5fc9b7f7bb', '019c441a-0e9e-7d59-bd04-7501bbcf1b85', '2026-03-10 22:39:13.953284+00:00', false, false, true) ON CONFLICT (id) DO NOTHING;
INSERT INTO public.model_temperature_levels_junction (model_id, temperature_levels_id, created_at, generated, mcp, active) VALUES ('019b3be4-36cd-7877-836a-8a5fc9b7f7bb', '019c441a-0e9e-7d84-b9a5-aa946d36a18d', '2026-03-10 22:39:13.953284+00:00', false, false, true) ON CONFLICT (id) DO NOTHING;
INSERT INTO public.model_temperature_levels_junction (model_id, temperature_levels_id, created_at, generated, mcp, active) VALUES ('019b3be4-36cd-7877-836a-8a5fc9b7f7bb', '019c441a-0e9e-7d9e-b960-c7edff5d9bce', '2026-03-10 22:39:13.953284+00:00', false, false, true) ON CONFLICT (id) DO NOTHING;
INSERT INTO public.model_temperature_levels_junction (model_id, temperature_levels_id, created_at, generated, mcp, active) VALUES ('019b3be4-36cd-7877-836a-8a5fc9b7f7bb', '019c441a-0e9e-7da6-ae62-6e2a16407f9d', '2026-03-10 22:39:13.953284+00:00', false, false, true) ON CONFLICT (id) DO NOTHING;
INSERT INTO public.model_temperature_levels_junction (model_id, temperature_levels_id, created_at, generated, mcp, active) VALUES ('019b3be4-36cd-7877-836a-8a5fc9b7f7bb', '019c441a-0e9e-7db9-b0f3-8d485af3cc59', '2026-03-10 22:39:13.953284+00:00', false, false, true) ON CONFLICT (id) DO NOTHING;
INSERT INTO public.model_temperature_levels_junction (model_id, temperature_levels_id, created_at, generated, mcp, active) VALUES ('019b3be4-36cd-7877-836a-8a5fc9b7f7bb', '019c441a-0e9e-7dcd-be35-3ab6d31cfb17', '2026-03-10 22:39:13.953284+00:00', false, false, true) ON CONFLICT (id) DO NOTHING;
INSERT INTO public.model_temperature_levels_junction (model_id, temperature_levels_id, created_at, generated, mcp, active) VALUES ('019b3be4-36cd-7877-836a-8a5fc9b7f7bb', '019c441a-0e9e-7dd6-b25d-1fa87885be16', '2026-03-10 22:39:13.953284+00:00', false, false, true) ON CONFLICT (id) DO NOTHING;
INSERT INTO public.model_temperature_levels_junction (model_id, temperature_levels_id, created_at, generated, mcp, active) VALUES ('019b3be4-36cd-7877-836a-8a5fc9b7f7bb', '019c441a-0e9e-7dde-a7b4-fa61b030af17', '2026-03-10 22:39:13.953284+00:00', false, false, true) ON CONFLICT (id) DO NOTHING;
INSERT INTO public.model_temperature_levels_junction (model_id, temperature_levels_id, created_at, generated, mcp, active) VALUES ('019b3be4-36cd-7877-836a-8a5fc9b7f7bb', '019c441a-0e9e-7dfb-9078-f1a2807595ff', '2026-03-10 22:39:13.953284+00:00', false, false, true) ON CONFLICT (id) DO NOTHING;
INSERT INTO public.model_temperature_levels_junction (model_id, temperature_levels_id, created_at, generated, mcp, active) VALUES ('019b3be4-36cd-7877-836a-8a5fc9b7f7bb', '019c441a-0e9e-7e0e-93ba-b9080f53300b', '2026-03-10 22:39:13.953284+00:00', false, false, true) ON CONFLICT (id) DO NOTHING;
INSERT INTO public.model_temperature_levels_junction (model_id, temperature_levels_id, created_at, generated, mcp, active) VALUES ('019b3be4-36cd-7877-836a-8a5fc9b7f7bb', '019c441a-0e9e-7e19-89e1-76a54e0e513b', '2026-03-10 22:39:13.953284+00:00', false, false, true) ON CONFLICT (id) DO NOTHING;
INSERT INTO public.model_temperature_levels_junction (model_id, temperature_levels_id, created_at, generated, mcp, active) VALUES ('019b3be4-36cd-7877-836a-8a5fc9b7f7bb', '019c441a-0e9e-7e2b-91ce-0aadfc9baef7', '2026-03-10 22:39:13.953284+00:00', false, false, true) ON CONFLICT (id) DO NOTHING;
INSERT INTO public.model_temperature_levels_junction (model_id, temperature_levels_id, created_at, generated, mcp, active) VALUES ('019b3be4-36cd-7877-836a-8a5fc9b7f7bb', '019c441a-0e9e-7e37-a9f8-4388d8363acc', '2026-03-10 22:39:13.953284+00:00', false, false, true) ON CONFLICT (id) DO NOTHING;
INSERT INTO public.model_temperature_levels_junction (model_id, temperature_levels_id, created_at, generated, mcp, active) VALUES ('019b3be4-36cd-7877-836a-8a5fc9b7f7bb', '019c441a-0e9e-7e3d-b9e4-8df4302ca526', '2026-03-10 22:39:13.953284+00:00', false, false, true) ON CONFLICT (id) DO NOTHING;
INSERT INTO public.model_temperature_levels_junction (model_id, temperature_levels_id, created_at, generated, mcp, active) VALUES ('019b3be4-36cd-7877-836a-8a5fc9b7f7bb', '019c441a-0e9e-7e52-b580-9218337e5382', '2026-03-10 22:39:13.953284+00:00', false, false, true) ON CONFLICT (id) DO NOTHING;
INSERT INTO public.model_temperature_levels_junction (model_id, temperature_levels_id, created_at, generated, mcp, active) VALUES ('019b3be4-36cd-7877-836a-8a5fc9b7f7bb', '019c441a-0e9e-7e5a-933e-d1c96ab450fe', '2026-03-10 22:39:13.953284+00:00', false, false, true) ON CONFLICT (id) DO NOTHING;
INSERT INTO public.model_temperature_levels_junction (model_id, temperature_levels_id, created_at, generated, mcp, active) VALUES ('019b3be4-36cd-7877-836a-8a5fc9b7f7bb', '019c441a-0e9e-7e62-b187-072e351576b7', '2026-03-10 22:39:13.953284+00:00', false, false, true) ON CONFLICT (id) DO NOTHING;
INSERT INTO public.model_temperature_levels_junction (model_id, temperature_levels_id, created_at, generated, mcp, active) VALUES ('019b3be4-36cd-7877-836a-8a5fc9b7f7bb', '019c441a-0e9e-7e69-a60a-627a1928dda8', '2026-03-10 22:39:13.953284+00:00', false, false, true) ON CONFLICT (id) DO NOTHING;
INSERT INTO public.model_temperature_levels_junction (model_id, temperature_levels_id, created_at, generated, mcp, active) VALUES ('019b3be4-36cd-7877-836a-8a5fc9b7f7bb', '019c441a-0e9e-7e73-ab7c-6b05701f3683', '2026-03-10 22:39:13.953284+00:00', false, false, true) ON CONFLICT (id) DO NOTHING;
INSERT INTO public.model_temperature_levels_junction (model_id, temperature_levels_id, created_at, generated, mcp, active) VALUES ('019b3be4-36cd-7877-836a-8a5fc9b7f7bb', '019c441a-0e9e-7e89-8b78-5a89a8ee38df', '2026-03-10 22:39:13.953284+00:00', false, false, true) ON CONFLICT (id) DO NOTHING;
INSERT INTO public.model_temperature_levels_junction (model_id, temperature_levels_id, created_at, generated, mcp, active) VALUES ('019b3be4-36cd-7877-836a-8a5fc9b7f7bb', '019c441a-0e9e-7e94-9c38-b7f44e86a101', '2026-03-10 22:39:13.953284+00:00', false, false, true) ON CONFLICT (id) DO NOTHING;
INSERT INTO public.model_temperature_levels_junction (model_id, temperature_levels_id, created_at, generated, mcp, active) VALUES ('019b3be4-36cd-7877-836a-8a5fc9b7f7bb', '019c441a-0e9e-7ea0-afe1-143d03e99a25', '2026-03-10 22:39:13.953284+00:00', false, false, true) ON CONFLICT (id) DO NOTHING;
INSERT INTO public.model_temperature_levels_junction (model_id, temperature_levels_id, created_at, generated, mcp, active) VALUES ('019b3be4-36cd-7877-836a-8a5fc9b7f7bb', '019c441a-0e9e-7eb0-ba12-fa36a878cdef', '2026-03-10 22:39:13.953284+00:00', false, false, true) ON CONFLICT (id) DO NOTHING;
INSERT INTO public.model_temperature_levels_junction (model_id, temperature_levels_id, created_at, generated, mcp, active) VALUES ('019b3be4-36cd-7877-836a-8a5fc9b7f7bb', '019c441a-0e9e-7ebf-83f0-e822b230d010', '2026-03-10 22:39:13.953284+00:00', false, false, true) ON CONFLICT (id) DO NOTHING;
INSERT INTO public.model_temperature_levels_junction (model_id, temperature_levels_id, created_at, generated, mcp, active) VALUES ('019b3be4-36cd-7877-836a-8a5fc9b7f7bb', '019c441a-0e9e-7ec9-8819-23cf95608dbe', '2026-03-10 22:39:13.953284+00:00', false, false, true) ON CONFLICT (id) DO NOTHING;
INSERT INTO public.model_temperature_levels_junction (model_id, temperature_levels_id, created_at, generated, mcp, active) VALUES ('019b3be4-36cd-7877-836a-8a5fc9b7f7bb', '019c441a-0e9e-7ed1-9766-04be0f1c6b20', '2026-03-10 22:39:13.953284+00:00', false, false, true) ON CONFLICT (id) DO NOTHING;
INSERT INTO public.model_temperature_levels_junction (model_id, temperature_levels_id, created_at, generated, mcp, active) VALUES ('019b3be4-36cd-7877-836a-8a5fc9b7f7bb', '019c441a-0e9e-7ede-ab08-a9ec02a3d29f', '2026-03-10 22:39:13.953284+00:00', false, false, true) ON CONFLICT (id) DO NOTHING;
INSERT INTO public.model_temperature_levels_junction (model_id, temperature_levels_id, created_at, generated, mcp, active) VALUES ('019b3be4-36cd-7877-836a-8a5fc9b7f7bb', '019c441a-0e9e-7ef6-8811-b13973658720', '2026-03-10 22:39:13.953284+00:00', false, false, true) ON CONFLICT (id) DO NOTHING;
INSERT INTO public.model_temperature_levels_junction (model_id, temperature_levels_id, created_at, generated, mcp, active) VALUES ('019b3be4-36cd-7877-836a-8a5fc9b7f7bb', '019c441a-0e9e-7f0d-9e4b-4b564ec66598', '2026-03-10 22:39:13.953284+00:00', false, false, true) ON CONFLICT (id) DO NOTHING;
INSERT INTO public.model_temperature_levels_junction (model_id, temperature_levels_id, created_at, generated, mcp, active) VALUES ('019b3be4-36cd-7877-836a-8a5fc9b7f7bb', '019c441a-0e9e-7f26-8ca6-a1b33fb97fbe', '2026-03-10 22:39:13.953284+00:00', false, false, true) ON CONFLICT (id) DO NOTHING;
INSERT INTO public.model_temperature_levels_junction (model_id, temperature_levels_id, created_at, generated, mcp, active) VALUES ('019b3be4-36cd-7877-836a-8a5fc9b7f7bb', '019c441a-0e9e-7f2e-81d2-2545ba70f21d', '2026-03-10 22:39:13.953284+00:00', false, false, true) ON CONFLICT (id) DO NOTHING;
INSERT INTO public.model_temperature_levels_junction (model_id, temperature_levels_id, created_at, generated, mcp, active) VALUES ('019b3be4-36cd-7877-836a-8a5fc9b7f7bb', '019c441a-0e9e-7f44-bb0b-5190a35cc0c0', '2026-03-10 22:39:13.953284+00:00', false, false, true) ON CONFLICT (id) DO NOTHING;
INSERT INTO public.model_temperature_levels_junction (model_id, temperature_levels_id, created_at, generated, mcp, active) VALUES ('019b3be4-36cd-7877-836a-8a5fc9b7f7bb', '019c441a-0e9e-7f53-8a08-d51406e55622', '2026-03-10 22:39:13.953284+00:00', false, false, true) ON CONFLICT (id) DO NOTHING;
INSERT INTO public.model_temperature_levels_junction (model_id, temperature_levels_id, created_at, generated, mcp, active) VALUES ('019b3be4-36cd-7877-836a-8a5fc9b7f7bb', '019c441a-0e9e-7f5f-9e3d-9922fdb0fdff', '2026-03-10 22:39:13.953284+00:00', false, false, true) ON CONFLICT (id) DO NOTHING;
INSERT INTO public.model_temperature_levels_junction (model_id, temperature_levels_id, created_at, generated, mcp, active) VALUES ('019b3be4-36cd-7877-836a-8a5fc9b7f7bb', '019c441a-0e9e-7f6c-a798-8328630ab038', '2026-03-10 22:39:13.953284+00:00', false, false, true) ON CONFLICT (id) DO NOTHING;
INSERT INTO public.model_temperature_levels_junction (model_id, temperature_levels_id, created_at, generated, mcp, active) VALUES ('019b3be4-36cd-7877-836a-8a5fc9b7f7bb', '019c441a-0e9e-7f80-a9cb-7b1c947ad4c8', '2026-03-10 22:39:13.953284+00:00', false, false, true) ON CONFLICT (id) DO NOTHING;
INSERT INTO public.model_temperature_levels_junction (model_id, temperature_levels_id, created_at, generated, mcp, active) VALUES ('019b3be4-36cd-7877-836a-8a5fc9b7f7bb', '019c441a-0e9e-7f8f-b0cf-ab7d52866f69', '2026-03-10 22:39:13.953284+00:00', false, false, true) ON CONFLICT (id) DO NOTHING;
INSERT INTO public.model_temperature_levels_junction (model_id, temperature_levels_id, created_at, generated, mcp, active) VALUES ('019b3be4-36cd-7877-836a-8a5fc9b7f7bb', '019c441a-0e9e-7fa5-87e8-3e52d48647cd', '2026-03-10 22:39:13.953284+00:00', false, false, true) ON CONFLICT (id) DO NOTHING;
INSERT INTO public.model_temperature_levels_junction (model_id, temperature_levels_id, created_at, generated, mcp, active) VALUES ('019b3be4-36cd-7877-836a-8a5fc9b7f7bb', '019c441a-0e9e-7fae-bed9-1177ce0bd598', '2026-03-10 22:39:13.953284+00:00', false, false, true) ON CONFLICT (id) DO NOTHING;
INSERT INTO public.model_temperature_levels_junction (model_id, temperature_levels_id, created_at, generated, mcp, active) VALUES ('019b3be4-36cd-7877-836a-8a5fc9b7f7bb', '019c441a-0e9e-7fbb-84b9-a7962089afa4', '2026-03-10 22:39:13.953284+00:00', false, false, true) ON CONFLICT (id) DO NOTHING;
INSERT INTO public.model_temperature_levels_junction (model_id, temperature_levels_id, created_at, generated, mcp, active) VALUES ('019b3be4-36cd-7877-836a-8a5fc9b7f7bb', '019c441a-0e9e-7fc1-8cef-8914d6b01390', '2026-03-10 22:39:13.953284+00:00', false, false, true) ON CONFLICT (id) DO NOTHING;
INSERT INTO public.model_temperature_levels_junction (model_id, temperature_levels_id, created_at, generated, mcp, active) VALUES ('019b3be4-36cd-7877-836a-8a5fc9b7f7bb', '019c441a-0e9e-7fcd-afc7-37cf75ba25a7', '2026-03-10 22:39:13.953284+00:00', false, false, true) ON CONFLICT (id) DO NOTHING;
INSERT INTO public.model_temperature_levels_junction (model_id, temperature_levels_id, created_at, generated, mcp, active) VALUES ('019b3be4-36cd-7877-836a-8a5fc9b7f7bb', '019c441a-0e9e-7fde-a372-d6c53b939a2d', '2026-03-10 22:39:13.953284+00:00', false, false, true) ON CONFLICT (id) DO NOTHING;
INSERT INTO public.model_temperature_levels_junction (model_id, temperature_levels_id, created_at, generated, mcp, active) VALUES ('019b3be4-36cd-7877-836a-8a5fc9b7f7bb', '019c441a-0e9e-7fee-be99-7292d6d5e130', '2026-03-10 22:39:13.953284+00:00', false, false, true) ON CONFLICT (id) DO NOTHING;
INSERT INTO public.model_temperature_levels_junction (model_id, temperature_levels_id, created_at, generated, mcp, active) VALUES ('019b3be4-36cd-7877-836a-8a5fc9b7f7bb', '019c441a-0e9e-7ff9-8627-a980b71f8514', '2026-03-10 22:39:13.953284+00:00', false, false, true) ON CONFLICT (id) DO NOTHING;
INSERT INTO public.model_temperature_levels_junction (model_id, temperature_levels_id, created_at, generated, mcp, active) VALUES ('019b3be4-36cd-7877-836a-8a5fc9b7f7bb', '019c441a-0e9f-7004-9320-7d40cf5cd428', '2026-03-10 22:39:13.953284+00:00', false, false, true) ON CONFLICT (id) DO NOTHING;
INSERT INTO public.model_temperature_levels_junction (model_id, temperature_levels_id, created_at, generated, mcp, active) VALUES ('019b3be4-36cd-7877-836a-8a5fc9b7f7bb', '019c441a-0e9f-700c-a8c5-11434dc2ea95', '2026-03-10 22:39:13.953284+00:00', false, false, true) ON CONFLICT (id) DO NOTHING;
INSERT INTO public.model_temperature_levels_junction (model_id, temperature_levels_id, created_at, generated, mcp, active) VALUES ('019b3be4-36cd-7877-836a-8a5fc9b7f7bb', '019c441a-0e9f-7016-9973-59eca073bebe', '2026-03-10 22:39:13.953284+00:00', false, false, true) ON CONFLICT (id) DO NOTHING;
INSERT INTO public.model_temperature_levels_junction (model_id, temperature_levels_id, created_at, generated, mcp, active) VALUES ('019b3be4-36cd-7877-836a-8a5fc9b7f7bb', '019c441a-0e9f-7027-b2b3-40f7679aa440', '2026-03-10 22:39:13.953284+00:00', false, false, true) ON CONFLICT (id) DO NOTHING;
INSERT INTO public.model_temperature_levels_junction (model_id, temperature_levels_id, created_at, generated, mcp, active) VALUES ('019b3be4-36cd-7877-836a-8a5fc9b7f7bb', '019c441a-0e9f-7038-a8fe-a960af92c6cd', '2026-03-10 22:39:13.953284+00:00', false, false, true) ON CONFLICT (id) DO NOTHING;
INSERT INTO public.model_temperature_levels_junction (model_id, temperature_levels_id, created_at, generated, mcp, active) VALUES ('019b3be4-36cd-7877-836a-8a5fc9b7f7bb', '019c441a-0e9f-7055-8c67-a6f96ebb872b', '2026-03-10 22:39:13.953284+00:00', false, false, true) ON CONFLICT (id) DO NOTHING;
INSERT INTO public.model_temperature_levels_junction (model_id, temperature_levels_id, created_at, generated, mcp, active) VALUES ('019b3be4-36cd-7877-836a-8a5fc9b7f7bb', '019c441a-0e9f-7067-a9d9-66f6b22a620c', '2026-03-10 22:39:13.953284+00:00', false, false, true) ON CONFLICT (id) DO NOTHING;
INSERT INTO public.model_temperature_levels_junction (model_id, temperature_levels_id, created_at, generated, mcp, active) VALUES ('019b3be4-36cd-7877-836a-8a5fc9b7f7bb', '019c441a-0e9f-7076-b0f4-d3db8a59a2bf', '2026-03-10 22:39:13.953284+00:00', false, false, true) ON CONFLICT (id) DO NOTHING;
INSERT INTO public.model_temperature_levels_junction (model_id, temperature_levels_id, created_at, generated, mcp, active) VALUES ('019b3be4-36cd-7877-836a-8a5fc9b7f7bb', '019c441a-0e9f-7087-a7c2-481e3cf67900', '2026-03-10 22:39:13.953284+00:00', false, false, true) ON CONFLICT (id) DO NOTHING;
INSERT INTO public.model_temperature_levels_junction (model_id, temperature_levels_id, created_at, generated, mcp, active) VALUES ('019b3be4-36cd-7877-836a-8a5fc9b7f7bb', '019c441a-0e9f-708c-ace6-6ab6bfb9032b', '2026-03-10 22:39:13.953284+00:00', false, false, true) ON CONFLICT (id) DO NOTHING;
INSERT INTO public.model_temperature_levels_junction (model_id, temperature_levels_id, created_at, generated, mcp, active) VALUES ('019b3be4-36cd-7877-836a-8a5fc9b7f7bb', '019c441a-0e9f-70a7-8312-c8913b2bd033', '2026-03-10 22:39:13.953284+00:00', false, false, true) ON CONFLICT (id) DO NOTHING;
INSERT INTO public.model_temperature_levels_junction (model_id, temperature_levels_id, created_at, generated, mcp, active) VALUES ('019b3be4-36cd-7877-836a-8a5fc9b7f7bb', '019c441a-0e9f-70b3-bad8-286a24dc5f49', '2026-03-10 22:39:13.953284+00:00', false, false, true) ON CONFLICT (id) DO NOTHING;
INSERT INTO public.model_temperature_levels_junction (model_id, temperature_levels_id, created_at, generated, mcp, active) VALUES ('019b3be4-36cd-7877-836a-8a5fc9b7f7bb', '019c441a-0e9f-70be-928f-7873d52a9642', '2026-03-10 22:39:13.953284+00:00', false, false, true) ON CONFLICT (id) DO NOTHING;
INSERT INTO public.model_temperature_levels_junction (model_id, temperature_levels_id, created_at, generated, mcp, active) VALUES ('019b3be4-36cd-7877-836a-8a5fc9b7f7bb', '019c441a-0e9f-70ce-849a-af4b11bbfaf6', '2026-03-10 22:39:13.953284+00:00', false, false, true) ON CONFLICT (id) DO NOTHING;
INSERT INTO public.model_temperature_levels_junction (model_id, temperature_levels_id, created_at, generated, mcp, active) VALUES ('019b3be4-36cd-7877-836a-8a5fc9b7f7bb', '019c441a-0e9f-70d9-8046-2d636f526116', '2026-03-10 22:39:13.953284+00:00', false, false, true) ON CONFLICT (id) DO NOTHING;
INSERT INTO public.model_temperature_levels_junction (model_id, temperature_levels_id, created_at, generated, mcp, active) VALUES ('019b3be4-36cd-7877-836a-8a5fc9b7f7bb', '019c441a-0e9f-70e8-8235-7196b41406e1', '2026-03-10 22:39:13.953284+00:00', false, false, true) ON CONFLICT (id) DO NOTHING;
INSERT INTO public.model_temperature_levels_junction (model_id, temperature_levels_id, created_at, generated, mcp, active) VALUES ('019b3be4-36cd-7877-836a-8a5fc9b7f7bb', '019c441a-0e9f-70f0-a568-30584bfef8fb', '2026-03-10 22:39:13.953284+00:00', false, false, true) ON CONFLICT (id) DO NOTHING;
INSERT INTO public.model_temperature_levels_junction (model_id, temperature_levels_id, created_at, generated, mcp, active) VALUES ('019b3be4-36cd-7877-836a-8a5fc9b7f7bb', '019c441a-0e9f-7101-afd8-b2e50bc968f9', '2026-03-10 22:39:13.953284+00:00', false, false, true) ON CONFLICT (id) DO NOTHING;
INSERT INTO public.model_temperature_levels_junction (model_id, temperature_levels_id, created_at, generated, mcp, active) VALUES ('019b3be4-36cd-7877-836a-8a5fc9b7f7bb', '019c441a-0e9f-710b-99b2-3db575f01df1', '2026-03-10 22:39:13.953284+00:00', false, false, true) ON CONFLICT (id) DO NOTHING;
INSERT INTO public.model_temperature_levels_junction (model_id, temperature_levels_id, created_at, generated, mcp, active) VALUES ('019b3be4-36cd-7877-836a-8a5fc9b7f7bb', '019c441a-0e9f-7116-ab87-05d7035642c7', '2026-03-10 22:39:13.953284+00:00', false, false, true) ON CONFLICT (id) DO NOTHING;
INSERT INTO public.model_temperature_levels_junction (model_id, temperature_levels_id, created_at, generated, mcp, active) VALUES ('019b3be4-36cd-7877-836a-8a5fc9b7f7bb', '019c441a-0e9f-7120-bc1c-1e290802109a', '2026-03-10 22:39:13.953284+00:00', false, false, true) ON CONFLICT (id) DO NOTHING;
INSERT INTO public.model_temperature_levels_junction (model_id, temperature_levels_id, created_at, generated, mcp, active) VALUES ('019b3be4-36cd-7877-836a-8a5fc9b7f7bb', '019c441a-0e9f-712f-ad29-33e6889ca042', '2026-03-10 22:39:13.953284+00:00', false, false, true) ON CONFLICT (id) DO NOTHING;
INSERT INTO public.model_temperature_levels_junction (model_id, temperature_levels_id, created_at, generated, mcp, active) VALUES ('019b3be4-36cd-7877-836a-8a5fc9b7f7bb', '019c441a-0e9f-713c-87f4-1ce375f0e09f', '2026-03-10 22:39:13.953284+00:00', false, false, true) ON CONFLICT (id) DO NOTHING;
INSERT INTO public.model_temperature_levels_junction (model_id, temperature_levels_id, created_at, generated, mcp, active) VALUES ('019b3be4-36cd-7877-836a-8a5fc9b7f7bb', '019c441a-0e9f-715a-8037-ac5450f006cb', '2026-03-10 22:39:13.953284+00:00', false, false, true) ON CONFLICT (id) DO NOTHING;
INSERT INTO public.model_temperature_levels_junction (model_id, temperature_levels_id, created_at, generated, mcp, active) VALUES ('019b3be4-36cd-7877-836a-8a5fc9b7f7bb', '019c441a-0e9f-7166-a4b2-8eef873a73e7', '2026-03-10 22:39:13.953284+00:00', false, false, true) ON CONFLICT (id) DO NOTHING;
INSERT INTO public.model_temperature_levels_junction (model_id, temperature_levels_id, created_at, generated, mcp, active) VALUES ('019b3be4-36cd-7877-836a-8a5fc9b7f7bb', '019c441a-0e9f-716f-9341-e1c1d078369b', '2026-03-10 22:39:13.953284+00:00', false, false, true) ON CONFLICT (id) DO NOTHING;
INSERT INTO public.model_temperature_levels_junction (model_id, temperature_levels_id, created_at, generated, mcp, active) VALUES ('019b3be4-36cd-7877-836a-8a5fc9b7f7bb', '019c441a-0e9f-7176-a9ff-74d14b50e469', '2026-03-10 22:39:13.953284+00:00', false, false, true) ON CONFLICT (id) DO NOTHING;
INSERT INTO public.model_temperature_levels_junction (model_id, temperature_levels_id, created_at, generated, mcp, active) VALUES ('019b3be4-36cd-7877-836a-8a5fc9b7f7bb', '019c441a-0e9f-718b-9bf3-c0143fa5d3c1', '2026-03-10 22:39:13.953284+00:00', false, false, true) ON CONFLICT (id) DO NOTHING;
INSERT INTO public.model_temperature_levels_junction (model_id, temperature_levels_id, created_at, generated, mcp, active) VALUES ('019b3be4-36cd-7877-836a-8a5fc9b7f7bb', '019c441a-0e9f-732f-ac4d-b10174e69e21', '2026-03-10 22:39:13.953284+00:00', false, false, true) ON CONFLICT (id) DO NOTHING;
INSERT INTO public.model_temperature_levels_junction (model_id, temperature_levels_id, created_at, generated, mcp, active) VALUES ('019b3be4-36cd-7877-836a-8a5fc9b7f7bb', '019c441a-0e9f-7335-a559-31fe7e8db595', '2026-03-10 22:39:13.953284+00:00', false, false, true) ON CONFLICT (id) DO NOTHING;
INSERT INTO public.model_temperature_levels_junction (model_id, temperature_levels_id, created_at, generated, mcp, active) VALUES ('019b3be4-36cd-7877-836a-8a5fc9b7f7bb', '019c441a-0e9f-735a-81cf-eed6e8196398', '2026-03-10 22:39:13.953284+00:00', false, false, true) ON CONFLICT (id) DO NOTHING;
INSERT INTO public.model_temperature_levels_junction (model_id, temperature_levels_id, created_at, generated, mcp, active) VALUES ('019b3be4-36cd-7877-836a-8a5fc9b7f7bb', '019c441a-0e9f-7370-856d-7b31ced06c90', '2026-03-10 22:39:13.953284+00:00', false, false, true) ON CONFLICT (id) DO NOTHING;
INSERT INTO public.model_temperature_levels_junction (model_id, temperature_levels_id, created_at, generated, mcp, active) VALUES ('019b3be4-36cd-7877-836a-8a5fc9b7f7bb', '019c441a-0e9f-738a-9c75-c3dc21a1aed4', '2026-03-10 22:39:13.953284+00:00', false, false, true) ON CONFLICT (id) DO NOTHING;
INSERT INTO public.model_temperature_levels_junction (model_id, temperature_levels_id, created_at, generated, mcp, active) VALUES ('019b3be4-36cd-7877-836a-8a5fc9b7f7bb', '019c441a-0e9f-73a7-8628-636b0586d4fb', '2026-03-10 22:39:13.953284+00:00', false, false, true) ON CONFLICT (id) DO NOTHING;
INSERT INTO public.model_temperature_levels_junction (model_id, temperature_levels_id, created_at, generated, mcp, active) VALUES ('019b3be4-36cd-7877-836a-8a5fc9b7f7bb', '019c441a-0e9f-73b3-b4c6-96f71113e8dc', '2026-03-10 22:39:13.953284+00:00', false, false, true) ON CONFLICT (id) DO NOTHING;
INSERT INTO public.model_temperature_levels_junction (model_id, temperature_levels_id, created_at, generated, mcp, active) VALUES ('019b3be4-36cd-7877-836a-8a5fc9b7f7bb', '019c441a-0e9f-73b7-a591-e6cb67cc219a', '2026-03-10 22:39:13.953284+00:00', false, false, true) ON CONFLICT (id) DO NOTHING;
INSERT INTO public.model_temperature_levels_junction (model_id, temperature_levels_id, created_at, generated, mcp, active) VALUES ('019b3be4-36cd-7877-836a-8a5fc9b7f7bb', '019c441a-0e9f-73ca-8872-97569ea04c56', '2026-03-10 22:39:13.953284+00:00', false, false, true) ON CONFLICT (id) DO NOTHING;
INSERT INTO public.model_temperature_levels_junction (model_id, temperature_levels_id, created_at, generated, mcp, active) VALUES ('019b3be4-36cd-7877-836a-8a5fc9b7f7bb', '019c441a-0e9f-73d9-a939-23bb7a0cc094', '2026-03-10 22:39:13.953284+00:00', false, false, true) ON CONFLICT (id) DO NOTHING;
INSERT INTO public.model_temperature_levels_junction (model_id, temperature_levels_id, created_at, generated, mcp, active) VALUES ('019b3be4-36cd-7877-836a-8a5fc9b7f7bb', '019c441a-0e9f-73e9-9074-5fc628f2e51c', '2026-03-10 22:39:13.953284+00:00', false, false, true) ON CONFLICT (id) DO NOTHING;
INSERT INTO public.model_temperature_levels_junction (model_id, temperature_levels_id, created_at, generated, mcp, active) VALUES ('019b3be4-36cd-7877-836a-8a5fc9b7f7bb', '019c441a-0e9f-73f9-b1ae-e42dda0fd3c5', '2026-03-10 22:39:13.953284+00:00', false, false, true) ON CONFLICT (id) DO NOTHING;
INSERT INTO public.model_temperature_levels_junction (model_id, temperature_levels_id, created_at, generated, mcp, active) VALUES ('019b3be4-36cd-7877-836a-8a5fc9b7f7bb', '019c441a-0e9f-7413-be9e-8c771dd1ceb2', '2026-03-10 22:39:13.953284+00:00', false, false, true) ON CONFLICT (id) DO NOTHING;
INSERT INTO public.model_temperature_levels_junction (model_id, temperature_levels_id, created_at, generated, mcp, active) VALUES ('019b3be4-36cd-7877-836a-8a5fc9b7f7bb', '019c441a-0e9f-741c-889d-c67c16f9dc2b', '2026-03-10 22:39:13.953284+00:00', false, false, true) ON CONFLICT (id) DO NOTHING;
INSERT INTO public.model_temperature_levels_junction (model_id, temperature_levels_id, created_at, generated, mcp, active) VALUES ('019b3be4-36cd-7877-836a-8a5fc9b7f7bb', '019c441a-0e9f-742a-995a-2c0c8e1cffba', '2026-03-10 22:39:13.953284+00:00', false, false, true) ON CONFLICT (id) DO NOTHING;
INSERT INTO public.model_temperature_levels_junction (model_id, temperature_levels_id, created_at, generated, mcp, active) VALUES ('019b3be4-36cd-7821-9ad2-6c260f8271b9', '019c441a-0e9e-7bef-841d-5d33999c9d12', '2026-03-10 22:39:13.962485+00:00', false, false, true) ON CONFLICT (id) DO NOTHING;
INSERT INTO public.model_temperature_levels_junction (model_id, temperature_levels_id, created_at, generated, mcp, active) VALUES ('019b3be4-36cd-7821-9ad2-6c260f8271b9', '019c441a-0e9e-7c74-928c-7c0739193aff', '2026-03-10 22:39:13.962485+00:00', false, false, true) ON CONFLICT (id) DO NOTHING;
INSERT INTO public.model_temperature_levels_junction (model_id, temperature_levels_id, created_at, generated, mcp, active) VALUES ('019b3be4-36cd-7821-9ad2-6c260f8271b9', '019c441a-0e9e-7c9e-8acc-69725eead5b3', '2026-03-10 22:39:13.962485+00:00', false, false, true) ON CONFLICT (id) DO NOTHING;
INSERT INTO public.model_temperature_levels_junction (model_id, temperature_levels_id, created_at, generated, mcp, active) VALUES ('019b3be4-36cd-7821-9ad2-6c260f8271b9', '019c441a-0e9e-7ca4-ad96-a64b4ddb14b4', '2026-03-10 22:39:13.962485+00:00', false, false, true) ON CONFLICT (id) DO NOTHING;
INSERT INTO public.model_temperature_levels_junction (model_id, temperature_levels_id, created_at, generated, mcp, active) VALUES ('019b3be4-36cd-7821-9ad2-6c260f8271b9', '019c441a-0e9e-7cc4-83a2-f576e1eac21e', '2026-03-10 22:39:13.962485+00:00', false, false, true) ON CONFLICT (id) DO NOTHING;
INSERT INTO public.model_temperature_levels_junction (model_id, temperature_levels_id, created_at, generated, mcp, active) VALUES ('019b3be4-36cd-7821-9ad2-6c260f8271b9', '019c441a-0e9e-7cd3-9f45-b7f2ddd50383', '2026-03-10 22:39:13.962485+00:00', false, false, true) ON CONFLICT (id) DO NOTHING;
INSERT INTO public.model_temperature_levels_junction (model_id, temperature_levels_id, created_at, generated, mcp, active) VALUES ('019b3be4-36cd-7821-9ad2-6c260f8271b9', '019c441a-0e9e-7cdc-b2f0-1daefbf9a0d2', '2026-03-10 22:39:13.962485+00:00', false, false, true) ON CONFLICT (id) DO NOTHING;
INSERT INTO public.model_temperature_levels_junction (model_id, temperature_levels_id, created_at, generated, mcp, active) VALUES ('019b3be4-36cd-7821-9ad2-6c260f8271b9', '019c441a-0e9e-7ce6-a3df-5d1581d924f8', '2026-03-10 22:39:13.962485+00:00', false, false, true) ON CONFLICT (id) DO NOTHING;
INSERT INTO public.model_temperature_levels_junction (model_id, temperature_levels_id, created_at, generated, mcp, active) VALUES ('019b3be4-36cd-7821-9ad2-6c260f8271b9', '019c441a-0e9e-7cf7-b9c2-b296333b30ee', '2026-03-10 22:39:13.962485+00:00', false, false, true) ON CONFLICT (id) DO NOTHING;
INSERT INTO public.model_temperature_levels_junction (model_id, temperature_levels_id, created_at, generated, mcp, active) VALUES ('019b3be4-36cd-7821-9ad2-6c260f8271b9', '019c441a-0e9e-7d1a-9b3d-4b030af5a5f5', '2026-03-10 22:39:13.962485+00:00', false, false, true) ON CONFLICT (id) DO NOTHING;
INSERT INTO public.model_temperature_levels_junction (model_id, temperature_levels_id, created_at, generated, mcp, active) VALUES ('019b3be4-36cd-7821-9ad2-6c260f8271b9', '019c441a-0e9e-7d22-aa42-b094ce03c315', '2026-03-10 22:39:13.962485+00:00', false, false, true) ON CONFLICT (id) DO NOTHING;
INSERT INTO public.model_temperature_levels_junction (model_id, temperature_levels_id, created_at, generated, mcp, active) VALUES ('019b3be4-36cd-7821-9ad2-6c260f8271b9', '019c441a-0e9e-7d2d-a122-d5e27a709e64', '2026-03-10 22:39:13.962485+00:00', false, false, true) ON CONFLICT (id) DO NOTHING;
INSERT INTO public.model_temperature_levels_junction (model_id, temperature_levels_id, created_at, generated, mcp, active) VALUES ('019b3be4-36cd-7821-9ad2-6c260f8271b9', '019c441a-0e9e-7d34-beaf-cb977faaad88', '2026-03-10 22:39:13.962485+00:00', false, false, true) ON CONFLICT (id) DO NOTHING;
INSERT INTO public.model_temperature_levels_junction (model_id, temperature_levels_id, created_at, generated, mcp, active) VALUES ('019b3be4-36cd-7821-9ad2-6c260f8271b9', '019c441a-0e9e-7d59-bd04-7501bbcf1b85', '2026-03-10 22:39:13.962485+00:00', false, false, true) ON CONFLICT (id) DO NOTHING;
INSERT INTO public.model_temperature_levels_junction (model_id, temperature_levels_id, created_at, generated, mcp, active) VALUES ('019b3be4-36cd-7821-9ad2-6c260f8271b9', '019c441a-0e9e-7d84-b9a5-aa946d36a18d', '2026-03-10 22:39:13.962485+00:00', false, false, true) ON CONFLICT (id) DO NOTHING;
INSERT INTO public.model_temperature_levels_junction (model_id, temperature_levels_id, created_at, generated, mcp, active) VALUES ('019b3be4-36cd-7821-9ad2-6c260f8271b9', '019c441a-0e9e-7d9e-b960-c7edff5d9bce', '2026-03-10 22:39:13.962485+00:00', false, false, true) ON CONFLICT (id) DO NOTHING;
INSERT INTO public.model_temperature_levels_junction (model_id, temperature_levels_id, created_at, generated, mcp, active) VALUES ('019b3be4-36cd-7821-9ad2-6c260f8271b9', '019c441a-0e9e-7da6-ae62-6e2a16407f9d', '2026-03-10 22:39:13.962485+00:00', false, false, true) ON CONFLICT (id) DO NOTHING;
INSERT INTO public.model_temperature_levels_junction (model_id, temperature_levels_id, created_at, generated, mcp, active) VALUES ('019b3be4-36cd-7821-9ad2-6c260f8271b9', '019c441a-0e9e-7db9-b0f3-8d485af3cc59', '2026-03-10 22:39:13.962485+00:00', false, false, true) ON CONFLICT (id) DO NOTHING;
INSERT INTO public.model_temperature_levels_junction (model_id, temperature_levels_id, created_at, generated, mcp, active) VALUES ('019b3be4-36cd-7821-9ad2-6c260f8271b9', '019c441a-0e9e-7dcd-be35-3ab6d31cfb17', '2026-03-10 22:39:13.962485+00:00', false, false, true) ON CONFLICT (id) DO NOTHING;
INSERT INTO public.model_temperature_levels_junction (model_id, temperature_levels_id, created_at, generated, mcp, active) VALUES ('019b3be4-36cd-7821-9ad2-6c260f8271b9', '019c441a-0e9e-7dd6-b25d-1fa87885be16', '2026-03-10 22:39:13.962485+00:00', false, false, true) ON CONFLICT (id) DO NOTHING;
INSERT INTO public.model_temperature_levels_junction (model_id, temperature_levels_id, created_at, generated, mcp, active) VALUES ('019b3be4-36cd-7821-9ad2-6c260f8271b9', '019c441a-0e9e-7dde-a7b4-fa61b030af17', '2026-03-10 22:39:13.962485+00:00', false, false, true) ON CONFLICT (id) DO NOTHING;
INSERT INTO public.model_temperature_levels_junction (model_id, temperature_levels_id, created_at, generated, mcp, active) VALUES ('019b3be4-36cd-7821-9ad2-6c260f8271b9', '019c441a-0e9e-7dfb-9078-f1a2807595ff', '2026-03-10 22:39:13.962485+00:00', false, false, true) ON CONFLICT (id) DO NOTHING;
INSERT INTO public.model_temperature_levels_junction (model_id, temperature_levels_id, created_at, generated, mcp, active) VALUES ('019b3be4-36cd-7821-9ad2-6c260f8271b9', '019c441a-0e9e-7e0e-93ba-b9080f53300b', '2026-03-10 22:39:13.962485+00:00', false, false, true) ON CONFLICT (id) DO NOTHING;
INSERT INTO public.model_temperature_levels_junction (model_id, temperature_levels_id, created_at, generated, mcp, active) VALUES ('019b3be4-36cd-7821-9ad2-6c260f8271b9', '019c441a-0e9e-7e19-89e1-76a54e0e513b', '2026-03-10 22:39:13.962485+00:00', false, false, true) ON CONFLICT (id) DO NOTHING;
INSERT INTO public.model_temperature_levels_junction (model_id, temperature_levels_id, created_at, generated, mcp, active) VALUES ('019b3be4-36cd-7821-9ad2-6c260f8271b9', '019c441a-0e9e-7e2b-91ce-0aadfc9baef7', '2026-03-10 22:39:13.962485+00:00', false, false, true) ON CONFLICT (id) DO NOTHING;
INSERT INTO public.model_temperature_levels_junction (model_id, temperature_levels_id, created_at, generated, mcp, active) VALUES ('019b3be4-36cd-7821-9ad2-6c260f8271b9', '019c441a-0e9e-7e37-a9f8-4388d8363acc', '2026-03-10 22:39:13.962485+00:00', false, false, true) ON CONFLICT (id) DO NOTHING;
INSERT INTO public.model_temperature_levels_junction (model_id, temperature_levels_id, created_at, generated, mcp, active) VALUES ('019b3be4-36cd-7821-9ad2-6c260f8271b9', '019c441a-0e9e-7e3d-b9e4-8df4302ca526', '2026-03-10 22:39:13.962485+00:00', false, false, true) ON CONFLICT (id) DO NOTHING;
INSERT INTO public.model_temperature_levels_junction (model_id, temperature_levels_id, created_at, generated, mcp, active) VALUES ('019b3be4-36cd-7821-9ad2-6c260f8271b9', '019c441a-0e9e-7e52-b580-9218337e5382', '2026-03-10 22:39:13.962485+00:00', false, false, true) ON CONFLICT (id) DO NOTHING;
INSERT INTO public.model_temperature_levels_junction (model_id, temperature_levels_id, created_at, generated, mcp, active) VALUES ('019b3be4-36cd-7821-9ad2-6c260f8271b9', '019c441a-0e9e-7e5a-933e-d1c96ab450fe', '2026-03-10 22:39:13.962485+00:00', false, false, true) ON CONFLICT (id) DO NOTHING;
INSERT INTO public.model_temperature_levels_junction (model_id, temperature_levels_id, created_at, generated, mcp, active) VALUES ('019b3be4-36cd-7821-9ad2-6c260f8271b9', '019c441a-0e9e-7e62-b187-072e351576b7', '2026-03-10 22:39:13.962485+00:00', false, false, true) ON CONFLICT (id) DO NOTHING;
INSERT INTO public.model_temperature_levels_junction (model_id, temperature_levels_id, created_at, generated, mcp, active) VALUES ('019b3be4-36cd-7821-9ad2-6c260f8271b9', '019c441a-0e9e-7e69-a60a-627a1928dda8', '2026-03-10 22:39:13.962485+00:00', false, false, true) ON CONFLICT (id) DO NOTHING;
INSERT INTO public.model_temperature_levels_junction (model_id, temperature_levels_id, created_at, generated, mcp, active) VALUES ('019b3be4-36cd-7821-9ad2-6c260f8271b9', '019c441a-0e9e-7e73-ab7c-6b05701f3683', '2026-03-10 22:39:13.962485+00:00', false, false, true) ON CONFLICT (id) DO NOTHING;
INSERT INTO public.model_temperature_levels_junction (model_id, temperature_levels_id, created_at, generated, mcp, active) VALUES ('019b3be4-36cd-7821-9ad2-6c260f8271b9', '019c441a-0e9e-7e89-8b78-5a89a8ee38df', '2026-03-10 22:39:13.962485+00:00', false, false, true) ON CONFLICT (id) DO NOTHING;
INSERT INTO public.model_temperature_levels_junction (model_id, temperature_levels_id, created_at, generated, mcp, active) VALUES ('019b3be4-36cd-7821-9ad2-6c260f8271b9', '019c441a-0e9e-7e94-9c38-b7f44e86a101', '2026-03-10 22:39:13.962485+00:00', false, false, true) ON CONFLICT (id) DO NOTHING;
INSERT INTO public.model_temperature_levels_junction (model_id, temperature_levels_id, created_at, generated, mcp, active) VALUES ('019b3be4-36cd-7821-9ad2-6c260f8271b9', '019c441a-0e9e-7ea0-afe1-143d03e99a25', '2026-03-10 22:39:13.962485+00:00', false, false, true) ON CONFLICT (id) DO NOTHING;
INSERT INTO public.model_temperature_levels_junction (model_id, temperature_levels_id, created_at, generated, mcp, active) VALUES ('019b3be4-36cd-7821-9ad2-6c260f8271b9', '019c441a-0e9e-7eb0-ba12-fa36a878cdef', '2026-03-10 22:39:13.962485+00:00', false, false, true) ON CONFLICT (id) DO NOTHING;
INSERT INTO public.model_temperature_levels_junction (model_id, temperature_levels_id, created_at, generated, mcp, active) VALUES ('019b3be4-36cd-7821-9ad2-6c260f8271b9', '019c441a-0e9e-7ebf-83f0-e822b230d010', '2026-03-10 22:39:13.962485+00:00', false, false, true) ON CONFLICT (id) DO NOTHING;
INSERT INTO public.model_temperature_levels_junction (model_id, temperature_levels_id, created_at, generated, mcp, active) VALUES ('019b3be4-36cd-7821-9ad2-6c260f8271b9', '019c441a-0e9e-7ec9-8819-23cf95608dbe', '2026-03-10 22:39:13.962485+00:00', false, false, true) ON CONFLICT (id) DO NOTHING;
INSERT INTO public.model_temperature_levels_junction (model_id, temperature_levels_id, created_at, generated, mcp, active) VALUES ('019b3be4-36cd-7821-9ad2-6c260f8271b9', '019c441a-0e9e-7ed1-9766-04be0f1c6b20', '2026-03-10 22:39:13.962485+00:00', false, false, true) ON CONFLICT (id) DO NOTHING;
INSERT INTO public.model_temperature_levels_junction (model_id, temperature_levels_id, created_at, generated, mcp, active) VALUES ('019b3be4-36cd-7821-9ad2-6c260f8271b9', '019c441a-0e9e-7ede-ab08-a9ec02a3d29f', '2026-03-10 22:39:13.962485+00:00', false, false, true) ON CONFLICT (id) DO NOTHING;
INSERT INTO public.model_temperature_levels_junction (model_id, temperature_levels_id, created_at, generated, mcp, active) VALUES ('019b3be4-36cd-7821-9ad2-6c260f8271b9', '019c441a-0e9e-7ef6-8811-b13973658720', '2026-03-10 22:39:13.962485+00:00', false, false, true) ON CONFLICT (id) DO NOTHING;
INSERT INTO public.model_temperature_levels_junction (model_id, temperature_levels_id, created_at, generated, mcp, active) VALUES ('019b3be4-36cd-7821-9ad2-6c260f8271b9', '019c441a-0e9e-7f0d-9e4b-4b564ec66598', '2026-03-10 22:39:13.962485+00:00', false, false, true) ON CONFLICT (id) DO NOTHING;
INSERT INTO public.model_temperature_levels_junction (model_id, temperature_levels_id, created_at, generated, mcp, active) VALUES ('019b3be4-36cd-7821-9ad2-6c260f8271b9', '019c441a-0e9e-7f26-8ca6-a1b33fb97fbe', '2026-03-10 22:39:13.962485+00:00', false, false, true) ON CONFLICT (id) DO NOTHING;
INSERT INTO public.model_temperature_levels_junction (model_id, temperature_levels_id, created_at, generated, mcp, active) VALUES ('019b3be4-36cd-7821-9ad2-6c260f8271b9', '019c441a-0e9e-7f2e-81d2-2545ba70f21d', '2026-03-10 22:39:13.962485+00:00', false, false, true) ON CONFLICT (id) DO NOTHING;
INSERT INTO public.model_temperature_levels_junction (model_id, temperature_levels_id, created_at, generated, mcp, active) VALUES ('019b3be4-36cd-7821-9ad2-6c260f8271b9', '019c441a-0e9e-7f44-bb0b-5190a35cc0c0', '2026-03-10 22:39:13.962485+00:00', false, false, true) ON CONFLICT (id) DO NOTHING;
INSERT INTO public.model_temperature_levels_junction (model_id, temperature_levels_id, created_at, generated, mcp, active) VALUES ('019b3be4-36cd-7821-9ad2-6c260f8271b9', '019c441a-0e9e-7f53-8a08-d51406e55622', '2026-03-10 22:39:13.962485+00:00', false, false, true) ON CONFLICT (id) DO NOTHING;
INSERT INTO public.model_temperature_levels_junction (model_id, temperature_levels_id, created_at, generated, mcp, active) VALUES ('019b3be4-36cd-7821-9ad2-6c260f8271b9', '019c441a-0e9e-7f5f-9e3d-9922fdb0fdff', '2026-03-10 22:39:13.962485+00:00', false, false, true) ON CONFLICT (id) DO NOTHING;
INSERT INTO public.model_temperature_levels_junction (model_id, temperature_levels_id, created_at, generated, mcp, active) VALUES ('019b3be4-36cd-7821-9ad2-6c260f8271b9', '019c441a-0e9e-7f6c-a798-8328630ab038', '2026-03-10 22:39:13.962485+00:00', false, false, true) ON CONFLICT (id) DO NOTHING;
INSERT INTO public.model_temperature_levels_junction (model_id, temperature_levels_id, created_at, generated, mcp, active) VALUES ('019b3be4-36cd-7821-9ad2-6c260f8271b9', '019c441a-0e9e-7f80-a9cb-7b1c947ad4c8', '2026-03-10 22:39:13.962485+00:00', false, false, true) ON CONFLICT (id) DO NOTHING;
INSERT INTO public.model_temperature_levels_junction (model_id, temperature_levels_id, created_at, generated, mcp, active) VALUES ('019b3be4-36cd-7821-9ad2-6c260f8271b9', '019c441a-0e9e-7f8f-b0cf-ab7d52866f69', '2026-03-10 22:39:13.962485+00:00', false, false, true) ON CONFLICT (id) DO NOTHING;
INSERT INTO public.model_temperature_levels_junction (model_id, temperature_levels_id, created_at, generated, mcp, active) VALUES ('019b3be4-36cd-7821-9ad2-6c260f8271b9', '019c441a-0e9e-7fa5-87e8-3e52d48647cd', '2026-03-10 22:39:13.962485+00:00', false, false, true) ON CONFLICT (id) DO NOTHING;
INSERT INTO public.model_temperature_levels_junction (model_id, temperature_levels_id, created_at, generated, mcp, active) VALUES ('019b3be4-36cd-7821-9ad2-6c260f8271b9', '019c441a-0e9e-7fae-bed9-1177ce0bd598', '2026-03-10 22:39:13.962485+00:00', false, false, true) ON CONFLICT (id) DO NOTHING;
INSERT INTO public.model_temperature_levels_junction (model_id, temperature_levels_id, created_at, generated, mcp, active) VALUES ('019b3be4-36cd-7821-9ad2-6c260f8271b9', '019c441a-0e9e-7fbb-84b9-a7962089afa4', '2026-03-10 22:39:13.962485+00:00', false, false, true) ON CONFLICT (id) DO NOTHING;
INSERT INTO public.model_temperature_levels_junction (model_id, temperature_levels_id, created_at, generated, mcp, active) VALUES ('019b3be4-36cd-7821-9ad2-6c260f8271b9', '019c441a-0e9e-7fc1-8cef-8914d6b01390', '2026-03-10 22:39:13.962485+00:00', false, false, true) ON CONFLICT (id) DO NOTHING;
INSERT INTO public.model_temperature_levels_junction (model_id, temperature_levels_id, created_at, generated, mcp, active) VALUES ('019b3be4-36cd-7821-9ad2-6c260f8271b9', '019c441a-0e9e-7fcd-afc7-37cf75ba25a7', '2026-03-10 22:39:13.962485+00:00', false, false, true) ON CONFLICT (id) DO NOTHING;
INSERT INTO public.model_temperature_levels_junction (model_id, temperature_levels_id, created_at, generated, mcp, active) VALUES ('019b3be4-36cd-7821-9ad2-6c260f8271b9', '019c441a-0e9e-7fde-a372-d6c53b939a2d', '2026-03-10 22:39:13.962485+00:00', false, false, true) ON CONFLICT (id) DO NOTHING;
INSERT INTO public.model_temperature_levels_junction (model_id, temperature_levels_id, created_at, generated, mcp, active) VALUES ('019b3be4-36cd-7821-9ad2-6c260f8271b9', '019c441a-0e9e-7fee-be99-7292d6d5e130', '2026-03-10 22:39:13.962485+00:00', false, false, true) ON CONFLICT (id) DO NOTHING;
INSERT INTO public.model_temperature_levels_junction (model_id, temperature_levels_id, created_at, generated, mcp, active) VALUES ('019b3be4-36cd-7821-9ad2-6c260f8271b9', '019c441a-0e9e-7ff9-8627-a980b71f8514', '2026-03-10 22:39:13.962485+00:00', false, false, true) ON CONFLICT (id) DO NOTHING;
INSERT INTO public.model_temperature_levels_junction (model_id, temperature_levels_id, created_at, generated, mcp, active) VALUES ('019b3be4-36cd-7821-9ad2-6c260f8271b9', '019c441a-0e9f-7004-9320-7d40cf5cd428', '2026-03-10 22:39:13.962485+00:00', false, false, true) ON CONFLICT (id) DO NOTHING;
INSERT INTO public.model_temperature_levels_junction (model_id, temperature_levels_id, created_at, generated, mcp, active) VALUES ('019b3be4-36cd-7821-9ad2-6c260f8271b9', '019c441a-0e9f-700c-a8c5-11434dc2ea95', '2026-03-10 22:39:13.962485+00:00', false, false, true) ON CONFLICT (id) DO NOTHING;
INSERT INTO public.model_temperature_levels_junction (model_id, temperature_levels_id, created_at, generated, mcp, active) VALUES ('019b3be4-36cd-7821-9ad2-6c260f8271b9', '019c441a-0e9f-7016-9973-59eca073bebe', '2026-03-10 22:39:13.962485+00:00', false, false, true) ON CONFLICT (id) DO NOTHING;
INSERT INTO public.model_temperature_levels_junction (model_id, temperature_levels_id, created_at, generated, mcp, active) VALUES ('019b3be4-36cd-7821-9ad2-6c260f8271b9', '019c441a-0e9f-7027-b2b3-40f7679aa440', '2026-03-10 22:39:13.962485+00:00', false, false, true) ON CONFLICT (id) DO NOTHING;
INSERT INTO public.model_temperature_levels_junction (model_id, temperature_levels_id, created_at, generated, mcp, active) VALUES ('019b3be4-36cd-7821-9ad2-6c260f8271b9', '019c441a-0e9f-7038-a8fe-a960af92c6cd', '2026-03-10 22:39:13.962485+00:00', false, false, true) ON CONFLICT (id) DO NOTHING;
INSERT INTO public.model_temperature_levels_junction (model_id, temperature_levels_id, created_at, generated, mcp, active) VALUES ('019b3be4-36cd-7821-9ad2-6c260f8271b9', '019c441a-0e9f-7055-8c67-a6f96ebb872b', '2026-03-10 22:39:13.962485+00:00', false, false, true) ON CONFLICT (id) DO NOTHING;
INSERT INTO public.model_temperature_levels_junction (model_id, temperature_levels_id, created_at, generated, mcp, active) VALUES ('019b3be4-36cd-7821-9ad2-6c260f8271b9', '019c441a-0e9f-7067-a9d9-66f6b22a620c', '2026-03-10 22:39:13.962485+00:00', false, false, true) ON CONFLICT (id) DO NOTHING;
INSERT INTO public.model_temperature_levels_junction (model_id, temperature_levels_id, created_at, generated, mcp, active) VALUES ('019b3be4-36cd-7821-9ad2-6c260f8271b9', '019c441a-0e9f-7076-b0f4-d3db8a59a2bf', '2026-03-10 22:39:13.962485+00:00', false, false, true) ON CONFLICT (id) DO NOTHING;
INSERT INTO public.model_temperature_levels_junction (model_id, temperature_levels_id, created_at, generated, mcp, active) VALUES ('019b3be4-36cd-7821-9ad2-6c260f8271b9', '019c441a-0e9f-7087-a7c2-481e3cf67900', '2026-03-10 22:39:13.962485+00:00', false, false, true) ON CONFLICT (id) DO NOTHING;
INSERT INTO public.model_temperature_levels_junction (model_id, temperature_levels_id, created_at, generated, mcp, active) VALUES ('019b3be4-36cd-7821-9ad2-6c260f8271b9', '019c441a-0e9f-708c-ace6-6ab6bfb9032b', '2026-03-10 22:39:13.962485+00:00', false, false, true) ON CONFLICT (id) DO NOTHING;
INSERT INTO public.model_temperature_levels_junction (model_id, temperature_levels_id, created_at, generated, mcp, active) VALUES ('019b3be4-36cd-7821-9ad2-6c260f8271b9', '019c441a-0e9f-70a7-8312-c8913b2bd033', '2026-03-10 22:39:13.962485+00:00', false, false, true) ON CONFLICT (id) DO NOTHING;
INSERT INTO public.model_temperature_levels_junction (model_id, temperature_levels_id, created_at, generated, mcp, active) VALUES ('019b3be4-36cd-7821-9ad2-6c260f8271b9', '019c441a-0e9f-70b3-bad8-286a24dc5f49', '2026-03-10 22:39:13.962485+00:00', false, false, true) ON CONFLICT (id) DO NOTHING;
INSERT INTO public.model_temperature_levels_junction (model_id, temperature_levels_id, created_at, generated, mcp, active) VALUES ('019b3be4-36cd-7821-9ad2-6c260f8271b9', '019c441a-0e9f-70be-928f-7873d52a9642', '2026-03-10 22:39:13.962485+00:00', false, false, true) ON CONFLICT (id) DO NOTHING;
INSERT INTO public.model_temperature_levels_junction (model_id, temperature_levels_id, created_at, generated, mcp, active) VALUES ('019b3be4-36cd-7821-9ad2-6c260f8271b9', '019c441a-0e9f-70ce-849a-af4b11bbfaf6', '2026-03-10 22:39:13.962485+00:00', false, false, true) ON CONFLICT (id) DO NOTHING;
INSERT INTO public.model_temperature_levels_junction (model_id, temperature_levels_id, created_at, generated, mcp, active) VALUES ('019b3be4-36cd-7821-9ad2-6c260f8271b9', '019c441a-0e9f-70d9-8046-2d636f526116', '2026-03-10 22:39:13.962485+00:00', false, false, true) ON CONFLICT (id) DO NOTHING;
INSERT INTO public.model_temperature_levels_junction (model_id, temperature_levels_id, created_at, generated, mcp, active) VALUES ('019b3be4-36cd-7821-9ad2-6c260f8271b9', '019c441a-0e9f-70e8-8235-7196b41406e1', '2026-03-10 22:39:13.962485+00:00', false, false, true) ON CONFLICT (id) DO NOTHING;
INSERT INTO public.model_temperature_levels_junction (model_id, temperature_levels_id, created_at, generated, mcp, active) VALUES ('019b3be4-36cd-7821-9ad2-6c260f8271b9', '019c441a-0e9f-70f0-a568-30584bfef8fb', '2026-03-10 22:39:13.962485+00:00', false, false, true) ON CONFLICT (id) DO NOTHING;
INSERT INTO public.model_temperature_levels_junction (model_id, temperature_levels_id, created_at, generated, mcp, active) VALUES ('019b3be4-36cd-7821-9ad2-6c260f8271b9', '019c441a-0e9f-7101-afd8-b2e50bc968f9', '2026-03-10 22:39:13.962485+00:00', false, false, true) ON CONFLICT (id) DO NOTHING;
INSERT INTO public.model_temperature_levels_junction (model_id, temperature_levels_id, created_at, generated, mcp, active) VALUES ('019b3be4-36cd-7821-9ad2-6c260f8271b9', '019c441a-0e9f-710b-99b2-3db575f01df1', '2026-03-10 22:39:13.962485+00:00', false, false, true) ON CONFLICT (id) DO NOTHING;
INSERT INTO public.model_temperature_levels_junction (model_id, temperature_levels_id, created_at, generated, mcp, active) VALUES ('019b3be4-36cd-7821-9ad2-6c260f8271b9', '019c441a-0e9f-7116-ab87-05d7035642c7', '2026-03-10 22:39:13.962485+00:00', false, false, true) ON CONFLICT (id) DO NOTHING;
INSERT INTO public.model_temperature_levels_junction (model_id, temperature_levels_id, created_at, generated, mcp, active) VALUES ('019b3be4-36cd-7821-9ad2-6c260f8271b9', '019c441a-0e9f-7120-bc1c-1e290802109a', '2026-03-10 22:39:13.962485+00:00', false, false, true) ON CONFLICT (id) DO NOTHING;
INSERT INTO public.model_temperature_levels_junction (model_id, temperature_levels_id, created_at, generated, mcp, active) VALUES ('019b3be4-36cd-7821-9ad2-6c260f8271b9', '019c441a-0e9f-712f-ad29-33e6889ca042', '2026-03-10 22:39:13.962485+00:00', false, false, true) ON CONFLICT (id) DO NOTHING;
INSERT INTO public.model_temperature_levels_junction (model_id, temperature_levels_id, created_at, generated, mcp, active) VALUES ('019b3be4-36cd-7821-9ad2-6c260f8271b9', '019c441a-0e9f-713c-87f4-1ce375f0e09f', '2026-03-10 22:39:13.962485+00:00', false, false, true) ON CONFLICT (id) DO NOTHING;
INSERT INTO public.model_temperature_levels_junction (model_id, temperature_levels_id, created_at, generated, mcp, active) VALUES ('019b3be4-36cd-7821-9ad2-6c260f8271b9', '019c441a-0e9f-715a-8037-ac5450f006cb', '2026-03-10 22:39:13.962485+00:00', false, false, true) ON CONFLICT (id) DO NOTHING;
INSERT INTO public.model_temperature_levels_junction (model_id, temperature_levels_id, created_at, generated, mcp, active) VALUES ('019b3be4-36cd-7821-9ad2-6c260f8271b9', '019c441a-0e9f-7166-a4b2-8eef873a73e7', '2026-03-10 22:39:13.962485+00:00', false, false, true) ON CONFLICT (id) DO NOTHING;
INSERT INTO public.model_temperature_levels_junction (model_id, temperature_levels_id, created_at, generated, mcp, active) VALUES ('019b3be4-36cd-7821-9ad2-6c260f8271b9', '019c441a-0e9f-716f-9341-e1c1d078369b', '2026-03-10 22:39:13.962485+00:00', false, false, true) ON CONFLICT (id) DO NOTHING;
INSERT INTO public.model_temperature_levels_junction (model_id, temperature_levels_id, created_at, generated, mcp, active) VALUES ('019b3be4-36cd-7821-9ad2-6c260f8271b9', '019c441a-0e9f-7176-a9ff-74d14b50e469', '2026-03-10 22:39:13.962485+00:00', false, false, true) ON CONFLICT (id) DO NOTHING;
INSERT INTO public.model_temperature_levels_junction (model_id, temperature_levels_id, created_at, generated, mcp, active) VALUES ('019b3be4-36cd-7821-9ad2-6c260f8271b9', '019c441a-0e9f-718b-9bf3-c0143fa5d3c1', '2026-03-10 22:39:13.962485+00:00', false, false, true) ON CONFLICT (id) DO NOTHING;
INSERT INTO public.model_temperature_levels_junction (model_id, temperature_levels_id, created_at, generated, mcp, active) VALUES ('019b3be4-36cd-7821-9ad2-6c260f8271b9', '019c441a-0e9f-732f-ac4d-b10174e69e21', '2026-03-10 22:39:13.962485+00:00', false, false, true) ON CONFLICT (id) DO NOTHING;
INSERT INTO public.model_temperature_levels_junction (model_id, temperature_levels_id, created_at, generated, mcp, active) VALUES ('019b3be4-36cd-7821-9ad2-6c260f8271b9', '019c441a-0e9f-7335-a559-31fe7e8db595', '2026-03-10 22:39:13.962485+00:00', false, false, true) ON CONFLICT (id) DO NOTHING;
INSERT INTO public.model_temperature_levels_junction (model_id, temperature_levels_id, created_at, generated, mcp, active) VALUES ('019b3be4-36cd-7821-9ad2-6c260f8271b9', '019c441a-0e9f-735a-81cf-eed6e8196398', '2026-03-10 22:39:13.962485+00:00', false, false, true) ON CONFLICT (id) DO NOTHING;
INSERT INTO public.model_temperature_levels_junction (model_id, temperature_levels_id, created_at, generated, mcp, active) VALUES ('019b3be4-36cd-7821-9ad2-6c260f8271b9', '019c441a-0e9f-7370-856d-7b31ced06c90', '2026-03-10 22:39:13.962485+00:00', false, false, true) ON CONFLICT (id) DO NOTHING;
INSERT INTO public.model_temperature_levels_junction (model_id, temperature_levels_id, created_at, generated, mcp, active) VALUES ('019b3be4-36cd-7821-9ad2-6c260f8271b9', '019c441a-0e9f-738a-9c75-c3dc21a1aed4', '2026-03-10 22:39:13.962485+00:00', false, false, true) ON CONFLICT (id) DO NOTHING;
INSERT INTO public.model_temperature_levels_junction (model_id, temperature_levels_id, created_at, generated, mcp, active) VALUES ('019b3be4-36cd-7821-9ad2-6c260f8271b9', '019c441a-0e9f-73a7-8628-636b0586d4fb', '2026-03-10 22:39:13.962485+00:00', false, false, true) ON CONFLICT (id) DO NOTHING;
INSERT INTO public.model_temperature_levels_junction (model_id, temperature_levels_id, created_at, generated, mcp, active) VALUES ('019b3be4-36cd-7821-9ad2-6c260f8271b9', '019c441a-0e9f-73b3-b4c6-96f71113e8dc', '2026-03-10 22:39:13.962485+00:00', false, false, true) ON CONFLICT (id) DO NOTHING;
INSERT INTO public.model_temperature_levels_junction (model_id, temperature_levels_id, created_at, generated, mcp, active) VALUES ('019b3be4-36cd-7821-9ad2-6c260f8271b9', '019c441a-0e9f-73b7-a591-e6cb67cc219a', '2026-03-10 22:39:13.962485+00:00', false, false, true) ON CONFLICT (id) DO NOTHING;
INSERT INTO public.model_temperature_levels_junction (model_id, temperature_levels_id, created_at, generated, mcp, active) VALUES ('019b3be4-36cd-7821-9ad2-6c260f8271b9', '019c441a-0e9f-73ca-8872-97569ea04c56', '2026-03-10 22:39:13.962485+00:00', false, false, true) ON CONFLICT (id) DO NOTHING;
INSERT INTO public.model_temperature_levels_junction (model_id, temperature_levels_id, created_at, generated, mcp, active) VALUES ('019b3be4-36cd-7821-9ad2-6c260f8271b9', '019c441a-0e9f-73d9-a939-23bb7a0cc094', '2026-03-10 22:39:13.962485+00:00', false, false, true) ON CONFLICT (id) DO NOTHING;
INSERT INTO public.model_temperature_levels_junction (model_id, temperature_levels_id, created_at, generated, mcp, active) VALUES ('019b3be4-36cd-7821-9ad2-6c260f8271b9', '019c441a-0e9f-73e9-9074-5fc628f2e51c', '2026-03-10 22:39:13.962485+00:00', false, false, true) ON CONFLICT (id) DO NOTHING;
INSERT INTO public.model_temperature_levels_junction (model_id, temperature_levels_id, created_at, generated, mcp, active) VALUES ('019b3be4-36cd-7821-9ad2-6c260f8271b9', '019c441a-0e9f-73f9-b1ae-e42dda0fd3c5', '2026-03-10 22:39:13.962485+00:00', false, false, true) ON CONFLICT (id) DO NOTHING;
INSERT INTO public.model_temperature_levels_junction (model_id, temperature_levels_id, created_at, generated, mcp, active) VALUES ('019b3be4-36cd-7821-9ad2-6c260f8271b9', '019c441a-0e9f-7413-be9e-8c771dd1ceb2', '2026-03-10 22:39:13.962485+00:00', false, false, true) ON CONFLICT (id) DO NOTHING;
INSERT INTO public.model_temperature_levels_junction (model_id, temperature_levels_id, created_at, generated, mcp, active) VALUES ('019b3be4-36cd-7821-9ad2-6c260f8271b9', '019c441a-0e9f-741c-889d-c67c16f9dc2b', '2026-03-10 22:39:13.962485+00:00', false, false, true) ON CONFLICT (id) DO NOTHING;
INSERT INTO public.model_temperature_levels_junction (model_id, temperature_levels_id, created_at, generated, mcp, active) VALUES ('019b3be4-36cd-7821-9ad2-6c260f8271b9', '019c441a-0e9f-742a-995a-2c0c8e1cffba', '2026-03-10 22:39:13.962485+00:00', false, false, true) ON CONFLICT (id) DO NOTHING;
INSERT INTO public.model_temperature_levels_junction (model_id, temperature_levels_id, created_at, generated, mcp, active) VALUES ('019b3be4-36cd-7888-842b-8c6f8dfb363b', '019c441a-0e9e-7bef-841d-5d33999c9d12', '2026-03-10 22:39:14.001941+00:00', false, false, true) ON CONFLICT (id) DO NOTHING;
INSERT INTO public.model_temperature_levels_junction (model_id, temperature_levels_id, created_at, generated, mcp, active) VALUES ('019b3be4-36cd-7888-842b-8c6f8dfb363b', '019c441a-0e9e-7c74-928c-7c0739193aff', '2026-03-10 22:39:14.001941+00:00', false, false, true) ON CONFLICT (id) DO NOTHING;
INSERT INTO public.model_temperature_levels_junction (model_id, temperature_levels_id, created_at, generated, mcp, active) VALUES ('019b3be4-36cd-7888-842b-8c6f8dfb363b', '019c441a-0e9e-7c9e-8acc-69725eead5b3', '2026-03-10 22:39:14.001941+00:00', false, false, true) ON CONFLICT (id) DO NOTHING;
INSERT INTO public.model_temperature_levels_junction (model_id, temperature_levels_id, created_at, generated, mcp, active) VALUES ('019b3be4-36cd-7888-842b-8c6f8dfb363b', '019c441a-0e9e-7ca4-ad96-a64b4ddb14b4', '2026-03-10 22:39:14.001941+00:00', false, false, true) ON CONFLICT (id) DO NOTHING;
INSERT INTO public.model_temperature_levels_junction (model_id, temperature_levels_id, created_at, generated, mcp, active) VALUES ('019b3be4-36cd-7888-842b-8c6f8dfb363b', '019c441a-0e9e-7cc4-83a2-f576e1eac21e', '2026-03-10 22:39:14.001941+00:00', false, false, true) ON CONFLICT (id) DO NOTHING;
INSERT INTO public.model_temperature_levels_junction (model_id, temperature_levels_id, created_at, generated, mcp, active) VALUES ('019b3be4-36cd-7888-842b-8c6f8dfb363b', '019c441a-0e9e-7cd3-9f45-b7f2ddd50383', '2026-03-10 22:39:14.001941+00:00', false, false, true) ON CONFLICT (id) DO NOTHING;
INSERT INTO public.model_temperature_levels_junction (model_id, temperature_levels_id, created_at, generated, mcp, active) VALUES ('019b3be4-36cd-7888-842b-8c6f8dfb363b', '019c441a-0e9e-7cdc-b2f0-1daefbf9a0d2', '2026-03-10 22:39:14.001941+00:00', false, false, true) ON CONFLICT (id) DO NOTHING;
INSERT INTO public.model_temperature_levels_junction (model_id, temperature_levels_id, created_at, generated, mcp, active) VALUES ('019b3be4-36cd-7888-842b-8c6f8dfb363b', '019c441a-0e9e-7ce6-a3df-5d1581d924f8', '2026-03-10 22:39:14.001941+00:00', false, false, true) ON CONFLICT (id) DO NOTHING;
INSERT INTO public.model_temperature_levels_junction (model_id, temperature_levels_id, created_at, generated, mcp, active) VALUES ('019b3be4-36cd-7888-842b-8c6f8dfb363b', '019c441a-0e9e-7cf7-b9c2-b296333b30ee', '2026-03-10 22:39:14.001941+00:00', false, false, true) ON CONFLICT (id) DO NOTHING;
INSERT INTO public.model_temperature_levels_junction (model_id, temperature_levels_id, created_at, generated, mcp, active) VALUES ('019b3be4-36cd-7888-842b-8c6f8dfb363b', '019c441a-0e9e-7d1a-9b3d-4b030af5a5f5', '2026-03-10 22:39:14.001941+00:00', false, false, true) ON CONFLICT (id) DO NOTHING;
INSERT INTO public.model_temperature_levels_junction (model_id, temperature_levels_id, created_at, generated, mcp, active) VALUES ('019b3be4-36cd-7888-842b-8c6f8dfb363b', '019c441a-0e9e-7d22-aa42-b094ce03c315', '2026-03-10 22:39:14.001941+00:00', false, false, true) ON CONFLICT (id) DO NOTHING;
INSERT INTO public.model_temperature_levels_junction (model_id, temperature_levels_id, created_at, generated, mcp, active) VALUES ('019b3be4-36cd-7888-842b-8c6f8dfb363b', '019c441a-0e9e-7d2d-a122-d5e27a709e64', '2026-03-10 22:39:14.001941+00:00', false, false, true) ON CONFLICT (id) DO NOTHING;
INSERT INTO public.model_temperature_levels_junction (model_id, temperature_levels_id, created_at, generated, mcp, active) VALUES ('019b3be4-36d1-77ac-9c8d-7bcd806fbcf7', '019c441a-0e9e-7bef-841d-5d33999c9d12', '2026-03-10 22:39:13.977658+00:00', false, false, true) ON CONFLICT (id) DO NOTHING;
INSERT INTO public.model_temperature_levels_junction (model_id, temperature_levels_id, created_at, generated, mcp, active) VALUES ('019b3be4-36d1-77ac-9c8d-7bcd806fbcf7', '019c441a-0e9e-7c74-928c-7c0739193aff', '2026-03-10 22:39:13.977658+00:00', false, false, true) ON CONFLICT (id) DO NOTHING;
INSERT INTO public.model_temperature_levels_junction (model_id, temperature_levels_id, created_at, generated, mcp, active) VALUES ('019b3be4-36d1-77ac-9c8d-7bcd806fbcf7', '019c441a-0e9e-7c9e-8acc-69725eead5b3', '2026-03-10 22:39:13.977658+00:00', false, false, true) ON CONFLICT (id) DO NOTHING;
INSERT INTO public.model_temperature_levels_junction (model_id, temperature_levels_id, created_at, generated, mcp, active) VALUES ('019b3be4-36d1-77ac-9c8d-7bcd806fbcf7', '019c441a-0e9e-7ca4-ad96-a64b4ddb14b4', '2026-03-10 22:39:13.977658+00:00', false, false, true) ON CONFLICT (id) DO NOTHING;
INSERT INTO public.model_temperature_levels_junction (model_id, temperature_levels_id, created_at, generated, mcp, active) VALUES ('019b3be4-36d1-77ac-9c8d-7bcd806fbcf7', '019c441a-0e9e-7cc4-83a2-f576e1eac21e', '2026-03-10 22:39:13.977658+00:00', false, false, true) ON CONFLICT (id) DO NOTHING;
INSERT INTO public.model_temperature_levels_junction (model_id, temperature_levels_id, created_at, generated, mcp, active) VALUES ('019b3be4-36d1-77ac-9c8d-7bcd806fbcf7', '019c441a-0e9e-7cd3-9f45-b7f2ddd50383', '2026-03-10 22:39:13.977658+00:00', false, false, true) ON CONFLICT (id) DO NOTHING;
INSERT INTO public.model_temperature_levels_junction (model_id, temperature_levels_id, created_at, generated, mcp, active) VALUES ('019b3be4-36d1-77ac-9c8d-7bcd806fbcf7', '019c441a-0e9e-7cdc-b2f0-1daefbf9a0d2', '2026-03-10 22:39:13.977658+00:00', false, false, true) ON CONFLICT (id) DO NOTHING;
INSERT INTO public.model_temperature_levels_junction (model_id, temperature_levels_id, created_at, generated, mcp, active) VALUES ('019b3be4-36d1-77ac-9c8d-7bcd806fbcf7', '019c441a-0e9e-7ce6-a3df-5d1581d924f8', '2026-03-10 22:39:13.977658+00:00', false, false, true) ON CONFLICT (id) DO NOTHING;
INSERT INTO public.model_temperature_levels_junction (model_id, temperature_levels_id, created_at, generated, mcp, active) VALUES ('019b3be4-36d1-77ac-9c8d-7bcd806fbcf7', '019c441a-0e9e-7cf7-b9c2-b296333b30ee', '2026-03-10 22:39:13.977658+00:00', false, false, true) ON CONFLICT (id) DO NOTHING;
INSERT INTO public.model_temperature_levels_junction (model_id, temperature_levels_id, created_at, generated, mcp, active) VALUES ('019b3be4-36d1-77ac-9c8d-7bcd806fbcf7', '019c441a-0e9e-7d1a-9b3d-4b030af5a5f5', '2026-03-10 22:39:13.977658+00:00', false, false, true) ON CONFLICT (id) DO NOTHING;
INSERT INTO public.model_temperature_levels_junction (model_id, temperature_levels_id, created_at, generated, mcp, active) VALUES ('019b3be4-36d1-77ac-9c8d-7bcd806fbcf7', '019c441a-0e9e-7d22-aa42-b094ce03c315', '2026-03-10 22:39:13.977658+00:00', false, false, true) ON CONFLICT (id) DO NOTHING;
INSERT INTO public.model_temperature_levels_junction (model_id, temperature_levels_id, created_at, generated, mcp, active) VALUES ('019b3be4-36d1-77ac-9c8d-7bcd806fbcf7', '019c441a-0e9e-7d2d-a122-d5e27a709e64', '2026-03-10 22:39:13.977658+00:00', false, false, true) ON CONFLICT (id) DO NOTHING;
INSERT INTO public.model_temperature_levels_junction (model_id, temperature_levels_id, created_at, generated, mcp, active) VALUES ('019b3be4-36d1-77ac-9c8d-7bcd806fbcf7', '019c441a-0e9e-7d34-beaf-cb977faaad88', '2026-03-10 22:39:13.977658+00:00', false, false, true) ON CONFLICT (id) DO NOTHING;
INSERT INTO public.model_temperature_levels_junction (model_id, temperature_levels_id, created_at, generated, mcp, active) VALUES ('019b3be4-36d1-77ac-9c8d-7bcd806fbcf7', '019c441a-0e9e-7d59-bd04-7501bbcf1b85', '2026-03-10 22:39:13.977658+00:00', false, false, true) ON CONFLICT (id) DO NOTHING;
INSERT INTO public.model_temperature_levels_junction (model_id, temperature_levels_id, created_at, generated, mcp, active) VALUES ('019b3be4-36d1-77ac-9c8d-7bcd806fbcf7', '019c441a-0e9e-7d84-b9a5-aa946d36a18d', '2026-03-10 22:39:13.977658+00:00', false, false, true) ON CONFLICT (id) DO NOTHING;
INSERT INTO public.model_temperature_levels_junction (model_id, temperature_levels_id, created_at, generated, mcp, active) VALUES ('019b3be4-36d1-77ac-9c8d-7bcd806fbcf7', '019c441a-0e9e-7d9e-b960-c7edff5d9bce', '2026-03-10 22:39:13.977658+00:00', false, false, true) ON CONFLICT (id) DO NOTHING;
INSERT INTO public.model_temperature_levels_junction (model_id, temperature_levels_id, created_at, generated, mcp, active) VALUES ('019b3be4-36d1-77ac-9c8d-7bcd806fbcf7', '019c441a-0e9e-7da6-ae62-6e2a16407f9d', '2026-03-10 22:39:13.977658+00:00', false, false, true) ON CONFLICT (id) DO NOTHING;
INSERT INTO public.model_temperature_levels_junction (model_id, temperature_levels_id, created_at, generated, mcp, active) VALUES ('019b3be4-36d1-77ac-9c8d-7bcd806fbcf7', '019c441a-0e9e-7db9-b0f3-8d485af3cc59', '2026-03-10 22:39:13.977658+00:00', false, false, true) ON CONFLICT (id) DO NOTHING;
INSERT INTO public.model_temperature_levels_junction (model_id, temperature_levels_id, created_at, generated, mcp, active) VALUES ('019b3be4-36d1-77ac-9c8d-7bcd806fbcf7', '019c441a-0e9e-7dcd-be35-3ab6d31cfb17', '2026-03-10 22:39:13.977658+00:00', false, false, true) ON CONFLICT (id) DO NOTHING;
INSERT INTO public.model_temperature_levels_junction (model_id, temperature_levels_id, created_at, generated, mcp, active) VALUES ('019b3be4-36d1-77ac-9c8d-7bcd806fbcf7', '019c441a-0e9e-7dd6-b25d-1fa87885be16', '2026-03-10 22:39:13.977658+00:00', false, false, true) ON CONFLICT (id) DO NOTHING;
INSERT INTO public.model_temperature_levels_junction (model_id, temperature_levels_id, created_at, generated, mcp, active) VALUES ('019b3be4-36d1-77ac-9c8d-7bcd806fbcf7', '019c441a-0e9e-7dde-a7b4-fa61b030af17', '2026-03-10 22:39:13.977658+00:00', false, false, true) ON CONFLICT (id) DO NOTHING;
INSERT INTO public.model_temperature_levels_junction (model_id, temperature_levels_id, created_at, generated, mcp, active) VALUES ('019b3be4-36d1-77ac-9c8d-7bcd806fbcf7', '019c441a-0e9e-7dfb-9078-f1a2807595ff', '2026-03-10 22:39:13.977658+00:00', false, false, true) ON CONFLICT (id) DO NOTHING;
INSERT INTO public.model_temperature_levels_junction (model_id, temperature_levels_id, created_at, generated, mcp, active) VALUES ('019b3be4-36d1-77ac-9c8d-7bcd806fbcf7', '019c441a-0e9e-7e0e-93ba-b9080f53300b', '2026-03-10 22:39:13.977658+00:00', false, false, true) ON CONFLICT (id) DO NOTHING;
INSERT INTO public.model_temperature_levels_junction (model_id, temperature_levels_id, created_at, generated, mcp, active) VALUES ('019b3be4-36d1-77ac-9c8d-7bcd806fbcf7', '019c441a-0e9e-7e19-89e1-76a54e0e513b', '2026-03-10 22:39:13.977658+00:00', false, false, true) ON CONFLICT (id) DO NOTHING;
INSERT INTO public.model_temperature_levels_junction (model_id, temperature_levels_id, created_at, generated, mcp, active) VALUES ('019b3be4-36d1-77ac-9c8d-7bcd806fbcf7', '019c441a-0e9e-7e2b-91ce-0aadfc9baef7', '2026-03-10 22:39:13.977658+00:00', false, false, true) ON CONFLICT (id) DO NOTHING;
INSERT INTO public.model_temperature_levels_junction (model_id, temperature_levels_id, created_at, generated, mcp, active) VALUES ('019b3be4-36d1-77ac-9c8d-7bcd806fbcf7', '019c441a-0e9e-7e37-a9f8-4388d8363acc', '2026-03-10 22:39:13.977658+00:00', false, false, true) ON CONFLICT (id) DO NOTHING;
INSERT INTO public.model_temperature_levels_junction (model_id, temperature_levels_id, created_at, generated, mcp, active) VALUES ('019b3be4-36d1-77ac-9c8d-7bcd806fbcf7', '019c441a-0e9e-7e3d-b9e4-8df4302ca526', '2026-03-10 22:39:13.977658+00:00', false, false, true) ON CONFLICT (id) DO NOTHING;
INSERT INTO public.model_temperature_levels_junction (model_id, temperature_levels_id, created_at, generated, mcp, active) VALUES ('019b3be4-36d1-77ac-9c8d-7bcd806fbcf7', '019c441a-0e9e-7e52-b580-9218337e5382', '2026-03-10 22:39:13.977658+00:00', false, false, true) ON CONFLICT (id) DO NOTHING;
INSERT INTO public.model_temperature_levels_junction (model_id, temperature_levels_id, created_at, generated, mcp, active) VALUES ('019b3be4-36d1-77ac-9c8d-7bcd806fbcf7', '019c441a-0e9e-7e5a-933e-d1c96ab450fe', '2026-03-10 22:39:13.977658+00:00', false, false, true) ON CONFLICT (id) DO NOTHING;
INSERT INTO public.model_temperature_levels_junction (model_id, temperature_levels_id, created_at, generated, mcp, active) VALUES ('019b3be4-36d1-77ac-9c8d-7bcd806fbcf7', '019c441a-0e9e-7e62-b187-072e351576b7', '2026-03-10 22:39:13.977658+00:00', false, false, true) ON CONFLICT (id) DO NOTHING;
INSERT INTO public.model_temperature_levels_junction (model_id, temperature_levels_id, created_at, generated, mcp, active) VALUES ('019b3be4-36d1-77ac-9c8d-7bcd806fbcf7', '019c441a-0e9e-7e69-a60a-627a1928dda8', '2026-03-10 22:39:13.977658+00:00', false, false, true) ON CONFLICT (id) DO NOTHING;
INSERT INTO public.model_temperature_levels_junction (model_id, temperature_levels_id, created_at, generated, mcp, active) VALUES ('019b3be4-36d1-77ac-9c8d-7bcd806fbcf7', '019c441a-0e9e-7e73-ab7c-6b05701f3683', '2026-03-10 22:39:13.977658+00:00', false, false, true) ON CONFLICT (id) DO NOTHING;
INSERT INTO public.model_temperature_levels_junction (model_id, temperature_levels_id, created_at, generated, mcp, active) VALUES ('019b3be4-36d1-77ac-9c8d-7bcd806fbcf7', '019c441a-0e9e-7e89-8b78-5a89a8ee38df', '2026-03-10 22:39:13.977658+00:00', false, false, true) ON CONFLICT (id) DO NOTHING;
INSERT INTO public.model_temperature_levels_junction (model_id, temperature_levels_id, created_at, generated, mcp, active) VALUES ('019b3be4-36d1-77ac-9c8d-7bcd806fbcf7', '019c441a-0e9e-7e94-9c38-b7f44e86a101', '2026-03-10 22:39:13.977658+00:00', false, false, true) ON CONFLICT (id) DO NOTHING;
INSERT INTO public.model_temperature_levels_junction (model_id, temperature_levels_id, created_at, generated, mcp, active) VALUES ('019b3be4-36d1-77ac-9c8d-7bcd806fbcf7', '019c441a-0e9e-7ea0-afe1-143d03e99a25', '2026-03-10 22:39:13.977658+00:00', false, false, true) ON CONFLICT (id) DO NOTHING;
INSERT INTO public.model_temperature_levels_junction (model_id, temperature_levels_id, created_at, generated, mcp, active) VALUES ('019b3be4-36d1-77ac-9c8d-7bcd806fbcf7', '019c441a-0e9e-7eb0-ba12-fa36a878cdef', '2026-03-10 22:39:13.977658+00:00', false, false, true) ON CONFLICT (id) DO NOTHING;
INSERT INTO public.model_temperature_levels_junction (model_id, temperature_levels_id, created_at, generated, mcp, active) VALUES ('019b3be4-36d1-77ac-9c8d-7bcd806fbcf7', '019c441a-0e9e-7ebf-83f0-e822b230d010', '2026-03-10 22:39:13.977658+00:00', false, false, true) ON CONFLICT (id) DO NOTHING;
INSERT INTO public.model_temperature_levels_junction (model_id, temperature_levels_id, created_at, generated, mcp, active) VALUES ('019b3be4-36d1-77ac-9c8d-7bcd806fbcf7', '019c441a-0e9e-7ec9-8819-23cf95608dbe', '2026-03-10 22:39:13.977658+00:00', false, false, true) ON CONFLICT (id) DO NOTHING;
INSERT INTO public.model_temperature_levels_junction (model_id, temperature_levels_id, created_at, generated, mcp, active) VALUES ('019b3be4-36d1-77ac-9c8d-7bcd806fbcf7', '019c441a-0e9e-7ed1-9766-04be0f1c6b20', '2026-03-10 22:39:13.977658+00:00', false, false, true) ON CONFLICT (id) DO NOTHING;
INSERT INTO public.model_temperature_levels_junction (model_id, temperature_levels_id, created_at, generated, mcp, active) VALUES ('019b3be4-36d1-77ac-9c8d-7bcd806fbcf7', '019c441a-0e9e-7ede-ab08-a9ec02a3d29f', '2026-03-10 22:39:13.977658+00:00', false, false, true) ON CONFLICT (id) DO NOTHING;
INSERT INTO public.model_temperature_levels_junction (model_id, temperature_levels_id, created_at, generated, mcp, active) VALUES ('019b3be4-36d1-77ac-9c8d-7bcd806fbcf7', '019c441a-0e9e-7ef6-8811-b13973658720', '2026-03-10 22:39:13.977658+00:00', false, false, true) ON CONFLICT (id) DO NOTHING;
INSERT INTO public.model_temperature_levels_junction (model_id, temperature_levels_id, created_at, generated, mcp, active) VALUES ('019b3be4-36d1-77ac-9c8d-7bcd806fbcf7', '019c441a-0e9e-7f0d-9e4b-4b564ec66598', '2026-03-10 22:39:13.977658+00:00', false, false, true) ON CONFLICT (id) DO NOTHING;
INSERT INTO public.model_temperature_levels_junction (model_id, temperature_levels_id, created_at, generated, mcp, active) VALUES ('019b3be4-36d1-77ac-9c8d-7bcd806fbcf7', '019c441a-0e9e-7f26-8ca6-a1b33fb97fbe', '2026-03-10 22:39:13.977658+00:00', false, false, true) ON CONFLICT (id) DO NOTHING;
INSERT INTO public.model_temperature_levels_junction (model_id, temperature_levels_id, created_at, generated, mcp, active) VALUES ('019b3be4-36d1-77ac-9c8d-7bcd806fbcf7', '019c441a-0e9e-7f2e-81d2-2545ba70f21d', '2026-03-10 22:39:13.977658+00:00', false, false, true) ON CONFLICT (id) DO NOTHING;
INSERT INTO public.model_temperature_levels_junction (model_id, temperature_levels_id, created_at, generated, mcp, active) VALUES ('019b3be4-36d1-77ac-9c8d-7bcd806fbcf7', '019c441a-0e9e-7f44-bb0b-5190a35cc0c0', '2026-03-10 22:39:13.977658+00:00', false, false, true) ON CONFLICT (id) DO NOTHING;
INSERT INTO public.model_temperature_levels_junction (model_id, temperature_levels_id, created_at, generated, mcp, active) VALUES ('019b3be4-36d1-77ac-9c8d-7bcd806fbcf7', '019c441a-0e9e-7f53-8a08-d51406e55622', '2026-03-10 22:39:13.977658+00:00', false, false, true) ON CONFLICT (id) DO NOTHING;
INSERT INTO public.model_temperature_levels_junction (model_id, temperature_levels_id, created_at, generated, mcp, active) VALUES ('019b3be4-36d1-77ac-9c8d-7bcd806fbcf7', '019c441a-0e9e-7f5f-9e3d-9922fdb0fdff', '2026-03-10 22:39:13.977658+00:00', false, false, true) ON CONFLICT (id) DO NOTHING;
INSERT INTO public.model_temperature_levels_junction (model_id, temperature_levels_id, created_at, generated, mcp, active) VALUES ('019b3be4-36d1-77ac-9c8d-7bcd806fbcf7', '019c441a-0e9e-7f6c-a798-8328630ab038', '2026-03-10 22:39:13.977658+00:00', false, false, true) ON CONFLICT (id) DO NOTHING;
INSERT INTO public.model_temperature_levels_junction (model_id, temperature_levels_id, created_at, generated, mcp, active) VALUES ('019b3be4-36d1-77ac-9c8d-7bcd806fbcf7', '019c441a-0e9e-7f80-a9cb-7b1c947ad4c8', '2026-03-10 22:39:13.977658+00:00', false, false, true) ON CONFLICT (id) DO NOTHING;
INSERT INTO public.model_temperature_levels_junction (model_id, temperature_levels_id, created_at, generated, mcp, active) VALUES ('019b3be4-36d1-77ac-9c8d-7bcd806fbcf7', '019c441a-0e9e-7f8f-b0cf-ab7d52866f69', '2026-03-10 22:39:13.977658+00:00', false, false, true) ON CONFLICT (id) DO NOTHING;
INSERT INTO public.model_temperature_levels_junction (model_id, temperature_levels_id, created_at, generated, mcp, active) VALUES ('019b3be4-36d1-77ac-9c8d-7bcd806fbcf7', '019c441a-0e9e-7fa5-87e8-3e52d48647cd', '2026-03-10 22:39:13.977658+00:00', false, false, true) ON CONFLICT (id) DO NOTHING;
INSERT INTO public.model_temperature_levels_junction (model_id, temperature_levels_id, created_at, generated, mcp, active) VALUES ('019b3be4-36d1-77ac-9c8d-7bcd806fbcf7', '019c441a-0e9e-7fae-bed9-1177ce0bd598', '2026-03-10 22:39:13.977658+00:00', false, false, true) ON CONFLICT (id) DO NOTHING;
INSERT INTO public.model_temperature_levels_junction (model_id, temperature_levels_id, created_at, generated, mcp, active) VALUES ('019b3be4-36d1-77ac-9c8d-7bcd806fbcf7', '019c441a-0e9e-7fbb-84b9-a7962089afa4', '2026-03-10 22:39:13.977658+00:00', false, false, true) ON CONFLICT (id) DO NOTHING;
INSERT INTO public.model_temperature_levels_junction (model_id, temperature_levels_id, created_at, generated, mcp, active) VALUES ('019b3be4-36d1-77ac-9c8d-7bcd806fbcf7', '019c441a-0e9e-7fc1-8cef-8914d6b01390', '2026-03-10 22:39:13.977658+00:00', false, false, true) ON CONFLICT (id) DO NOTHING;
INSERT INTO public.model_temperature_levels_junction (model_id, temperature_levels_id, created_at, generated, mcp, active) VALUES ('019b3be4-36d1-77ac-9c8d-7bcd806fbcf7', '019c441a-0e9e-7fcd-afc7-37cf75ba25a7', '2026-03-10 22:39:13.977658+00:00', false, false, true) ON CONFLICT (id) DO NOTHING;
INSERT INTO public.model_temperature_levels_junction (model_id, temperature_levels_id, created_at, generated, mcp, active) VALUES ('019b3be4-36d1-77ac-9c8d-7bcd806fbcf7', '019c441a-0e9e-7fde-a372-d6c53b939a2d', '2026-03-10 22:39:13.977658+00:00', false, false, true) ON CONFLICT (id) DO NOTHING;
INSERT INTO public.model_temperature_levels_junction (model_id, temperature_levels_id, created_at, generated, mcp, active) VALUES ('019b3be4-36d1-77ac-9c8d-7bcd806fbcf7', '019c441a-0e9e-7fee-be99-7292d6d5e130', '2026-03-10 22:39:13.977658+00:00', false, false, true) ON CONFLICT (id) DO NOTHING;
INSERT INTO public.model_temperature_levels_junction (model_id, temperature_levels_id, created_at, generated, mcp, active) VALUES ('019b3be4-36d1-77ac-9c8d-7bcd806fbcf7', '019c441a-0e9e-7ff9-8627-a980b71f8514', '2026-03-10 22:39:13.977658+00:00', false, false, true) ON CONFLICT (id) DO NOTHING;
INSERT INTO public.model_temperature_levels_junction (model_id, temperature_levels_id, created_at, generated, mcp, active) VALUES ('019b3be4-36d1-77ac-9c8d-7bcd806fbcf7', '019c441a-0e9f-7004-9320-7d40cf5cd428', '2026-03-10 22:39:13.977658+00:00', false, false, true) ON CONFLICT (id) DO NOTHING;
INSERT INTO public.model_temperature_levels_junction (model_id, temperature_levels_id, created_at, generated, mcp, active) VALUES ('019b3be4-36d1-77ac-9c8d-7bcd806fbcf7', '019c441a-0e9f-700c-a8c5-11434dc2ea95', '2026-03-10 22:39:13.977658+00:00', false, false, true) ON CONFLICT (id) DO NOTHING;
INSERT INTO public.model_temperature_levels_junction (model_id, temperature_levels_id, created_at, generated, mcp, active) VALUES ('019b3be4-36d1-77ac-9c8d-7bcd806fbcf7', '019c441a-0e9f-7016-9973-59eca073bebe', '2026-03-10 22:39:13.977658+00:00', false, false, true) ON CONFLICT (id) DO NOTHING;
INSERT INTO public.model_temperature_levels_junction (model_id, temperature_levels_id, created_at, generated, mcp, active) VALUES ('019b3be4-36d1-77ac-9c8d-7bcd806fbcf7', '019c441a-0e9f-7027-b2b3-40f7679aa440', '2026-03-10 22:39:13.977658+00:00', false, false, true) ON CONFLICT (id) DO NOTHING;
INSERT INTO public.model_temperature_levels_junction (model_id, temperature_levels_id, created_at, generated, mcp, active) VALUES ('019b3be4-36d1-77ac-9c8d-7bcd806fbcf7', '019c441a-0e9f-7038-a8fe-a960af92c6cd', '2026-03-10 22:39:13.977658+00:00', false, false, true) ON CONFLICT (id) DO NOTHING;
INSERT INTO public.model_temperature_levels_junction (model_id, temperature_levels_id, created_at, generated, mcp, active) VALUES ('019b3be4-36d1-77ac-9c8d-7bcd806fbcf7', '019c441a-0e9f-7055-8c67-a6f96ebb872b', '2026-03-10 22:39:13.977658+00:00', false, false, true) ON CONFLICT (id) DO NOTHING;
INSERT INTO public.model_temperature_levels_junction (model_id, temperature_levels_id, created_at, generated, mcp, active) VALUES ('019b3be4-36d1-77ac-9c8d-7bcd806fbcf7', '019c441a-0e9f-7067-a9d9-66f6b22a620c', '2026-03-10 22:39:13.977658+00:00', false, false, true) ON CONFLICT (id) DO NOTHING;
INSERT INTO public.model_temperature_levels_junction (model_id, temperature_levels_id, created_at, generated, mcp, active) VALUES ('019b3be4-36d1-77ac-9c8d-7bcd806fbcf7', '019c441a-0e9f-7076-b0f4-d3db8a59a2bf', '2026-03-10 22:39:13.977658+00:00', false, false, true) ON CONFLICT (id) DO NOTHING;
INSERT INTO public.model_temperature_levels_junction (model_id, temperature_levels_id, created_at, generated, mcp, active) VALUES ('019b3be4-36d1-77ac-9c8d-7bcd806fbcf7', '019c441a-0e9f-7087-a7c2-481e3cf67900', '2026-03-10 22:39:13.977658+00:00', false, false, true) ON CONFLICT (id) DO NOTHING;
INSERT INTO public.model_temperature_levels_junction (model_id, temperature_levels_id, created_at, generated, mcp, active) VALUES ('019b3be4-36d1-77ac-9c8d-7bcd806fbcf7', '019c441a-0e9f-708c-ace6-6ab6bfb9032b', '2026-03-10 22:39:13.977658+00:00', false, false, true) ON CONFLICT (id) DO NOTHING;
INSERT INTO public.model_temperature_levels_junction (model_id, temperature_levels_id, created_at, generated, mcp, active) VALUES ('019b3be4-36d1-77ac-9c8d-7bcd806fbcf7', '019c441a-0e9f-70a7-8312-c8913b2bd033', '2026-03-10 22:39:13.977658+00:00', false, false, true) ON CONFLICT (id) DO NOTHING;
INSERT INTO public.model_temperature_levels_junction (model_id, temperature_levels_id, created_at, generated, mcp, active) VALUES ('019b3be4-36d1-77ac-9c8d-7bcd806fbcf7', '019c441a-0e9f-70b3-bad8-286a24dc5f49', '2026-03-10 22:39:13.977658+00:00', false, false, true) ON CONFLICT (id) DO NOTHING;
INSERT INTO public.model_temperature_levels_junction (model_id, temperature_levels_id, created_at, generated, mcp, active) VALUES ('019b3be4-36d1-77ac-9c8d-7bcd806fbcf7', '019c441a-0e9f-70be-928f-7873d52a9642', '2026-03-10 22:39:13.977658+00:00', false, false, true) ON CONFLICT (id) DO NOTHING;
INSERT INTO public.model_temperature_levels_junction (model_id, temperature_levels_id, created_at, generated, mcp, active) VALUES ('019b3be4-36d1-77ac-9c8d-7bcd806fbcf7', '019c441a-0e9f-70ce-849a-af4b11bbfaf6', '2026-03-10 22:39:13.977658+00:00', false, false, true) ON CONFLICT (id) DO NOTHING;
INSERT INTO public.model_temperature_levels_junction (model_id, temperature_levels_id, created_at, generated, mcp, active) VALUES ('019b3be4-36d1-77ac-9c8d-7bcd806fbcf7', '019c441a-0e9f-70d9-8046-2d636f526116', '2026-03-10 22:39:13.977658+00:00', false, false, true) ON CONFLICT (id) DO NOTHING;
INSERT INTO public.model_temperature_levels_junction (model_id, temperature_levels_id, created_at, generated, mcp, active) VALUES ('019b3be4-36d1-77ac-9c8d-7bcd806fbcf7', '019c441a-0e9f-70e8-8235-7196b41406e1', '2026-03-10 22:39:13.977658+00:00', false, false, true) ON CONFLICT (id) DO NOTHING;
INSERT INTO public.model_temperature_levels_junction (model_id, temperature_levels_id, created_at, generated, mcp, active) VALUES ('019b3be4-36d1-77ac-9c8d-7bcd806fbcf7', '019c441a-0e9f-70f0-a568-30584bfef8fb', '2026-03-10 22:39:13.977658+00:00', false, false, true) ON CONFLICT (id) DO NOTHING;
INSERT INTO public.model_temperature_levels_junction (model_id, temperature_levels_id, created_at, generated, mcp, active) VALUES ('019b3be4-36d1-77ac-9c8d-7bcd806fbcf7', '019c441a-0e9f-7101-afd8-b2e50bc968f9', '2026-03-10 22:39:13.977658+00:00', false, false, true) ON CONFLICT (id) DO NOTHING;
INSERT INTO public.model_temperature_levels_junction (model_id, temperature_levels_id, created_at, generated, mcp, active) VALUES ('019b3be4-36d1-77ac-9c8d-7bcd806fbcf7', '019c441a-0e9f-710b-99b2-3db575f01df1', '2026-03-10 22:39:13.977658+00:00', false, false, true) ON CONFLICT (id) DO NOTHING;
INSERT INTO public.model_temperature_levels_junction (model_id, temperature_levels_id, created_at, generated, mcp, active) VALUES ('019b3be4-36d1-77ac-9c8d-7bcd806fbcf7', '019c441a-0e9f-7116-ab87-05d7035642c7', '2026-03-10 22:39:13.977658+00:00', false, false, true) ON CONFLICT (id) DO NOTHING;
INSERT INTO public.model_temperature_levels_junction (model_id, temperature_levels_id, created_at, generated, mcp, active) VALUES ('019b3be4-36d1-77ac-9c8d-7bcd806fbcf7', '019c441a-0e9f-7120-bc1c-1e290802109a', '2026-03-10 22:39:13.977658+00:00', false, false, true) ON CONFLICT (id) DO NOTHING;
INSERT INTO public.model_temperature_levels_junction (model_id, temperature_levels_id, created_at, generated, mcp, active) VALUES ('019b3be4-36d1-77ac-9c8d-7bcd806fbcf7', '019c441a-0e9f-712f-ad29-33e6889ca042', '2026-03-10 22:39:13.977658+00:00', false, false, true) ON CONFLICT (id) DO NOTHING;
INSERT INTO public.model_temperature_levels_junction (model_id, temperature_levels_id, created_at, generated, mcp, active) VALUES ('019b3be4-36d1-77ac-9c8d-7bcd806fbcf7', '019c441a-0e9f-713c-87f4-1ce375f0e09f', '2026-03-10 22:39:13.977658+00:00', false, false, true) ON CONFLICT (id) DO NOTHING;
INSERT INTO public.model_temperature_levels_junction (model_id, temperature_levels_id, created_at, generated, mcp, active) VALUES ('019b3be4-36d1-77ac-9c8d-7bcd806fbcf7', '019c441a-0e9f-715a-8037-ac5450f006cb', '2026-03-10 22:39:13.977658+00:00', false, false, true) ON CONFLICT (id) DO NOTHING;
INSERT INTO public.model_temperature_levels_junction (model_id, temperature_levels_id, created_at, generated, mcp, active) VALUES ('019b3be4-36d1-77ac-9c8d-7bcd806fbcf7', '019c441a-0e9f-7166-a4b2-8eef873a73e7', '2026-03-10 22:39:13.977658+00:00', false, false, true) ON CONFLICT (id) DO NOTHING;
INSERT INTO public.model_temperature_levels_junction (model_id, temperature_levels_id, created_at, generated, mcp, active) VALUES ('019b3be4-36d1-77ac-9c8d-7bcd806fbcf7', '019c441a-0e9f-716f-9341-e1c1d078369b', '2026-03-10 22:39:13.977658+00:00', false, false, true) ON CONFLICT (id) DO NOTHING;
INSERT INTO public.model_temperature_levels_junction (model_id, temperature_levels_id, created_at, generated, mcp, active) VALUES ('019b3be4-36d1-77ac-9c8d-7bcd806fbcf7', '019c441a-0e9f-7176-a9ff-74d14b50e469', '2026-03-10 22:39:13.977658+00:00', false, false, true) ON CONFLICT (id) DO NOTHING;
INSERT INTO public.model_temperature_levels_junction (model_id, temperature_levels_id, created_at, generated, mcp, active) VALUES ('019b3be4-36d1-77ac-9c8d-7bcd806fbcf7', '019c441a-0e9f-718b-9bf3-c0143fa5d3c1', '2026-03-10 22:39:13.977658+00:00', false, false, true) ON CONFLICT (id) DO NOTHING;
INSERT INTO public.model_temperature_levels_junction (model_id, temperature_levels_id, created_at, generated, mcp, active) VALUES ('019b3be4-36d1-77ac-9c8d-7bcd806fbcf7', '019c441a-0e9f-732f-ac4d-b10174e69e21', '2026-03-10 22:39:13.977658+00:00', false, false, true) ON CONFLICT (id) DO NOTHING;
INSERT INTO public.model_temperature_levels_junction (model_id, temperature_levels_id, created_at, generated, mcp, active) VALUES ('019b3be4-36d1-77ac-9c8d-7bcd806fbcf7', '019c441a-0e9f-7335-a559-31fe7e8db595', '2026-03-10 22:39:13.977658+00:00', false, false, true) ON CONFLICT (id) DO NOTHING;
INSERT INTO public.model_temperature_levels_junction (model_id, temperature_levels_id, created_at, generated, mcp, active) VALUES ('019b3be4-36d1-77ac-9c8d-7bcd806fbcf7', '019c441a-0e9f-735a-81cf-eed6e8196398', '2026-03-10 22:39:13.977658+00:00', false, false, true) ON CONFLICT (id) DO NOTHING;
INSERT INTO public.model_temperature_levels_junction (model_id, temperature_levels_id, created_at, generated, mcp, active) VALUES ('019b3be4-36d1-77ac-9c8d-7bcd806fbcf7', '019c441a-0e9f-7370-856d-7b31ced06c90', '2026-03-10 22:39:13.977658+00:00', false, false, true) ON CONFLICT (id) DO NOTHING;
INSERT INTO public.model_temperature_levels_junction (model_id, temperature_levels_id, created_at, generated, mcp, active) VALUES ('019b3be4-36d1-77ac-9c8d-7bcd806fbcf7', '019c441a-0e9f-738a-9c75-c3dc21a1aed4', '2026-03-10 22:39:13.977658+00:00', false, false, true) ON CONFLICT (id) DO NOTHING;
INSERT INTO public.model_temperature_levels_junction (model_id, temperature_levels_id, created_at, generated, mcp, active) VALUES ('019b3be4-36d1-77ac-9c8d-7bcd806fbcf7', '019c441a-0e9f-73a7-8628-636b0586d4fb', '2026-03-10 22:39:13.977658+00:00', false, false, true) ON CONFLICT (id) DO NOTHING;
INSERT INTO public.model_temperature_levels_junction (model_id, temperature_levels_id, created_at, generated, mcp, active) VALUES ('019b3be4-36d1-77ac-9c8d-7bcd806fbcf7', '019c441a-0e9f-73b3-b4c6-96f71113e8dc', '2026-03-10 22:39:13.977658+00:00', false, false, true) ON CONFLICT (id) DO NOTHING;
INSERT INTO public.model_temperature_levels_junction (model_id, temperature_levels_id, created_at, generated, mcp, active) VALUES ('019b3be4-36d1-77ac-9c8d-7bcd806fbcf7', '019c441a-0e9f-73b7-a591-e6cb67cc219a', '2026-03-10 22:39:13.977658+00:00', false, false, true) ON CONFLICT (id) DO NOTHING;
INSERT INTO public.model_temperature_levels_junction (model_id, temperature_levels_id, created_at, generated, mcp, active) VALUES ('019b3be4-36d1-77ac-9c8d-7bcd806fbcf7', '019c441a-0e9f-73ca-8872-97569ea04c56', '2026-03-10 22:39:13.977658+00:00', false, false, true) ON CONFLICT (id) DO NOTHING;
INSERT INTO public.model_temperature_levels_junction (model_id, temperature_levels_id, created_at, generated, mcp, active) VALUES ('019b3be4-36d1-77ac-9c8d-7bcd806fbcf7', '019c441a-0e9f-73d9-a939-23bb7a0cc094', '2026-03-10 22:39:13.977658+00:00', false, false, true) ON CONFLICT (id) DO NOTHING;
INSERT INTO public.model_temperature_levels_junction (model_id, temperature_levels_id, created_at, generated, mcp, active) VALUES ('019b3be4-36d1-77ac-9c8d-7bcd806fbcf7', '019c441a-0e9f-73e9-9074-5fc628f2e51c', '2026-03-10 22:39:13.977658+00:00', false, false, true) ON CONFLICT (id) DO NOTHING;
INSERT INTO public.model_temperature_levels_junction (model_id, temperature_levels_id, created_at, generated, mcp, active) VALUES ('019b3be4-36d1-77ac-9c8d-7bcd806fbcf7', '019c441a-0e9f-73f9-b1ae-e42dda0fd3c5', '2026-03-10 22:39:13.977658+00:00', false, false, true) ON CONFLICT (id) DO NOTHING;
INSERT INTO public.model_temperature_levels_junction (model_id, temperature_levels_id, created_at, generated, mcp, active) VALUES ('019b3be4-36d1-77ac-9c8d-7bcd806fbcf7', '019c441a-0e9f-7413-be9e-8c771dd1ceb2', '2026-03-10 22:39:13.977658+00:00', false, false, true) ON CONFLICT (id) DO NOTHING;
INSERT INTO public.model_temperature_levels_junction (model_id, temperature_levels_id, created_at, generated, mcp, active) VALUES ('019b3be4-36d1-77ac-9c8d-7bcd806fbcf7', '019c441a-0e9f-741c-889d-c67c16f9dc2b', '2026-03-10 22:39:13.977658+00:00', false, false, true) ON CONFLICT (id) DO NOTHING;
INSERT INTO public.model_temperature_levels_junction (model_id, temperature_levels_id, created_at, generated, mcp, active) VALUES ('019b3be4-36d1-77ac-9c8d-7bcd806fbcf7', '019c441a-0e9f-742a-995a-2c0c8e1cffba', '2026-03-10 22:39:13.977658+00:00', false, false, true) ON CONFLICT (id) DO NOTHING;
INSERT INTO public.model_temperature_levels_junction (model_id, temperature_levels_id, created_at, generated, mcp, active) VALUES ('019b3be4-36d1-7790-ae43-d83841b86f0b', '019c441a-0e9e-7bef-841d-5d33999c9d12', '2026-03-10 22:39:14.015642+00:00', false, false, true) ON CONFLICT (id) DO NOTHING;
INSERT INTO public.model_temperature_levels_junction (model_id, temperature_levels_id, created_at, generated, mcp, active) VALUES ('019b3be4-36d1-7790-ae43-d83841b86f0b', '019c441a-0e9e-7c74-928c-7c0739193aff', '2026-03-10 22:39:14.015642+00:00', false, false, true) ON CONFLICT (id) DO NOTHING;
INSERT INTO public.model_temperature_levels_junction (model_id, temperature_levels_id, created_at, generated, mcp, active) VALUES ('019b3be4-36d1-7790-ae43-d83841b86f0b', '019c441a-0e9e-7c9e-8acc-69725eead5b3', '2026-03-10 22:39:14.015642+00:00', false, false, true) ON CONFLICT (id) DO NOTHING;
INSERT INTO public.model_temperature_levels_junction (model_id, temperature_levels_id, created_at, generated, mcp, active) VALUES ('019b3be4-36d1-7790-ae43-d83841b86f0b', '019c441a-0e9e-7ca4-ad96-a64b4ddb14b4', '2026-03-10 22:39:14.015642+00:00', false, false, true) ON CONFLICT (id) DO NOTHING;
INSERT INTO public.model_temperature_levels_junction (model_id, temperature_levels_id, created_at, generated, mcp, active) VALUES ('019b3be4-36d1-7790-ae43-d83841b86f0b', '019c441a-0e9e-7cc4-83a2-f576e1eac21e', '2026-03-10 22:39:14.015642+00:00', false, false, true) ON CONFLICT (id) DO NOTHING;
INSERT INTO public.model_temperature_levels_junction (model_id, temperature_levels_id, created_at, generated, mcp, active) VALUES ('019b3be4-36d1-7790-ae43-d83841b86f0b', '019c441a-0e9e-7cd3-9f45-b7f2ddd50383', '2026-03-10 22:39:14.015642+00:00', false, false, true) ON CONFLICT (id) DO NOTHING;
INSERT INTO public.model_temperature_levels_junction (model_id, temperature_levels_id, created_at, generated, mcp, active) VALUES ('019b3be4-36cd-7888-842b-8c6f8dfb363b', '019c441a-0e9e-7d34-beaf-cb977faaad88', '2026-03-10 22:39:14.001941+00:00', false, false, true) ON CONFLICT (id) DO NOTHING;
INSERT INTO public.model_temperature_levels_junction (model_id, temperature_levels_id, created_at, generated, mcp, active) VALUES ('019b3be4-36cd-7888-842b-8c6f8dfb363b', '019c441a-0e9e-7d59-bd04-7501bbcf1b85', '2026-03-10 22:39:14.001941+00:00', false, false, true) ON CONFLICT (id) DO NOTHING;
INSERT INTO public.model_temperature_levels_junction (model_id, temperature_levels_id, created_at, generated, mcp, active) VALUES ('019b3be4-36cd-7888-842b-8c6f8dfb363b', '019c441a-0e9e-7d84-b9a5-aa946d36a18d', '2026-03-10 22:39:14.001941+00:00', false, false, true) ON CONFLICT (id) DO NOTHING;
INSERT INTO public.model_temperature_levels_junction (model_id, temperature_levels_id, created_at, generated, mcp, active) VALUES ('019b3be4-36cd-7888-842b-8c6f8dfb363b', '019c441a-0e9e-7d9e-b960-c7edff5d9bce', '2026-03-10 22:39:14.001941+00:00', false, false, true) ON CONFLICT (id) DO NOTHING;
INSERT INTO public.model_temperature_levels_junction (model_id, temperature_levels_id, created_at, generated, mcp, active) VALUES ('019b3be4-36cd-7888-842b-8c6f8dfb363b', '019c441a-0e9e-7da6-ae62-6e2a16407f9d', '2026-03-10 22:39:14.001941+00:00', false, false, true) ON CONFLICT (id) DO NOTHING;
INSERT INTO public.model_temperature_levels_junction (model_id, temperature_levels_id, created_at, generated, mcp, active) VALUES ('019b3be4-36cd-7888-842b-8c6f8dfb363b', '019c441a-0e9e-7db9-b0f3-8d485af3cc59', '2026-03-10 22:39:14.001941+00:00', false, false, true) ON CONFLICT (id) DO NOTHING;
INSERT INTO public.model_temperature_levels_junction (model_id, temperature_levels_id, created_at, generated, mcp, active) VALUES ('019b3be4-36cd-7888-842b-8c6f8dfb363b', '019c441a-0e9e-7dcd-be35-3ab6d31cfb17', '2026-03-10 22:39:14.001941+00:00', false, false, true) ON CONFLICT (id) DO NOTHING;
INSERT INTO public.model_temperature_levels_junction (model_id, temperature_levels_id, created_at, generated, mcp, active) VALUES ('019b3be4-36cd-7888-842b-8c6f8dfb363b', '019c441a-0e9e-7dd6-b25d-1fa87885be16', '2026-03-10 22:39:14.001941+00:00', false, false, true) ON CONFLICT (id) DO NOTHING;
INSERT INTO public.model_temperature_levels_junction (model_id, temperature_levels_id, created_at, generated, mcp, active) VALUES ('019b3be4-36cd-7888-842b-8c6f8dfb363b', '019c441a-0e9e-7dde-a7b4-fa61b030af17', '2026-03-10 22:39:14.001941+00:00', false, false, true) ON CONFLICT (id) DO NOTHING;
INSERT INTO public.model_temperature_levels_junction (model_id, temperature_levels_id, created_at, generated, mcp, active) VALUES ('019b3be4-36cd-7888-842b-8c6f8dfb363b', '019c441a-0e9e-7dfb-9078-f1a2807595ff', '2026-03-10 22:39:14.001941+00:00', false, false, true) ON CONFLICT (id) DO NOTHING;
INSERT INTO public.model_temperature_levels_junction (model_id, temperature_levels_id, created_at, generated, mcp, active) VALUES ('019b3be4-36cd-7888-842b-8c6f8dfb363b', '019c441a-0e9e-7e0e-93ba-b9080f53300b', '2026-03-10 22:39:14.001941+00:00', false, false, true) ON CONFLICT (id) DO NOTHING;
INSERT INTO public.model_temperature_levels_junction (model_id, temperature_levels_id, created_at, generated, mcp, active) VALUES ('019b3be4-36cd-7888-842b-8c6f8dfb363b', '019c441a-0e9e-7e19-89e1-76a54e0e513b', '2026-03-10 22:39:14.001941+00:00', false, false, true) ON CONFLICT (id) DO NOTHING;
INSERT INTO public.model_temperature_levels_junction (model_id, temperature_levels_id, created_at, generated, mcp, active) VALUES ('019b3be4-36cd-7888-842b-8c6f8dfb363b', '019c441a-0e9e-7e2b-91ce-0aadfc9baef7', '2026-03-10 22:39:14.001941+00:00', false, false, true) ON CONFLICT (id) DO NOTHING;
INSERT INTO public.model_temperature_levels_junction (model_id, temperature_levels_id, created_at, generated, mcp, active) VALUES ('019b3be4-36cd-7888-842b-8c6f8dfb363b', '019c441a-0e9e-7e37-a9f8-4388d8363acc', '2026-03-10 22:39:14.001941+00:00', false, false, true) ON CONFLICT (id) DO NOTHING;
INSERT INTO public.model_temperature_levels_junction (model_id, temperature_levels_id, created_at, generated, mcp, active) VALUES ('019b3be4-36cd-7888-842b-8c6f8dfb363b', '019c441a-0e9e-7e3d-b9e4-8df4302ca526', '2026-03-10 22:39:14.001941+00:00', false, false, true) ON CONFLICT (id) DO NOTHING;
INSERT INTO public.model_temperature_levels_junction (model_id, temperature_levels_id, created_at, generated, mcp, active) VALUES ('019b3be4-36cd-7888-842b-8c6f8dfb363b', '019c441a-0e9e-7e52-b580-9218337e5382', '2026-03-10 22:39:14.001941+00:00', false, false, true) ON CONFLICT (id) DO NOTHING;
INSERT INTO public.model_temperature_levels_junction (model_id, temperature_levels_id, created_at, generated, mcp, active) VALUES ('019b3be4-36cd-7888-842b-8c6f8dfb363b', '019c441a-0e9e-7e5a-933e-d1c96ab450fe', '2026-03-10 22:39:14.001941+00:00', false, false, true) ON CONFLICT (id) DO NOTHING;
INSERT INTO public.model_temperature_levels_junction (model_id, temperature_levels_id, created_at, generated, mcp, active) VALUES ('019b3be4-36cd-7888-842b-8c6f8dfb363b', '019c441a-0e9e-7e62-b187-072e351576b7', '2026-03-10 22:39:14.001941+00:00', false, false, true) ON CONFLICT (id) DO NOTHING;
INSERT INTO public.model_temperature_levels_junction (model_id, temperature_levels_id, created_at, generated, mcp, active) VALUES ('019b3be4-36cd-7888-842b-8c6f8dfb363b', '019c441a-0e9e-7e69-a60a-627a1928dda8', '2026-03-10 22:39:14.001941+00:00', false, false, true) ON CONFLICT (id) DO NOTHING;
INSERT INTO public.model_temperature_levels_junction (model_id, temperature_levels_id, created_at, generated, mcp, active) VALUES ('019b3be4-36cd-7888-842b-8c6f8dfb363b', '019c441a-0e9e-7e73-ab7c-6b05701f3683', '2026-03-10 22:39:14.001941+00:00', false, false, true) ON CONFLICT (id) DO NOTHING;
INSERT INTO public.model_temperature_levels_junction (model_id, temperature_levels_id, created_at, generated, mcp, active) VALUES ('019b3be4-36cd-7888-842b-8c6f8dfb363b', '019c441a-0e9e-7e89-8b78-5a89a8ee38df', '2026-03-10 22:39:14.001941+00:00', false, false, true) ON CONFLICT (id) DO NOTHING;
INSERT INTO public.model_temperature_levels_junction (model_id, temperature_levels_id, created_at, generated, mcp, active) VALUES ('019b3be4-36cd-7888-842b-8c6f8dfb363b', '019c441a-0e9e-7e94-9c38-b7f44e86a101', '2026-03-10 22:39:14.001941+00:00', false, false, true) ON CONFLICT (id) DO NOTHING;
INSERT INTO public.model_temperature_levels_junction (model_id, temperature_levels_id, created_at, generated, mcp, active) VALUES ('019b3be4-36cd-7888-842b-8c6f8dfb363b', '019c441a-0e9e-7ea0-afe1-143d03e99a25', '2026-03-10 22:39:14.001941+00:00', false, false, true) ON CONFLICT (id) DO NOTHING;
INSERT INTO public.model_temperature_levels_junction (model_id, temperature_levels_id, created_at, generated, mcp, active) VALUES ('019b3be4-36cd-7888-842b-8c6f8dfb363b', '019c441a-0e9e-7eb0-ba12-fa36a878cdef', '2026-03-10 22:39:14.001941+00:00', false, false, true) ON CONFLICT (id) DO NOTHING;
INSERT INTO public.model_temperature_levels_junction (model_id, temperature_levels_id, created_at, generated, mcp, active) VALUES ('019b3be4-36cd-7888-842b-8c6f8dfb363b', '019c441a-0e9e-7ebf-83f0-e822b230d010', '2026-03-10 22:39:14.001941+00:00', false, false, true) ON CONFLICT (id) DO NOTHING;
INSERT INTO public.model_temperature_levels_junction (model_id, temperature_levels_id, created_at, generated, mcp, active) VALUES ('019b3be4-36cd-7888-842b-8c6f8dfb363b', '019c441a-0e9e-7ec9-8819-23cf95608dbe', '2026-03-10 22:39:14.001941+00:00', false, false, true) ON CONFLICT (id) DO NOTHING;
INSERT INTO public.model_temperature_levels_junction (model_id, temperature_levels_id, created_at, generated, mcp, active) VALUES ('019b3be4-36cd-7888-842b-8c6f8dfb363b', '019c441a-0e9e-7ed1-9766-04be0f1c6b20', '2026-03-10 22:39:14.001941+00:00', false, false, true) ON CONFLICT (id) DO NOTHING;
INSERT INTO public.model_temperature_levels_junction (model_id, temperature_levels_id, created_at, generated, mcp, active) VALUES ('019b3be4-36cd-7888-842b-8c6f8dfb363b', '019c441a-0e9e-7ede-ab08-a9ec02a3d29f', '2026-03-10 22:39:14.001941+00:00', false, false, true) ON CONFLICT (id) DO NOTHING;
INSERT INTO public.model_temperature_levels_junction (model_id, temperature_levels_id, created_at, generated, mcp, active) VALUES ('019b3be4-36cd-7888-842b-8c6f8dfb363b', '019c441a-0e9e-7ef6-8811-b13973658720', '2026-03-10 22:39:14.001941+00:00', false, false, true) ON CONFLICT (id) DO NOTHING;
INSERT INTO public.model_temperature_levels_junction (model_id, temperature_levels_id, created_at, generated, mcp, active) VALUES ('019b3be4-36cd-7888-842b-8c6f8dfb363b', '019c441a-0e9e-7f0d-9e4b-4b564ec66598', '2026-03-10 22:39:14.001941+00:00', false, false, true) ON CONFLICT (id) DO NOTHING;
INSERT INTO public.model_temperature_levels_junction (model_id, temperature_levels_id, created_at, generated, mcp, active) VALUES ('019b3be4-36cd-7888-842b-8c6f8dfb363b', '019c441a-0e9e-7f26-8ca6-a1b33fb97fbe', '2026-03-10 22:39:14.001941+00:00', false, false, true) ON CONFLICT (id) DO NOTHING;
INSERT INTO public.model_temperature_levels_junction (model_id, temperature_levels_id, created_at, generated, mcp, active) VALUES ('019b3be4-36cd-7888-842b-8c6f8dfb363b', '019c441a-0e9e-7f2e-81d2-2545ba70f21d', '2026-03-10 22:39:14.001941+00:00', false, false, true) ON CONFLICT (id) DO NOTHING;
INSERT INTO public.model_temperature_levels_junction (model_id, temperature_levels_id, created_at, generated, mcp, active) VALUES ('019b3be4-36cd-7888-842b-8c6f8dfb363b', '019c441a-0e9e-7f44-bb0b-5190a35cc0c0', '2026-03-10 22:39:14.001941+00:00', false, false, true) ON CONFLICT (id) DO NOTHING;
INSERT INTO public.model_temperature_levels_junction (model_id, temperature_levels_id, created_at, generated, mcp, active) VALUES ('019b3be4-36cd-7888-842b-8c6f8dfb363b', '019c441a-0e9e-7f53-8a08-d51406e55622', '2026-03-10 22:39:14.001941+00:00', false, false, true) ON CONFLICT (id) DO NOTHING;
INSERT INTO public.model_temperature_levels_junction (model_id, temperature_levels_id, created_at, generated, mcp, active) VALUES ('019b3be4-36cd-7888-842b-8c6f8dfb363b', '019c441a-0e9e-7f5f-9e3d-9922fdb0fdff', '2026-03-10 22:39:14.001941+00:00', false, false, true) ON CONFLICT (id) DO NOTHING;
INSERT INTO public.model_temperature_levels_junction (model_id, temperature_levels_id, created_at, generated, mcp, active) VALUES ('019b3be4-36cd-7888-842b-8c6f8dfb363b', '019c441a-0e9e-7f6c-a798-8328630ab038', '2026-03-10 22:39:14.001941+00:00', false, false, true) ON CONFLICT (id) DO NOTHING;
INSERT INTO public.model_temperature_levels_junction (model_id, temperature_levels_id, created_at, generated, mcp, active) VALUES ('019b3be4-36cd-7888-842b-8c6f8dfb363b', '019c441a-0e9e-7f80-a9cb-7b1c947ad4c8', '2026-03-10 22:39:14.001941+00:00', false, false, true) ON CONFLICT (id) DO NOTHING;
INSERT INTO public.model_temperature_levels_junction (model_id, temperature_levels_id, created_at, generated, mcp, active) VALUES ('019b3be4-36cd-7888-842b-8c6f8dfb363b', '019c441a-0e9e-7f8f-b0cf-ab7d52866f69', '2026-03-10 22:39:14.001941+00:00', false, false, true) ON CONFLICT (id) DO NOTHING;
INSERT INTO public.model_temperature_levels_junction (model_id, temperature_levels_id, created_at, generated, mcp, active) VALUES ('019b3be4-36cd-7888-842b-8c6f8dfb363b', '019c441a-0e9e-7fa5-87e8-3e52d48647cd', '2026-03-10 22:39:14.001941+00:00', false, false, true) ON CONFLICT (id) DO NOTHING;
INSERT INTO public.model_temperature_levels_junction (model_id, temperature_levels_id, created_at, generated, mcp, active) VALUES ('019b3be4-36cd-7888-842b-8c6f8dfb363b', '019c441a-0e9e-7fae-bed9-1177ce0bd598', '2026-03-10 22:39:14.001941+00:00', false, false, true) ON CONFLICT (id) DO NOTHING;
INSERT INTO public.model_temperature_levels_junction (model_id, temperature_levels_id, created_at, generated, mcp, active) VALUES ('019b3be4-36cd-7888-842b-8c6f8dfb363b', '019c441a-0e9e-7fbb-84b9-a7962089afa4', '2026-03-10 22:39:14.001941+00:00', false, false, true) ON CONFLICT (id) DO NOTHING;
INSERT INTO public.model_temperature_levels_junction (model_id, temperature_levels_id, created_at, generated, mcp, active) VALUES ('019b3be4-36cd-7888-842b-8c6f8dfb363b', '019c441a-0e9e-7fc1-8cef-8914d6b01390', '2026-03-10 22:39:14.001941+00:00', false, false, true) ON CONFLICT (id) DO NOTHING;
INSERT INTO public.model_temperature_levels_junction (model_id, temperature_levels_id, created_at, generated, mcp, active) VALUES ('019b3be4-36cd-7888-842b-8c6f8dfb363b', '019c441a-0e9e-7fcd-afc7-37cf75ba25a7', '2026-03-10 22:39:14.001941+00:00', false, false, true) ON CONFLICT (id) DO NOTHING;
INSERT INTO public.model_temperature_levels_junction (model_id, temperature_levels_id, created_at, generated, mcp, active) VALUES ('019b3be4-36cd-7888-842b-8c6f8dfb363b', '019c441a-0e9e-7fde-a372-d6c53b939a2d', '2026-03-10 22:39:14.001941+00:00', false, false, true) ON CONFLICT (id) DO NOTHING;
INSERT INTO public.model_temperature_levels_junction (model_id, temperature_levels_id, created_at, generated, mcp, active) VALUES ('019b3be4-36cd-7888-842b-8c6f8dfb363b', '019c441a-0e9e-7fee-be99-7292d6d5e130', '2026-03-10 22:39:14.001941+00:00', false, false, true) ON CONFLICT (id) DO NOTHING;
INSERT INTO public.model_temperature_levels_junction (model_id, temperature_levels_id, created_at, generated, mcp, active) VALUES ('019b3be4-36cd-7888-842b-8c6f8dfb363b', '019c441a-0e9e-7ff9-8627-a980b71f8514', '2026-03-10 22:39:14.001941+00:00', false, false, true) ON CONFLICT (id) DO NOTHING;
INSERT INTO public.model_temperature_levels_junction (model_id, temperature_levels_id, created_at, generated, mcp, active) VALUES ('019b3be4-36cd-7888-842b-8c6f8dfb363b', '019c441a-0e9f-7004-9320-7d40cf5cd428', '2026-03-10 22:39:14.001941+00:00', false, false, true) ON CONFLICT (id) DO NOTHING;
INSERT INTO public.model_temperature_levels_junction (model_id, temperature_levels_id, created_at, generated, mcp, active) VALUES ('019b3be4-36cd-7888-842b-8c6f8dfb363b', '019c441a-0e9f-700c-a8c5-11434dc2ea95', '2026-03-10 22:39:14.001941+00:00', false, false, true) ON CONFLICT (id) DO NOTHING;
INSERT INTO public.model_temperature_levels_junction (model_id, temperature_levels_id, created_at, generated, mcp, active) VALUES ('019b3be4-36cd-7888-842b-8c6f8dfb363b', '019c441a-0e9f-7016-9973-59eca073bebe', '2026-03-10 22:39:14.001941+00:00', false, false, true) ON CONFLICT (id) DO NOTHING;
INSERT INTO public.model_temperature_levels_junction (model_id, temperature_levels_id, created_at, generated, mcp, active) VALUES ('019b3be4-36cd-7888-842b-8c6f8dfb363b', '019c441a-0e9f-7027-b2b3-40f7679aa440', '2026-03-10 22:39:14.001941+00:00', false, false, true) ON CONFLICT (id) DO NOTHING;
INSERT INTO public.model_temperature_levels_junction (model_id, temperature_levels_id, created_at, generated, mcp, active) VALUES ('019b3be4-36cd-7888-842b-8c6f8dfb363b', '019c441a-0e9f-7038-a8fe-a960af92c6cd', '2026-03-10 22:39:14.001941+00:00', false, false, true) ON CONFLICT (id) DO NOTHING;
INSERT INTO public.model_temperature_levels_junction (model_id, temperature_levels_id, created_at, generated, mcp, active) VALUES ('019b3be4-36cd-7888-842b-8c6f8dfb363b', '019c441a-0e9f-7055-8c67-a6f96ebb872b', '2026-03-10 22:39:14.001941+00:00', false, false, true) ON CONFLICT (id) DO NOTHING;
INSERT INTO public.model_temperature_levels_junction (model_id, temperature_levels_id, created_at, generated, mcp, active) VALUES ('019b3be4-36cd-7888-842b-8c6f8dfb363b', '019c441a-0e9f-7067-a9d9-66f6b22a620c', '2026-03-10 22:39:14.001941+00:00', false, false, true) ON CONFLICT (id) DO NOTHING;
INSERT INTO public.model_temperature_levels_junction (model_id, temperature_levels_id, created_at, generated, mcp, active) VALUES ('019b3be4-36cd-7888-842b-8c6f8dfb363b', '019c441a-0e9f-7076-b0f4-d3db8a59a2bf', '2026-03-10 22:39:14.001941+00:00', false, false, true) ON CONFLICT (id) DO NOTHING;
INSERT INTO public.model_temperature_levels_junction (model_id, temperature_levels_id, created_at, generated, mcp, active) VALUES ('019b3be4-36cd-7888-842b-8c6f8dfb363b', '019c441a-0e9f-7087-a7c2-481e3cf67900', '2026-03-10 22:39:14.001941+00:00', false, false, true) ON CONFLICT (id) DO NOTHING;
INSERT INTO public.model_temperature_levels_junction (model_id, temperature_levels_id, created_at, generated, mcp, active) VALUES ('019b3be4-36cd-7888-842b-8c6f8dfb363b', '019c441a-0e9f-708c-ace6-6ab6bfb9032b', '2026-03-10 22:39:14.001941+00:00', false, false, true) ON CONFLICT (id) DO NOTHING;
INSERT INTO public.model_temperature_levels_junction (model_id, temperature_levels_id, created_at, generated, mcp, active) VALUES ('019b3be4-36cd-7888-842b-8c6f8dfb363b', '019c441a-0e9f-70a7-8312-c8913b2bd033', '2026-03-10 22:39:14.001941+00:00', false, false, true) ON CONFLICT (id) DO NOTHING;
INSERT INTO public.model_temperature_levels_junction (model_id, temperature_levels_id, created_at, generated, mcp, active) VALUES ('019b3be4-36cd-7888-842b-8c6f8dfb363b', '019c441a-0e9f-70b3-bad8-286a24dc5f49', '2026-03-10 22:39:14.001941+00:00', false, false, true) ON CONFLICT (id) DO NOTHING;
INSERT INTO public.model_temperature_levels_junction (model_id, temperature_levels_id, created_at, generated, mcp, active) VALUES ('019b3be4-36cd-7888-842b-8c6f8dfb363b', '019c441a-0e9f-70be-928f-7873d52a9642', '2026-03-10 22:39:14.001941+00:00', false, false, true) ON CONFLICT (id) DO NOTHING;
INSERT INTO public.model_temperature_levels_junction (model_id, temperature_levels_id, created_at, generated, mcp, active) VALUES ('019b3be4-36cd-7888-842b-8c6f8dfb363b', '019c441a-0e9f-70ce-849a-af4b11bbfaf6', '2026-03-10 22:39:14.001941+00:00', false, false, true) ON CONFLICT (id) DO NOTHING;
INSERT INTO public.model_temperature_levels_junction (model_id, temperature_levels_id, created_at, generated, mcp, active) VALUES ('019b3be4-36cd-7888-842b-8c6f8dfb363b', '019c441a-0e9f-70d9-8046-2d636f526116', '2026-03-10 22:39:14.001941+00:00', false, false, true) ON CONFLICT (id) DO NOTHING;
INSERT INTO public.model_temperature_levels_junction (model_id, temperature_levels_id, created_at, generated, mcp, active) VALUES ('019b3be4-36cd-7888-842b-8c6f8dfb363b', '019c441a-0e9f-70e8-8235-7196b41406e1', '2026-03-10 22:39:14.001941+00:00', false, false, true) ON CONFLICT (id) DO NOTHING;
INSERT INTO public.model_temperature_levels_junction (model_id, temperature_levels_id, created_at, generated, mcp, active) VALUES ('019b3be4-36cd-7888-842b-8c6f8dfb363b', '019c441a-0e9f-70f0-a568-30584bfef8fb', '2026-03-10 22:39:14.001941+00:00', false, false, true) ON CONFLICT (id) DO NOTHING;
INSERT INTO public.model_temperature_levels_junction (model_id, temperature_levels_id, created_at, generated, mcp, active) VALUES ('019b3be4-36cd-7888-842b-8c6f8dfb363b', '019c441a-0e9f-7101-afd8-b2e50bc968f9', '2026-03-10 22:39:14.001941+00:00', false, false, true) ON CONFLICT (id) DO NOTHING;
INSERT INTO public.model_temperature_levels_junction (model_id, temperature_levels_id, created_at, generated, mcp, active) VALUES ('019b3be4-36cd-7888-842b-8c6f8dfb363b', '019c441a-0e9f-710b-99b2-3db575f01df1', '2026-03-10 22:39:14.001941+00:00', false, false, true) ON CONFLICT (id) DO NOTHING;
INSERT INTO public.model_temperature_levels_junction (model_id, temperature_levels_id, created_at, generated, mcp, active) VALUES ('019b3be4-36cd-7888-842b-8c6f8dfb363b', '019c441a-0e9f-7116-ab87-05d7035642c7', '2026-03-10 22:39:14.001941+00:00', false, false, true) ON CONFLICT (id) DO NOTHING;
INSERT INTO public.model_temperature_levels_junction (model_id, temperature_levels_id, created_at, generated, mcp, active) VALUES ('019b3be4-36cd-7888-842b-8c6f8dfb363b', '019c441a-0e9f-7120-bc1c-1e290802109a', '2026-03-10 22:39:14.001941+00:00', false, false, true) ON CONFLICT (id) DO NOTHING;
INSERT INTO public.model_temperature_levels_junction (model_id, temperature_levels_id, created_at, generated, mcp, active) VALUES ('019b3be4-36cd-7888-842b-8c6f8dfb363b', '019c441a-0e9f-712f-ad29-33e6889ca042', '2026-03-10 22:39:14.001941+00:00', false, false, true) ON CONFLICT (id) DO NOTHING;
INSERT INTO public.model_temperature_levels_junction (model_id, temperature_levels_id, created_at, generated, mcp, active) VALUES ('019b3be4-36cd-7888-842b-8c6f8dfb363b', '019c441a-0e9f-713c-87f4-1ce375f0e09f', '2026-03-10 22:39:14.001941+00:00', false, false, true) ON CONFLICT (id) DO NOTHING;
INSERT INTO public.model_temperature_levels_junction (model_id, temperature_levels_id, created_at, generated, mcp, active) VALUES ('019b3be4-36cd-7888-842b-8c6f8dfb363b', '019c441a-0e9f-715a-8037-ac5450f006cb', '2026-03-10 22:39:14.001941+00:00', false, false, true) ON CONFLICT (id) DO NOTHING;
INSERT INTO public.model_temperature_levels_junction (model_id, temperature_levels_id, created_at, generated, mcp, active) VALUES ('019b3be4-36cd-7888-842b-8c6f8dfb363b', '019c441a-0e9f-7166-a4b2-8eef873a73e7', '2026-03-10 22:39:14.001941+00:00', false, false, true) ON CONFLICT (id) DO NOTHING;
INSERT INTO public.model_temperature_levels_junction (model_id, temperature_levels_id, created_at, generated, mcp, active) VALUES ('019b3be4-36cd-7888-842b-8c6f8dfb363b', '019c441a-0e9f-716f-9341-e1c1d078369b', '2026-03-10 22:39:14.001941+00:00', false, false, true) ON CONFLICT (id) DO NOTHING;
INSERT INTO public.model_temperature_levels_junction (model_id, temperature_levels_id, created_at, generated, mcp, active) VALUES ('019b3be4-36cd-7888-842b-8c6f8dfb363b', '019c441a-0e9f-7176-a9ff-74d14b50e469', '2026-03-10 22:39:14.001941+00:00', false, false, true) ON CONFLICT (id) DO NOTHING;
INSERT INTO public.model_temperature_levels_junction (model_id, temperature_levels_id, created_at, generated, mcp, active) VALUES ('019b3be4-36cd-7888-842b-8c6f8dfb363b', '019c441a-0e9f-718b-9bf3-c0143fa5d3c1', '2026-03-10 22:39:14.001941+00:00', false, false, true) ON CONFLICT (id) DO NOTHING;
INSERT INTO public.model_temperature_levels_junction (model_id, temperature_levels_id, created_at, generated, mcp, active) VALUES ('019b3be4-36cd-7888-842b-8c6f8dfb363b', '019c441a-0e9f-732f-ac4d-b10174e69e21', '2026-03-10 22:39:14.001941+00:00', false, false, true) ON CONFLICT (id) DO NOTHING;
INSERT INTO public.model_temperature_levels_junction (model_id, temperature_levels_id, created_at, generated, mcp, active) VALUES ('019b3be4-36cd-7888-842b-8c6f8dfb363b', '019c441a-0e9f-7335-a559-31fe7e8db595', '2026-03-10 22:39:14.001941+00:00', false, false, true) ON CONFLICT (id) DO NOTHING;
INSERT INTO public.model_temperature_levels_junction (model_id, temperature_levels_id, created_at, generated, mcp, active) VALUES ('019b3be4-36cd-7888-842b-8c6f8dfb363b', '019c441a-0e9f-735a-81cf-eed6e8196398', '2026-03-10 22:39:14.001941+00:00', false, false, true) ON CONFLICT (id) DO NOTHING;
INSERT INTO public.model_temperature_levels_junction (model_id, temperature_levels_id, created_at, generated, mcp, active) VALUES ('019b3be4-36cd-7888-842b-8c6f8dfb363b', '019c441a-0e9f-7370-856d-7b31ced06c90', '2026-03-10 22:39:14.001941+00:00', false, false, true) ON CONFLICT (id) DO NOTHING;
INSERT INTO public.model_temperature_levels_junction (model_id, temperature_levels_id, created_at, generated, mcp, active) VALUES ('019b3be4-36cd-7888-842b-8c6f8dfb363b', '019c441a-0e9f-738a-9c75-c3dc21a1aed4', '2026-03-10 22:39:14.001941+00:00', false, false, true) ON CONFLICT (id) DO NOTHING;
INSERT INTO public.model_temperature_levels_junction (model_id, temperature_levels_id, created_at, generated, mcp, active) VALUES ('019b3be4-36cd-7888-842b-8c6f8dfb363b', '019c441a-0e9f-73a7-8628-636b0586d4fb', '2026-03-10 22:39:14.001941+00:00', false, false, true) ON CONFLICT (id) DO NOTHING;
INSERT INTO public.model_temperature_levels_junction (model_id, temperature_levels_id, created_at, generated, mcp, active) VALUES ('019b3be4-36cd-7888-842b-8c6f8dfb363b', '019c441a-0e9f-73b3-b4c6-96f71113e8dc', '2026-03-10 22:39:14.001941+00:00', false, false, true) ON CONFLICT (id) DO NOTHING;
INSERT INTO public.model_temperature_levels_junction (model_id, temperature_levels_id, created_at, generated, mcp, active) VALUES ('019b3be4-36cd-7888-842b-8c6f8dfb363b', '019c441a-0e9f-73b7-a591-e6cb67cc219a', '2026-03-10 22:39:14.001941+00:00', false, false, true) ON CONFLICT (id) DO NOTHING;
INSERT INTO public.model_temperature_levels_junction (model_id, temperature_levels_id, created_at, generated, mcp, active) VALUES ('019b3be4-36cd-7888-842b-8c6f8dfb363b', '019c441a-0e9f-73ca-8872-97569ea04c56', '2026-03-10 22:39:14.001941+00:00', false, false, true) ON CONFLICT (id) DO NOTHING;
INSERT INTO public.model_temperature_levels_junction (model_id, temperature_levels_id, created_at, generated, mcp, active) VALUES ('019b3be4-36cd-7888-842b-8c6f8dfb363b', '019c441a-0e9f-73d9-a939-23bb7a0cc094', '2026-03-10 22:39:14.001941+00:00', false, false, true) ON CONFLICT (id) DO NOTHING;
INSERT INTO public.model_temperature_levels_junction (model_id, temperature_levels_id, created_at, generated, mcp, active) VALUES ('019b3be4-36cd-7888-842b-8c6f8dfb363b', '019c441a-0e9f-73e9-9074-5fc628f2e51c', '2026-03-10 22:39:14.001941+00:00', false, false, true) ON CONFLICT (id) DO NOTHING;
INSERT INTO public.model_temperature_levels_junction (model_id, temperature_levels_id, created_at, generated, mcp, active) VALUES ('019b3be4-36cd-7888-842b-8c6f8dfb363b', '019c441a-0e9f-73f9-b1ae-e42dda0fd3c5', '2026-03-10 22:39:14.001941+00:00', false, false, true) ON CONFLICT (id) DO NOTHING;
INSERT INTO public.model_temperature_levels_junction (model_id, temperature_levels_id, created_at, generated, mcp, active) VALUES ('019b3be4-36cd-7888-842b-8c6f8dfb363b', '019c441a-0e9f-7413-be9e-8c771dd1ceb2', '2026-03-10 22:39:14.001941+00:00', false, false, true) ON CONFLICT (id) DO NOTHING;
INSERT INTO public.model_temperature_levels_junction (model_id, temperature_levels_id, created_at, generated, mcp, active) VALUES ('019b3be4-36cd-7888-842b-8c6f8dfb363b', '019c441a-0e9f-741c-889d-c67c16f9dc2b', '2026-03-10 22:39:14.001941+00:00', false, false, true) ON CONFLICT (id) DO NOTHING;
INSERT INTO public.model_temperature_levels_junction (model_id, temperature_levels_id, created_at, generated, mcp, active) VALUES ('019b3be4-36cd-7888-842b-8c6f8dfb363b', '019c441a-0e9f-742a-995a-2c0c8e1cffba', '2026-03-10 22:39:14.001941+00:00', false, false, true) ON CONFLICT (id) DO NOTHING;
INSERT INTO public.model_temperature_levels_junction (model_id, temperature_levels_id, created_at, generated, mcp, active) VALUES ('019b3be4-36d1-7723-9b2e-5ea00d22ad62', '019c441a-0e9f-700c-a8c5-11434dc2ea95', '2026-03-10 22:39:14.021159+00:00', false, false, true) ON CONFLICT (id) DO NOTHING;
INSERT INTO public.model_temperature_levels_junction (model_id, temperature_levels_id, created_at, generated, mcp, active) VALUES ('019b3be4-36d1-77dc-8a0c-81273114cb56', '019c441a-0e9e-7bef-841d-5d33999c9d12', '2026-03-10 22:39:14.044338+00:00', false, false, true) ON CONFLICT (id) DO NOTHING;
INSERT INTO public.model_temperature_levels_junction (model_id, temperature_levels_id, created_at, generated, mcp, active) VALUES ('019b3be4-36d1-77dc-8a0c-81273114cb56', '019c441a-0e9e-7c74-928c-7c0739193aff', '2026-03-10 22:39:14.044338+00:00', false, false, true) ON CONFLICT (id) DO NOTHING;
INSERT INTO public.model_temperature_levels_junction (model_id, temperature_levels_id, created_at, generated, mcp, active) VALUES ('019b3be4-36d1-77dc-8a0c-81273114cb56', '019c441a-0e9e-7c9e-8acc-69725eead5b3', '2026-03-10 22:39:14.044338+00:00', false, false, true) ON CONFLICT (id) DO NOTHING;
INSERT INTO public.model_temperature_levels_junction (model_id, temperature_levels_id, created_at, generated, mcp, active) VALUES ('019b3be4-36d1-77dc-8a0c-81273114cb56', '019c441a-0e9e-7ca4-ad96-a64b4ddb14b4', '2026-03-10 22:39:14.044338+00:00', false, false, true) ON CONFLICT (id) DO NOTHING;
INSERT INTO public.model_temperature_levels_junction (model_id, temperature_levels_id, created_at, generated, mcp, active) VALUES ('019b3be4-36d1-77dc-8a0c-81273114cb56', '019c441a-0e9e-7cc4-83a2-f576e1eac21e', '2026-03-10 22:39:14.044338+00:00', false, false, true) ON CONFLICT (id) DO NOTHING;
INSERT INTO public.model_temperature_levels_junction (model_id, temperature_levels_id, created_at, generated, mcp, active) VALUES ('019b3be4-36d1-77dc-8a0c-81273114cb56', '019c441a-0e9e-7cd3-9f45-b7f2ddd50383', '2026-03-10 22:39:14.044338+00:00', false, false, true) ON CONFLICT (id) DO NOTHING;
INSERT INTO public.model_temperature_levels_junction (model_id, temperature_levels_id, created_at, generated, mcp, active) VALUES ('019b3be4-36d1-77dc-8a0c-81273114cb56', '019c441a-0e9e-7cdc-b2f0-1daefbf9a0d2', '2026-03-10 22:39:14.044338+00:00', false, false, true) ON CONFLICT (id) DO NOTHING;
INSERT INTO public.model_temperature_levels_junction (model_id, temperature_levels_id, created_at, generated, mcp, active) VALUES ('019b3be4-36d1-77dc-8a0c-81273114cb56', '019c441a-0e9e-7ce6-a3df-5d1581d924f8', '2026-03-10 22:39:14.044338+00:00', false, false, true) ON CONFLICT (id) DO NOTHING;
INSERT INTO public.model_temperature_levels_junction (model_id, temperature_levels_id, created_at, generated, mcp, active) VALUES ('019b3be4-36d1-77dc-8a0c-81273114cb56', '019c441a-0e9e-7cf7-b9c2-b296333b30ee', '2026-03-10 22:39:14.044338+00:00', false, false, true) ON CONFLICT (id) DO NOTHING;
INSERT INTO public.model_temperature_levels_junction (model_id, temperature_levels_id, created_at, generated, mcp, active) VALUES ('019b3be4-36d1-77dc-8a0c-81273114cb56', '019c441a-0e9e-7d1a-9b3d-4b030af5a5f5', '2026-03-10 22:39:14.044338+00:00', false, false, true) ON CONFLICT (id) DO NOTHING;
INSERT INTO public.model_temperature_levels_junction (model_id, temperature_levels_id, created_at, generated, mcp, active) VALUES ('019b3be4-36d1-77dc-8a0c-81273114cb56', '019c441a-0e9e-7d22-aa42-b094ce03c315', '2026-03-10 22:39:14.044338+00:00', false, false, true) ON CONFLICT (id) DO NOTHING;
INSERT INTO public.model_temperature_levels_junction (model_id, temperature_levels_id, created_at, generated, mcp, active) VALUES ('019b3be4-36d1-77dc-8a0c-81273114cb56', '019c441a-0e9e-7d2d-a122-d5e27a709e64', '2026-03-10 22:39:14.044338+00:00', false, false, true) ON CONFLICT (id) DO NOTHING;
INSERT INTO public.model_temperature_levels_junction (model_id, temperature_levels_id, created_at, generated, mcp, active) VALUES ('019b3be4-36d1-77dc-8a0c-81273114cb56', '019c441a-0e9e-7d34-beaf-cb977faaad88', '2026-03-10 22:39:14.044338+00:00', false, false, true) ON CONFLICT (id) DO NOTHING;
INSERT INTO public.model_temperature_levels_junction (model_id, temperature_levels_id, created_at, generated, mcp, active) VALUES ('019b3be4-36d1-77dc-8a0c-81273114cb56', '019c441a-0e9e-7d59-bd04-7501bbcf1b85', '2026-03-10 22:39:14.044338+00:00', false, false, true) ON CONFLICT (id) DO NOTHING;
INSERT INTO public.model_temperature_levels_junction (model_id, temperature_levels_id, created_at, generated, mcp, active) VALUES ('019b3be4-36d1-77dc-8a0c-81273114cb56', '019c441a-0e9e-7d84-b9a5-aa946d36a18d', '2026-03-10 22:39:14.044338+00:00', false, false, true) ON CONFLICT (id) DO NOTHING;
INSERT INTO public.model_temperature_levels_junction (model_id, temperature_levels_id, created_at, generated, mcp, active) VALUES ('019b3be4-36d1-77dc-8a0c-81273114cb56', '019c441a-0e9e-7d9e-b960-c7edff5d9bce', '2026-03-10 22:39:14.044338+00:00', false, false, true) ON CONFLICT (id) DO NOTHING;
INSERT INTO public.model_temperature_levels_junction (model_id, temperature_levels_id, created_at, generated, mcp, active) VALUES ('019b3be4-36d1-77dc-8a0c-81273114cb56', '019c441a-0e9e-7da6-ae62-6e2a16407f9d', '2026-03-10 22:39:14.044338+00:00', false, false, true) ON CONFLICT (id) DO NOTHING;
INSERT INTO public.model_temperature_levels_junction (model_id, temperature_levels_id, created_at, generated, mcp, active) VALUES ('019b3be4-36d1-7790-ae43-d83841b86f0b', '019c441a-0e9e-7cdc-b2f0-1daefbf9a0d2', '2026-03-10 22:39:14.015642+00:00', false, false, true) ON CONFLICT (id) DO NOTHING;
INSERT INTO public.model_temperature_levels_junction (model_id, temperature_levels_id, created_at, generated, mcp, active) VALUES ('019b3be4-36d1-7790-ae43-d83841b86f0b', '019c441a-0e9e-7ce6-a3df-5d1581d924f8', '2026-03-10 22:39:14.015642+00:00', false, false, true) ON CONFLICT (id) DO NOTHING;
INSERT INTO public.model_temperature_levels_junction (model_id, temperature_levels_id, created_at, generated, mcp, active) VALUES ('019b3be4-36d1-7790-ae43-d83841b86f0b', '019c441a-0e9e-7cf7-b9c2-b296333b30ee', '2026-03-10 22:39:14.015642+00:00', false, false, true) ON CONFLICT (id) DO NOTHING;
INSERT INTO public.model_temperature_levels_junction (model_id, temperature_levels_id, created_at, generated, mcp, active) VALUES ('019b3be4-36d1-7790-ae43-d83841b86f0b', '019c441a-0e9e-7d1a-9b3d-4b030af5a5f5', '2026-03-10 22:39:14.015642+00:00', false, false, true) ON CONFLICT (id) DO NOTHING;
INSERT INTO public.model_temperature_levels_junction (model_id, temperature_levels_id, created_at, generated, mcp, active) VALUES ('019b3be4-36d1-7790-ae43-d83841b86f0b', '019c441a-0e9e-7d22-aa42-b094ce03c315', '2026-03-10 22:39:14.015642+00:00', false, false, true) ON CONFLICT (id) DO NOTHING;
INSERT INTO public.model_temperature_levels_junction (model_id, temperature_levels_id, created_at, generated, mcp, active) VALUES ('019b3be4-36d1-7790-ae43-d83841b86f0b', '019c441a-0e9e-7d2d-a122-d5e27a709e64', '2026-03-10 22:39:14.015642+00:00', false, false, true) ON CONFLICT (id) DO NOTHING;
INSERT INTO public.model_temperature_levels_junction (model_id, temperature_levels_id, created_at, generated, mcp, active) VALUES ('019b3be4-36d1-7790-ae43-d83841b86f0b', '019c441a-0e9e-7d34-beaf-cb977faaad88', '2026-03-10 22:39:14.015642+00:00', false, false, true) ON CONFLICT (id) DO NOTHING;
INSERT INTO public.model_temperature_levels_junction (model_id, temperature_levels_id, created_at, generated, mcp, active) VALUES ('019b3be4-36d1-7790-ae43-d83841b86f0b', '019c441a-0e9e-7d59-bd04-7501bbcf1b85', '2026-03-10 22:39:14.015642+00:00', false, false, true) ON CONFLICT (id) DO NOTHING;
INSERT INTO public.model_temperature_levels_junction (model_id, temperature_levels_id, created_at, generated, mcp, active) VALUES ('019b3be4-36d1-7790-ae43-d83841b86f0b', '019c441a-0e9e-7d84-b9a5-aa946d36a18d', '2026-03-10 22:39:14.015642+00:00', false, false, true) ON CONFLICT (id) DO NOTHING;
INSERT INTO public.model_temperature_levels_junction (model_id, temperature_levels_id, created_at, generated, mcp, active) VALUES ('019b3be4-36d1-7790-ae43-d83841b86f0b', '019c441a-0e9e-7d9e-b960-c7edff5d9bce', '2026-03-10 22:39:14.015642+00:00', false, false, true) ON CONFLICT (id) DO NOTHING;
INSERT INTO public.model_temperature_levels_junction (model_id, temperature_levels_id, created_at, generated, mcp, active) VALUES ('019b3be4-36d1-7790-ae43-d83841b86f0b', '019c441a-0e9e-7da6-ae62-6e2a16407f9d', '2026-03-10 22:39:14.015642+00:00', false, false, true) ON CONFLICT (id) DO NOTHING;
INSERT INTO public.model_temperature_levels_junction (model_id, temperature_levels_id, created_at, generated, mcp, active) VALUES ('019b3be4-36d1-7790-ae43-d83841b86f0b', '019c441a-0e9e-7db9-b0f3-8d485af3cc59', '2026-03-10 22:39:14.015642+00:00', false, false, true) ON CONFLICT (id) DO NOTHING;
INSERT INTO public.model_temperature_levels_junction (model_id, temperature_levels_id, created_at, generated, mcp, active) VALUES ('019b3be4-36d1-7790-ae43-d83841b86f0b', '019c441a-0e9e-7dcd-be35-3ab6d31cfb17', '2026-03-10 22:39:14.015642+00:00', false, false, true) ON CONFLICT (id) DO NOTHING;
INSERT INTO public.model_temperature_levels_junction (model_id, temperature_levels_id, created_at, generated, mcp, active) VALUES ('019b3be4-36d1-7790-ae43-d83841b86f0b', '019c441a-0e9e-7dd6-b25d-1fa87885be16', '2026-03-10 22:39:14.015642+00:00', false, false, true) ON CONFLICT (id) DO NOTHING;
INSERT INTO public.model_temperature_levels_junction (model_id, temperature_levels_id, created_at, generated, mcp, active) VALUES ('019b3be4-36d1-7790-ae43-d83841b86f0b', '019c441a-0e9e-7dde-a7b4-fa61b030af17', '2026-03-10 22:39:14.015642+00:00', false, false, true) ON CONFLICT (id) DO NOTHING;
INSERT INTO public.model_temperature_levels_junction (model_id, temperature_levels_id, created_at, generated, mcp, active) VALUES ('019b3be4-36d1-7790-ae43-d83841b86f0b', '019c441a-0e9e-7dfb-9078-f1a2807595ff', '2026-03-10 22:39:14.015642+00:00', false, false, true) ON CONFLICT (id) DO NOTHING;
INSERT INTO public.model_temperature_levels_junction (model_id, temperature_levels_id, created_at, generated, mcp, active) VALUES ('019b3be4-36d1-7790-ae43-d83841b86f0b', '019c441a-0e9e-7e0e-93ba-b9080f53300b', '2026-03-10 22:39:14.015642+00:00', false, false, true) ON CONFLICT (id) DO NOTHING;
INSERT INTO public.model_temperature_levels_junction (model_id, temperature_levels_id, created_at, generated, mcp, active) VALUES ('019b3be4-36d1-7790-ae43-d83841b86f0b', '019c441a-0e9e-7e19-89e1-76a54e0e513b', '2026-03-10 22:39:14.015642+00:00', false, false, true) ON CONFLICT (id) DO NOTHING;
INSERT INTO public.model_temperature_levels_junction (model_id, temperature_levels_id, created_at, generated, mcp, active) VALUES ('019b3be4-36d1-7790-ae43-d83841b86f0b', '019c441a-0e9e-7e2b-91ce-0aadfc9baef7', '2026-03-10 22:39:14.015642+00:00', false, false, true) ON CONFLICT (id) DO NOTHING;
INSERT INTO public.model_temperature_levels_junction (model_id, temperature_levels_id, created_at, generated, mcp, active) VALUES ('019b3be4-36d1-7790-ae43-d83841b86f0b', '019c441a-0e9e-7e37-a9f8-4388d8363acc', '2026-03-10 22:39:14.015642+00:00', false, false, true) ON CONFLICT (id) DO NOTHING;
INSERT INTO public.model_temperature_levels_junction (model_id, temperature_levels_id, created_at, generated, mcp, active) VALUES ('019b3be4-36d1-7790-ae43-d83841b86f0b', '019c441a-0e9e-7e3d-b9e4-8df4302ca526', '2026-03-10 22:39:14.015642+00:00', false, false, true) ON CONFLICT (id) DO NOTHING;
INSERT INTO public.model_temperature_levels_junction (model_id, temperature_levels_id, created_at, generated, mcp, active) VALUES ('019b3be4-36d1-7790-ae43-d83841b86f0b', '019c441a-0e9e-7e52-b580-9218337e5382', '2026-03-10 22:39:14.015642+00:00', false, false, true) ON CONFLICT (id) DO NOTHING;
INSERT INTO public.model_temperature_levels_junction (model_id, temperature_levels_id, created_at, generated, mcp, active) VALUES ('019b3be4-36d1-7790-ae43-d83841b86f0b', '019c441a-0e9e-7e5a-933e-d1c96ab450fe', '2026-03-10 22:39:14.015642+00:00', false, false, true) ON CONFLICT (id) DO NOTHING;
INSERT INTO public.model_temperature_levels_junction (model_id, temperature_levels_id, created_at, generated, mcp, active) VALUES ('019b3be4-36d1-7790-ae43-d83841b86f0b', '019c441a-0e9e-7e62-b187-072e351576b7', '2026-03-10 22:39:14.015642+00:00', false, false, true) ON CONFLICT (id) DO NOTHING;
INSERT INTO public.model_temperature_levels_junction (model_id, temperature_levels_id, created_at, generated, mcp, active) VALUES ('019b3be4-36d1-7790-ae43-d83841b86f0b', '019c441a-0e9e-7e69-a60a-627a1928dda8', '2026-03-10 22:39:14.015642+00:00', false, false, true) ON CONFLICT (id) DO NOTHING;
INSERT INTO public.model_temperature_levels_junction (model_id, temperature_levels_id, created_at, generated, mcp, active) VALUES ('019b3be4-36d1-7790-ae43-d83841b86f0b', '019c441a-0e9e-7e73-ab7c-6b05701f3683', '2026-03-10 22:39:14.015642+00:00', false, false, true) ON CONFLICT (id) DO NOTHING;
INSERT INTO public.model_temperature_levels_junction (model_id, temperature_levels_id, created_at, generated, mcp, active) VALUES ('019b3be4-36d1-7790-ae43-d83841b86f0b', '019c441a-0e9e-7e89-8b78-5a89a8ee38df', '2026-03-10 22:39:14.015642+00:00', false, false, true) ON CONFLICT (id) DO NOTHING;
INSERT INTO public.model_temperature_levels_junction (model_id, temperature_levels_id, created_at, generated, mcp, active) VALUES ('019b3be4-36d1-7790-ae43-d83841b86f0b', '019c441a-0e9e-7e94-9c38-b7f44e86a101', '2026-03-10 22:39:14.015642+00:00', false, false, true) ON CONFLICT (id) DO NOTHING;
INSERT INTO public.model_temperature_levels_junction (model_id, temperature_levels_id, created_at, generated, mcp, active) VALUES ('019b3be4-36d1-7790-ae43-d83841b86f0b', '019c441a-0e9e-7ea0-afe1-143d03e99a25', '2026-03-10 22:39:14.015642+00:00', false, false, true) ON CONFLICT (id) DO NOTHING;
INSERT INTO public.model_temperature_levels_junction (model_id, temperature_levels_id, created_at, generated, mcp, active) VALUES ('019b3be4-36d1-7790-ae43-d83841b86f0b', '019c441a-0e9e-7eb0-ba12-fa36a878cdef', '2026-03-10 22:39:14.015642+00:00', false, false, true) ON CONFLICT (id) DO NOTHING;
INSERT INTO public.model_temperature_levels_junction (model_id, temperature_levels_id, created_at, generated, mcp, active) VALUES ('019b3be4-36d1-7790-ae43-d83841b86f0b', '019c441a-0e9e-7ebf-83f0-e822b230d010', '2026-03-10 22:39:14.015642+00:00', false, false, true) ON CONFLICT (id) DO NOTHING;
INSERT INTO public.model_temperature_levels_junction (model_id, temperature_levels_id, created_at, generated, mcp, active) VALUES ('019b3be4-36d1-7790-ae43-d83841b86f0b', '019c441a-0e9e-7ec9-8819-23cf95608dbe', '2026-03-10 22:39:14.015642+00:00', false, false, true) ON CONFLICT (id) DO NOTHING;
INSERT INTO public.model_temperature_levels_junction (model_id, temperature_levels_id, created_at, generated, mcp, active) VALUES ('019b3be4-36d1-7790-ae43-d83841b86f0b', '019c441a-0e9e-7ed1-9766-04be0f1c6b20', '2026-03-10 22:39:14.015642+00:00', false, false, true) ON CONFLICT (id) DO NOTHING;
INSERT INTO public.model_temperature_levels_junction (model_id, temperature_levels_id, created_at, generated, mcp, active) VALUES ('019b3be4-36d1-7790-ae43-d83841b86f0b', '019c441a-0e9e-7ede-ab08-a9ec02a3d29f', '2026-03-10 22:39:14.015642+00:00', false, false, true) ON CONFLICT (id) DO NOTHING;
INSERT INTO public.model_temperature_levels_junction (model_id, temperature_levels_id, created_at, generated, mcp, active) VALUES ('019b3be4-36d1-7790-ae43-d83841b86f0b', '019c441a-0e9e-7ef6-8811-b13973658720', '2026-03-10 22:39:14.015642+00:00', false, false, true) ON CONFLICT (id) DO NOTHING;
INSERT INTO public.model_temperature_levels_junction (model_id, temperature_levels_id, created_at, generated, mcp, active) VALUES ('019b3be4-36d1-7790-ae43-d83841b86f0b', '019c441a-0e9e-7f0d-9e4b-4b564ec66598', '2026-03-10 22:39:14.015642+00:00', false, false, true) ON CONFLICT (id) DO NOTHING;
INSERT INTO public.model_temperature_levels_junction (model_id, temperature_levels_id, created_at, generated, mcp, active) VALUES ('019b3be4-36d1-7790-ae43-d83841b86f0b', '019c441a-0e9e-7f26-8ca6-a1b33fb97fbe', '2026-03-10 22:39:14.015642+00:00', false, false, true) ON CONFLICT (id) DO NOTHING;
INSERT INTO public.model_temperature_levels_junction (model_id, temperature_levels_id, created_at, generated, mcp, active) VALUES ('019b3be4-36d1-7790-ae43-d83841b86f0b', '019c441a-0e9e-7f2e-81d2-2545ba70f21d', '2026-03-10 22:39:14.015642+00:00', false, false, true) ON CONFLICT (id) DO NOTHING;
INSERT INTO public.model_temperature_levels_junction (model_id, temperature_levels_id, created_at, generated, mcp, active) VALUES ('019b3be4-36d1-7790-ae43-d83841b86f0b', '019c441a-0e9e-7f44-bb0b-5190a35cc0c0', '2026-03-10 22:39:14.015642+00:00', false, false, true) ON CONFLICT (id) DO NOTHING;
INSERT INTO public.model_temperature_levels_junction (model_id, temperature_levels_id, created_at, generated, mcp, active) VALUES ('019b3be4-36d1-7790-ae43-d83841b86f0b', '019c441a-0e9e-7f53-8a08-d51406e55622', '2026-03-10 22:39:14.015642+00:00', false, false, true) ON CONFLICT (id) DO NOTHING;
INSERT INTO public.model_temperature_levels_junction (model_id, temperature_levels_id, created_at, generated, mcp, active) VALUES ('019b3be4-36d1-7790-ae43-d83841b86f0b', '019c441a-0e9e-7f5f-9e3d-9922fdb0fdff', '2026-03-10 22:39:14.015642+00:00', false, false, true) ON CONFLICT (id) DO NOTHING;
INSERT INTO public.model_temperature_levels_junction (model_id, temperature_levels_id, created_at, generated, mcp, active) VALUES ('019b3be4-36d1-7790-ae43-d83841b86f0b', '019c441a-0e9e-7f6c-a798-8328630ab038', '2026-03-10 22:39:14.015642+00:00', false, false, true) ON CONFLICT (id) DO NOTHING;
INSERT INTO public.model_temperature_levels_junction (model_id, temperature_levels_id, created_at, generated, mcp, active) VALUES ('019b3be4-36d1-7790-ae43-d83841b86f0b', '019c441a-0e9e-7f80-a9cb-7b1c947ad4c8', '2026-03-10 22:39:14.015642+00:00', false, false, true) ON CONFLICT (id) DO NOTHING;
INSERT INTO public.model_temperature_levels_junction (model_id, temperature_levels_id, created_at, generated, mcp, active) VALUES ('019b3be4-36d1-7790-ae43-d83841b86f0b', '019c441a-0e9e-7f8f-b0cf-ab7d52866f69', '2026-03-10 22:39:14.015642+00:00', false, false, true) ON CONFLICT (id) DO NOTHING;
INSERT INTO public.model_temperature_levels_junction (model_id, temperature_levels_id, created_at, generated, mcp, active) VALUES ('019b3be4-36d1-7790-ae43-d83841b86f0b', '019c441a-0e9e-7fa5-87e8-3e52d48647cd', '2026-03-10 22:39:14.015642+00:00', false, false, true) ON CONFLICT (id) DO NOTHING;
INSERT INTO public.model_temperature_levels_junction (model_id, temperature_levels_id, created_at, generated, mcp, active) VALUES ('019b3be4-36d1-7790-ae43-d83841b86f0b', '019c441a-0e9e-7fae-bed9-1177ce0bd598', '2026-03-10 22:39:14.015642+00:00', false, false, true) ON CONFLICT (id) DO NOTHING;
INSERT INTO public.model_temperature_levels_junction (model_id, temperature_levels_id, created_at, generated, mcp, active) VALUES ('019b3be4-36d1-7790-ae43-d83841b86f0b', '019c441a-0e9e-7fbb-84b9-a7962089afa4', '2026-03-10 22:39:14.015642+00:00', false, false, true) ON CONFLICT (id) DO NOTHING;
INSERT INTO public.model_temperature_levels_junction (model_id, temperature_levels_id, created_at, generated, mcp, active) VALUES ('019b3be4-36d1-7790-ae43-d83841b86f0b', '019c441a-0e9e-7fc1-8cef-8914d6b01390', '2026-03-10 22:39:14.015642+00:00', false, false, true) ON CONFLICT (id) DO NOTHING;
INSERT INTO public.model_temperature_levels_junction (model_id, temperature_levels_id, created_at, generated, mcp, active) VALUES ('019b3be4-36d1-7790-ae43-d83841b86f0b', '019c441a-0e9e-7fcd-afc7-37cf75ba25a7', '2026-03-10 22:39:14.015642+00:00', false, false, true) ON CONFLICT (id) DO NOTHING;
INSERT INTO public.model_temperature_levels_junction (model_id, temperature_levels_id, created_at, generated, mcp, active) VALUES ('019b3be4-36d1-7790-ae43-d83841b86f0b', '019c441a-0e9e-7fde-a372-d6c53b939a2d', '2026-03-10 22:39:14.015642+00:00', false, false, true) ON CONFLICT (id) DO NOTHING;
INSERT INTO public.model_temperature_levels_junction (model_id, temperature_levels_id, created_at, generated, mcp, active) VALUES ('019b3be4-36d1-7790-ae43-d83841b86f0b', '019c441a-0e9e-7fee-be99-7292d6d5e130', '2026-03-10 22:39:14.015642+00:00', false, false, true) ON CONFLICT (id) DO NOTHING;
INSERT INTO public.model_temperature_levels_junction (model_id, temperature_levels_id, created_at, generated, mcp, active) VALUES ('019b3be4-36d1-7790-ae43-d83841b86f0b', '019c441a-0e9e-7ff9-8627-a980b71f8514', '2026-03-10 22:39:14.015642+00:00', false, false, true) ON CONFLICT (id) DO NOTHING;
INSERT INTO public.model_temperature_levels_junction (model_id, temperature_levels_id, created_at, generated, mcp, active) VALUES ('019b3be4-36d1-7790-ae43-d83841b86f0b', '019c441a-0e9f-7004-9320-7d40cf5cd428', '2026-03-10 22:39:14.015642+00:00', false, false, true) ON CONFLICT (id) DO NOTHING;
INSERT INTO public.model_temperature_levels_junction (model_id, temperature_levels_id, created_at, generated, mcp, active) VALUES ('019b3be4-36d1-7790-ae43-d83841b86f0b', '019c441a-0e9f-700c-a8c5-11434dc2ea95', '2026-03-10 22:39:14.015642+00:00', false, false, true) ON CONFLICT (id) DO NOTHING;
INSERT INTO public.model_temperature_levels_junction (model_id, temperature_levels_id, created_at, generated, mcp, active) VALUES ('019b3be4-36d1-7790-ae43-d83841b86f0b', '019c441a-0e9f-7016-9973-59eca073bebe', '2026-03-10 22:39:14.015642+00:00', false, false, true) ON CONFLICT (id) DO NOTHING;
INSERT INTO public.model_temperature_levels_junction (model_id, temperature_levels_id, created_at, generated, mcp, active) VALUES ('019b3be4-36d1-7790-ae43-d83841b86f0b', '019c441a-0e9f-7027-b2b3-40f7679aa440', '2026-03-10 22:39:14.015642+00:00', false, false, true) ON CONFLICT (id) DO NOTHING;
INSERT INTO public.model_temperature_levels_junction (model_id, temperature_levels_id, created_at, generated, mcp, active) VALUES ('019b3be4-36d1-7790-ae43-d83841b86f0b', '019c441a-0e9f-7038-a8fe-a960af92c6cd', '2026-03-10 22:39:14.015642+00:00', false, false, true) ON CONFLICT (id) DO NOTHING;
INSERT INTO public.model_temperature_levels_junction (model_id, temperature_levels_id, created_at, generated, mcp, active) VALUES ('019b3be4-36d1-7790-ae43-d83841b86f0b', '019c441a-0e9f-7055-8c67-a6f96ebb872b', '2026-03-10 22:39:14.015642+00:00', false, false, true) ON CONFLICT (id) DO NOTHING;
INSERT INTO public.model_temperature_levels_junction (model_id, temperature_levels_id, created_at, generated, mcp, active) VALUES ('019b3be4-36d1-7790-ae43-d83841b86f0b', '019c441a-0e9f-7067-a9d9-66f6b22a620c', '2026-03-10 22:39:14.015642+00:00', false, false, true) ON CONFLICT (id) DO NOTHING;
INSERT INTO public.model_temperature_levels_junction (model_id, temperature_levels_id, created_at, generated, mcp, active) VALUES ('019b3be4-36d1-7790-ae43-d83841b86f0b', '019c441a-0e9f-7076-b0f4-d3db8a59a2bf', '2026-03-10 22:39:14.015642+00:00', false, false, true) ON CONFLICT (id) DO NOTHING;
INSERT INTO public.model_temperature_levels_junction (model_id, temperature_levels_id, created_at, generated, mcp, active) VALUES ('019b3be4-36d1-7790-ae43-d83841b86f0b', '019c441a-0e9f-7087-a7c2-481e3cf67900', '2026-03-10 22:39:14.015642+00:00', false, false, true) ON CONFLICT (id) DO NOTHING;
INSERT INTO public.model_temperature_levels_junction (model_id, temperature_levels_id, created_at, generated, mcp, active) VALUES ('019b3be4-36d1-7790-ae43-d83841b86f0b', '019c441a-0e9f-708c-ace6-6ab6bfb9032b', '2026-03-10 22:39:14.015642+00:00', false, false, true) ON CONFLICT (id) DO NOTHING;
INSERT INTO public.model_temperature_levels_junction (model_id, temperature_levels_id, created_at, generated, mcp, active) VALUES ('019b3be4-36d1-7790-ae43-d83841b86f0b', '019c441a-0e9f-70a7-8312-c8913b2bd033', '2026-03-10 22:39:14.015642+00:00', false, false, true) ON CONFLICT (id) DO NOTHING;
INSERT INTO public.model_temperature_levels_junction (model_id, temperature_levels_id, created_at, generated, mcp, active) VALUES ('019b3be4-36d1-7790-ae43-d83841b86f0b', '019c441a-0e9f-70b3-bad8-286a24dc5f49', '2026-03-10 22:39:14.015642+00:00', false, false, true) ON CONFLICT (id) DO NOTHING;
INSERT INTO public.model_temperature_levels_junction (model_id, temperature_levels_id, created_at, generated, mcp, active) VALUES ('019b3be4-36d1-7790-ae43-d83841b86f0b', '019c441a-0e9f-70be-928f-7873d52a9642', '2026-03-10 22:39:14.015642+00:00', false, false, true) ON CONFLICT (id) DO NOTHING;
INSERT INTO public.model_temperature_levels_junction (model_id, temperature_levels_id, created_at, generated, mcp, active) VALUES ('019b3be4-36d1-7790-ae43-d83841b86f0b', '019c441a-0e9f-70ce-849a-af4b11bbfaf6', '2026-03-10 22:39:14.015642+00:00', false, false, true) ON CONFLICT (id) DO NOTHING;
INSERT INTO public.model_temperature_levels_junction (model_id, temperature_levels_id, created_at, generated, mcp, active) VALUES ('019b3be4-36d1-7790-ae43-d83841b86f0b', '019c441a-0e9f-70d9-8046-2d636f526116', '2026-03-10 22:39:14.015642+00:00', false, false, true) ON CONFLICT (id) DO NOTHING;
INSERT INTO public.model_temperature_levels_junction (model_id, temperature_levels_id, created_at, generated, mcp, active) VALUES ('019b3be4-36d1-7790-ae43-d83841b86f0b', '019c441a-0e9f-70e8-8235-7196b41406e1', '2026-03-10 22:39:14.015642+00:00', false, false, true) ON CONFLICT (id) DO NOTHING;
INSERT INTO public.model_temperature_levels_junction (model_id, temperature_levels_id, created_at, generated, mcp, active) VALUES ('019b3be4-36d1-7790-ae43-d83841b86f0b', '019c441a-0e9f-70f0-a568-30584bfef8fb', '2026-03-10 22:39:14.015642+00:00', false, false, true) ON CONFLICT (id) DO NOTHING;
INSERT INTO public.model_temperature_levels_junction (model_id, temperature_levels_id, created_at, generated, mcp, active) VALUES ('019b3be4-36d1-7790-ae43-d83841b86f0b', '019c441a-0e9f-7101-afd8-b2e50bc968f9', '2026-03-10 22:39:14.015642+00:00', false, false, true) ON CONFLICT (id) DO NOTHING;
INSERT INTO public.model_temperature_levels_junction (model_id, temperature_levels_id, created_at, generated, mcp, active) VALUES ('019b3be4-36d1-7790-ae43-d83841b86f0b', '019c441a-0e9f-710b-99b2-3db575f01df1', '2026-03-10 22:39:14.015642+00:00', false, false, true) ON CONFLICT (id) DO NOTHING;
INSERT INTO public.model_temperature_levels_junction (model_id, temperature_levels_id, created_at, generated, mcp, active) VALUES ('019b3be4-36d1-7790-ae43-d83841b86f0b', '019c441a-0e9f-7116-ab87-05d7035642c7', '2026-03-10 22:39:14.015642+00:00', false, false, true) ON CONFLICT (id) DO NOTHING;
INSERT INTO public.model_temperature_levels_junction (model_id, temperature_levels_id, created_at, generated, mcp, active) VALUES ('019b3be4-36d1-7790-ae43-d83841b86f0b', '019c441a-0e9f-7120-bc1c-1e290802109a', '2026-03-10 22:39:14.015642+00:00', false, false, true) ON CONFLICT (id) DO NOTHING;
INSERT INTO public.model_temperature_levels_junction (model_id, temperature_levels_id, created_at, generated, mcp, active) VALUES ('019b3be4-36d1-7790-ae43-d83841b86f0b', '019c441a-0e9f-712f-ad29-33e6889ca042', '2026-03-10 22:39:14.015642+00:00', false, false, true) ON CONFLICT (id) DO NOTHING;
INSERT INTO public.model_temperature_levels_junction (model_id, temperature_levels_id, created_at, generated, mcp, active) VALUES ('019b3be4-36d1-7790-ae43-d83841b86f0b', '019c441a-0e9f-713c-87f4-1ce375f0e09f', '2026-03-10 22:39:14.015642+00:00', false, false, true) ON CONFLICT (id) DO NOTHING;
INSERT INTO public.model_temperature_levels_junction (model_id, temperature_levels_id, created_at, generated, mcp, active) VALUES ('019b3be4-36d1-7790-ae43-d83841b86f0b', '019c441a-0e9f-715a-8037-ac5450f006cb', '2026-03-10 22:39:14.015642+00:00', false, false, true) ON CONFLICT (id) DO NOTHING;
INSERT INTO public.model_temperature_levels_junction (model_id, temperature_levels_id, created_at, generated, mcp, active) VALUES ('019b3be4-36d1-7790-ae43-d83841b86f0b', '019c441a-0e9f-7166-a4b2-8eef873a73e7', '2026-03-10 22:39:14.015642+00:00', false, false, true) ON CONFLICT (id) DO NOTHING;
INSERT INTO public.model_temperature_levels_junction (model_id, temperature_levels_id, created_at, generated, mcp, active) VALUES ('019b3be4-36d1-7790-ae43-d83841b86f0b', '019c441a-0e9f-716f-9341-e1c1d078369b', '2026-03-10 22:39:14.015642+00:00', false, false, true) ON CONFLICT (id) DO NOTHING;
INSERT INTO public.model_temperature_levels_junction (model_id, temperature_levels_id, created_at, generated, mcp, active) VALUES ('019b3be4-36d1-7790-ae43-d83841b86f0b', '019c441a-0e9f-7176-a9ff-74d14b50e469', '2026-03-10 22:39:14.015642+00:00', false, false, true) ON CONFLICT (id) DO NOTHING;
INSERT INTO public.model_temperature_levels_junction (model_id, temperature_levels_id, created_at, generated, mcp, active) VALUES ('019b3be4-36d1-7790-ae43-d83841b86f0b', '019c441a-0e9f-718b-9bf3-c0143fa5d3c1', '2026-03-10 22:39:14.015642+00:00', false, false, true) ON CONFLICT (id) DO NOTHING;
INSERT INTO public.model_temperature_levels_junction (model_id, temperature_levels_id, created_at, generated, mcp, active) VALUES ('019b3be4-36d1-7790-ae43-d83841b86f0b', '019c441a-0e9f-732f-ac4d-b10174e69e21', '2026-03-10 22:39:14.015642+00:00', false, false, true) ON CONFLICT (id) DO NOTHING;
INSERT INTO public.model_temperature_levels_junction (model_id, temperature_levels_id, created_at, generated, mcp, active) VALUES ('019b3be4-36d1-7790-ae43-d83841b86f0b', '019c441a-0e9f-7335-a559-31fe7e8db595', '2026-03-10 22:39:14.015642+00:00', false, false, true) ON CONFLICT (id) DO NOTHING;
INSERT INTO public.model_temperature_levels_junction (model_id, temperature_levels_id, created_at, generated, mcp, active) VALUES ('019b3be4-36d1-7790-ae43-d83841b86f0b', '019c441a-0e9f-735a-81cf-eed6e8196398', '2026-03-10 22:39:14.015642+00:00', false, false, true) ON CONFLICT (id) DO NOTHING;
INSERT INTO public.model_temperature_levels_junction (model_id, temperature_levels_id, created_at, generated, mcp, active) VALUES ('019b3be4-36d1-7790-ae43-d83841b86f0b', '019c441a-0e9f-7370-856d-7b31ced06c90', '2026-03-10 22:39:14.015642+00:00', false, false, true) ON CONFLICT (id) DO NOTHING;
INSERT INTO public.model_temperature_levels_junction (model_id, temperature_levels_id, created_at, generated, mcp, active) VALUES ('019b3be4-36d1-7790-ae43-d83841b86f0b', '019c441a-0e9f-738a-9c75-c3dc21a1aed4', '2026-03-10 22:39:14.015642+00:00', false, false, true) ON CONFLICT (id) DO NOTHING;
INSERT INTO public.model_temperature_levels_junction (model_id, temperature_levels_id, created_at, generated, mcp, active) VALUES ('019b3be4-36d1-7790-ae43-d83841b86f0b', '019c441a-0e9f-73a7-8628-636b0586d4fb', '2026-03-10 22:39:14.015642+00:00', false, false, true) ON CONFLICT (id) DO NOTHING;
INSERT INTO public.model_temperature_levels_junction (model_id, temperature_levels_id, created_at, generated, mcp, active) VALUES ('019b3be4-36d1-7790-ae43-d83841b86f0b', '019c441a-0e9f-73b3-b4c6-96f71113e8dc', '2026-03-10 22:39:14.015642+00:00', false, false, true) ON CONFLICT (id) DO NOTHING;
INSERT INTO public.model_temperature_levels_junction (model_id, temperature_levels_id, created_at, generated, mcp, active) VALUES ('019b3be4-36d1-7790-ae43-d83841b86f0b', '019c441a-0e9f-73b7-a591-e6cb67cc219a', '2026-03-10 22:39:14.015642+00:00', false, false, true) ON CONFLICT (id) DO NOTHING;
INSERT INTO public.model_temperature_levels_junction (model_id, temperature_levels_id, created_at, generated, mcp, active) VALUES ('019b3be4-36d1-7790-ae43-d83841b86f0b', '019c441a-0e9f-73ca-8872-97569ea04c56', '2026-03-10 22:39:14.015642+00:00', false, false, true) ON CONFLICT (id) DO NOTHING;
INSERT INTO public.model_temperature_levels_junction (model_id, temperature_levels_id, created_at, generated, mcp, active) VALUES ('019b3be4-36d1-7790-ae43-d83841b86f0b', '019c441a-0e9f-73d9-a939-23bb7a0cc094', '2026-03-10 22:39:14.015642+00:00', false, false, true) ON CONFLICT (id) DO NOTHING;
INSERT INTO public.model_temperature_levels_junction (model_id, temperature_levels_id, created_at, generated, mcp, active) VALUES ('019b3be4-36d1-7790-ae43-d83841b86f0b', '019c441a-0e9f-73e9-9074-5fc628f2e51c', '2026-03-10 22:39:14.015642+00:00', false, false, true) ON CONFLICT (id) DO NOTHING;
INSERT INTO public.model_temperature_levels_junction (model_id, temperature_levels_id, created_at, generated, mcp, active) VALUES ('019b3be4-36d1-7790-ae43-d83841b86f0b', '019c441a-0e9f-73f9-b1ae-e42dda0fd3c5', '2026-03-10 22:39:14.015642+00:00', false, false, true) ON CONFLICT (id) DO NOTHING;
INSERT INTO public.model_temperature_levels_junction (model_id, temperature_levels_id, created_at, generated, mcp, active) VALUES ('019b3be4-36d1-7790-ae43-d83841b86f0b', '019c441a-0e9f-7413-be9e-8c771dd1ceb2', '2026-03-10 22:39:14.015642+00:00', false, false, true) ON CONFLICT (id) DO NOTHING;
INSERT INTO public.model_temperature_levels_junction (model_id, temperature_levels_id, created_at, generated, mcp, active) VALUES ('019b3be4-36d1-7790-ae43-d83841b86f0b', '019c441a-0e9f-741c-889d-c67c16f9dc2b', '2026-03-10 22:39:14.015642+00:00', false, false, true) ON CONFLICT (id) DO NOTHING;
INSERT INTO public.model_temperature_levels_junction (model_id, temperature_levels_id, created_at, generated, mcp, active) VALUES ('019b3be4-36d1-7790-ae43-d83841b86f0b', '019c441a-0e9f-742a-995a-2c0c8e1cffba', '2026-03-10 22:39:14.015642+00:00', false, false, true) ON CONFLICT (id) DO NOTHING;
INSERT INTO public.model_temperature_levels_junction (model_id, temperature_levels_id, created_at, generated, mcp, active) VALUES ('019b3be4-36d1-77d1-bf3d-f2920b175b97', '019c441a-0e9e-7bef-841d-5d33999c9d12', '2026-03-10 22:39:14.025054+00:00', false, false, true) ON CONFLICT (id) DO NOTHING;
INSERT INTO public.model_temperature_levels_junction (model_id, temperature_levels_id, created_at, generated, mcp, active) VALUES ('019b3be4-36d1-77d1-bf3d-f2920b175b97', '019c441a-0e9e-7c74-928c-7c0739193aff', '2026-03-10 22:39:14.025054+00:00', false, false, true) ON CONFLICT (id) DO NOTHING;
INSERT INTO public.model_temperature_levels_junction (model_id, temperature_levels_id, created_at, generated, mcp, active) VALUES ('019b3be4-36d1-77d1-bf3d-f2920b175b97', '019c441a-0e9e-7c9e-8acc-69725eead5b3', '2026-03-10 22:39:14.025054+00:00', false, false, true) ON CONFLICT (id) DO NOTHING;
INSERT INTO public.model_temperature_levels_junction (model_id, temperature_levels_id, created_at, generated, mcp, active) VALUES ('019b3be4-36d1-77d1-bf3d-f2920b175b97', '019c441a-0e9e-7ca4-ad96-a64b4ddb14b4', '2026-03-10 22:39:14.025054+00:00', false, false, true) ON CONFLICT (id) DO NOTHING;
INSERT INTO public.model_temperature_levels_junction (model_id, temperature_levels_id, created_at, generated, mcp, active) VALUES ('019b3be4-36d1-77d1-bf3d-f2920b175b97', '019c441a-0e9e-7cc4-83a2-f576e1eac21e', '2026-03-10 22:39:14.025054+00:00', false, false, true) ON CONFLICT (id) DO NOTHING;
INSERT INTO public.model_temperature_levels_junction (model_id, temperature_levels_id, created_at, generated, mcp, active) VALUES ('019b3be4-36d1-77d1-bf3d-f2920b175b97', '019c441a-0e9e-7cd3-9f45-b7f2ddd50383', '2026-03-10 22:39:14.025054+00:00', false, false, true) ON CONFLICT (id) DO NOTHING;
INSERT INTO public.model_temperature_levels_junction (model_id, temperature_levels_id, created_at, generated, mcp, active) VALUES ('019b3be4-36d1-77d1-bf3d-f2920b175b97', '019c441a-0e9e-7cdc-b2f0-1daefbf9a0d2', '2026-03-10 22:39:14.025054+00:00', false, false, true) ON CONFLICT (id) DO NOTHING;
INSERT INTO public.model_temperature_levels_junction (model_id, temperature_levels_id, created_at, generated, mcp, active) VALUES ('019b3be4-36d1-77d1-bf3d-f2920b175b97', '019c441a-0e9e-7ce6-a3df-5d1581d924f8', '2026-03-10 22:39:14.025054+00:00', false, false, true) ON CONFLICT (id) DO NOTHING;
INSERT INTO public.model_temperature_levels_junction (model_id, temperature_levels_id, created_at, generated, mcp, active) VALUES ('019b3be4-36d1-77d1-bf3d-f2920b175b97', '019c441a-0e9e-7cf7-b9c2-b296333b30ee', '2026-03-10 22:39:14.025054+00:00', false, false, true) ON CONFLICT (id) DO NOTHING;
INSERT INTO public.model_temperature_levels_junction (model_id, temperature_levels_id, created_at, generated, mcp, active) VALUES ('019b3be4-36d1-77d1-bf3d-f2920b175b97', '019c441a-0e9e-7d1a-9b3d-4b030af5a5f5', '2026-03-10 22:39:14.025054+00:00', false, false, true) ON CONFLICT (id) DO NOTHING;
INSERT INTO public.model_temperature_levels_junction (model_id, temperature_levels_id, created_at, generated, mcp, active) VALUES ('019b3be4-36d1-77d1-bf3d-f2920b175b97', '019c441a-0e9e-7d22-aa42-b094ce03c315', '2026-03-10 22:39:14.025054+00:00', false, false, true) ON CONFLICT (id) DO NOTHING;
INSERT INTO public.model_temperature_levels_junction (model_id, temperature_levels_id, created_at, generated, mcp, active) VALUES ('019b3be4-36d1-77d1-bf3d-f2920b175b97', '019c441a-0e9e-7d2d-a122-d5e27a709e64', '2026-03-10 22:39:14.025054+00:00', false, false, true) ON CONFLICT (id) DO NOTHING;
INSERT INTO public.model_temperature_levels_junction (model_id, temperature_levels_id, created_at, generated, mcp, active) VALUES ('019b3be4-36d1-77d1-bf3d-f2920b175b97', '019c441a-0e9e-7d34-beaf-cb977faaad88', '2026-03-10 22:39:14.025054+00:00', false, false, true) ON CONFLICT (id) DO NOTHING;
INSERT INTO public.model_temperature_levels_junction (model_id, temperature_levels_id, created_at, generated, mcp, active) VALUES ('019b3be4-36d1-77d1-bf3d-f2920b175b97', '019c441a-0e9e-7d59-bd04-7501bbcf1b85', '2026-03-10 22:39:14.025054+00:00', false, false, true) ON CONFLICT (id) DO NOTHING;
INSERT INTO public.model_temperature_levels_junction (model_id, temperature_levels_id, created_at, generated, mcp, active) VALUES ('019b3be4-36d1-77d1-bf3d-f2920b175b97', '019c441a-0e9e-7d84-b9a5-aa946d36a18d', '2026-03-10 22:39:14.025054+00:00', false, false, true) ON CONFLICT (id) DO NOTHING;
INSERT INTO public.model_temperature_levels_junction (model_id, temperature_levels_id, created_at, generated, mcp, active) VALUES ('019b3be4-36d1-77d1-bf3d-f2920b175b97', '019c441a-0e9e-7d9e-b960-c7edff5d9bce', '2026-03-10 22:39:14.025054+00:00', false, false, true) ON CONFLICT (id) DO NOTHING;
INSERT INTO public.model_temperature_levels_junction (model_id, temperature_levels_id, created_at, generated, mcp, active) VALUES ('019b3be4-36d1-77d1-bf3d-f2920b175b97', '019c441a-0e9e-7da6-ae62-6e2a16407f9d', '2026-03-10 22:39:14.025054+00:00', false, false, true) ON CONFLICT (id) DO NOTHING;
INSERT INTO public.model_temperature_levels_junction (model_id, temperature_levels_id, created_at, generated, mcp, active) VALUES ('019b3be4-36d1-77d1-bf3d-f2920b175b97', '019c441a-0e9e-7db9-b0f3-8d485af3cc59', '2026-03-10 22:39:14.025054+00:00', false, false, true) ON CONFLICT (id) DO NOTHING;
INSERT INTO public.model_temperature_levels_junction (model_id, temperature_levels_id, created_at, generated, mcp, active) VALUES ('019b3be4-36d1-77d1-bf3d-f2920b175b97', '019c441a-0e9e-7dcd-be35-3ab6d31cfb17', '2026-03-10 22:39:14.025054+00:00', false, false, true) ON CONFLICT (id) DO NOTHING;
INSERT INTO public.model_temperature_levels_junction (model_id, temperature_levels_id, created_at, generated, mcp, active) VALUES ('019b3be4-36d1-77d1-bf3d-f2920b175b97', '019c441a-0e9e-7dd6-b25d-1fa87885be16', '2026-03-10 22:39:14.025054+00:00', false, false, true) ON CONFLICT (id) DO NOTHING;
INSERT INTO public.model_temperature_levels_junction (model_id, temperature_levels_id, created_at, generated, mcp, active) VALUES ('019b3be4-36d1-77d1-bf3d-f2920b175b97', '019c441a-0e9e-7dde-a7b4-fa61b030af17', '2026-03-10 22:39:14.025054+00:00', false, false, true) ON CONFLICT (id) DO NOTHING;
INSERT INTO public.model_temperature_levels_junction (model_id, temperature_levels_id, created_at, generated, mcp, active) VALUES ('019b3be4-36d1-77d1-bf3d-f2920b175b97', '019c441a-0e9e-7dfb-9078-f1a2807595ff', '2026-03-10 22:39:14.025054+00:00', false, false, true) ON CONFLICT (id) DO NOTHING;
INSERT INTO public.model_temperature_levels_junction (model_id, temperature_levels_id, created_at, generated, mcp, active) VALUES ('019b3be4-36d1-77d1-bf3d-f2920b175b97', '019c441a-0e9e-7e0e-93ba-b9080f53300b', '2026-03-10 22:39:14.025054+00:00', false, false, true) ON CONFLICT (id) DO NOTHING;
INSERT INTO public.model_temperature_levels_junction (model_id, temperature_levels_id, created_at, generated, mcp, active) VALUES ('019b3be4-36d1-77d1-bf3d-f2920b175b97', '019c441a-0e9e-7e19-89e1-76a54e0e513b', '2026-03-10 22:39:14.025054+00:00', false, false, true) ON CONFLICT (id) DO NOTHING;
INSERT INTO public.model_temperature_levels_junction (model_id, temperature_levels_id, created_at, generated, mcp, active) VALUES ('019b3be4-36d1-77d1-bf3d-f2920b175b97', '019c441a-0e9e-7e2b-91ce-0aadfc9baef7', '2026-03-10 22:39:14.025054+00:00', false, false, true) ON CONFLICT (id) DO NOTHING;
INSERT INTO public.model_temperature_levels_junction (model_id, temperature_levels_id, created_at, generated, mcp, active) VALUES ('019b3be4-36d1-77d1-bf3d-f2920b175b97', '019c441a-0e9e-7e37-a9f8-4388d8363acc', '2026-03-10 22:39:14.025054+00:00', false, false, true) ON CONFLICT (id) DO NOTHING;
INSERT INTO public.model_temperature_levels_junction (model_id, temperature_levels_id, created_at, generated, mcp, active) VALUES ('019b3be4-36d1-77d1-bf3d-f2920b175b97', '019c441a-0e9e-7e3d-b9e4-8df4302ca526', '2026-03-10 22:39:14.025054+00:00', false, false, true) ON CONFLICT (id) DO NOTHING;
INSERT INTO public.model_temperature_levels_junction (model_id, temperature_levels_id, created_at, generated, mcp, active) VALUES ('019b3be4-36d1-77d1-bf3d-f2920b175b97', '019c441a-0e9e-7e52-b580-9218337e5382', '2026-03-10 22:39:14.025054+00:00', false, false, true) ON CONFLICT (id) DO NOTHING;
INSERT INTO public.model_temperature_levels_junction (model_id, temperature_levels_id, created_at, generated, mcp, active) VALUES ('019b3be4-36d1-77d1-bf3d-f2920b175b97', '019c441a-0e9e-7e5a-933e-d1c96ab450fe', '2026-03-10 22:39:14.025054+00:00', false, false, true) ON CONFLICT (id) DO NOTHING;
INSERT INTO public.model_temperature_levels_junction (model_id, temperature_levels_id, created_at, generated, mcp, active) VALUES ('019b3be4-36d1-77d1-bf3d-f2920b175b97', '019c441a-0e9e-7e62-b187-072e351576b7', '2026-03-10 22:39:14.025054+00:00', false, false, true) ON CONFLICT (id) DO NOTHING;
INSERT INTO public.model_temperature_levels_junction (model_id, temperature_levels_id, created_at, generated, mcp, active) VALUES ('019b3be4-36d1-77d1-bf3d-f2920b175b97', '019c441a-0e9e-7e69-a60a-627a1928dda8', '2026-03-10 22:39:14.025054+00:00', false, false, true) ON CONFLICT (id) DO NOTHING;
INSERT INTO public.model_temperature_levels_junction (model_id, temperature_levels_id, created_at, generated, mcp, active) VALUES ('019b3be4-36d1-77d1-bf3d-f2920b175b97', '019c441a-0e9e-7e73-ab7c-6b05701f3683', '2026-03-10 22:39:14.025054+00:00', false, false, true) ON CONFLICT (id) DO NOTHING;
INSERT INTO public.model_temperature_levels_junction (model_id, temperature_levels_id, created_at, generated, mcp, active) VALUES ('019b3be4-36d1-77d1-bf3d-f2920b175b97', '019c441a-0e9e-7e89-8b78-5a89a8ee38df', '2026-03-10 22:39:14.025054+00:00', false, false, true) ON CONFLICT (id) DO NOTHING;
INSERT INTO public.model_temperature_levels_junction (model_id, temperature_levels_id, created_at, generated, mcp, active) VALUES ('019b3be4-36d1-77d1-bf3d-f2920b175b97', '019c441a-0e9e-7e94-9c38-b7f44e86a101', '2026-03-10 22:39:14.025054+00:00', false, false, true) ON CONFLICT (id) DO NOTHING;
INSERT INTO public.model_temperature_levels_junction (model_id, temperature_levels_id, created_at, generated, mcp, active) VALUES ('019b3be4-36d1-77d1-bf3d-f2920b175b97', '019c441a-0e9e-7ea0-afe1-143d03e99a25', '2026-03-10 22:39:14.025054+00:00', false, false, true) ON CONFLICT (id) DO NOTHING;
INSERT INTO public.model_temperature_levels_junction (model_id, temperature_levels_id, created_at, generated, mcp, active) VALUES ('019b3be4-36d1-77d1-bf3d-f2920b175b97', '019c441a-0e9e-7eb0-ba12-fa36a878cdef', '2026-03-10 22:39:14.025054+00:00', false, false, true) ON CONFLICT (id) DO NOTHING;
INSERT INTO public.model_temperature_levels_junction (model_id, temperature_levels_id, created_at, generated, mcp, active) VALUES ('019b3be4-36d1-77d1-bf3d-f2920b175b97', '019c441a-0e9e-7ebf-83f0-e822b230d010', '2026-03-10 22:39:14.025054+00:00', false, false, true) ON CONFLICT (id) DO NOTHING;
INSERT INTO public.model_temperature_levels_junction (model_id, temperature_levels_id, created_at, generated, mcp, active) VALUES ('019b3be4-36d1-77d1-bf3d-f2920b175b97', '019c441a-0e9e-7ec9-8819-23cf95608dbe', '2026-03-10 22:39:14.025054+00:00', false, false, true) ON CONFLICT (id) DO NOTHING;
INSERT INTO public.model_temperature_levels_junction (model_id, temperature_levels_id, created_at, generated, mcp, active) VALUES ('019b3be4-36d1-77d1-bf3d-f2920b175b97', '019c441a-0e9e-7ed1-9766-04be0f1c6b20', '2026-03-10 22:39:14.025054+00:00', false, false, true) ON CONFLICT (id) DO NOTHING;
INSERT INTO public.model_temperature_levels_junction (model_id, temperature_levels_id, created_at, generated, mcp, active) VALUES ('019b3be4-36d1-77d1-bf3d-f2920b175b97', '019c441a-0e9e-7ede-ab08-a9ec02a3d29f', '2026-03-10 22:39:14.025054+00:00', false, false, true) ON CONFLICT (id) DO NOTHING;
INSERT INTO public.model_temperature_levels_junction (model_id, temperature_levels_id, created_at, generated, mcp, active) VALUES ('019b3be4-36d1-77d1-bf3d-f2920b175b97', '019c441a-0e9e-7ef6-8811-b13973658720', '2026-03-10 22:39:14.025054+00:00', false, false, true) ON CONFLICT (id) DO NOTHING;
INSERT INTO public.model_temperature_levels_junction (model_id, temperature_levels_id, created_at, generated, mcp, active) VALUES ('019b3be4-36d1-77d1-bf3d-f2920b175b97', '019c441a-0e9e-7f0d-9e4b-4b564ec66598', '2026-03-10 22:39:14.025054+00:00', false, false, true) ON CONFLICT (id) DO NOTHING;
INSERT INTO public.model_temperature_levels_junction (model_id, temperature_levels_id, created_at, generated, mcp, active) VALUES ('019b3be4-36d1-77d1-bf3d-f2920b175b97', '019c441a-0e9e-7f26-8ca6-a1b33fb97fbe', '2026-03-10 22:39:14.025054+00:00', false, false, true) ON CONFLICT (id) DO NOTHING;
INSERT INTO public.model_temperature_levels_junction (model_id, temperature_levels_id, created_at, generated, mcp, active) VALUES ('019b3be4-36d1-77d1-bf3d-f2920b175b97', '019c441a-0e9e-7f2e-81d2-2545ba70f21d', '2026-03-10 22:39:14.025054+00:00', false, false, true) ON CONFLICT (id) DO NOTHING;
INSERT INTO public.model_temperature_levels_junction (model_id, temperature_levels_id, created_at, generated, mcp, active) VALUES ('019b3be4-36d1-77d1-bf3d-f2920b175b97', '019c441a-0e9e-7f44-bb0b-5190a35cc0c0', '2026-03-10 22:39:14.025054+00:00', false, false, true) ON CONFLICT (id) DO NOTHING;
INSERT INTO public.model_temperature_levels_junction (model_id, temperature_levels_id, created_at, generated, mcp, active) VALUES ('019b3be4-36d1-77d1-bf3d-f2920b175b97', '019c441a-0e9e-7f53-8a08-d51406e55622', '2026-03-10 22:39:14.025054+00:00', false, false, true) ON CONFLICT (id) DO NOTHING;
INSERT INTO public.model_temperature_levels_junction (model_id, temperature_levels_id, created_at, generated, mcp, active) VALUES ('019b3be4-36d1-77d1-bf3d-f2920b175b97', '019c441a-0e9e-7f5f-9e3d-9922fdb0fdff', '2026-03-10 22:39:14.025054+00:00', false, false, true) ON CONFLICT (id) DO NOTHING;
INSERT INTO public.model_temperature_levels_junction (model_id, temperature_levels_id, created_at, generated, mcp, active) VALUES ('019b3be4-36d1-77d1-bf3d-f2920b175b97', '019c441a-0e9e-7f6c-a798-8328630ab038', '2026-03-10 22:39:14.025054+00:00', false, false, true) ON CONFLICT (id) DO NOTHING;
INSERT INTO public.model_temperature_levels_junction (model_id, temperature_levels_id, created_at, generated, mcp, active) VALUES ('019b3be4-36d1-77d1-bf3d-f2920b175b97', '019c441a-0e9e-7f80-a9cb-7b1c947ad4c8', '2026-03-10 22:39:14.025054+00:00', false, false, true) ON CONFLICT (id) DO NOTHING;
INSERT INTO public.model_temperature_levels_junction (model_id, temperature_levels_id, created_at, generated, mcp, active) VALUES ('019b3be4-36d1-77d1-bf3d-f2920b175b97', '019c441a-0e9e-7f8f-b0cf-ab7d52866f69', '2026-03-10 22:39:14.025054+00:00', false, false, true) ON CONFLICT (id) DO NOTHING;
INSERT INTO public.model_temperature_levels_junction (model_id, temperature_levels_id, created_at, generated, mcp, active) VALUES ('019b3be4-36d1-77d1-bf3d-f2920b175b97', '019c441a-0e9e-7fa5-87e8-3e52d48647cd', '2026-03-10 22:39:14.025054+00:00', false, false, true) ON CONFLICT (id) DO NOTHING;
INSERT INTO public.model_temperature_levels_junction (model_id, temperature_levels_id, created_at, generated, mcp, active) VALUES ('019b3be4-36d1-77d1-bf3d-f2920b175b97', '019c441a-0e9e-7fae-bed9-1177ce0bd598', '2026-03-10 22:39:14.025054+00:00', false, false, true) ON CONFLICT (id) DO NOTHING;
INSERT INTO public.model_temperature_levels_junction (model_id, temperature_levels_id, created_at, generated, mcp, active) VALUES ('019b3be4-36d1-77d1-bf3d-f2920b175b97', '019c441a-0e9e-7fbb-84b9-a7962089afa4', '2026-03-10 22:39:14.025054+00:00', false, false, true) ON CONFLICT (id) DO NOTHING;
INSERT INTO public.model_temperature_levels_junction (model_id, temperature_levels_id, created_at, generated, mcp, active) VALUES ('019b3be4-36d1-77d1-bf3d-f2920b175b97', '019c441a-0e9e-7fc1-8cef-8914d6b01390', '2026-03-10 22:39:14.025054+00:00', false, false, true) ON CONFLICT (id) DO NOTHING;
INSERT INTO public.model_temperature_levels_junction (model_id, temperature_levels_id, created_at, generated, mcp, active) VALUES ('019b3be4-36d1-77d1-bf3d-f2920b175b97', '019c441a-0e9e-7fcd-afc7-37cf75ba25a7', '2026-03-10 22:39:14.025054+00:00', false, false, true) ON CONFLICT (id) DO NOTHING;
INSERT INTO public.model_temperature_levels_junction (model_id, temperature_levels_id, created_at, generated, mcp, active) VALUES ('019b3be4-36d1-77d1-bf3d-f2920b175b97', '019c441a-0e9e-7fde-a372-d6c53b939a2d', '2026-03-10 22:39:14.025054+00:00', false, false, true) ON CONFLICT (id) DO NOTHING;
INSERT INTO public.model_temperature_levels_junction (model_id, temperature_levels_id, created_at, generated, mcp, active) VALUES ('019b3be4-36d1-77d1-bf3d-f2920b175b97', '019c441a-0e9e-7fee-be99-7292d6d5e130', '2026-03-10 22:39:14.025054+00:00', false, false, true) ON CONFLICT (id) DO NOTHING;
INSERT INTO public.model_temperature_levels_junction (model_id, temperature_levels_id, created_at, generated, mcp, active) VALUES ('019b3be4-36d1-77d1-bf3d-f2920b175b97', '019c441a-0e9e-7ff9-8627-a980b71f8514', '2026-03-10 22:39:14.025054+00:00', false, false, true) ON CONFLICT (id) DO NOTHING;
INSERT INTO public.model_temperature_levels_junction (model_id, temperature_levels_id, created_at, generated, mcp, active) VALUES ('019b3be4-36d1-77d1-bf3d-f2920b175b97', '019c441a-0e9f-7004-9320-7d40cf5cd428', '2026-03-10 22:39:14.025054+00:00', false, false, true) ON CONFLICT (id) DO NOTHING;
INSERT INTO public.model_temperature_levels_junction (model_id, temperature_levels_id, created_at, generated, mcp, active) VALUES ('019b3be4-36d1-77d1-bf3d-f2920b175b97', '019c441a-0e9f-700c-a8c5-11434dc2ea95', '2026-03-10 22:39:14.025054+00:00', false, false, true) ON CONFLICT (id) DO NOTHING;
INSERT INTO public.model_temperature_levels_junction (model_id, temperature_levels_id, created_at, generated, mcp, active) VALUES ('019b3be4-36d1-77d1-bf3d-f2920b175b97', '019c441a-0e9f-7016-9973-59eca073bebe', '2026-03-10 22:39:14.025054+00:00', false, false, true) ON CONFLICT (id) DO NOTHING;
INSERT INTO public.model_temperature_levels_junction (model_id, temperature_levels_id, created_at, generated, mcp, active) VALUES ('019b3be4-36d1-77d1-bf3d-f2920b175b97', '019c441a-0e9f-7027-b2b3-40f7679aa440', '2026-03-10 22:39:14.025054+00:00', false, false, true) ON CONFLICT (id) DO NOTHING;
INSERT INTO public.model_temperature_levels_junction (model_id, temperature_levels_id, created_at, generated, mcp, active) VALUES ('019b3be4-36d1-77d1-bf3d-f2920b175b97', '019c441a-0e9f-7038-a8fe-a960af92c6cd', '2026-03-10 22:39:14.025054+00:00', false, false, true) ON CONFLICT (id) DO NOTHING;
INSERT INTO public.model_temperature_levels_junction (model_id, temperature_levels_id, created_at, generated, mcp, active) VALUES ('019b3be4-36d1-77d1-bf3d-f2920b175b97', '019c441a-0e9f-7055-8c67-a6f96ebb872b', '2026-03-10 22:39:14.025054+00:00', false, false, true) ON CONFLICT (id) DO NOTHING;
INSERT INTO public.model_temperature_levels_junction (model_id, temperature_levels_id, created_at, generated, mcp, active) VALUES ('019b3be4-36d1-77d1-bf3d-f2920b175b97', '019c441a-0e9f-7067-a9d9-66f6b22a620c', '2026-03-10 22:39:14.025054+00:00', false, false, true) ON CONFLICT (id) DO NOTHING;
INSERT INTO public.model_temperature_levels_junction (model_id, temperature_levels_id, created_at, generated, mcp, active) VALUES ('019b3be4-36d1-77d1-bf3d-f2920b175b97', '019c441a-0e9f-7076-b0f4-d3db8a59a2bf', '2026-03-10 22:39:14.025054+00:00', false, false, true) ON CONFLICT (id) DO NOTHING;
INSERT INTO public.model_temperature_levels_junction (model_id, temperature_levels_id, created_at, generated, mcp, active) VALUES ('019b3be4-36d1-77d1-bf3d-f2920b175b97', '019c441a-0e9f-7087-a7c2-481e3cf67900', '2026-03-10 22:39:14.025054+00:00', false, false, true) ON CONFLICT (id) DO NOTHING;
INSERT INTO public.model_temperature_levels_junction (model_id, temperature_levels_id, created_at, generated, mcp, active) VALUES ('019b3be4-36d1-77d1-bf3d-f2920b175b97', '019c441a-0e9f-708c-ace6-6ab6bfb9032b', '2026-03-10 22:39:14.025054+00:00', false, false, true) ON CONFLICT (id) DO NOTHING;
INSERT INTO public.model_temperature_levels_junction (model_id, temperature_levels_id, created_at, generated, mcp, active) VALUES ('019b3be4-36d1-77d1-bf3d-f2920b175b97', '019c441a-0e9f-70a7-8312-c8913b2bd033', '2026-03-10 22:39:14.025054+00:00', false, false, true) ON CONFLICT (id) DO NOTHING;
INSERT INTO public.model_temperature_levels_junction (model_id, temperature_levels_id, created_at, generated, mcp, active) VALUES ('019b3be4-36d1-77d1-bf3d-f2920b175b97', '019c441a-0e9f-70b3-bad8-286a24dc5f49', '2026-03-10 22:39:14.025054+00:00', false, false, true) ON CONFLICT (id) DO NOTHING;
INSERT INTO public.model_temperature_levels_junction (model_id, temperature_levels_id, created_at, generated, mcp, active) VALUES ('019b3be4-36d1-77d1-bf3d-f2920b175b97', '019c441a-0e9f-70be-928f-7873d52a9642', '2026-03-10 22:39:14.025054+00:00', false, false, true) ON CONFLICT (id) DO NOTHING;
INSERT INTO public.model_temperature_levels_junction (model_id, temperature_levels_id, created_at, generated, mcp, active) VALUES ('019b3be4-36d1-77d1-bf3d-f2920b175b97', '019c441a-0e9f-70ce-849a-af4b11bbfaf6', '2026-03-10 22:39:14.025054+00:00', false, false, true) ON CONFLICT (id) DO NOTHING;
INSERT INTO public.model_temperature_levels_junction (model_id, temperature_levels_id, created_at, generated, mcp, active) VALUES ('019b3be4-36d1-77d1-bf3d-f2920b175b97', '019c441a-0e9f-70d9-8046-2d636f526116', '2026-03-10 22:39:14.025054+00:00', false, false, true) ON CONFLICT (id) DO NOTHING;
INSERT INTO public.model_temperature_levels_junction (model_id, temperature_levels_id, created_at, generated, mcp, active) VALUES ('019b3be4-36d1-77d1-bf3d-f2920b175b97', '019c441a-0e9f-70e8-8235-7196b41406e1', '2026-03-10 22:39:14.025054+00:00', false, false, true) ON CONFLICT (id) DO NOTHING;
INSERT INTO public.model_temperature_levels_junction (model_id, temperature_levels_id, created_at, generated, mcp, active) VALUES ('019b3be4-36d1-77d1-bf3d-f2920b175b97', '019c441a-0e9f-70f0-a568-30584bfef8fb', '2026-03-10 22:39:14.025054+00:00', false, false, true) ON CONFLICT (id) DO NOTHING;
INSERT INTO public.model_temperature_levels_junction (model_id, temperature_levels_id, created_at, generated, mcp, active) VALUES ('019b3be4-36d1-77d1-bf3d-f2920b175b97', '019c441a-0e9f-7101-afd8-b2e50bc968f9', '2026-03-10 22:39:14.025054+00:00', false, false, true) ON CONFLICT (id) DO NOTHING;
INSERT INTO public.model_temperature_levels_junction (model_id, temperature_levels_id, created_at, generated, mcp, active) VALUES ('019b3be4-36d1-77d1-bf3d-f2920b175b97', '019c441a-0e9f-710b-99b2-3db575f01df1', '2026-03-10 22:39:14.025054+00:00', false, false, true) ON CONFLICT (id) DO NOTHING;
INSERT INTO public.model_temperature_levels_junction (model_id, temperature_levels_id, created_at, generated, mcp, active) VALUES ('019b3be4-36d1-77d1-bf3d-f2920b175b97', '019c441a-0e9f-7116-ab87-05d7035642c7', '2026-03-10 22:39:14.025054+00:00', false, false, true) ON CONFLICT (id) DO NOTHING;
INSERT INTO public.model_temperature_levels_junction (model_id, temperature_levels_id, created_at, generated, mcp, active) VALUES ('019b3be4-36d1-77d1-bf3d-f2920b175b97', '019c441a-0e9f-7120-bc1c-1e290802109a', '2026-03-10 22:39:14.025054+00:00', false, false, true) ON CONFLICT (id) DO NOTHING;
INSERT INTO public.model_temperature_levels_junction (model_id, temperature_levels_id, created_at, generated, mcp, active) VALUES ('019b3be4-36d1-77d1-bf3d-f2920b175b97', '019c441a-0e9f-712f-ad29-33e6889ca042', '2026-03-10 22:39:14.025054+00:00', false, false, true) ON CONFLICT (id) DO NOTHING;
INSERT INTO public.model_temperature_levels_junction (model_id, temperature_levels_id, created_at, generated, mcp, active) VALUES ('019b3be4-36d1-77d1-bf3d-f2920b175b97', '019c441a-0e9f-713c-87f4-1ce375f0e09f', '2026-03-10 22:39:14.025054+00:00', false, false, true) ON CONFLICT (id) DO NOTHING;
INSERT INTO public.model_temperature_levels_junction (model_id, temperature_levels_id, created_at, generated, mcp, active) VALUES ('019b3be4-36d1-77d1-bf3d-f2920b175b97', '019c441a-0e9f-715a-8037-ac5450f006cb', '2026-03-10 22:39:14.025054+00:00', false, false, true) ON CONFLICT (id) DO NOTHING;
INSERT INTO public.model_temperature_levels_junction (model_id, temperature_levels_id, created_at, generated, mcp, active) VALUES ('019b3be4-36d1-77d1-bf3d-f2920b175b97', '019c441a-0e9f-7166-a4b2-8eef873a73e7', '2026-03-10 22:39:14.025054+00:00', false, false, true) ON CONFLICT (id) DO NOTHING;
INSERT INTO public.model_temperature_levels_junction (model_id, temperature_levels_id, created_at, generated, mcp, active) VALUES ('019b3be4-36d1-77d1-bf3d-f2920b175b97', '019c441a-0e9f-716f-9341-e1c1d078369b', '2026-03-10 22:39:14.025054+00:00', false, false, true) ON CONFLICT (id) DO NOTHING;
INSERT INTO public.model_temperature_levels_junction (model_id, temperature_levels_id, created_at, generated, mcp, active) VALUES ('019b3be4-36d1-77d1-bf3d-f2920b175b97', '019c441a-0e9f-7176-a9ff-74d14b50e469', '2026-03-10 22:39:14.025054+00:00', false, false, true) ON CONFLICT (id) DO NOTHING;
INSERT INTO public.model_temperature_levels_junction (model_id, temperature_levels_id, created_at, generated, mcp, active) VALUES ('019b3be4-36d1-77d1-bf3d-f2920b175b97', '019c441a-0e9f-718b-9bf3-c0143fa5d3c1', '2026-03-10 22:39:14.025054+00:00', false, false, true) ON CONFLICT (id) DO NOTHING;
INSERT INTO public.model_temperature_levels_junction (model_id, temperature_levels_id, created_at, generated, mcp, active) VALUES ('019b3be4-36d1-77d1-bf3d-f2920b175b97', '019c441a-0e9f-732f-ac4d-b10174e69e21', '2026-03-10 22:39:14.025054+00:00', false, false, true) ON CONFLICT (id) DO NOTHING;
INSERT INTO public.model_temperature_levels_junction (model_id, temperature_levels_id, created_at, generated, mcp, active) VALUES ('019b3be4-36d1-77d1-bf3d-f2920b175b97', '019c441a-0e9f-7335-a559-31fe7e8db595', '2026-03-10 22:39:14.025054+00:00', false, false, true) ON CONFLICT (id) DO NOTHING;
INSERT INTO public.model_temperature_levels_junction (model_id, temperature_levels_id, created_at, generated, mcp, active) VALUES ('019b3be4-36d1-77d1-bf3d-f2920b175b97', '019c441a-0e9f-735a-81cf-eed6e8196398', '2026-03-10 22:39:14.025054+00:00', false, false, true) ON CONFLICT (id) DO NOTHING;
INSERT INTO public.model_temperature_levels_junction (model_id, temperature_levels_id, created_at, generated, mcp, active) VALUES ('019b3be4-36d1-77d1-bf3d-f2920b175b97', '019c441a-0e9f-7370-856d-7b31ced06c90', '2026-03-10 22:39:14.025054+00:00', false, false, true) ON CONFLICT (id) DO NOTHING;
INSERT INTO public.model_temperature_levels_junction (model_id, temperature_levels_id, created_at, generated, mcp, active) VALUES ('019b3be4-36d1-77d1-bf3d-f2920b175b97', '019c441a-0e9f-738a-9c75-c3dc21a1aed4', '2026-03-10 22:39:14.025054+00:00', false, false, true) ON CONFLICT (id) DO NOTHING;
INSERT INTO public.model_temperature_levels_junction (model_id, temperature_levels_id, created_at, generated, mcp, active) VALUES ('019b3be4-36d1-77d1-bf3d-f2920b175b97', '019c441a-0e9f-73a7-8628-636b0586d4fb', '2026-03-10 22:39:14.025054+00:00', false, false, true) ON CONFLICT (id) DO NOTHING;
INSERT INTO public.model_temperature_levels_junction (model_id, temperature_levels_id, created_at, generated, mcp, active) VALUES ('019b3be4-36d1-77d1-bf3d-f2920b175b97', '019c441a-0e9f-73b3-b4c6-96f71113e8dc', '2026-03-10 22:39:14.025054+00:00', false, false, true) ON CONFLICT (id) DO NOTHING;
INSERT INTO public.model_temperature_levels_junction (model_id, temperature_levels_id, created_at, generated, mcp, active) VALUES ('019b3be4-36d1-77d1-bf3d-f2920b175b97', '019c441a-0e9f-73b7-a591-e6cb67cc219a', '2026-03-10 22:39:14.025054+00:00', false, false, true) ON CONFLICT (id) DO NOTHING;
INSERT INTO public.model_temperature_levels_junction (model_id, temperature_levels_id, created_at, generated, mcp, active) VALUES ('019b3be4-36d1-77d1-bf3d-f2920b175b97', '019c441a-0e9f-73ca-8872-97569ea04c56', '2026-03-10 22:39:14.025054+00:00', false, false, true) ON CONFLICT (id) DO NOTHING;
INSERT INTO public.model_temperature_levels_junction (model_id, temperature_levels_id, created_at, generated, mcp, active) VALUES ('019b3be4-36d1-77d1-bf3d-f2920b175b97', '019c441a-0e9f-73d9-a939-23bb7a0cc094', '2026-03-10 22:39:14.025054+00:00', false, false, true) ON CONFLICT (id) DO NOTHING;
INSERT INTO public.model_temperature_levels_junction (model_id, temperature_levels_id, created_at, generated, mcp, active) VALUES ('019b3be4-36d1-77d1-bf3d-f2920b175b97', '019c441a-0e9f-73e9-9074-5fc628f2e51c', '2026-03-10 22:39:14.025054+00:00', false, false, true) ON CONFLICT (id) DO NOTHING;
INSERT INTO public.model_temperature_levels_junction (model_id, temperature_levels_id, created_at, generated, mcp, active) VALUES ('019b3be4-36d1-77d1-bf3d-f2920b175b97', '019c441a-0e9f-73f9-b1ae-e42dda0fd3c5', '2026-03-10 22:39:14.025054+00:00', false, false, true) ON CONFLICT (id) DO NOTHING;
INSERT INTO public.model_temperature_levels_junction (model_id, temperature_levels_id, created_at, generated, mcp, active) VALUES ('019b3be4-36d1-77d1-bf3d-f2920b175b97', '019c441a-0e9f-7413-be9e-8c771dd1ceb2', '2026-03-10 22:39:14.025054+00:00', false, false, true) ON CONFLICT (id) DO NOTHING;
INSERT INTO public.model_temperature_levels_junction (model_id, temperature_levels_id, created_at, generated, mcp, active) VALUES ('019b3be4-36d1-77d1-bf3d-f2920b175b97', '019c441a-0e9f-741c-889d-c67c16f9dc2b', '2026-03-10 22:39:14.025054+00:00', false, false, true) ON CONFLICT (id) DO NOTHING;
INSERT INTO public.model_temperature_levels_junction (model_id, temperature_levels_id, created_at, generated, mcp, active) VALUES ('019b3be4-36d1-77d1-bf3d-f2920b175b97', '019c441a-0e9f-742a-995a-2c0c8e1cffba', '2026-03-10 22:39:14.025054+00:00', false, false, true) ON CONFLICT (id) DO NOTHING;
INSERT INTO public.model_temperature_levels_junction (model_id, temperature_levels_id, created_at, generated, mcp, active) VALUES ('019b3be4-36d1-77bb-b61a-400ca2e43b82', '019c441a-0e9e-7bef-841d-5d33999c9d12', '2026-03-10 22:39:14.029856+00:00', false, false, true) ON CONFLICT (id) DO NOTHING;
INSERT INTO public.model_temperature_levels_junction (model_id, temperature_levels_id, created_at, generated, mcp, active) VALUES ('019b3be4-36d1-77bb-b61a-400ca2e43b82', '019c441a-0e9e-7c74-928c-7c0739193aff', '2026-03-10 22:39:14.029856+00:00', false, false, true) ON CONFLICT (id) DO NOTHING;
INSERT INTO public.model_temperature_levels_junction (model_id, temperature_levels_id, created_at, generated, mcp, active) VALUES ('019b3be4-36d1-77bb-b61a-400ca2e43b82', '019c441a-0e9e-7c9e-8acc-69725eead5b3', '2026-03-10 22:39:14.029856+00:00', false, false, true) ON CONFLICT (id) DO NOTHING;
INSERT INTO public.model_temperature_levels_junction (model_id, temperature_levels_id, created_at, generated, mcp, active) VALUES ('019b3be4-36d1-77bb-b61a-400ca2e43b82', '019c441a-0e9e-7ca4-ad96-a64b4ddb14b4', '2026-03-10 22:39:14.029856+00:00', false, false, true) ON CONFLICT (id) DO NOTHING;
INSERT INTO public.model_temperature_levels_junction (model_id, temperature_levels_id, created_at, generated, mcp, active) VALUES ('019b3be4-36d1-77bb-b61a-400ca2e43b82', '019c441a-0e9e-7cc4-83a2-f576e1eac21e', '2026-03-10 22:39:14.029856+00:00', false, false, true) ON CONFLICT (id) DO NOTHING;
INSERT INTO public.model_temperature_levels_junction (model_id, temperature_levels_id, created_at, generated, mcp, active) VALUES ('019b3be4-36d1-77bb-b61a-400ca2e43b82', '019c441a-0e9e-7cd3-9f45-b7f2ddd50383', '2026-03-10 22:39:14.029856+00:00', false, false, true) ON CONFLICT (id) DO NOTHING;
INSERT INTO public.model_temperature_levels_junction (model_id, temperature_levels_id, created_at, generated, mcp, active) VALUES ('019b3be4-36d1-77bb-b61a-400ca2e43b82', '019c441a-0e9e-7cdc-b2f0-1daefbf9a0d2', '2026-03-10 22:39:14.029856+00:00', false, false, true) ON CONFLICT (id) DO NOTHING;
INSERT INTO public.model_temperature_levels_junction (model_id, temperature_levels_id, created_at, generated, mcp, active) VALUES ('019b3be4-36d1-77bb-b61a-400ca2e43b82', '019c441a-0e9e-7ce6-a3df-5d1581d924f8', '2026-03-10 22:39:14.029856+00:00', false, false, true) ON CONFLICT (id) DO NOTHING;
INSERT INTO public.model_temperature_levels_junction (model_id, temperature_levels_id, created_at, generated, mcp, active) VALUES ('019b3be4-36d1-77bb-b61a-400ca2e43b82', '019c441a-0e9e-7cf7-b9c2-b296333b30ee', '2026-03-10 22:39:14.029856+00:00', false, false, true) ON CONFLICT (id) DO NOTHING;
INSERT INTO public.model_temperature_levels_junction (model_id, temperature_levels_id, created_at, generated, mcp, active) VALUES ('019b3be4-36d1-77bb-b61a-400ca2e43b82', '019c441a-0e9e-7d1a-9b3d-4b030af5a5f5', '2026-03-10 22:39:14.029856+00:00', false, false, true) ON CONFLICT (id) DO NOTHING;
INSERT INTO public.model_temperature_levels_junction (model_id, temperature_levels_id, created_at, generated, mcp, active) VALUES ('019b3be4-36d1-77bb-b61a-400ca2e43b82', '019c441a-0e9e-7d22-aa42-b094ce03c315', '2026-03-10 22:39:14.029856+00:00', false, false, true) ON CONFLICT (id) DO NOTHING;
INSERT INTO public.model_temperature_levels_junction (model_id, temperature_levels_id, created_at, generated, mcp, active) VALUES ('019b3be4-36d1-77bb-b61a-400ca2e43b82', '019c441a-0e9e-7d2d-a122-d5e27a709e64', '2026-03-10 22:39:14.029856+00:00', false, false, true) ON CONFLICT (id) DO NOTHING;
INSERT INTO public.model_temperature_levels_junction (model_id, temperature_levels_id, created_at, generated, mcp, active) VALUES ('019b3be4-36d1-77bb-b61a-400ca2e43b82', '019c441a-0e9e-7d34-beaf-cb977faaad88', '2026-03-10 22:39:14.029856+00:00', false, false, true) ON CONFLICT (id) DO NOTHING;
INSERT INTO public.model_temperature_levels_junction (model_id, temperature_levels_id, created_at, generated, mcp, active) VALUES ('019b3be4-36d1-77bb-b61a-400ca2e43b82', '019c441a-0e9e-7d59-bd04-7501bbcf1b85', '2026-03-10 22:39:14.029856+00:00', false, false, true) ON CONFLICT (id) DO NOTHING;
INSERT INTO public.model_temperature_levels_junction (model_id, temperature_levels_id, created_at, generated, mcp, active) VALUES ('019b3be4-36d1-77bb-b61a-400ca2e43b82', '019c441a-0e9e-7d84-b9a5-aa946d36a18d', '2026-03-10 22:39:14.029856+00:00', false, false, true) ON CONFLICT (id) DO NOTHING;
INSERT INTO public.model_temperature_levels_junction (model_id, temperature_levels_id, created_at, generated, mcp, active) VALUES ('019b3be4-36d1-77bb-b61a-400ca2e43b82', '019c441a-0e9e-7d9e-b960-c7edff5d9bce', '2026-03-10 22:39:14.029856+00:00', false, false, true) ON CONFLICT (id) DO NOTHING;
INSERT INTO public.model_temperature_levels_junction (model_id, temperature_levels_id, created_at, generated, mcp, active) VALUES ('019b3be4-36d1-77bb-b61a-400ca2e43b82', '019c441a-0e9e-7da6-ae62-6e2a16407f9d', '2026-03-10 22:39:14.029856+00:00', false, false, true) ON CONFLICT (id) DO NOTHING;
INSERT INTO public.model_temperature_levels_junction (model_id, temperature_levels_id, created_at, generated, mcp, active) VALUES ('019b3be4-36d1-77bb-b61a-400ca2e43b82', '019c441a-0e9e-7db9-b0f3-8d485af3cc59', '2026-03-10 22:39:14.029856+00:00', false, false, true) ON CONFLICT (id) DO NOTHING;
INSERT INTO public.model_temperature_levels_junction (model_id, temperature_levels_id, created_at, generated, mcp, active) VALUES ('019b3be4-36d1-77bb-b61a-400ca2e43b82', '019c441a-0e9e-7dcd-be35-3ab6d31cfb17', '2026-03-10 22:39:14.029856+00:00', false, false, true) ON CONFLICT (id) DO NOTHING;
INSERT INTO public.model_temperature_levels_junction (model_id, temperature_levels_id, created_at, generated, mcp, active) VALUES ('019b3be4-36d1-77bb-b61a-400ca2e43b82', '019c441a-0e9e-7dd6-b25d-1fa87885be16', '2026-03-10 22:39:14.029856+00:00', false, false, true) ON CONFLICT (id) DO NOTHING;
INSERT INTO public.model_temperature_levels_junction (model_id, temperature_levels_id, created_at, generated, mcp, active) VALUES ('019b3be4-36d1-77bb-b61a-400ca2e43b82', '019c441a-0e9e-7dde-a7b4-fa61b030af17', '2026-03-10 22:39:14.029856+00:00', false, false, true) ON CONFLICT (id) DO NOTHING;
INSERT INTO public.model_temperature_levels_junction (model_id, temperature_levels_id, created_at, generated, mcp, active) VALUES ('019b3be4-36d1-77bb-b61a-400ca2e43b82', '019c441a-0e9e-7dfb-9078-f1a2807595ff', '2026-03-10 22:39:14.029856+00:00', false, false, true) ON CONFLICT (id) DO NOTHING;
INSERT INTO public.model_temperature_levels_junction (model_id, temperature_levels_id, created_at, generated, mcp, active) VALUES ('019b3be4-36d1-77bb-b61a-400ca2e43b82', '019c441a-0e9e-7e0e-93ba-b9080f53300b', '2026-03-10 22:39:14.029856+00:00', false, false, true) ON CONFLICT (id) DO NOTHING;
INSERT INTO public.model_temperature_levels_junction (model_id, temperature_levels_id, created_at, generated, mcp, active) VALUES ('019b3be4-36d1-77bb-b61a-400ca2e43b82', '019c441a-0e9e-7e19-89e1-76a54e0e513b', '2026-03-10 22:39:14.029856+00:00', false, false, true) ON CONFLICT (id) DO NOTHING;
INSERT INTO public.model_temperature_levels_junction (model_id, temperature_levels_id, created_at, generated, mcp, active) VALUES ('019b3be4-36d1-77bb-b61a-400ca2e43b82', '019c441a-0e9e-7e2b-91ce-0aadfc9baef7', '2026-03-10 22:39:14.029856+00:00', false, false, true) ON CONFLICT (id) DO NOTHING;
INSERT INTO public.model_temperature_levels_junction (model_id, temperature_levels_id, created_at, generated, mcp, active) VALUES ('019b3be4-36d1-77bb-b61a-400ca2e43b82', '019c441a-0e9e-7e37-a9f8-4388d8363acc', '2026-03-10 22:39:14.029856+00:00', false, false, true) ON CONFLICT (id) DO NOTHING;
INSERT INTO public.model_temperature_levels_junction (model_id, temperature_levels_id, created_at, generated, mcp, active) VALUES ('019b3be4-36d1-77bb-b61a-400ca2e43b82', '019c441a-0e9e-7e3d-b9e4-8df4302ca526', '2026-03-10 22:39:14.029856+00:00', false, false, true) ON CONFLICT (id) DO NOTHING;
INSERT INTO public.model_temperature_levels_junction (model_id, temperature_levels_id, created_at, generated, mcp, active) VALUES ('019b3be4-36d1-77bb-b61a-400ca2e43b82', '019c441a-0e9e-7e52-b580-9218337e5382', '2026-03-10 22:39:14.029856+00:00', false, false, true) ON CONFLICT (id) DO NOTHING;
INSERT INTO public.model_temperature_levels_junction (model_id, temperature_levels_id, created_at, generated, mcp, active) VALUES ('019b3be4-36d1-77bb-b61a-400ca2e43b82', '019c441a-0e9e-7e5a-933e-d1c96ab450fe', '2026-03-10 22:39:14.029856+00:00', false, false, true) ON CONFLICT (id) DO NOTHING;
INSERT INTO public.model_temperature_levels_junction (model_id, temperature_levels_id, created_at, generated, mcp, active) VALUES ('019b3be4-36d1-77bb-b61a-400ca2e43b82', '019c441a-0e9e-7e62-b187-072e351576b7', '2026-03-10 22:39:14.029856+00:00', false, false, true) ON CONFLICT (id) DO NOTHING;
INSERT INTO public.model_temperature_levels_junction (model_id, temperature_levels_id, created_at, generated, mcp, active) VALUES ('019b3be4-36d1-77bb-b61a-400ca2e43b82', '019c441a-0e9e-7e69-a60a-627a1928dda8', '2026-03-10 22:39:14.029856+00:00', false, false, true) ON CONFLICT (id) DO NOTHING;
INSERT INTO public.model_temperature_levels_junction (model_id, temperature_levels_id, created_at, generated, mcp, active) VALUES ('019b3be4-36d1-77bb-b61a-400ca2e43b82', '019c441a-0e9e-7e73-ab7c-6b05701f3683', '2026-03-10 22:39:14.029856+00:00', false, false, true) ON CONFLICT (id) DO NOTHING;
INSERT INTO public.model_temperature_levels_junction (model_id, temperature_levels_id, created_at, generated, mcp, active) VALUES ('019b3be4-36d1-77bb-b61a-400ca2e43b82', '019c441a-0e9e-7e89-8b78-5a89a8ee38df', '2026-03-10 22:39:14.029856+00:00', false, false, true) ON CONFLICT (id) DO NOTHING;
INSERT INTO public.model_temperature_levels_junction (model_id, temperature_levels_id, created_at, generated, mcp, active) VALUES ('019b3be4-36d1-77bb-b61a-400ca2e43b82', '019c441a-0e9e-7e94-9c38-b7f44e86a101', '2026-03-10 22:39:14.029856+00:00', false, false, true) ON CONFLICT (id) DO NOTHING;
INSERT INTO public.model_temperature_levels_junction (model_id, temperature_levels_id, created_at, generated, mcp, active) VALUES ('019b3be4-36d1-77bb-b61a-400ca2e43b82', '019c441a-0e9e-7ea0-afe1-143d03e99a25', '2026-03-10 22:39:14.029856+00:00', false, false, true) ON CONFLICT (id) DO NOTHING;
INSERT INTO public.model_temperature_levels_junction (model_id, temperature_levels_id, created_at, generated, mcp, active) VALUES ('019b3be4-36d1-77bb-b61a-400ca2e43b82', '019c441a-0e9e-7eb0-ba12-fa36a878cdef', '2026-03-10 22:39:14.029856+00:00', false, false, true) ON CONFLICT (id) DO NOTHING;
INSERT INTO public.model_temperature_levels_junction (model_id, temperature_levels_id, created_at, generated, mcp, active) VALUES ('019b3be4-36d1-77bb-b61a-400ca2e43b82', '019c441a-0e9e-7ebf-83f0-e822b230d010', '2026-03-10 22:39:14.029856+00:00', false, false, true) ON CONFLICT (id) DO NOTHING;
INSERT INTO public.model_temperature_levels_junction (model_id, temperature_levels_id, created_at, generated, mcp, active) VALUES ('019b3be4-36d1-77bb-b61a-400ca2e43b82', '019c441a-0e9e-7ec9-8819-23cf95608dbe', '2026-03-10 22:39:14.029856+00:00', false, false, true) ON CONFLICT (id) DO NOTHING;
INSERT INTO public.model_temperature_levels_junction (model_id, temperature_levels_id, created_at, generated, mcp, active) VALUES ('019b3be4-36d1-77bb-b61a-400ca2e43b82', '019c441a-0e9e-7ed1-9766-04be0f1c6b20', '2026-03-10 22:39:14.029856+00:00', false, false, true) ON CONFLICT (id) DO NOTHING;
INSERT INTO public.model_temperature_levels_junction (model_id, temperature_levels_id, created_at, generated, mcp, active) VALUES ('019b3be4-36d1-77bb-b61a-400ca2e43b82', '019c441a-0e9e-7ede-ab08-a9ec02a3d29f', '2026-03-10 22:39:14.029856+00:00', false, false, true) ON CONFLICT (id) DO NOTHING;
INSERT INTO public.model_temperature_levels_junction (model_id, temperature_levels_id, created_at, generated, mcp, active) VALUES ('019b3be4-36d1-77bb-b61a-400ca2e43b82', '019c441a-0e9e-7ef6-8811-b13973658720', '2026-03-10 22:39:14.029856+00:00', false, false, true) ON CONFLICT (id) DO NOTHING;
INSERT INTO public.model_temperature_levels_junction (model_id, temperature_levels_id, created_at, generated, mcp, active) VALUES ('019b3be4-36d1-77bb-b61a-400ca2e43b82', '019c441a-0e9e-7f0d-9e4b-4b564ec66598', '2026-03-10 22:39:14.029856+00:00', false, false, true) ON CONFLICT (id) DO NOTHING;
INSERT INTO public.model_temperature_levels_junction (model_id, temperature_levels_id, created_at, generated, mcp, active) VALUES ('019b3be4-36d1-77bb-b61a-400ca2e43b82', '019c441a-0e9e-7f26-8ca6-a1b33fb97fbe', '2026-03-10 22:39:14.029856+00:00', false, false, true) ON CONFLICT (id) DO NOTHING;
INSERT INTO public.model_temperature_levels_junction (model_id, temperature_levels_id, created_at, generated, mcp, active) VALUES ('019b3be4-36d1-77bb-b61a-400ca2e43b82', '019c441a-0e9e-7f2e-81d2-2545ba70f21d', '2026-03-10 22:39:14.029856+00:00', false, false, true) ON CONFLICT (id) DO NOTHING;
INSERT INTO public.model_temperature_levels_junction (model_id, temperature_levels_id, created_at, generated, mcp, active) VALUES ('019b3be4-36d1-77bb-b61a-400ca2e43b82', '019c441a-0e9e-7f44-bb0b-5190a35cc0c0', '2026-03-10 22:39:14.029856+00:00', false, false, true) ON CONFLICT (id) DO NOTHING;
INSERT INTO public.model_temperature_levels_junction (model_id, temperature_levels_id, created_at, generated, mcp, active) VALUES ('019b3be4-36d1-77bb-b61a-400ca2e43b82', '019c441a-0e9e-7f53-8a08-d51406e55622', '2026-03-10 22:39:14.029856+00:00', false, false, true) ON CONFLICT (id) DO NOTHING;
INSERT INTO public.model_temperature_levels_junction (model_id, temperature_levels_id, created_at, generated, mcp, active) VALUES ('019b3be4-36d1-77bb-b61a-400ca2e43b82', '019c441a-0e9e-7f5f-9e3d-9922fdb0fdff', '2026-03-10 22:39:14.029856+00:00', false, false, true) ON CONFLICT (id) DO NOTHING;
INSERT INTO public.model_temperature_levels_junction (model_id, temperature_levels_id, created_at, generated, mcp, active) VALUES ('019b3be4-36d1-77bb-b61a-400ca2e43b82', '019c441a-0e9e-7f6c-a798-8328630ab038', '2026-03-10 22:39:14.029856+00:00', false, false, true) ON CONFLICT (id) DO NOTHING;
INSERT INTO public.model_temperature_levels_junction (model_id, temperature_levels_id, created_at, generated, mcp, active) VALUES ('019b3be4-36d1-77bb-b61a-400ca2e43b82', '019c441a-0e9e-7f80-a9cb-7b1c947ad4c8', '2026-03-10 22:39:14.029856+00:00', false, false, true) ON CONFLICT (id) DO NOTHING;
INSERT INTO public.model_temperature_levels_junction (model_id, temperature_levels_id, created_at, generated, mcp, active) VALUES ('019b3be4-36d1-77bb-b61a-400ca2e43b82', '019c441a-0e9e-7f8f-b0cf-ab7d52866f69', '2026-03-10 22:39:14.029856+00:00', false, false, true) ON CONFLICT (id) DO NOTHING;
INSERT INTO public.model_temperature_levels_junction (model_id, temperature_levels_id, created_at, generated, mcp, active) VALUES ('019b3be4-36d1-77bb-b61a-400ca2e43b82', '019c441a-0e9e-7fa5-87e8-3e52d48647cd', '2026-03-10 22:39:14.029856+00:00', false, false, true) ON CONFLICT (id) DO NOTHING;
INSERT INTO public.model_temperature_levels_junction (model_id, temperature_levels_id, created_at, generated, mcp, active) VALUES ('019b3be4-36d1-77bb-b61a-400ca2e43b82', '019c441a-0e9e-7fae-bed9-1177ce0bd598', '2026-03-10 22:39:14.029856+00:00', false, false, true) ON CONFLICT (id) DO NOTHING;
INSERT INTO public.model_temperature_levels_junction (model_id, temperature_levels_id, created_at, generated, mcp, active) VALUES ('019b3be4-36d1-77bb-b61a-400ca2e43b82', '019c441a-0e9e-7fbb-84b9-a7962089afa4', '2026-03-10 22:39:14.029856+00:00', false, false, true) ON CONFLICT (id) DO NOTHING;
INSERT INTO public.model_temperature_levels_junction (model_id, temperature_levels_id, created_at, generated, mcp, active) VALUES ('019b3be4-36d1-77bb-b61a-400ca2e43b82', '019c441a-0e9e-7fc1-8cef-8914d6b01390', '2026-03-10 22:39:14.029856+00:00', false, false, true) ON CONFLICT (id) DO NOTHING;
INSERT INTO public.model_temperature_levels_junction (model_id, temperature_levels_id, created_at, generated, mcp, active) VALUES ('019b3be4-36d1-77bb-b61a-400ca2e43b82', '019c441a-0e9e-7fcd-afc7-37cf75ba25a7', '2026-03-10 22:39:14.029856+00:00', false, false, true) ON CONFLICT (id) DO NOTHING;
INSERT INTO public.model_temperature_levels_junction (model_id, temperature_levels_id, created_at, generated, mcp, active) VALUES ('019b3be4-36d1-77bb-b61a-400ca2e43b82', '019c441a-0e9e-7fde-a372-d6c53b939a2d', '2026-03-10 22:39:14.029856+00:00', false, false, true) ON CONFLICT (id) DO NOTHING;
INSERT INTO public.model_temperature_levels_junction (model_id, temperature_levels_id, created_at, generated, mcp, active) VALUES ('019b3be4-36d1-77bb-b61a-400ca2e43b82', '019c441a-0e9e-7fee-be99-7292d6d5e130', '2026-03-10 22:39:14.029856+00:00', false, false, true) ON CONFLICT (id) DO NOTHING;
INSERT INTO public.model_temperature_levels_junction (model_id, temperature_levels_id, created_at, generated, mcp, active) VALUES ('019b3be4-36d1-77bb-b61a-400ca2e43b82', '019c441a-0e9e-7ff9-8627-a980b71f8514', '2026-03-10 22:39:14.029856+00:00', false, false, true) ON CONFLICT (id) DO NOTHING;
INSERT INTO public.model_temperature_levels_junction (model_id, temperature_levels_id, created_at, generated, mcp, active) VALUES ('019b3be4-36d1-77bb-b61a-400ca2e43b82', '019c441a-0e9f-7004-9320-7d40cf5cd428', '2026-03-10 22:39:14.029856+00:00', false, false, true) ON CONFLICT (id) DO NOTHING;
INSERT INTO public.model_temperature_levels_junction (model_id, temperature_levels_id, created_at, generated, mcp, active) VALUES ('019b3be4-36d1-77bb-b61a-400ca2e43b82', '019c441a-0e9f-700c-a8c5-11434dc2ea95', '2026-03-10 22:39:14.029856+00:00', false, false, true) ON CONFLICT (id) DO NOTHING;
INSERT INTO public.model_temperature_levels_junction (model_id, temperature_levels_id, created_at, generated, mcp, active) VALUES ('019b3be4-36d1-77bb-b61a-400ca2e43b82', '019c441a-0e9f-7016-9973-59eca073bebe', '2026-03-10 22:39:14.029856+00:00', false, false, true) ON CONFLICT (id) DO NOTHING;
INSERT INTO public.model_temperature_levels_junction (model_id, temperature_levels_id, created_at, generated, mcp, active) VALUES ('019b3be4-36d1-77bb-b61a-400ca2e43b82', '019c441a-0e9f-7027-b2b3-40f7679aa440', '2026-03-10 22:39:14.029856+00:00', false, false, true) ON CONFLICT (id) DO NOTHING;
INSERT INTO public.model_temperature_levels_junction (model_id, temperature_levels_id, created_at, generated, mcp, active) VALUES ('019b3be4-36d1-77bb-b61a-400ca2e43b82', '019c441a-0e9f-7038-a8fe-a960af92c6cd', '2026-03-10 22:39:14.029856+00:00', false, false, true) ON CONFLICT (id) DO NOTHING;
INSERT INTO public.model_temperature_levels_junction (model_id, temperature_levels_id, created_at, generated, mcp, active) VALUES ('019b3be4-36d1-77bb-b61a-400ca2e43b82', '019c441a-0e9f-7055-8c67-a6f96ebb872b', '2026-03-10 22:39:14.029856+00:00', false, false, true) ON CONFLICT (id) DO NOTHING;
INSERT INTO public.model_temperature_levels_junction (model_id, temperature_levels_id, created_at, generated, mcp, active) VALUES ('019b3be4-36d1-77bb-b61a-400ca2e43b82', '019c441a-0e9f-7067-a9d9-66f6b22a620c', '2026-03-10 22:39:14.029856+00:00', false, false, true) ON CONFLICT (id) DO NOTHING;
INSERT INTO public.model_temperature_levels_junction (model_id, temperature_levels_id, created_at, generated, mcp, active) VALUES ('019b3be4-36d1-77bb-b61a-400ca2e43b82', '019c441a-0e9f-7076-b0f4-d3db8a59a2bf', '2026-03-10 22:39:14.029856+00:00', false, false, true) ON CONFLICT (id) DO NOTHING;
INSERT INTO public.model_temperature_levels_junction (model_id, temperature_levels_id, created_at, generated, mcp, active) VALUES ('019b3be4-36d1-77bb-b61a-400ca2e43b82', '019c441a-0e9f-7087-a7c2-481e3cf67900', '2026-03-10 22:39:14.029856+00:00', false, false, true) ON CONFLICT (id) DO NOTHING;
INSERT INTO public.model_temperature_levels_junction (model_id, temperature_levels_id, created_at, generated, mcp, active) VALUES ('019b3be4-36d1-77bb-b61a-400ca2e43b82', '019c441a-0e9f-708c-ace6-6ab6bfb9032b', '2026-03-10 22:39:14.029856+00:00', false, false, true) ON CONFLICT (id) DO NOTHING;
INSERT INTO public.model_temperature_levels_junction (model_id, temperature_levels_id, created_at, generated, mcp, active) VALUES ('019b3be4-36d1-77bb-b61a-400ca2e43b82', '019c441a-0e9f-70a7-8312-c8913b2bd033', '2026-03-10 22:39:14.029856+00:00', false, false, true) ON CONFLICT (id) DO NOTHING;
INSERT INTO public.model_temperature_levels_junction (model_id, temperature_levels_id, created_at, generated, mcp, active) VALUES ('019b3be4-36d1-77bb-b61a-400ca2e43b82', '019c441a-0e9f-70b3-bad8-286a24dc5f49', '2026-03-10 22:39:14.029856+00:00', false, false, true) ON CONFLICT (id) DO NOTHING;
INSERT INTO public.model_temperature_levels_junction (model_id, temperature_levels_id, created_at, generated, mcp, active) VALUES ('019b3be4-36d1-77bb-b61a-400ca2e43b82', '019c441a-0e9f-70be-928f-7873d52a9642', '2026-03-10 22:39:14.029856+00:00', false, false, true) ON CONFLICT (id) DO NOTHING;
INSERT INTO public.model_temperature_levels_junction (model_id, temperature_levels_id, created_at, generated, mcp, active) VALUES ('019b3be4-36d1-77bb-b61a-400ca2e43b82', '019c441a-0e9f-70ce-849a-af4b11bbfaf6', '2026-03-10 22:39:14.029856+00:00', false, false, true) ON CONFLICT (id) DO NOTHING;
INSERT INTO public.model_temperature_levels_junction (model_id, temperature_levels_id, created_at, generated, mcp, active) VALUES ('019b3be4-36d1-77bb-b61a-400ca2e43b82', '019c441a-0e9f-70d9-8046-2d636f526116', '2026-03-10 22:39:14.029856+00:00', false, false, true) ON CONFLICT (id) DO NOTHING;
INSERT INTO public.model_temperature_levels_junction (model_id, temperature_levels_id, created_at, generated, mcp, active) VALUES ('019b3be4-36d1-77bb-b61a-400ca2e43b82', '019c441a-0e9f-70e8-8235-7196b41406e1', '2026-03-10 22:39:14.029856+00:00', false, false, true) ON CONFLICT (id) DO NOTHING;
INSERT INTO public.model_temperature_levels_junction (model_id, temperature_levels_id, created_at, generated, mcp, active) VALUES ('019b3be4-36d1-77bb-b61a-400ca2e43b82', '019c441a-0e9f-70f0-a568-30584bfef8fb', '2026-03-10 22:39:14.029856+00:00', false, false, true) ON CONFLICT (id) DO NOTHING;
INSERT INTO public.model_temperature_levels_junction (model_id, temperature_levels_id, created_at, generated, mcp, active) VALUES ('019b3be4-36d1-77bb-b61a-400ca2e43b82', '019c441a-0e9f-7101-afd8-b2e50bc968f9', '2026-03-10 22:39:14.029856+00:00', false, false, true) ON CONFLICT (id) DO NOTHING;
INSERT INTO public.model_temperature_levels_junction (model_id, temperature_levels_id, created_at, generated, mcp, active) VALUES ('019b3be4-36d1-77bb-b61a-400ca2e43b82', '019c441a-0e9f-710b-99b2-3db575f01df1', '2026-03-10 22:39:14.029856+00:00', false, false, true) ON CONFLICT (id) DO NOTHING;
INSERT INTO public.model_temperature_levels_junction (model_id, temperature_levels_id, created_at, generated, mcp, active) VALUES ('019b3be4-36d1-77bb-b61a-400ca2e43b82', '019c441a-0e9f-7116-ab87-05d7035642c7', '2026-03-10 22:39:14.029856+00:00', false, false, true) ON CONFLICT (id) DO NOTHING;
INSERT INTO public.model_temperature_levels_junction (model_id, temperature_levels_id, created_at, generated, mcp, active) VALUES ('019b3be4-36d1-77bb-b61a-400ca2e43b82', '019c441a-0e9f-7120-bc1c-1e290802109a', '2026-03-10 22:39:14.029856+00:00', false, false, true) ON CONFLICT (id) DO NOTHING;
INSERT INTO public.model_temperature_levels_junction (model_id, temperature_levels_id, created_at, generated, mcp, active) VALUES ('019b3be4-36d1-77bb-b61a-400ca2e43b82', '019c441a-0e9f-712f-ad29-33e6889ca042', '2026-03-10 22:39:14.029856+00:00', false, false, true) ON CONFLICT (id) DO NOTHING;
INSERT INTO public.model_temperature_levels_junction (model_id, temperature_levels_id, created_at, generated, mcp, active) VALUES ('019b3be4-36d1-77bb-b61a-400ca2e43b82', '019c441a-0e9f-713c-87f4-1ce375f0e09f', '2026-03-10 22:39:14.029856+00:00', false, false, true) ON CONFLICT (id) DO NOTHING;
INSERT INTO public.model_temperature_levels_junction (model_id, temperature_levels_id, created_at, generated, mcp, active) VALUES ('019b3be4-36d1-77bb-b61a-400ca2e43b82', '019c441a-0e9f-715a-8037-ac5450f006cb', '2026-03-10 22:39:14.029856+00:00', false, false, true) ON CONFLICT (id) DO NOTHING;
INSERT INTO public.model_temperature_levels_junction (model_id, temperature_levels_id, created_at, generated, mcp, active) VALUES ('019b3be4-36d1-77bb-b61a-400ca2e43b82', '019c441a-0e9f-7166-a4b2-8eef873a73e7', '2026-03-10 22:39:14.029856+00:00', false, false, true) ON CONFLICT (id) DO NOTHING;
INSERT INTO public.model_temperature_levels_junction (model_id, temperature_levels_id, created_at, generated, mcp, active) VALUES ('019b3be4-36d1-77bb-b61a-400ca2e43b82', '019c441a-0e9f-716f-9341-e1c1d078369b', '2026-03-10 22:39:14.029856+00:00', false, false, true) ON CONFLICT (id) DO NOTHING;
INSERT INTO public.model_temperature_levels_junction (model_id, temperature_levels_id, created_at, generated, mcp, active) VALUES ('019b3be4-36d1-77bb-b61a-400ca2e43b82', '019c441a-0e9f-7176-a9ff-74d14b50e469', '2026-03-10 22:39:14.029856+00:00', false, false, true) ON CONFLICT (id) DO NOTHING;
INSERT INTO public.model_temperature_levels_junction (model_id, temperature_levels_id, created_at, generated, mcp, active) VALUES ('019b3be4-36d1-77bb-b61a-400ca2e43b82', '019c441a-0e9f-718b-9bf3-c0143fa5d3c1', '2026-03-10 22:39:14.029856+00:00', false, false, true) ON CONFLICT (id) DO NOTHING;
INSERT INTO public.model_temperature_levels_junction (model_id, temperature_levels_id, created_at, generated, mcp, active) VALUES ('019b3be4-36d1-77bb-b61a-400ca2e43b82', '019c441a-0e9f-732f-ac4d-b10174e69e21', '2026-03-10 22:39:14.029856+00:00', false, false, true) ON CONFLICT (id) DO NOTHING;
INSERT INTO public.model_temperature_levels_junction (model_id, temperature_levels_id, created_at, generated, mcp, active) VALUES ('019b3be4-36d1-77bb-b61a-400ca2e43b82', '019c441a-0e9f-7335-a559-31fe7e8db595', '2026-03-10 22:39:14.029856+00:00', false, false, true) ON CONFLICT (id) DO NOTHING;
INSERT INTO public.model_temperature_levels_junction (model_id, temperature_levels_id, created_at, generated, mcp, active) VALUES ('019b3be4-36d1-77bb-b61a-400ca2e43b82', '019c441a-0e9f-735a-81cf-eed6e8196398', '2026-03-10 22:39:14.029856+00:00', false, false, true) ON CONFLICT (id) DO NOTHING;
INSERT INTO public.model_temperature_levels_junction (model_id, temperature_levels_id, created_at, generated, mcp, active) VALUES ('019b3be4-36d1-77bb-b61a-400ca2e43b82', '019c441a-0e9f-7370-856d-7b31ced06c90', '2026-03-10 22:39:14.029856+00:00', false, false, true) ON CONFLICT (id) DO NOTHING;
INSERT INTO public.model_temperature_levels_junction (model_id, temperature_levels_id, created_at, generated, mcp, active) VALUES ('019b3be4-36d1-77bb-b61a-400ca2e43b82', '019c441a-0e9f-738a-9c75-c3dc21a1aed4', '2026-03-10 22:39:14.029856+00:00', false, false, true) ON CONFLICT (id) DO NOTHING;
INSERT INTO public.model_temperature_levels_junction (model_id, temperature_levels_id, created_at, generated, mcp, active) VALUES ('019b3be4-36d1-77bb-b61a-400ca2e43b82', '019c441a-0e9f-73a7-8628-636b0586d4fb', '2026-03-10 22:39:14.029856+00:00', false, false, true) ON CONFLICT (id) DO NOTHING;
INSERT INTO public.model_temperature_levels_junction (model_id, temperature_levels_id, created_at, generated, mcp, active) VALUES ('019b3be4-36d1-77bb-b61a-400ca2e43b82', '019c441a-0e9f-73b3-b4c6-96f71113e8dc', '2026-03-10 22:39:14.029856+00:00', false, false, true) ON CONFLICT (id) DO NOTHING;
INSERT INTO public.model_temperature_levels_junction (model_id, temperature_levels_id, created_at, generated, mcp, active) VALUES ('019b3be4-36d1-77bb-b61a-400ca2e43b82', '019c441a-0e9f-73b7-a591-e6cb67cc219a', '2026-03-10 22:39:14.029856+00:00', false, false, true) ON CONFLICT (id) DO NOTHING;
INSERT INTO public.model_temperature_levels_junction (model_id, temperature_levels_id, created_at, generated, mcp, active) VALUES ('019b3be4-36d1-77bb-b61a-400ca2e43b82', '019c441a-0e9f-73ca-8872-97569ea04c56', '2026-03-10 22:39:14.029856+00:00', false, false, true) ON CONFLICT (id) DO NOTHING;
INSERT INTO public.model_temperature_levels_junction (model_id, temperature_levels_id, created_at, generated, mcp, active) VALUES ('019b3be4-36d1-77bb-b61a-400ca2e43b82', '019c441a-0e9f-73d9-a939-23bb7a0cc094', '2026-03-10 22:39:14.029856+00:00', false, false, true) ON CONFLICT (id) DO NOTHING;
INSERT INTO public.model_temperature_levels_junction (model_id, temperature_levels_id, created_at, generated, mcp, active) VALUES ('019b3be4-36d1-77bb-b61a-400ca2e43b82', '019c441a-0e9f-73e9-9074-5fc628f2e51c', '2026-03-10 22:39:14.029856+00:00', false, false, true) ON CONFLICT (id) DO NOTHING;
INSERT INTO public.model_temperature_levels_junction (model_id, temperature_levels_id, created_at, generated, mcp, active) VALUES ('019b3be4-36d1-77bb-b61a-400ca2e43b82', '019c441a-0e9f-73f9-b1ae-e42dda0fd3c5', '2026-03-10 22:39:14.029856+00:00', false, false, true) ON CONFLICT (id) DO NOTHING;
INSERT INTO public.model_temperature_levels_junction (model_id, temperature_levels_id, created_at, generated, mcp, active) VALUES ('019b3be4-36d1-77bb-b61a-400ca2e43b82', '019c441a-0e9f-7413-be9e-8c771dd1ceb2', '2026-03-10 22:39:14.029856+00:00', false, false, true) ON CONFLICT (id) DO NOTHING;
INSERT INTO public.model_temperature_levels_junction (model_id, temperature_levels_id, created_at, generated, mcp, active) VALUES ('019b3be4-36d1-77bb-b61a-400ca2e43b82', '019c441a-0e9f-741c-889d-c67c16f9dc2b', '2026-03-10 22:39:14.029856+00:00', false, false, true) ON CONFLICT (id) DO NOTHING;
INSERT INTO public.model_temperature_levels_junction (model_id, temperature_levels_id, created_at, generated, mcp, active) VALUES ('019b3be4-36d1-77bb-b61a-400ca2e43b82', '019c441a-0e9f-742a-995a-2c0c8e1cffba', '2026-03-10 22:39:14.029856+00:00', false, false, true) ON CONFLICT (id) DO NOTHING;
INSERT INTO public.model_temperature_levels_junction (model_id, temperature_levels_id, created_at, generated, mcp, active) VALUES ('019b3be4-36d1-77dc-8a0c-81273114cb56', '019c441a-0e9e-7db9-b0f3-8d485af3cc59', '2026-03-10 22:39:14.044338+00:00', false, false, true) ON CONFLICT (id) DO NOTHING;
INSERT INTO public.model_temperature_levels_junction (model_id, temperature_levels_id, created_at, generated, mcp, active) VALUES ('019b3be4-36d1-77dc-8a0c-81273114cb56', '019c441a-0e9e-7dcd-be35-3ab6d31cfb17', '2026-03-10 22:39:14.044338+00:00', false, false, true) ON CONFLICT (id) DO NOTHING;
INSERT INTO public.model_temperature_levels_junction (model_id, temperature_levels_id, created_at, generated, mcp, active) VALUES ('019b3be4-36d1-77dc-8a0c-81273114cb56', '019c441a-0e9e-7dd6-b25d-1fa87885be16', '2026-03-10 22:39:14.044338+00:00', false, false, true) ON CONFLICT (id) DO NOTHING;
INSERT INTO public.model_temperature_levels_junction (model_id, temperature_levels_id, created_at, generated, mcp, active) VALUES ('019b3be4-36d1-77dc-8a0c-81273114cb56', '019c441a-0e9e-7dde-a7b4-fa61b030af17', '2026-03-10 22:39:14.044338+00:00', false, false, true) ON CONFLICT (id) DO NOTHING;
INSERT INTO public.model_temperature_levels_junction (model_id, temperature_levels_id, created_at, generated, mcp, active) VALUES ('019b3be4-36d1-77dc-8a0c-81273114cb56', '019c441a-0e9e-7dfb-9078-f1a2807595ff', '2026-03-10 22:39:14.044338+00:00', false, false, true) ON CONFLICT (id) DO NOTHING;
INSERT INTO public.model_temperature_levels_junction (model_id, temperature_levels_id, created_at, generated, mcp, active) VALUES ('019b3be4-36d1-77dc-8a0c-81273114cb56', '019c441a-0e9e-7e0e-93ba-b9080f53300b', '2026-03-10 22:39:14.044338+00:00', false, false, true) ON CONFLICT (id) DO NOTHING;
INSERT INTO public.model_temperature_levels_junction (model_id, temperature_levels_id, created_at, generated, mcp, active) VALUES ('019b3be4-36d1-77dc-8a0c-81273114cb56', '019c441a-0e9e-7e19-89e1-76a54e0e513b', '2026-03-10 22:39:14.044338+00:00', false, false, true) ON CONFLICT (id) DO NOTHING;
INSERT INTO public.model_temperature_levels_junction (model_id, temperature_levels_id, created_at, generated, mcp, active) VALUES ('019b3be4-36d1-77dc-8a0c-81273114cb56', '019c441a-0e9e-7e2b-91ce-0aadfc9baef7', '2026-03-10 22:39:14.044338+00:00', false, false, true) ON CONFLICT (id) DO NOTHING;
INSERT INTO public.model_temperature_levels_junction (model_id, temperature_levels_id, created_at, generated, mcp, active) VALUES ('019b3be4-36d1-77dc-8a0c-81273114cb56', '019c441a-0e9e-7e37-a9f8-4388d8363acc', '2026-03-10 22:39:14.044338+00:00', false, false, true) ON CONFLICT (id) DO NOTHING;
INSERT INTO public.model_temperature_levels_junction (model_id, temperature_levels_id, created_at, generated, mcp, active) VALUES ('019b3be4-36d1-77dc-8a0c-81273114cb56', '019c441a-0e9e-7e3d-b9e4-8df4302ca526', '2026-03-10 22:39:14.044338+00:00', false, false, true) ON CONFLICT (id) DO NOTHING;
INSERT INTO public.model_temperature_levels_junction (model_id, temperature_levels_id, created_at, generated, mcp, active) VALUES ('019b3be4-36d1-77dc-8a0c-81273114cb56', '019c441a-0e9e-7e52-b580-9218337e5382', '2026-03-10 22:39:14.044338+00:00', false, false, true) ON CONFLICT (id) DO NOTHING;
INSERT INTO public.model_temperature_levels_junction (model_id, temperature_levels_id, created_at, generated, mcp, active) VALUES ('019b3be4-36d1-77dc-8a0c-81273114cb56', '019c441a-0e9e-7e5a-933e-d1c96ab450fe', '2026-03-10 22:39:14.044338+00:00', false, false, true) ON CONFLICT (id) DO NOTHING;
INSERT INTO public.model_temperature_levels_junction (model_id, temperature_levels_id, created_at, generated, mcp, active) VALUES ('019b3be4-36d1-77dc-8a0c-81273114cb56', '019c441a-0e9e-7e62-b187-072e351576b7', '2026-03-10 22:39:14.044338+00:00', false, false, true) ON CONFLICT (id) DO NOTHING;
INSERT INTO public.model_temperature_levels_junction (model_id, temperature_levels_id, created_at, generated, mcp, active) VALUES ('019b3be4-36d1-77dc-8a0c-81273114cb56', '019c441a-0e9e-7e69-a60a-627a1928dda8', '2026-03-10 22:39:14.044338+00:00', false, false, true) ON CONFLICT (id) DO NOTHING;
INSERT INTO public.model_temperature_levels_junction (model_id, temperature_levels_id, created_at, generated, mcp, active) VALUES ('019b3be4-36d1-77dc-8a0c-81273114cb56', '019c441a-0e9e-7e73-ab7c-6b05701f3683', '2026-03-10 22:39:14.044338+00:00', false, false, true) ON CONFLICT (id) DO NOTHING;
INSERT INTO public.model_temperature_levels_junction (model_id, temperature_levels_id, created_at, generated, mcp, active) VALUES ('019b3be4-36d1-77dc-8a0c-81273114cb56', '019c441a-0e9e-7e89-8b78-5a89a8ee38df', '2026-03-10 22:39:14.044338+00:00', false, false, true) ON CONFLICT (id) DO NOTHING;
INSERT INTO public.model_temperature_levels_junction (model_id, temperature_levels_id, created_at, generated, mcp, active) VALUES ('019b3be4-36d1-77dc-8a0c-81273114cb56', '019c441a-0e9e-7e94-9c38-b7f44e86a101', '2026-03-10 22:39:14.044338+00:00', false, false, true) ON CONFLICT (id) DO NOTHING;
INSERT INTO public.model_temperature_levels_junction (model_id, temperature_levels_id, created_at, generated, mcp, active) VALUES ('019b3be4-36d1-77dc-8a0c-81273114cb56', '019c441a-0e9e-7ea0-afe1-143d03e99a25', '2026-03-10 22:39:14.044338+00:00', false, false, true) ON CONFLICT (id) DO NOTHING;
INSERT INTO public.model_temperature_levels_junction (model_id, temperature_levels_id, created_at, generated, mcp, active) VALUES ('019b3be4-36d1-77dc-8a0c-81273114cb56', '019c441a-0e9e-7eb0-ba12-fa36a878cdef', '2026-03-10 22:39:14.044338+00:00', false, false, true) ON CONFLICT (id) DO NOTHING;
INSERT INTO public.model_temperature_levels_junction (model_id, temperature_levels_id, created_at, generated, mcp, active) VALUES ('019b3be4-36d1-77dc-8a0c-81273114cb56', '019c441a-0e9e-7ebf-83f0-e822b230d010', '2026-03-10 22:39:14.044338+00:00', false, false, true) ON CONFLICT (id) DO NOTHING;
INSERT INTO public.model_temperature_levels_junction (model_id, temperature_levels_id, created_at, generated, mcp, active) VALUES ('019b3be4-36d1-77dc-8a0c-81273114cb56', '019c441a-0e9e-7ec9-8819-23cf95608dbe', '2026-03-10 22:39:14.044338+00:00', false, false, true) ON CONFLICT (id) DO NOTHING;
INSERT INTO public.model_temperature_levels_junction (model_id, temperature_levels_id, created_at, generated, mcp, active) VALUES ('019b3be4-36d1-77dc-8a0c-81273114cb56', '019c441a-0e9e-7ed1-9766-04be0f1c6b20', '2026-03-10 22:39:14.044338+00:00', false, false, true) ON CONFLICT (id) DO NOTHING;
INSERT INTO public.model_temperature_levels_junction (model_id, temperature_levels_id, created_at, generated, mcp, active) VALUES ('019b3be4-36d1-77dc-8a0c-81273114cb56', '019c441a-0e9e-7ede-ab08-a9ec02a3d29f', '2026-03-10 22:39:14.044338+00:00', false, false, true) ON CONFLICT (id) DO NOTHING;
INSERT INTO public.model_temperature_levels_junction (model_id, temperature_levels_id, created_at, generated, mcp, active) VALUES ('019b3be4-36d1-77dc-8a0c-81273114cb56', '019c441a-0e9e-7ef6-8811-b13973658720', '2026-03-10 22:39:14.044338+00:00', false, false, true) ON CONFLICT (id) DO NOTHING;
INSERT INTO public.model_temperature_levels_junction (model_id, temperature_levels_id, created_at, generated, mcp, active) VALUES ('019b3be4-36d1-77dc-8a0c-81273114cb56', '019c441a-0e9e-7f0d-9e4b-4b564ec66598', '2026-03-10 22:39:14.044338+00:00', false, false, true) ON CONFLICT (id) DO NOTHING;
INSERT INTO public.model_temperature_levels_junction (model_id, temperature_levels_id, created_at, generated, mcp, active) VALUES ('019b3be4-36d1-77dc-8a0c-81273114cb56', '019c441a-0e9e-7f26-8ca6-a1b33fb97fbe', '2026-03-10 22:39:14.044338+00:00', false, false, true) ON CONFLICT (id) DO NOTHING;
INSERT INTO public.model_temperature_levels_junction (model_id, temperature_levels_id, created_at, generated, mcp, active) VALUES ('019b3be4-36d1-77dc-8a0c-81273114cb56', '019c441a-0e9e-7f2e-81d2-2545ba70f21d', '2026-03-10 22:39:14.044338+00:00', false, false, true) ON CONFLICT (id) DO NOTHING;
INSERT INTO public.model_temperature_levels_junction (model_id, temperature_levels_id, created_at, generated, mcp, active) VALUES ('019b3be4-36d1-77dc-8a0c-81273114cb56', '019c441a-0e9e-7f44-bb0b-5190a35cc0c0', '2026-03-10 22:39:14.044338+00:00', false, false, true) ON CONFLICT (id) DO NOTHING;
INSERT INTO public.model_temperature_levels_junction (model_id, temperature_levels_id, created_at, generated, mcp, active) VALUES ('019b3be4-36d1-77dc-8a0c-81273114cb56', '019c441a-0e9e-7f53-8a08-d51406e55622', '2026-03-10 22:39:14.044338+00:00', false, false, true) ON CONFLICT (id) DO NOTHING;
INSERT INTO public.model_temperature_levels_junction (model_id, temperature_levels_id, created_at, generated, mcp, active) VALUES ('019b3be4-36d1-77dc-8a0c-81273114cb56', '019c441a-0e9e-7f5f-9e3d-9922fdb0fdff', '2026-03-10 22:39:14.044338+00:00', false, false, true) ON CONFLICT (id) DO NOTHING;
INSERT INTO public.model_temperature_levels_junction (model_id, temperature_levels_id, created_at, generated, mcp, active) VALUES ('019b3be4-36d1-77dc-8a0c-81273114cb56', '019c441a-0e9e-7f6c-a798-8328630ab038', '2026-03-10 22:39:14.044338+00:00', false, false, true) ON CONFLICT (id) DO NOTHING;
INSERT INTO public.model_temperature_levels_junction (model_id, temperature_levels_id, created_at, generated, mcp, active) VALUES ('019b3be4-36d1-77dc-8a0c-81273114cb56', '019c441a-0e9e-7f80-a9cb-7b1c947ad4c8', '2026-03-10 22:39:14.044338+00:00', false, false, true) ON CONFLICT (id) DO NOTHING;
INSERT INTO public.model_temperature_levels_junction (model_id, temperature_levels_id, created_at, generated, mcp, active) VALUES ('019b3be4-36d1-77dc-8a0c-81273114cb56', '019c441a-0e9e-7f8f-b0cf-ab7d52866f69', '2026-03-10 22:39:14.044338+00:00', false, false, true) ON CONFLICT (id) DO NOTHING;
INSERT INTO public.model_temperature_levels_junction (model_id, temperature_levels_id, created_at, generated, mcp, active) VALUES ('019b3be4-36d1-77dc-8a0c-81273114cb56', '019c441a-0e9e-7fa5-87e8-3e52d48647cd', '2026-03-10 22:39:14.044338+00:00', false, false, true) ON CONFLICT (id) DO NOTHING;
INSERT INTO public.model_temperature_levels_junction (model_id, temperature_levels_id, created_at, generated, mcp, active) VALUES ('019b3be4-36d1-77dc-8a0c-81273114cb56', '019c441a-0e9e-7fae-bed9-1177ce0bd598', '2026-03-10 22:39:14.044338+00:00', false, false, true) ON CONFLICT (id) DO NOTHING;
INSERT INTO public.model_temperature_levels_junction (model_id, temperature_levels_id, created_at, generated, mcp, active) VALUES ('019b3be4-36d1-77dc-8a0c-81273114cb56', '019c441a-0e9e-7fbb-84b9-a7962089afa4', '2026-03-10 22:39:14.044338+00:00', false, false, true) ON CONFLICT (id) DO NOTHING;
INSERT INTO public.model_temperature_levels_junction (model_id, temperature_levels_id, created_at, generated, mcp, active) VALUES ('019b3be4-36d1-77dc-8a0c-81273114cb56', '019c441a-0e9e-7fc1-8cef-8914d6b01390', '2026-03-10 22:39:14.044338+00:00', false, false, true) ON CONFLICT (id) DO NOTHING;
INSERT INTO public.model_temperature_levels_junction (model_id, temperature_levels_id, created_at, generated, mcp, active) VALUES ('019b3be4-36d1-77dc-8a0c-81273114cb56', '019c441a-0e9e-7fcd-afc7-37cf75ba25a7', '2026-03-10 22:39:14.044338+00:00', false, false, true) ON CONFLICT (id) DO NOTHING;
INSERT INTO public.model_temperature_levels_junction (model_id, temperature_levels_id, created_at, generated, mcp, active) VALUES ('019b3be4-36d1-77dc-8a0c-81273114cb56', '019c441a-0e9e-7fde-a372-d6c53b939a2d', '2026-03-10 22:39:14.044338+00:00', false, false, true) ON CONFLICT (id) DO NOTHING;
INSERT INTO public.model_temperature_levels_junction (model_id, temperature_levels_id, created_at, generated, mcp, active) VALUES ('019b3be4-36d1-77dc-8a0c-81273114cb56', '019c441a-0e9e-7fee-be99-7292d6d5e130', '2026-03-10 22:39:14.044338+00:00', false, false, true) ON CONFLICT (id) DO NOTHING;
INSERT INTO public.model_temperature_levels_junction (model_id, temperature_levels_id, created_at, generated, mcp, active) VALUES ('019b3be4-36d1-77dc-8a0c-81273114cb56', '019c441a-0e9e-7ff9-8627-a980b71f8514', '2026-03-10 22:39:14.044338+00:00', false, false, true) ON CONFLICT (id) DO NOTHING;
INSERT INTO public.model_temperature_levels_junction (model_id, temperature_levels_id, created_at, generated, mcp, active) VALUES ('019b3be4-36d1-77dc-8a0c-81273114cb56', '019c441a-0e9f-7004-9320-7d40cf5cd428', '2026-03-10 22:39:14.044338+00:00', false, false, true) ON CONFLICT (id) DO NOTHING;
INSERT INTO public.model_temperature_levels_junction (model_id, temperature_levels_id, created_at, generated, mcp, active) VALUES ('019b3be4-36d1-77dc-8a0c-81273114cb56', '019c441a-0e9f-700c-a8c5-11434dc2ea95', '2026-03-10 22:39:14.044338+00:00', false, false, true) ON CONFLICT (id) DO NOTHING;
INSERT INTO public.model_temperature_levels_junction (model_id, temperature_levels_id, created_at, generated, mcp, active) VALUES ('019b3be4-36d1-77dc-8a0c-81273114cb56', '019c441a-0e9f-7016-9973-59eca073bebe', '2026-03-10 22:39:14.044338+00:00', false, false, true) ON CONFLICT (id) DO NOTHING;
INSERT INTO public.model_temperature_levels_junction (model_id, temperature_levels_id, created_at, generated, mcp, active) VALUES ('019b3be4-36d1-77dc-8a0c-81273114cb56', '019c441a-0e9f-7027-b2b3-40f7679aa440', '2026-03-10 22:39:14.044338+00:00', false, false, true) ON CONFLICT (id) DO NOTHING;
INSERT INTO public.model_temperature_levels_junction (model_id, temperature_levels_id, created_at, generated, mcp, active) VALUES ('019b3be4-36d1-77dc-8a0c-81273114cb56', '019c441a-0e9f-7038-a8fe-a960af92c6cd', '2026-03-10 22:39:14.044338+00:00', false, false, true) ON CONFLICT (id) DO NOTHING;
INSERT INTO public.model_temperature_levels_junction (model_id, temperature_levels_id, created_at, generated, mcp, active) VALUES ('019b3be4-36d1-77dc-8a0c-81273114cb56', '019c441a-0e9f-7055-8c67-a6f96ebb872b', '2026-03-10 22:39:14.044338+00:00', false, false, true) ON CONFLICT (id) DO NOTHING;
INSERT INTO public.model_temperature_levels_junction (model_id, temperature_levels_id, created_at, generated, mcp, active) VALUES ('019b3be4-36d1-77dc-8a0c-81273114cb56', '019c441a-0e9f-7067-a9d9-66f6b22a620c', '2026-03-10 22:39:14.044338+00:00', false, false, true) ON CONFLICT (id) DO NOTHING;
INSERT INTO public.model_temperature_levels_junction (model_id, temperature_levels_id, created_at, generated, mcp, active) VALUES ('019b3be4-36d1-77dc-8a0c-81273114cb56', '019c441a-0e9f-7076-b0f4-d3db8a59a2bf', '2026-03-10 22:39:14.044338+00:00', false, false, true) ON CONFLICT (id) DO NOTHING;
INSERT INTO public.model_temperature_levels_junction (model_id, temperature_levels_id, created_at, generated, mcp, active) VALUES ('019b3be4-36d1-77dc-8a0c-81273114cb56', '019c441a-0e9f-7087-a7c2-481e3cf67900', '2026-03-10 22:39:14.044338+00:00', false, false, true) ON CONFLICT (id) DO NOTHING;
INSERT INTO public.model_temperature_levels_junction (model_id, temperature_levels_id, created_at, generated, mcp, active) VALUES ('019b3be4-36d1-77dc-8a0c-81273114cb56', '019c441a-0e9f-708c-ace6-6ab6bfb9032b', '2026-03-10 22:39:14.044338+00:00', false, false, true) ON CONFLICT (id) DO NOTHING;
INSERT INTO public.model_temperature_levels_junction (model_id, temperature_levels_id, created_at, generated, mcp, active) VALUES ('019b3be4-36d1-77dc-8a0c-81273114cb56', '019c441a-0e9f-70a7-8312-c8913b2bd033', '2026-03-10 22:39:14.044338+00:00', false, false, true) ON CONFLICT (id) DO NOTHING;
INSERT INTO public.model_temperature_levels_junction (model_id, temperature_levels_id, created_at, generated, mcp, active) VALUES ('019b3be4-36d1-77dc-8a0c-81273114cb56', '019c441a-0e9f-70b3-bad8-286a24dc5f49', '2026-03-10 22:39:14.044338+00:00', false, false, true) ON CONFLICT (id) DO NOTHING;
INSERT INTO public.model_temperature_levels_junction (model_id, temperature_levels_id, created_at, generated, mcp, active) VALUES ('019b3be4-36d1-77dc-8a0c-81273114cb56', '019c441a-0e9f-70be-928f-7873d52a9642', '2026-03-10 22:39:14.044338+00:00', false, false, true) ON CONFLICT (id) DO NOTHING;
INSERT INTO public.model_temperature_levels_junction (model_id, temperature_levels_id, created_at, generated, mcp, active) VALUES ('019b3be4-36d1-77dc-8a0c-81273114cb56', '019c441a-0e9f-70ce-849a-af4b11bbfaf6', '2026-03-10 22:39:14.044338+00:00', false, false, true) ON CONFLICT (id) DO NOTHING;
INSERT INTO public.model_temperature_levels_junction (model_id, temperature_levels_id, created_at, generated, mcp, active) VALUES ('019b3be4-36d1-77dc-8a0c-81273114cb56', '019c441a-0e9f-70d9-8046-2d636f526116', '2026-03-10 22:39:14.044338+00:00', false, false, true) ON CONFLICT (id) DO NOTHING;
INSERT INTO public.model_temperature_levels_junction (model_id, temperature_levels_id, created_at, generated, mcp, active) VALUES ('019b3be4-36d1-77dc-8a0c-81273114cb56', '019c441a-0e9f-70e8-8235-7196b41406e1', '2026-03-10 22:39:14.044338+00:00', false, false, true) ON CONFLICT (id) DO NOTHING;
INSERT INTO public.model_temperature_levels_junction (model_id, temperature_levels_id, created_at, generated, mcp, active) VALUES ('019b3be4-36d1-77dc-8a0c-81273114cb56', '019c441a-0e9f-70f0-a568-30584bfef8fb', '2026-03-10 22:39:14.044338+00:00', false, false, true) ON CONFLICT (id) DO NOTHING;
INSERT INTO public.model_temperature_levels_junction (model_id, temperature_levels_id, created_at, generated, mcp, active) VALUES ('019b3be4-36d1-77dc-8a0c-81273114cb56', '019c441a-0e9f-7101-afd8-b2e50bc968f9', '2026-03-10 22:39:14.044338+00:00', false, false, true) ON CONFLICT (id) DO NOTHING;
INSERT INTO public.model_temperature_levels_junction (model_id, temperature_levels_id, created_at, generated, mcp, active) VALUES ('019b3be4-36d1-77dc-8a0c-81273114cb56', '019c441a-0e9f-710b-99b2-3db575f01df1', '2026-03-10 22:39:14.044338+00:00', false, false, true) ON CONFLICT (id) DO NOTHING;
INSERT INTO public.model_temperature_levels_junction (model_id, temperature_levels_id, created_at, generated, mcp, active) VALUES ('019b3be4-36d1-77dc-8a0c-81273114cb56', '019c441a-0e9f-7116-ab87-05d7035642c7', '2026-03-10 22:39:14.044338+00:00', false, false, true) ON CONFLICT (id) DO NOTHING;
INSERT INTO public.model_temperature_levels_junction (model_id, temperature_levels_id, created_at, generated, mcp, active) VALUES ('019b3be4-36d1-77dc-8a0c-81273114cb56', '019c441a-0e9f-7120-bc1c-1e290802109a', '2026-03-10 22:39:14.044338+00:00', false, false, true) ON CONFLICT (id) DO NOTHING;
INSERT INTO public.model_temperature_levels_junction (model_id, temperature_levels_id, created_at, generated, mcp, active) VALUES ('019b3be4-36d1-77dc-8a0c-81273114cb56', '019c441a-0e9f-712f-ad29-33e6889ca042', '2026-03-10 22:39:14.044338+00:00', false, false, true) ON CONFLICT (id) DO NOTHING;
INSERT INTO public.model_temperature_levels_junction (model_id, temperature_levels_id, created_at, generated, mcp, active) VALUES ('019b3be4-36d1-77dc-8a0c-81273114cb56', '019c441a-0e9f-713c-87f4-1ce375f0e09f', '2026-03-10 22:39:14.044338+00:00', false, false, true) ON CONFLICT (id) DO NOTHING;
INSERT INTO public.model_temperature_levels_junction (model_id, temperature_levels_id, created_at, generated, mcp, active) VALUES ('019b3be4-36d1-77dc-8a0c-81273114cb56', '019c441a-0e9f-715a-8037-ac5450f006cb', '2026-03-10 22:39:14.044338+00:00', false, false, true) ON CONFLICT (id) DO NOTHING;
INSERT INTO public.model_temperature_levels_junction (model_id, temperature_levels_id, created_at, generated, mcp, active) VALUES ('019b3be4-36d1-77dc-8a0c-81273114cb56', '019c441a-0e9f-7166-a4b2-8eef873a73e7', '2026-03-10 22:39:14.044338+00:00', false, false, true) ON CONFLICT (id) DO NOTHING;
INSERT INTO public.model_temperature_levels_junction (model_id, temperature_levels_id, created_at, generated, mcp, active) VALUES ('019b3be4-36d1-77dc-8a0c-81273114cb56', '019c441a-0e9f-716f-9341-e1c1d078369b', '2026-03-10 22:39:14.044338+00:00', false, false, true) ON CONFLICT (id) DO NOTHING;
INSERT INTO public.model_temperature_levels_junction (model_id, temperature_levels_id, created_at, generated, mcp, active) VALUES ('019b3be4-36d1-77dc-8a0c-81273114cb56', '019c441a-0e9f-7176-a9ff-74d14b50e469', '2026-03-10 22:39:14.044338+00:00', false, false, true) ON CONFLICT (id) DO NOTHING;
INSERT INTO public.model_temperature_levels_junction (model_id, temperature_levels_id, created_at, generated, mcp, active) VALUES ('019b3be4-36d1-77dc-8a0c-81273114cb56', '019c441a-0e9f-718b-9bf3-c0143fa5d3c1', '2026-03-10 22:39:14.044338+00:00', false, false, true) ON CONFLICT (id) DO NOTHING;
INSERT INTO public.model_temperature_levels_junction (model_id, temperature_levels_id, created_at, generated, mcp, active) VALUES ('019b3be4-36d1-77dc-8a0c-81273114cb56', '019c441a-0e9f-732f-ac4d-b10174e69e21', '2026-03-10 22:39:14.044338+00:00', false, false, true) ON CONFLICT (id) DO NOTHING;
INSERT INTO public.model_temperature_levels_junction (model_id, temperature_levels_id, created_at, generated, mcp, active) VALUES ('019b3be4-36d1-77dc-8a0c-81273114cb56', '019c441a-0e9f-7335-a559-31fe7e8db595', '2026-03-10 22:39:14.044338+00:00', false, false, true) ON CONFLICT (id) DO NOTHING;
INSERT INTO public.model_temperature_levels_junction (model_id, temperature_levels_id, created_at, generated, mcp, active) VALUES ('019b3be4-36d1-77dc-8a0c-81273114cb56', '019c441a-0e9f-735a-81cf-eed6e8196398', '2026-03-10 22:39:14.044338+00:00', false, false, true) ON CONFLICT (id) DO NOTHING;
INSERT INTO public.model_temperature_levels_junction (model_id, temperature_levels_id, created_at, generated, mcp, active) VALUES ('019b3be4-36d1-77dc-8a0c-81273114cb56', '019c441a-0e9f-7370-856d-7b31ced06c90', '2026-03-10 22:39:14.044338+00:00', false, false, true) ON CONFLICT (id) DO NOTHING;
INSERT INTO public.model_temperature_levels_junction (model_id, temperature_levels_id, created_at, generated, mcp, active) VALUES ('019b3be4-36d1-77dc-8a0c-81273114cb56', '019c441a-0e9f-738a-9c75-c3dc21a1aed4', '2026-03-10 22:39:14.044338+00:00', false, false, true) ON CONFLICT (id) DO NOTHING;
INSERT INTO public.model_temperature_levels_junction (model_id, temperature_levels_id, created_at, generated, mcp, active) VALUES ('019b3be4-36d1-77dc-8a0c-81273114cb56', '019c441a-0e9f-73a7-8628-636b0586d4fb', '2026-03-10 22:39:14.044338+00:00', false, false, true) ON CONFLICT (id) DO NOTHING;
INSERT INTO public.model_temperature_levels_junction (model_id, temperature_levels_id, created_at, generated, mcp, active) VALUES ('019b3be4-36d1-77dc-8a0c-81273114cb56', '019c441a-0e9f-73b3-b4c6-96f71113e8dc', '2026-03-10 22:39:14.044338+00:00', false, false, true) ON CONFLICT (id) DO NOTHING;
INSERT INTO public.model_temperature_levels_junction (model_id, temperature_levels_id, created_at, generated, mcp, active) VALUES ('019b3be4-36d1-77dc-8a0c-81273114cb56', '019c441a-0e9f-73b7-a591-e6cb67cc219a', '2026-03-10 22:39:14.044338+00:00', false, false, true) ON CONFLICT (id) DO NOTHING;
INSERT INTO public.model_temperature_levels_junction (model_id, temperature_levels_id, created_at, generated, mcp, active) VALUES ('019b3be4-36d1-77dc-8a0c-81273114cb56', '019c441a-0e9f-73ca-8872-97569ea04c56', '2026-03-10 22:39:14.044338+00:00', false, false, true) ON CONFLICT (id) DO NOTHING;
INSERT INTO public.model_temperature_levels_junction (model_id, temperature_levels_id, created_at, generated, mcp, active) VALUES ('019b3be4-36d1-77dc-8a0c-81273114cb56', '019c441a-0e9f-73d9-a939-23bb7a0cc094', '2026-03-10 22:39:14.044338+00:00', false, false, true) ON CONFLICT (id) DO NOTHING;
INSERT INTO public.model_temperature_levels_junction (model_id, temperature_levels_id, created_at, generated, mcp, active) VALUES ('019b3be4-36d1-77dc-8a0c-81273114cb56', '019c441a-0e9f-73e9-9074-5fc628f2e51c', '2026-03-10 22:39:14.044338+00:00', false, false, true) ON CONFLICT (id) DO NOTHING;
INSERT INTO public.model_temperature_levels_junction (model_id, temperature_levels_id, created_at, generated, mcp, active) VALUES ('019b3be4-36d1-77dc-8a0c-81273114cb56', '019c441a-0e9f-73f9-b1ae-e42dda0fd3c5', '2026-03-10 22:39:14.044338+00:00', false, false, true) ON CONFLICT (id) DO NOTHING;
INSERT INTO public.model_temperature_levels_junction (model_id, temperature_levels_id, created_at, generated, mcp, active) VALUES ('019b3be4-36d1-77dc-8a0c-81273114cb56', '019c441a-0e9f-7413-be9e-8c771dd1ceb2', '2026-03-10 22:39:14.044338+00:00', false, false, true) ON CONFLICT (id) DO NOTHING;
INSERT INTO public.model_temperature_levels_junction (model_id, temperature_levels_id, created_at, generated, mcp, active) VALUES ('019b3be4-36d1-77dc-8a0c-81273114cb56', '019c441a-0e9f-741c-889d-c67c16f9dc2b', '2026-03-10 22:39:14.044338+00:00', false, false, true) ON CONFLICT (id) DO NOTHING;
INSERT INTO public.model_temperature_levels_junction (model_id, temperature_levels_id, created_at, generated, mcp, active) VALUES ('019b3be4-36d1-77dc-8a0c-81273114cb56', '019c441a-0e9f-742a-995a-2c0c8e1cffba', '2026-03-10 22:39:14.044338+00:00', false, false, true) ON CONFLICT (id) DO NOTHING;
INSERT INTO public.model_temperature_levels_junction (model_id, temperature_levels_id, created_at, generated, mcp, active) VALUES ('019b3be4-36d1-776a-8c68-59e8e40a6e77', '019c441a-0e9e-7bef-841d-5d33999c9d12', '2026-03-10 22:39:14.048875+00:00', false, false, true) ON CONFLICT (id) DO NOTHING;
INSERT INTO public.model_temperature_levels_junction (model_id, temperature_levels_id, created_at, generated, mcp, active) VALUES ('019b3be4-36d1-776a-8c68-59e8e40a6e77', '019c441a-0e9e-7c74-928c-7c0739193aff', '2026-03-10 22:39:14.048875+00:00', false, false, true) ON CONFLICT (id) DO NOTHING;
INSERT INTO public.model_temperature_levels_junction (model_id, temperature_levels_id, created_at, generated, mcp, active) VALUES ('019b3be4-36d1-776a-8c68-59e8e40a6e77', '019c441a-0e9e-7c9e-8acc-69725eead5b3', '2026-03-10 22:39:14.048875+00:00', false, false, true) ON CONFLICT (id) DO NOTHING;
INSERT INTO public.model_temperature_levels_junction (model_id, temperature_levels_id, created_at, generated, mcp, active) VALUES ('019b3be4-36d1-776a-8c68-59e8e40a6e77', '019c441a-0e9e-7ca4-ad96-a64b4ddb14b4', '2026-03-10 22:39:14.048875+00:00', false, false, true) ON CONFLICT (id) DO NOTHING;
INSERT INTO public.model_temperature_levels_junction (model_id, temperature_levels_id, created_at, generated, mcp, active) VALUES ('019b3be4-36d1-776a-8c68-59e8e40a6e77', '019c441a-0e9e-7cc4-83a2-f576e1eac21e', '2026-03-10 22:39:14.048875+00:00', false, false, true) ON CONFLICT (id) DO NOTHING;
INSERT INTO public.model_temperature_levels_junction (model_id, temperature_levels_id, created_at, generated, mcp, active) VALUES ('019b3be4-36d1-776a-8c68-59e8e40a6e77', '019c441a-0e9e-7cd3-9f45-b7f2ddd50383', '2026-03-10 22:39:14.048875+00:00', false, false, true) ON CONFLICT (id) DO NOTHING;
INSERT INTO public.model_temperature_levels_junction (model_id, temperature_levels_id, created_at, generated, mcp, active) VALUES ('019b3be4-36d1-776a-8c68-59e8e40a6e77', '019c441a-0e9e-7cdc-b2f0-1daefbf9a0d2', '2026-03-10 22:39:14.048875+00:00', false, false, true) ON CONFLICT (id) DO NOTHING;
INSERT INTO public.model_temperature_levels_junction (model_id, temperature_levels_id, created_at, generated, mcp, active) VALUES ('019b3be4-36d1-776a-8c68-59e8e40a6e77', '019c441a-0e9e-7ce6-a3df-5d1581d924f8', '2026-03-10 22:39:14.048875+00:00', false, false, true) ON CONFLICT (id) DO NOTHING;
INSERT INTO public.model_temperature_levels_junction (model_id, temperature_levels_id, created_at, generated, mcp, active) VALUES ('019b3be4-36d1-776a-8c68-59e8e40a6e77', '019c441a-0e9e-7cf7-b9c2-b296333b30ee', '2026-03-10 22:39:14.048875+00:00', false, false, true) ON CONFLICT (id) DO NOTHING;
INSERT INTO public.model_temperature_levels_junction (model_id, temperature_levels_id, created_at, generated, mcp, active) VALUES ('019b3be4-36d1-776a-8c68-59e8e40a6e77', '019c441a-0e9e-7d1a-9b3d-4b030af5a5f5', '2026-03-10 22:39:14.048875+00:00', false, false, true) ON CONFLICT (id) DO NOTHING;
INSERT INTO public.model_temperature_levels_junction (model_id, temperature_levels_id, created_at, generated, mcp, active) VALUES ('019b3be4-36d1-776a-8c68-59e8e40a6e77', '019c441a-0e9e-7d22-aa42-b094ce03c315', '2026-03-10 22:39:14.048875+00:00', false, false, true) ON CONFLICT (id) DO NOTHING;
INSERT INTO public.model_temperature_levels_junction (model_id, temperature_levels_id, created_at, generated, mcp, active) VALUES ('019b3be4-36d1-776a-8c68-59e8e40a6e77', '019c441a-0e9e-7d2d-a122-d5e27a709e64', '2026-03-10 22:39:14.048875+00:00', false, false, true) ON CONFLICT (id) DO NOTHING;
INSERT INTO public.model_temperature_levels_junction (model_id, temperature_levels_id, created_at, generated, mcp, active) VALUES ('019b3be4-36d1-776a-8c68-59e8e40a6e77', '019c441a-0e9e-7d34-beaf-cb977faaad88', '2026-03-10 22:39:14.048875+00:00', false, false, true) ON CONFLICT (id) DO NOTHING;
INSERT INTO public.model_temperature_levels_junction (model_id, temperature_levels_id, created_at, generated, mcp, active) VALUES ('019b3be4-36d1-776a-8c68-59e8e40a6e77', '019c441a-0e9e-7d59-bd04-7501bbcf1b85', '2026-03-10 22:39:14.048875+00:00', false, false, true) ON CONFLICT (id) DO NOTHING;
INSERT INTO public.model_temperature_levels_junction (model_id, temperature_levels_id, created_at, generated, mcp, active) VALUES ('019b3be4-36d1-776a-8c68-59e8e40a6e77', '019c441a-0e9e-7d84-b9a5-aa946d36a18d', '2026-03-10 22:39:14.048875+00:00', false, false, true) ON CONFLICT (id) DO NOTHING;
INSERT INTO public.model_temperature_levels_junction (model_id, temperature_levels_id, created_at, generated, mcp, active) VALUES ('019b3be4-36d1-776a-8c68-59e8e40a6e77', '019c441a-0e9e-7d9e-b960-c7edff5d9bce', '2026-03-10 22:39:14.048875+00:00', false, false, true) ON CONFLICT (id) DO NOTHING;
INSERT INTO public.model_temperature_levels_junction (model_id, temperature_levels_id, created_at, generated, mcp, active) VALUES ('019b3be4-36d1-776a-8c68-59e8e40a6e77', '019c441a-0e9e-7da6-ae62-6e2a16407f9d', '2026-03-10 22:39:14.048875+00:00', false, false, true) ON CONFLICT (id) DO NOTHING;
INSERT INTO public.model_temperature_levels_junction (model_id, temperature_levels_id, created_at, generated, mcp, active) VALUES ('019b3be4-36d1-776a-8c68-59e8e40a6e77', '019c441a-0e9e-7db9-b0f3-8d485af3cc59', '2026-03-10 22:39:14.048875+00:00', false, false, true) ON CONFLICT (id) DO NOTHING;
INSERT INTO public.model_temperature_levels_junction (model_id, temperature_levels_id, created_at, generated, mcp, active) VALUES ('019b3be4-36d1-776a-8c68-59e8e40a6e77', '019c441a-0e9e-7dcd-be35-3ab6d31cfb17', '2026-03-10 22:39:14.048875+00:00', false, false, true) ON CONFLICT (id) DO NOTHING;
INSERT INTO public.model_temperature_levels_junction (model_id, temperature_levels_id, created_at, generated, mcp, active) VALUES ('019b3be4-36d1-776a-8c68-59e8e40a6e77', '019c441a-0e9e-7dd6-b25d-1fa87885be16', '2026-03-10 22:39:14.048875+00:00', false, false, true) ON CONFLICT (id) DO NOTHING;
INSERT INTO public.model_temperature_levels_junction (model_id, temperature_levels_id, created_at, generated, mcp, active) VALUES ('019b3be4-36d1-776a-8c68-59e8e40a6e77', '019c441a-0e9e-7dde-a7b4-fa61b030af17', '2026-03-10 22:39:14.048875+00:00', false, false, true) ON CONFLICT (id) DO NOTHING;
INSERT INTO public.model_temperature_levels_junction (model_id, temperature_levels_id, created_at, generated, mcp, active) VALUES ('019b3be4-36d1-776a-8c68-59e8e40a6e77', '019c441a-0e9e-7dfb-9078-f1a2807595ff', '2026-03-10 22:39:14.048875+00:00', false, false, true) ON CONFLICT (id) DO NOTHING;
INSERT INTO public.model_temperature_levels_junction (model_id, temperature_levels_id, created_at, generated, mcp, active) VALUES ('019b3be4-36d1-776a-8c68-59e8e40a6e77', '019c441a-0e9e-7e0e-93ba-b9080f53300b', '2026-03-10 22:39:14.048875+00:00', false, false, true) ON CONFLICT (id) DO NOTHING;
INSERT INTO public.model_temperature_levels_junction (model_id, temperature_levels_id, created_at, generated, mcp, active) VALUES ('019b3be4-36d1-776a-8c68-59e8e40a6e77', '019c441a-0e9e-7e19-89e1-76a54e0e513b', '2026-03-10 22:39:14.048875+00:00', false, false, true) ON CONFLICT (id) DO NOTHING;
INSERT INTO public.model_temperature_levels_junction (model_id, temperature_levels_id, created_at, generated, mcp, active) VALUES ('019b3be4-36d1-776a-8c68-59e8e40a6e77', '019c441a-0e9e-7e2b-91ce-0aadfc9baef7', '2026-03-10 22:39:14.048875+00:00', false, false, true) ON CONFLICT (id) DO NOTHING;
INSERT INTO public.model_temperature_levels_junction (model_id, temperature_levels_id, created_at, generated, mcp, active) VALUES ('019b3be4-36d1-776a-8c68-59e8e40a6e77', '019c441a-0e9e-7e37-a9f8-4388d8363acc', '2026-03-10 22:39:14.048875+00:00', false, false, true) ON CONFLICT (id) DO NOTHING;
INSERT INTO public.model_temperature_levels_junction (model_id, temperature_levels_id, created_at, generated, mcp, active) VALUES ('019b3be4-36d1-776a-8c68-59e8e40a6e77', '019c441a-0e9e-7e3d-b9e4-8df4302ca526', '2026-03-10 22:39:14.048875+00:00', false, false, true) ON CONFLICT (id) DO NOTHING;
INSERT INTO public.model_temperature_levels_junction (model_id, temperature_levels_id, created_at, generated, mcp, active) VALUES ('019b3be4-36d1-776a-8c68-59e8e40a6e77', '019c441a-0e9e-7e52-b580-9218337e5382', '2026-03-10 22:39:14.048875+00:00', false, false, true) ON CONFLICT (id) DO NOTHING;
INSERT INTO public.model_temperature_levels_junction (model_id, temperature_levels_id, created_at, generated, mcp, active) VALUES ('019b3be4-36d1-776a-8c68-59e8e40a6e77', '019c441a-0e9e-7e5a-933e-d1c96ab450fe', '2026-03-10 22:39:14.048875+00:00', false, false, true) ON CONFLICT (id) DO NOTHING;
INSERT INTO public.model_temperature_levels_junction (model_id, temperature_levels_id, created_at, generated, mcp, active) VALUES ('019b3be4-36d1-776a-8c68-59e8e40a6e77', '019c441a-0e9e-7e62-b187-072e351576b7', '2026-03-10 22:39:14.048875+00:00', false, false, true) ON CONFLICT (id) DO NOTHING;
INSERT INTO public.model_temperature_levels_junction (model_id, temperature_levels_id, created_at, generated, mcp, active) VALUES ('019b3be4-36d1-776a-8c68-59e8e40a6e77', '019c441a-0e9e-7e69-a60a-627a1928dda8', '2026-03-10 22:39:14.048875+00:00', false, false, true) ON CONFLICT (id) DO NOTHING;
INSERT INTO public.model_temperature_levels_junction (model_id, temperature_levels_id, created_at, generated, mcp, active) VALUES ('019b3be4-36d1-776a-8c68-59e8e40a6e77', '019c441a-0e9e-7e73-ab7c-6b05701f3683', '2026-03-10 22:39:14.048875+00:00', false, false, true) ON CONFLICT (id) DO NOTHING;
INSERT INTO public.model_temperature_levels_junction (model_id, temperature_levels_id, created_at, generated, mcp, active) VALUES ('019b3be4-36d1-776a-8c68-59e8e40a6e77', '019c441a-0e9e-7e89-8b78-5a89a8ee38df', '2026-03-10 22:39:14.048875+00:00', false, false, true) ON CONFLICT (id) DO NOTHING;
INSERT INTO public.model_temperature_levels_junction (model_id, temperature_levels_id, created_at, generated, mcp, active) VALUES ('019b3be4-36d1-776a-8c68-59e8e40a6e77', '019c441a-0e9e-7e94-9c38-b7f44e86a101', '2026-03-10 22:39:14.048875+00:00', false, false, true) ON CONFLICT (id) DO NOTHING;
INSERT INTO public.model_temperature_levels_junction (model_id, temperature_levels_id, created_at, generated, mcp, active) VALUES ('019b3be4-36d1-776a-8c68-59e8e40a6e77', '019c441a-0e9e-7ea0-afe1-143d03e99a25', '2026-03-10 22:39:14.048875+00:00', false, false, true) ON CONFLICT (id) DO NOTHING;
INSERT INTO public.model_temperature_levels_junction (model_id, temperature_levels_id, created_at, generated, mcp, active) VALUES ('019b3be4-36d1-776a-8c68-59e8e40a6e77', '019c441a-0e9e-7eb0-ba12-fa36a878cdef', '2026-03-10 22:39:14.048875+00:00', false, false, true) ON CONFLICT (id) DO NOTHING;
INSERT INTO public.model_temperature_levels_junction (model_id, temperature_levels_id, created_at, generated, mcp, active) VALUES ('019b3be4-36d1-776a-8c68-59e8e40a6e77', '019c441a-0e9e-7ebf-83f0-e822b230d010', '2026-03-10 22:39:14.048875+00:00', false, false, true) ON CONFLICT (id) DO NOTHING;
INSERT INTO public.model_temperature_levels_junction (model_id, temperature_levels_id, created_at, generated, mcp, active) VALUES ('019b3be4-36d1-776a-8c68-59e8e40a6e77', '019c441a-0e9e-7ec9-8819-23cf95608dbe', '2026-03-10 22:39:14.048875+00:00', false, false, true) ON CONFLICT (id) DO NOTHING;
INSERT INTO public.model_temperature_levels_junction (model_id, temperature_levels_id, created_at, generated, mcp, active) VALUES ('019b3be4-36d1-776a-8c68-59e8e40a6e77', '019c441a-0e9e-7ed1-9766-04be0f1c6b20', '2026-03-10 22:39:14.048875+00:00', false, false, true) ON CONFLICT (id) DO NOTHING;
INSERT INTO public.model_temperature_levels_junction (model_id, temperature_levels_id, created_at, generated, mcp, active) VALUES ('019b3be4-36d1-776a-8c68-59e8e40a6e77', '019c441a-0e9e-7ede-ab08-a9ec02a3d29f', '2026-03-10 22:39:14.048875+00:00', false, false, true) ON CONFLICT (id) DO NOTHING;
INSERT INTO public.model_temperature_levels_junction (model_id, temperature_levels_id, created_at, generated, mcp, active) VALUES ('019b3be4-36d1-776a-8c68-59e8e40a6e77', '019c441a-0e9e-7ef6-8811-b13973658720', '2026-03-10 22:39:14.048875+00:00', false, false, true) ON CONFLICT (id) DO NOTHING;
INSERT INTO public.model_temperature_levels_junction (model_id, temperature_levels_id, created_at, generated, mcp, active) VALUES ('019b3be4-36d1-776a-8c68-59e8e40a6e77', '019c441a-0e9e-7f0d-9e4b-4b564ec66598', '2026-03-10 22:39:14.048875+00:00', false, false, true) ON CONFLICT (id) DO NOTHING;
INSERT INTO public.model_temperature_levels_junction (model_id, temperature_levels_id, created_at, generated, mcp, active) VALUES ('019b3be4-36d1-776a-8c68-59e8e40a6e77', '019c441a-0e9e-7f26-8ca6-a1b33fb97fbe', '2026-03-10 22:39:14.048875+00:00', false, false, true) ON CONFLICT (id) DO NOTHING;
INSERT INTO public.model_temperature_levels_junction (model_id, temperature_levels_id, created_at, generated, mcp, active) VALUES ('019b3be4-36d1-776a-8c68-59e8e40a6e77', '019c441a-0e9e-7f2e-81d2-2545ba70f21d', '2026-03-10 22:39:14.048875+00:00', false, false, true) ON CONFLICT (id) DO NOTHING;
INSERT INTO public.model_temperature_levels_junction (model_id, temperature_levels_id, created_at, generated, mcp, active) VALUES ('019b3be4-36d1-776a-8c68-59e8e40a6e77', '019c441a-0e9e-7f44-bb0b-5190a35cc0c0', '2026-03-10 22:39:14.048875+00:00', false, false, true) ON CONFLICT (id) DO NOTHING;
INSERT INTO public.model_temperature_levels_junction (model_id, temperature_levels_id, created_at, generated, mcp, active) VALUES ('019b3be4-36d1-776a-8c68-59e8e40a6e77', '019c441a-0e9e-7f53-8a08-d51406e55622', '2026-03-10 22:39:14.048875+00:00', false, false, true) ON CONFLICT (id) DO NOTHING;
INSERT INTO public.model_temperature_levels_junction (model_id, temperature_levels_id, created_at, generated, mcp, active) VALUES ('019b3be4-36d1-776a-8c68-59e8e40a6e77', '019c441a-0e9e-7f5f-9e3d-9922fdb0fdff', '2026-03-10 22:39:14.048875+00:00', false, false, true) ON CONFLICT (id) DO NOTHING;
INSERT INTO public.model_temperature_levels_junction (model_id, temperature_levels_id, created_at, generated, mcp, active) VALUES ('019b3be4-36d1-776a-8c68-59e8e40a6e77', '019c441a-0e9e-7f6c-a798-8328630ab038', '2026-03-10 22:39:14.048875+00:00', false, false, true) ON CONFLICT (id) DO NOTHING;
INSERT INTO public.model_temperature_levels_junction (model_id, temperature_levels_id, created_at, generated, mcp, active) VALUES ('019b3be4-36d1-776a-8c68-59e8e40a6e77', '019c441a-0e9e-7f80-a9cb-7b1c947ad4c8', '2026-03-10 22:39:14.048875+00:00', false, false, true) ON CONFLICT (id) DO NOTHING;
INSERT INTO public.model_temperature_levels_junction (model_id, temperature_levels_id, created_at, generated, mcp, active) VALUES ('019b3be4-36d1-776a-8c68-59e8e40a6e77', '019c441a-0e9e-7f8f-b0cf-ab7d52866f69', '2026-03-10 22:39:14.048875+00:00', false, false, true) ON CONFLICT (id) DO NOTHING;
INSERT INTO public.model_temperature_levels_junction (model_id, temperature_levels_id, created_at, generated, mcp, active) VALUES ('019b3be4-36d1-776a-8c68-59e8e40a6e77', '019c441a-0e9e-7fa5-87e8-3e52d48647cd', '2026-03-10 22:39:14.048875+00:00', false, false, true) ON CONFLICT (id) DO NOTHING;
INSERT INTO public.model_temperature_levels_junction (model_id, temperature_levels_id, created_at, generated, mcp, active) VALUES ('019b3be4-36d1-776a-8c68-59e8e40a6e77', '019c441a-0e9e-7fae-bed9-1177ce0bd598', '2026-03-10 22:39:14.048875+00:00', false, false, true) ON CONFLICT (id) DO NOTHING;
INSERT INTO public.model_temperature_levels_junction (model_id, temperature_levels_id, created_at, generated, mcp, active) VALUES ('019b3be4-36d1-776a-8c68-59e8e40a6e77', '019c441a-0e9e-7fbb-84b9-a7962089afa4', '2026-03-10 22:39:14.048875+00:00', false, false, true) ON CONFLICT (id) DO NOTHING;
INSERT INTO public.model_temperature_levels_junction (model_id, temperature_levels_id, created_at, generated, mcp, active) VALUES ('019b3be4-36d1-776a-8c68-59e8e40a6e77', '019c441a-0e9e-7fc1-8cef-8914d6b01390', '2026-03-10 22:39:14.048875+00:00', false, false, true) ON CONFLICT (id) DO NOTHING;
INSERT INTO public.model_temperature_levels_junction (model_id, temperature_levels_id, created_at, generated, mcp, active) VALUES ('019b3be4-36d1-776a-8c68-59e8e40a6e77', '019c441a-0e9e-7fcd-afc7-37cf75ba25a7', '2026-03-10 22:39:14.048875+00:00', false, false, true) ON CONFLICT (id) DO NOTHING;
INSERT INTO public.model_temperature_levels_junction (model_id, temperature_levels_id, created_at, generated, mcp, active) VALUES ('019b3be4-36d1-776a-8c68-59e8e40a6e77', '019c441a-0e9e-7fde-a372-d6c53b939a2d', '2026-03-10 22:39:14.048875+00:00', false, false, true) ON CONFLICT (id) DO NOTHING;
INSERT INTO public.model_temperature_levels_junction (model_id, temperature_levels_id, created_at, generated, mcp, active) VALUES ('019b3be4-36d1-776a-8c68-59e8e40a6e77', '019c441a-0e9e-7fee-be99-7292d6d5e130', '2026-03-10 22:39:14.048875+00:00', false, false, true) ON CONFLICT (id) DO NOTHING;
INSERT INTO public.model_temperature_levels_junction (model_id, temperature_levels_id, created_at, generated, mcp, active) VALUES ('019b3be4-36d1-776a-8c68-59e8e40a6e77', '019c441a-0e9e-7ff9-8627-a980b71f8514', '2026-03-10 22:39:14.048875+00:00', false, false, true) ON CONFLICT (id) DO NOTHING;
INSERT INTO public.model_temperature_levels_junction (model_id, temperature_levels_id, created_at, generated, mcp, active) VALUES ('019b3be4-36d1-776a-8c68-59e8e40a6e77', '019c441a-0e9f-7004-9320-7d40cf5cd428', '2026-03-10 22:39:14.048875+00:00', false, false, true) ON CONFLICT (id) DO NOTHING;
INSERT INTO public.model_temperature_levels_junction (model_id, temperature_levels_id, created_at, generated, mcp, active) VALUES ('019b3be4-36d1-776a-8c68-59e8e40a6e77', '019c441a-0e9f-700c-a8c5-11434dc2ea95', '2026-03-10 22:39:14.048875+00:00', false, false, true) ON CONFLICT (id) DO NOTHING;
INSERT INTO public.model_temperature_levels_junction (model_id, temperature_levels_id, created_at, generated, mcp, active) VALUES ('019b3be4-36d1-776a-8c68-59e8e40a6e77', '019c441a-0e9f-7016-9973-59eca073bebe', '2026-03-10 22:39:14.048875+00:00', false, false, true) ON CONFLICT (id) DO NOTHING;
INSERT INTO public.model_temperature_levels_junction (model_id, temperature_levels_id, created_at, generated, mcp, active) VALUES ('019b3be4-36d1-776a-8c68-59e8e40a6e77', '019c441a-0e9f-7027-b2b3-40f7679aa440', '2026-03-10 22:39:14.048875+00:00', false, false, true) ON CONFLICT (id) DO NOTHING;
INSERT INTO public.model_temperature_levels_junction (model_id, temperature_levels_id, created_at, generated, mcp, active) VALUES ('019b3be4-36d1-776a-8c68-59e8e40a6e77', '019c441a-0e9f-7038-a8fe-a960af92c6cd', '2026-03-10 22:39:14.048875+00:00', false, false, true) ON CONFLICT (id) DO NOTHING;
INSERT INTO public.model_temperature_levels_junction (model_id, temperature_levels_id, created_at, generated, mcp, active) VALUES ('019b3be4-36d1-776a-8c68-59e8e40a6e77', '019c441a-0e9f-7055-8c67-a6f96ebb872b', '2026-03-10 22:39:14.048875+00:00', false, false, true) ON CONFLICT (id) DO NOTHING;
INSERT INTO public.model_temperature_levels_junction (model_id, temperature_levels_id, created_at, generated, mcp, active) VALUES ('019b3be4-36d1-776a-8c68-59e8e40a6e77', '019c441a-0e9f-7067-a9d9-66f6b22a620c', '2026-03-10 22:39:14.048875+00:00', false, false, true) ON CONFLICT (id) DO NOTHING;
INSERT INTO public.model_temperature_levels_junction (model_id, temperature_levels_id, created_at, generated, mcp, active) VALUES ('019b3be4-36d1-776a-8c68-59e8e40a6e77', '019c441a-0e9f-7076-b0f4-d3db8a59a2bf', '2026-03-10 22:39:14.048875+00:00', false, false, true) ON CONFLICT (id) DO NOTHING;
INSERT INTO public.model_temperature_levels_junction (model_id, temperature_levels_id, created_at, generated, mcp, active) VALUES ('019b3be4-36d1-776a-8c68-59e8e40a6e77', '019c441a-0e9f-7087-a7c2-481e3cf67900', '2026-03-10 22:39:14.048875+00:00', false, false, true) ON CONFLICT (id) DO NOTHING;
INSERT INTO public.model_temperature_levels_junction (model_id, temperature_levels_id, created_at, generated, mcp, active) VALUES ('019b3be4-36d1-776a-8c68-59e8e40a6e77', '019c441a-0e9f-708c-ace6-6ab6bfb9032b', '2026-03-10 22:39:14.048875+00:00', false, false, true) ON CONFLICT (id) DO NOTHING;
INSERT INTO public.model_temperature_levels_junction (model_id, temperature_levels_id, created_at, generated, mcp, active) VALUES ('019b3be4-36d1-776a-8c68-59e8e40a6e77', '019c441a-0e9f-70a7-8312-c8913b2bd033', '2026-03-10 22:39:14.048875+00:00', false, false, true) ON CONFLICT (id) DO NOTHING;
INSERT INTO public.model_temperature_levels_junction (model_id, temperature_levels_id, created_at, generated, mcp, active) VALUES ('019b3be4-36d1-776a-8c68-59e8e40a6e77', '019c441a-0e9f-70b3-bad8-286a24dc5f49', '2026-03-10 22:39:14.048875+00:00', false, false, true) ON CONFLICT (id) DO NOTHING;
INSERT INTO public.model_temperature_levels_junction (model_id, temperature_levels_id, created_at, generated, mcp, active) VALUES ('019b3be4-36d1-776a-8c68-59e8e40a6e77', '019c441a-0e9f-70be-928f-7873d52a9642', '2026-03-10 22:39:14.048875+00:00', false, false, true) ON CONFLICT (id) DO NOTHING;
INSERT INTO public.model_temperature_levels_junction (model_id, temperature_levels_id, created_at, generated, mcp, active) VALUES ('019b3be4-36d1-776a-8c68-59e8e40a6e77', '019c441a-0e9f-70ce-849a-af4b11bbfaf6', '2026-03-10 22:39:14.048875+00:00', false, false, true) ON CONFLICT (id) DO NOTHING;
INSERT INTO public.model_temperature_levels_junction (model_id, temperature_levels_id, created_at, generated, mcp, active) VALUES ('019b3be4-36d1-776a-8c68-59e8e40a6e77', '019c441a-0e9f-70d9-8046-2d636f526116', '2026-03-10 22:39:14.048875+00:00', false, false, true) ON CONFLICT (id) DO NOTHING;
INSERT INTO public.model_temperature_levels_junction (model_id, temperature_levels_id, created_at, generated, mcp, active) VALUES ('019b3be4-36d1-776a-8c68-59e8e40a6e77', '019c441a-0e9f-70e8-8235-7196b41406e1', '2026-03-10 22:39:14.048875+00:00', false, false, true) ON CONFLICT (id) DO NOTHING;
INSERT INTO public.model_temperature_levels_junction (model_id, temperature_levels_id, created_at, generated, mcp, active) VALUES ('019b3be4-36d1-776a-8c68-59e8e40a6e77', '019c441a-0e9f-70f0-a568-30584bfef8fb', '2026-03-10 22:39:14.048875+00:00', false, false, true) ON CONFLICT (id) DO NOTHING;
INSERT INTO public.model_temperature_levels_junction (model_id, temperature_levels_id, created_at, generated, mcp, active) VALUES ('019b3be4-36d1-776a-8c68-59e8e40a6e77', '019c441a-0e9f-7101-afd8-b2e50bc968f9', '2026-03-10 22:39:14.048875+00:00', false, false, true) ON CONFLICT (id) DO NOTHING;
INSERT INTO public.model_temperature_levels_junction (model_id, temperature_levels_id, created_at, generated, mcp, active) VALUES ('019b3be4-36d1-776a-8c68-59e8e40a6e77', '019c441a-0e9f-710b-99b2-3db575f01df1', '2026-03-10 22:39:14.048875+00:00', false, false, true) ON CONFLICT (id) DO NOTHING;
INSERT INTO public.model_temperature_levels_junction (model_id, temperature_levels_id, created_at, generated, mcp, active) VALUES ('019b3be4-36d1-776a-8c68-59e8e40a6e77', '019c441a-0e9f-7116-ab87-05d7035642c7', '2026-03-10 22:39:14.048875+00:00', false, false, true) ON CONFLICT (id) DO NOTHING;
INSERT INTO public.model_temperature_levels_junction (model_id, temperature_levels_id, created_at, generated, mcp, active) VALUES ('019b3be4-36d1-776a-8c68-59e8e40a6e77', '019c441a-0e9f-7120-bc1c-1e290802109a', '2026-03-10 22:39:14.048875+00:00', false, false, true) ON CONFLICT (id) DO NOTHING;
INSERT INTO public.model_temperature_levels_junction (model_id, temperature_levels_id, created_at, generated, mcp, active) VALUES ('019b3be4-36d1-776a-8c68-59e8e40a6e77', '019c441a-0e9f-712f-ad29-33e6889ca042', '2026-03-10 22:39:14.048875+00:00', false, false, true) ON CONFLICT (id) DO NOTHING;
INSERT INTO public.model_temperature_levels_junction (model_id, temperature_levels_id, created_at, generated, mcp, active) VALUES ('019b3be4-36d1-776a-8c68-59e8e40a6e77', '019c441a-0e9f-713c-87f4-1ce375f0e09f', '2026-03-10 22:39:14.048875+00:00', false, false, true) ON CONFLICT (id) DO NOTHING;
INSERT INTO public.model_temperature_levels_junction (model_id, temperature_levels_id, created_at, generated, mcp, active) VALUES ('019b3be4-36d1-776a-8c68-59e8e40a6e77', '019c441a-0e9f-715a-8037-ac5450f006cb', '2026-03-10 22:39:14.048875+00:00', false, false, true) ON CONFLICT (id) DO NOTHING;
INSERT INTO public.model_temperature_levels_junction (model_id, temperature_levels_id, created_at, generated, mcp, active) VALUES ('019b3be4-36d1-776a-8c68-59e8e40a6e77', '019c441a-0e9f-7166-a4b2-8eef873a73e7', '2026-03-10 22:39:14.048875+00:00', false, false, true) ON CONFLICT (id) DO NOTHING;
INSERT INTO public.model_temperature_levels_junction (model_id, temperature_levels_id, created_at, generated, mcp, active) VALUES ('019b3be4-36d1-776a-8c68-59e8e40a6e77', '019c441a-0e9f-716f-9341-e1c1d078369b', '2026-03-10 22:39:14.048875+00:00', false, false, true) ON CONFLICT (id) DO NOTHING;
INSERT INTO public.model_temperature_levels_junction (model_id, temperature_levels_id, created_at, generated, mcp, active) VALUES ('019b3be4-36d1-776a-8c68-59e8e40a6e77', '019c441a-0e9f-7176-a9ff-74d14b50e469', '2026-03-10 22:39:14.048875+00:00', false, false, true) ON CONFLICT (id) DO NOTHING;
INSERT INTO public.model_temperature_levels_junction (model_id, temperature_levels_id, created_at, generated, mcp, active) VALUES ('019b3be4-36d1-776a-8c68-59e8e40a6e77', '019c441a-0e9f-718b-9bf3-c0143fa5d3c1', '2026-03-10 22:39:14.048875+00:00', false, false, true) ON CONFLICT (id) DO NOTHING;
INSERT INTO public.model_temperature_levels_junction (model_id, temperature_levels_id, created_at, generated, mcp, active) VALUES ('019b3be4-36d1-776a-8c68-59e8e40a6e77', '019c441a-0e9f-732f-ac4d-b10174e69e21', '2026-03-10 22:39:14.048875+00:00', false, false, true) ON CONFLICT (id) DO NOTHING;
INSERT INTO public.model_temperature_levels_junction (model_id, temperature_levels_id, created_at, generated, mcp, active) VALUES ('019b3be4-36d1-776a-8c68-59e8e40a6e77', '019c441a-0e9f-7335-a559-31fe7e8db595', '2026-03-10 22:39:14.048875+00:00', false, false, true) ON CONFLICT (id) DO NOTHING;
INSERT INTO public.model_temperature_levels_junction (model_id, temperature_levels_id, created_at, generated, mcp, active) VALUES ('019b3be4-36d1-776a-8c68-59e8e40a6e77', '019c441a-0e9f-735a-81cf-eed6e8196398', '2026-03-10 22:39:14.048875+00:00', false, false, true) ON CONFLICT (id) DO NOTHING;
INSERT INTO public.model_temperature_levels_junction (model_id, temperature_levels_id, created_at, generated, mcp, active) VALUES ('019b3be4-36d1-776a-8c68-59e8e40a6e77', '019c441a-0e9f-7370-856d-7b31ced06c90', '2026-03-10 22:39:14.048875+00:00', false, false, true) ON CONFLICT (id) DO NOTHING;
INSERT INTO public.model_temperature_levels_junction (model_id, temperature_levels_id, created_at, generated, mcp, active) VALUES ('019b3be4-36d1-776a-8c68-59e8e40a6e77', '019c441a-0e9f-738a-9c75-c3dc21a1aed4', '2026-03-10 22:39:14.048875+00:00', false, false, true) ON CONFLICT (id) DO NOTHING;
INSERT INTO public.model_temperature_levels_junction (model_id, temperature_levels_id, created_at, generated, mcp, active) VALUES ('019b3be4-36d1-776a-8c68-59e8e40a6e77', '019c441a-0e9f-73a7-8628-636b0586d4fb', '2026-03-10 22:39:14.048875+00:00', false, false, true) ON CONFLICT (id) DO NOTHING;
INSERT INTO public.model_temperature_levels_junction (model_id, temperature_levels_id, created_at, generated, mcp, active) VALUES ('019b3be4-36d1-776a-8c68-59e8e40a6e77', '019c441a-0e9f-73b3-b4c6-96f71113e8dc', '2026-03-10 22:39:14.048875+00:00', false, false, true) ON CONFLICT (id) DO NOTHING;
INSERT INTO public.model_temperature_levels_junction (model_id, temperature_levels_id, created_at, generated, mcp, active) VALUES ('019b3be4-36d1-776a-8c68-59e8e40a6e77', '019c441a-0e9f-73b7-a591-e6cb67cc219a', '2026-03-10 22:39:14.048875+00:00', false, false, true) ON CONFLICT (id) DO NOTHING;
INSERT INTO public.model_temperature_levels_junction (model_id, temperature_levels_id, created_at, generated, mcp, active) VALUES ('019b3be4-36d1-776a-8c68-59e8e40a6e77', '019c441a-0e9f-73ca-8872-97569ea04c56', '2026-03-10 22:39:14.048875+00:00', false, false, true) ON CONFLICT (id) DO NOTHING;
INSERT INTO public.model_temperature_levels_junction (model_id, temperature_levels_id, created_at, generated, mcp, active) VALUES ('019b3be4-36d1-776a-8c68-59e8e40a6e77', '019c441a-0e9f-73d9-a939-23bb7a0cc094', '2026-03-10 22:39:14.048875+00:00', false, false, true) ON CONFLICT (id) DO NOTHING;
INSERT INTO public.model_temperature_levels_junction (model_id, temperature_levels_id, created_at, generated, mcp, active) VALUES ('019b3be4-36d1-776a-8c68-59e8e40a6e77', '019c441a-0e9f-73e9-9074-5fc628f2e51c', '2026-03-10 22:39:14.048875+00:00', false, false, true) ON CONFLICT (id) DO NOTHING;
INSERT INTO public.model_temperature_levels_junction (model_id, temperature_levels_id, created_at, generated, mcp, active) VALUES ('019b3be4-36d1-776a-8c68-59e8e40a6e77', '019c441a-0e9f-73f9-b1ae-e42dda0fd3c5', '2026-03-10 22:39:14.048875+00:00', false, false, true) ON CONFLICT (id) DO NOTHING;
INSERT INTO public.model_temperature_levels_junction (model_id, temperature_levels_id, created_at, generated, mcp, active) VALUES ('019b3be4-36d1-776a-8c68-59e8e40a6e77', '019c441a-0e9f-7413-be9e-8c771dd1ceb2', '2026-03-10 22:39:14.048875+00:00', false, false, true) ON CONFLICT (id) DO NOTHING;
INSERT INTO public.model_temperature_levels_junction (model_id, temperature_levels_id, created_at, generated, mcp, active) VALUES ('019b3be4-36d1-776a-8c68-59e8e40a6e77', '019c441a-0e9f-741c-889d-c67c16f9dc2b', '2026-03-10 22:39:14.048875+00:00', false, false, true) ON CONFLICT (id) DO NOTHING;
INSERT INTO public.model_temperature_levels_junction (model_id, temperature_levels_id, created_at, generated, mcp, active) VALUES ('019b3be4-36d1-776a-8c68-59e8e40a6e77', '019c441a-0e9f-742a-995a-2c0c8e1cffba', '2026-03-10 22:39:14.048875+00:00', false, false, true) ON CONFLICT (id) DO NOTHING;

-- models_resource
INSERT INTO public.models_resource (created_at, value, active, generated, mcp, id, name, description, department_ids, provider_id, temperature_level_ids, reasoning_level_ids, quality_ids, voice_ids, modality_ids) VALUES ('2026-03-10 22:39:13.943417+00:00', '', true, false, false, '019b3be4-36d1-77e9-a142-1caa685eefb0', 'gemini-2.5-flash-image', 'Gemini 2.5 Flash Image is Google''s native image generation model, optimized for speed, flexibility, and contextual understanding. Text input and output is priced the same as 2.5 Flash.', '{}', NULL, '{}', '{}', '{}', '{}', '{}') ON CONFLICT (id) DO NOTHING;
INSERT INTO public.models_resource (created_at, value, active, generated, mcp, id, name, description, department_ids, provider_id, temperature_level_ids, reasoning_level_ids, quality_ids, voice_ids, modality_ids) VALUES ('2026-03-10 22:39:13.951318+00:00', '', true, false, false, '019b3be4-36cd-7877-836a-8a5fc9b7f7bb', 'gemini-2.5-flash-lite', 'Gemini 2.5 Flash Lite is a lightweight version of Gemini 2.5 Flash optimized for speed and efficiency.', '{}', NULL, '{}', '{}', '{}', '{}', '{}') ON CONFLICT (id) DO NOTHING;
INSERT INTO public.models_resource (created_at, value, active, generated, mcp, id, name, description, department_ids, provider_id, temperature_level_ids, reasoning_level_ids, quality_ids, voice_ids, modality_ids) VALUES ('2026-03-10 22:39:13.961283+00:00', '', true, false, false, '019b3be4-36cd-7821-9ad2-6c260f8271b9', 'gemini-2.5-flash', 'Gemini 2.5 Flash is a language model that can be used to generate text, images, and audio. Pricing shown is for thinking mode.', '{}', NULL, '{}', '{}', '{}', '{}', '{}') ON CONFLICT (id) DO NOTHING;
INSERT INTO public.models_resource (created_at, value, active, generated, mcp, id, name, description, department_ids, provider_id, temperature_level_ids, reasoning_level_ids, quality_ids, voice_ids, modality_ids) VALUES ('2026-03-10 22:39:13.967960+00:00', '', true, false, false, '019b3be4-36cd-7883-b878-cf77e61f5906', 'gemini-2.5-pro', 'Gemini 2.5 Pro is Google''s most advanced language model with enhanced reasoning and multimodal capabilities. Pricing shown is for context windows ≤200k tokens.', '{}', NULL, '{}', '{}', '{}', '{}', '{}') ON CONFLICT (id) DO NOTHING;
INSERT INTO public.models_resource (created_at, value, active, generated, mcp, id, name, description, department_ids, provider_id, temperature_level_ids, reasoning_level_ids, quality_ids, voice_ids, modality_ids) VALUES ('2026-03-10 22:39:13.972238+00:00', '', true, false, false, '019b3be4-36d1-77f4-ae69-94e974529f3d', 'gemini-3-pro-image-preview', 'Gemini 3 Pro Image Preview is Google''s native image generation model, optimized for speed, flexibility, and contextual understanding. Text input and output is priced the same as Gemini 3 Pro.', '{}', NULL, '{}', '{}', '{}', '{}', '{}') ON CONFLICT (id) DO NOTHING;
INSERT INTO public.models_resource (created_at, value, active, generated, mcp, id, name, description, department_ids, provider_id, temperature_level_ids, reasoning_level_ids, quality_ids, voice_ids, modality_ids) VALUES ('2026-03-10 22:39:13.976320+00:00', '', true, false, false, '019b3be4-36d1-77ac-9c8d-7bcd806fbcf7', 'gemini-3-pro-preview', 'Gemini 3 Pro Preview is Google''s most advanced language model. Pricing shown is for prompts ≤200k tokens. Separate higher tier for prompts >200k (input $4 / output $18 / cache $0.40).', '{}', NULL, '{}', '{}', '{}', '{}', '{}') ON CONFLICT (id) DO NOTHING;
INSERT INTO public.models_resource (created_at, value, active, generated, mcp, id, name, description, department_ids, provider_id, temperature_level_ids, reasoning_level_ids, quality_ids, voice_ids, modality_ids) VALUES ('2026-03-10 22:39:13.982333+00:00', '', true, false, false, '019b3be4-36d1-782b-9f07-7b368cadc1f1', 'imagen-4.0-fast-generate-001', 'Imagen 4 Fast - Faster variant of Imagen 4 image generation model', '{}', NULL, '{}', '{}', '{}', '{}', '{}') ON CONFLICT (id) DO NOTHING;
INSERT INTO public.models_resource (created_at, value, active, generated, mcp, id, name, description, department_ids, provider_id, temperature_level_ids, reasoning_level_ids, quality_ids, voice_ids, modality_ids) VALUES ('2026-03-10 22:39:13.986087+00:00', '', true, false, false, '019b3be4-36d1-781d-9346-a9a8e2d4306d', 'imagen-4.0-generate-001', 'Imagen 4 Standard - Latest image generation model with significantly better text rendering and overall image quality', '{}', NULL, '{}', '{}', '{}', '{}', '{}') ON CONFLICT (id) DO NOTHING;
INSERT INTO public.models_resource (created_at, value, active, generated, mcp, id, name, description, department_ids, provider_id, temperature_level_ids, reasoning_level_ids, quality_ids, voice_ids, modality_ids) VALUES ('2026-03-10 22:39:13.989973+00:00', '', true, false, false, '019b3be4-36d1-7837-84df-b45edebc4ee5', 'imagen-4.0-ultra-generate-001', 'Imagen 4 Ultra - Highest quality variant of Imagen 4 image generation model', '{}', NULL, '{}', '{}', '{}', '{}', '{}') ON CONFLICT (id) DO NOTHING;
INSERT INTO public.models_resource (created_at, value, active, generated, mcp, id, name, description, department_ids, provider_id, temperature_level_ids, reasoning_level_ids, quality_ids, voice_ids, modality_ids) VALUES ('2026-03-10 22:39:13.993718+00:00', '', true, false, false, '019b3be4-36d1-7811-8a78-2a54d6facafc', 'veo-3.1-fast-generate-preview', 'Veo 3.1 Fast - Faster variant of Veo 3.1 video generation model', '{}', NULL, '{}', '{}', '{}', '{}', '{}') ON CONFLICT (id) DO NOTHING;
INSERT INTO public.models_resource (created_at, value, active, generated, mcp, id, name, description, department_ids, provider_id, temperature_level_ids, reasoning_level_ids, quality_ids, voice_ids, modality_ids) VALUES ('2026-03-10 22:39:13.997321+00:00', '', true, false, false, '019b3be4-36d1-7805-8d8b-9c811e4e765b', 'veo-3.1-generate-preview', 'Veo 3.1 Standard - Our latest video generation model, generates video with audio from text and image prompts', '{}', NULL, '{}', '{}', '{}', '{}', '{}') ON CONFLICT (id) DO NOTHING;
INSERT INTO public.models_resource (created_at, value, active, generated, mcp, id, name, description, department_ids, provider_id, temperature_level_ids, reasoning_level_ids, quality_ids, voice_ids, modality_ids) VALUES ('2026-03-10 22:39:14.000816+00:00', '', true, false, false, '019b3be4-36cd-7888-842b-8c6f8dfb363b', 'gpt-4.1', 'GPT-4.1 excels at instruction following and tool calling, with broad knowledge across domains. It features a 1M token context window, and low latency without a reasoning step.', '{}', NULL, '{}', '{}', '{}', '{}', '{}') ON CONFLICT (id) DO NOTHING;
INSERT INTO public.models_resource (created_at, value, active, generated, mcp, id, name, description, department_ids, provider_id, temperature_level_ids, reasoning_level_ids, quality_ids, voice_ids, modality_ids) VALUES ('2026-03-10 22:39:14.005802+00:00', '', true, false, false, '019b3be4-36d1-7742-89d5-a4dabeba6ae3', 'gpt-5-mini', 'GPT-5 Mini is a faster, more efficient version of GPT-5 optimized for speed and cost.', '{}', NULL, '{}', '{}', '{}', '{}', '{}') ON CONFLICT (id) DO NOTHING;
INSERT INTO public.models_resource (created_at, value, active, generated, mcp, id, name, description, department_ids, provider_id, temperature_level_ids, reasoning_level_ids, quality_ids, voice_ids, modality_ids) VALUES ('2026-03-10 22:39:14.010917+00:00', '', true, false, false, '019b3be4-36d1-7753-88ba-93ca9b8c6ee5', 'gpt-5-nano', 'GPT-5 Nano is the smallest and fastest GPT-5 variant, ideal for real-time applications.', '{}', NULL, '{}', '{}', '{}', '{}', '{}') ON CONFLICT (id) DO NOTHING;
INSERT INTO public.models_resource (created_at, value, active, generated, mcp, id, name, description, department_ids, provider_id, temperature_level_ids, reasoning_level_ids, quality_ids, voice_ids, modality_ids) VALUES ('2026-03-10 22:39:14.014445+00:00', '', true, false, false, '019b3be4-36d1-7790-ae43-d83841b86f0b', 'gpt-5.1', 'GPT-5.1 is OpenAI''s latest language model with advanced reasoning and multimodal capabilities. 400k context, 128k max output.', '{}', NULL, '{}', '{}', '{}', '{}', '{}') ON CONFLICT (id) DO NOTHING;
INSERT INTO public.models_resource (created_at, value, active, generated, mcp, id, name, description, department_ids, provider_id, temperature_level_ids, reasoning_level_ids, quality_ids, voice_ids, modality_ids) VALUES ('2026-03-10 22:39:14.019995+00:00', '', true, false, false, '019b3be4-36d1-7723-9b2e-5ea00d22ad62', 'gpt-5', 'GPT-5 is OpenAI''s latest language model with advanced reasoning and multimodal capabilities.', '{}', NULL, '{}', '{}', '{}', '{}', '{}') ON CONFLICT (id) DO NOTHING;
INSERT INTO public.models_resource (created_at, value, active, generated, mcp, id, name, description, department_ids, provider_id, temperature_level_ids, reasoning_level_ids, quality_ids, voice_ids, modality_ids) VALUES ('2026-03-10 22:39:14.023990+00:00', '', true, false, false, '019b3be4-36d1-77d1-bf3d-f2920b175b97', 'gpt-audio-mini', 'A cost-efficient version of GPT Audio. Accepts audio inputs and outputs, can be used in Chat Completions REST API. 128k context, 16k max output.', '{}', NULL, '{}', '{}', '{}', '{}', '{}') ON CONFLICT (id) DO NOTHING;
INSERT INTO public.models_resource (created_at, value, active, generated, mcp, id, name, description, department_ids, provider_id, temperature_level_ids, reasoning_level_ids, quality_ids, voice_ids, modality_ids) VALUES ('2026-03-10 22:39:14.028747+00:00', '', true, false, false, '019b3be4-36d1-77bb-b61a-400ca2e43b82', 'gpt-audio', 'GPT Audio is OpenAI''s first generally available audio model. Accepts audio inputs and outputs, can be used in Chat Completions REST API. 128k context, 16k max output.', '{}', NULL, '{}', '{}', '{}', '{}', '{}') ON CONFLICT (id) DO NOTHING;
INSERT INTO public.models_resource (created_at, value, active, generated, mcp, id, name, description, department_ids, provider_id, temperature_level_ids, reasoning_level_ids, quality_ids, voice_ids, modality_ids) VALUES ('2026-03-10 22:39:14.033645+00:00', '', true, false, false, '019b3be4-36d1-786c-a2d6-39d1847d758c', 'gpt-image-1-mini', 'GPT Image 1 Mini (Medium Quality) - 1024x1024 resolution. OpenAI''s compact image generation model with balanced quality and cost.', '{}', NULL, '{}', '{}', '{}', '{}', '{}') ON CONFLICT (id) DO NOTHING;
INSERT INTO public.models_resource (created_at, value, active, generated, mcp, id, name, description, department_ids, provider_id, temperature_level_ids, reasoning_level_ids, quality_ids, voice_ids, modality_ids) VALUES ('2026-03-10 22:39:14.036654+00:00', '', true, false, false, '019b3be4-36d1-785a-afe5-6f3a911cdf01', 'gpt-image-1', 'GPT Image 1 (High Quality) - 1024x1024 resolution. OpenAI''s image generation model optimized for highest quality output.', '{}', NULL, '{}', '{}', '{}', '{}', '{}') ON CONFLICT (id) DO NOTHING;
INSERT INTO public.models_resource (created_at, value, active, generated, mcp, id, name, description, department_ids, provider_id, temperature_level_ids, reasoning_level_ids, quality_ids, voice_ids, modality_ids) VALUES ('2026-03-10 22:39:14.040006+00:00', '', true, false, false, '019b3be4-36cd-7891-988a-33c18c46a564', 'gpt-oss-20b', 'Open Source Running Locally', '{}', NULL, '{}', '{}', '{}', '{}', '{}') ON CONFLICT (id) DO NOTHING;
INSERT INTO public.models_resource (created_at, value, active, generated, mcp, id, name, description, department_ids, provider_id, temperature_level_ids, reasoning_level_ids, quality_ids, voice_ids, modality_ids) VALUES ('2026-03-10 22:39:14.043350+00:00', '', true, false, false, '019b3be4-36d1-77dc-8a0c-81273114cb56', 'gpt-realtime-mini', 'A cost-efficient version of GPT Realtime - capable of responding to audio and text inputs in realtime over WebRTC, WebSocket, or SIP connections. 32k context, 4k max output.', '{}', NULL, '{}', '{}', '{}', '{}', '{}') ON CONFLICT (id) DO NOTHING;
INSERT INTO public.models_resource (created_at, value, active, generated, mcp, id, name, description, department_ids, provider_id, temperature_level_ids, reasoning_level_ids, quality_ids, voice_ids, modality_ids) VALUES ('2026-03-10 22:39:14.047893+00:00', '', true, false, false, '019b3be4-36d1-776a-8c68-59e8e40a6e77', 'gpt-realtime', 'GPT Realtime is OpenAI''s real-time audio model for conversational AI.', '{}', NULL, '{}', '{}', '{}', '{}', '{}') ON CONFLICT (id) DO NOTHING;
INSERT INTO public.models_resource (created_at, value, active, generated, mcp, id, name, description, department_ids, provider_id, temperature_level_ids, reasoning_level_ids, quality_ids, voice_ids, modality_ids) VALUES ('2026-03-10 22:39:14.052549+00:00', '', true, false, false, '019b3be4-36d1-7887-a4a4-c282641fe9e3', 'sora-2-pro', 'Sora 2 Pro (Low Quality) - 720x1280/1280x720 resolution. OpenAI''s advanced video generation model optimized for cost efficiency.', '{}', NULL, '{}', '{}', '{}', '{}', '{}') ON CONFLICT (id) DO NOTHING;
INSERT INTO public.models_resource (created_at, value, active, generated, mcp, id, name, description, department_ids, provider_id, temperature_level_ids, reasoning_level_ids, quality_ids, voice_ids, modality_ids) VALUES ('2026-03-10 22:39:14.055742+00:00', '', true, false, false, '019b3be4-36d1-7777-ad9f-cbe6aa668517', 'sora-2', 'Sora 2 is OpenAI''s advanced video generation model.', '{}', NULL, '{}', '{}', '{}', '{}', '{}') ON CONFLICT (id) DO NOTHING;

-- names_resource
INSERT INTO public.names_resource (id, name, created_at, active, generated, mcp) VALUES ('019cd9e7-810a-78d7-abd1-fc05c0e92658', 'Default Superadmin', '2026-03-10 22:39:13.673203+00:00', true, false, false) ON CONFLICT (id) DO NOTHING;
INSERT INTO public.names_resource (id, name, created_at, active, generated, mcp) VALUES ('019cd9e7-811f-7d45-896d-036b8dab6719', 'Default Admin', '2026-03-10 22:39:13.695656+00:00', true, false, false) ON CONFLICT (id) DO NOTHING;
INSERT INTO public.names_resource (id, name, created_at, active, generated, mcp) VALUES ('019cd9e7-8123-75ca-a35e-6d1af9872e0a', 'Default Instructional', '2026-03-10 22:39:13.699179+00:00', true, false, false) ON CONFLICT (id) DO NOTHING;
INSERT INTO public.names_resource (id, name, created_at, active, generated, mcp) VALUES ('019cd9e7-8126-7890-9098-c5edc1b10022', 'Default Member', '2026-03-10 22:39:13.702371+00:00', true, false, false) ON CONFLICT (id) DO NOTHING;
INSERT INTO public.names_resource (id, name, created_at, active, generated, mcp) VALUES ('019cd9e7-8129-7880-adf0-f86457d212aa', 'Default Guest', '2026-03-10 22:39:13.705368+00:00', true, false, false) ON CONFLICT (id) DO NOTHING;
INSERT INTO public.names_resource (id, name, created_at, active, generated, mcp) VALUES ('019cd9e7-81c0-7743-ad09-5e11336421ff', 'openai', '2026-03-10 22:39:13.855975+00:00', true, false, false) ON CONFLICT (id) DO NOTHING;
INSERT INTO public.names_resource (id, name, created_at, active, generated, mcp) VALUES ('019cd9e7-81c7-796a-9558-856fa866a8e7', 'gemini', '2026-03-10 22:39:13.863567+00:00', true, false, false) ON CONFLICT (id) DO NOTHING;
INSERT INTO public.names_resource (id, name, created_at, active, generated, mcp) VALUES ('019cd9e7-81e3-742b-b7b0-ce7cc6e90769', 'gemini-2.5-flash-image', '2026-03-10 22:39:13.891239+00:00', true, false, false) ON CONFLICT (id) DO NOTHING;
INSERT INTO public.names_resource (id, name, created_at, active, generated, mcp) VALUES ('019cd9e7-81e5-7913-8467-55e21a6b1992', 'gemini-2.5-flash-lite', '2026-03-10 22:39:13.893550+00:00', true, false, false) ON CONFLICT (id) DO NOTHING;
INSERT INTO public.names_resource (id, name, created_at, active, generated, mcp) VALUES ('019cd9e7-81e7-7936-a696-84ecbd233501', 'gemini-2.5-flash', '2026-03-10 22:39:13.895561+00:00', true, false, false) ON CONFLICT (id) DO NOTHING;
INSERT INTO public.names_resource (id, name, created_at, active, generated, mcp) VALUES ('019cd9e7-81e9-7a48-9109-a50ce3fbc6b1', 'gemini-2.5-pro', '2026-03-10 22:39:13.897628+00:00', true, false, false) ON CONFLICT (id) DO NOTHING;
INSERT INTO public.names_resource (id, name, created_at, active, generated, mcp) VALUES ('019cd9e7-81eb-7c40-b4af-faf4da31410d', 'gemini-3-pro-image-preview', '2026-03-10 22:39:13.899754+00:00', true, false, false) ON CONFLICT (id) DO NOTHING;
INSERT INTO public.names_resource (id, name, created_at, active, generated, mcp) VALUES ('019cd9e7-81ed-7cfa-bc00-1c8e32aef59f', 'gemini-3-pro-preview', '2026-03-10 22:39:13.901804+00:00', true, false, false) ON CONFLICT (id) DO NOTHING;
INSERT INTO public.names_resource (id, name, created_at, active, generated, mcp) VALUES ('019cd9e7-81ef-7d82-8dca-4e17ab171c45', 'imagen-4.0-fast-generate-001', '2026-03-10 22:39:13.903838+00:00', true, false, false) ON CONFLICT (id) DO NOTHING;
INSERT INTO public.names_resource (id, name, created_at, active, generated, mcp) VALUES ('019cd9e7-81f1-7eb8-b99e-140957b52d1a', 'imagen-4.0-generate-001', '2026-03-10 22:39:13.905914+00:00', true, false, false) ON CONFLICT (id) DO NOTHING;
INSERT INTO public.names_resource (id, name, created_at, active, generated, mcp) VALUES ('019cd9e7-81f3-7d75-9b2c-ca1618a2ca38', 'imagen-4.0-ultra-generate-001', '2026-03-10 22:39:13.907835+00:00', true, false, false) ON CONFLICT (id) DO NOTHING;
INSERT INTO public.names_resource (id, name, created_at, active, generated, mcp) VALUES ('019cd9e7-81f5-7d7e-b2a4-35efa21a3e34', 'veo-3.1-fast-generate-preview', '2026-03-10 22:39:13.909835+00:00', true, false, false) ON CONFLICT (id) DO NOTHING;
INSERT INTO public.names_resource (id, name, created_at, active, generated, mcp) VALUES ('019cd9e7-81f7-7d3e-9a83-eae6bea981ec', 'veo-3.1-generate-preview', '2026-03-10 22:39:13.911820+00:00', true, false, false) ON CONFLICT (id) DO NOTHING;
INSERT INTO public.names_resource (id, name, created_at, active, generated, mcp) VALUES ('019cd9e7-81f9-7c4d-8c55-292ed3bd85df', 'gpt-4.1', '2026-03-10 22:39:13.913763+00:00', true, false, false) ON CONFLICT (id) DO NOTHING;
INSERT INTO public.names_resource (id, name, created_at, active, generated, mcp) VALUES ('019cd9e7-81fb-7cf2-992e-727c50c87232', 'gpt-5-mini', '2026-03-10 22:39:13.915802+00:00', true, false, false) ON CONFLICT (id) DO NOTHING;
INSERT INTO public.names_resource (id, name, created_at, active, generated, mcp) VALUES ('019cd9e7-81fd-7cc1-ade5-ab7c87a56790', 'gpt-5-nano', '2026-03-10 22:39:13.917791+00:00', true, false, false) ON CONFLICT (id) DO NOTHING;
INSERT INTO public.names_resource (id, name, created_at, active, generated, mcp) VALUES ('019cd9e7-81ff-7cf8-bc15-d4c4449fbd40', 'gpt-5.1', '2026-03-10 22:39:13.919804+00:00', true, false, false) ON CONFLICT (id) DO NOTHING;
INSERT INTO public.names_resource (id, name, created_at, active, generated, mcp) VALUES ('019cd9e7-8201-7da3-9c4a-130114a6b157', 'gpt-5', '2026-03-10 22:39:13.921846+00:00', true, false, false) ON CONFLICT (id) DO NOTHING;
INSERT INTO public.names_resource (id, name, created_at, active, generated, mcp) VALUES ('019cd9e7-8203-7d62-93db-a22c2f3d8bc5', 'gpt-audio-mini', '2026-03-10 22:39:13.923831+00:00', true, false, false) ON CONFLICT (id) DO NOTHING;
INSERT INTO public.names_resource (id, name, created_at, active, generated, mcp) VALUES ('019cd9e7-8205-7b8f-9047-c1ec33788878', 'gpt-audio', '2026-03-10 22:39:13.925716+00:00', true, false, false) ON CONFLICT (id) DO NOTHING;
INSERT INTO public.names_resource (id, name, created_at, active, generated, mcp) VALUES ('019cd9e7-8207-7d51-be96-fd2b56644ca8', 'gpt-image-1-mini', '2026-03-10 22:39:13.927825+00:00', true, false, false) ON CONFLICT (id) DO NOTHING;
INSERT INTO public.names_resource (id, name, created_at, active, generated, mcp) VALUES ('019cd9e7-8209-7e8b-b5ea-bac3f39d3465', 'gpt-image-1', '2026-03-10 22:39:13.929903+00:00', true, false, false) ON CONFLICT (id) DO NOTHING;
INSERT INTO public.names_resource (id, name, created_at, active, generated, mcp) VALUES ('019cd9e7-820c-729b-bf19-3f4c56106d91', 'gpt-oss-20b', '2026-03-10 22:39:13.932155+00:00', true, false, false) ON CONFLICT (id) DO NOTHING;
INSERT INTO public.names_resource (id, name, created_at, active, generated, mcp) VALUES ('019cd9e7-820e-720a-ae16-1bf263ccfe4b', 'gpt-realtime-mini', '2026-03-10 22:39:13.934120+00:00', true, false, false) ON CONFLICT (id) DO NOTHING;
INSERT INTO public.names_resource (id, name, created_at, active, generated, mcp) VALUES ('019cd9e7-8210-7125-aac3-f83ed9c82fb4', 'gpt-realtime', '2026-03-10 22:39:13.936064+00:00', true, false, false) ON CONFLICT (id) DO NOTHING;
INSERT INTO public.names_resource (id, name, created_at, active, generated, mcp) VALUES ('019cd9e7-8212-7074-b4cf-e6341a37c3e6', 'sora-2-pro', '2026-03-10 22:39:13.938022+00:00', true, false, false) ON CONFLICT (id) DO NOTHING;
INSERT INTO public.names_resource (id, name, created_at, active, generated, mcp) VALUES ('019cd9e7-8214-705b-ba78-b57549299bc4', 'sora-2', '2026-03-10 22:39:13.940011+00:00', true, false, false) ON CONFLICT (id) DO NOTHING;
INSERT INTO public.names_resource (id, name, created_at, active, generated, mcp) VALUES ('019cd9e7-8299-7f99-8b0a-2c464bf9de81', 'Activity', '2026-03-10 22:39:14.073945+00:00', true, false, false) ON CONFLICT (id) DO NOTHING;
INSERT INTO public.names_resource (id, name, created_at, active, generated, mcp) VALUES ('019cd9e7-829c-7215-a524-964832e562ba', 'Agent', '2026-03-10 22:39:14.076120+00:00', true, false, false) ON CONFLICT (id) DO NOTHING;
INSERT INTO public.names_resource (id, name, created_at, active, generated, mcp) VALUES ('019cd9e7-829d-7de8-9338-36262a9fee29', 'Attempt Chat', '2026-03-10 22:39:14.077861+00:00', true, false, false) ON CONFLICT (id) DO NOTHING;
INSERT INTO public.names_resource (id, name, created_at, active, generated, mcp) VALUES ('019cd9e7-829f-7c15-aa5d-518a12294453', 'Attempt Grade', '2026-03-10 22:39:14.079748+00:00', true, false, false) ON CONFLICT (id) DO NOTHING;
INSERT INTO public.names_resource (id, name, created_at, active, generated, mcp) VALUES ('019cd9e7-82a1-7680-b594-24c1a3810de2', 'Attempt Insight', '2026-03-10 22:39:14.081400+00:00', true, false, false) ON CONFLICT (id) DO NOTHING;
INSERT INTO public.names_resource (id, name, created_at, active, generated, mcp) VALUES ('019cd9e7-82a2-7fba-9742-973b2097f345', 'Auth', '2026-03-10 22:39:14.082974+00:00', true, false, false) ON CONFLICT (id) DO NOTHING;
INSERT INTO public.names_resource (id, name, created_at, active, generated, mcp) VALUES ('019cd9e7-82a4-7907-aed1-c8010c57c706', 'Benchmark', '2026-03-10 22:39:14.084556+00:00', true, false, false) ON CONFLICT (id) DO NOTHING;
INSERT INTO public.names_resource (id, name, created_at, active, generated, mcp) VALUES ('019cd9e7-82a6-71f8-82d0-18482184e383', 'Chat', '2026-03-10 22:39:14.086115+00:00', true, false, false) ON CONFLICT (id) DO NOTHING;
INSERT INTO public.names_resource (id, name, created_at, active, generated, mcp) VALUES ('019cd9e7-82a7-7af4-838e-24f2ea9fc018', 'Cohort', '2026-03-10 22:39:14.087677+00:00', true, false, false) ON CONFLICT (id) DO NOTHING;
INSERT INTO public.names_resource (id, name, created_at, active, generated, mcp) VALUES ('019cd9e7-82a9-746e-8e74-7f8ccc4cd036', 'Dashboard', '2026-03-10 22:39:14.089269+00:00', true, false, false) ON CONFLICT (id) DO NOTHING;
INSERT INTO public.names_resource (id, name, created_at, active, generated, mcp) VALUES ('019cd9e7-82ab-73fb-b955-4811cf3d2fd9', 'Department', '2026-03-10 22:39:14.091239+00:00', true, false, false) ON CONFLICT (id) DO NOTHING;
INSERT INTO public.names_resource (id, name, created_at, active, generated, mcp) VALUES ('019cd9e7-82ad-702c-9e05-a9ab95acc0b2', 'Document', '2026-03-10 22:39:14.093000+00:00', true, false, false) ON CONFLICT (id) DO NOTHING;
INSERT INTO public.names_resource (id, name, created_at, active, generated, mcp) VALUES ('019cd9e7-82ae-79ca-8aac-7c4d367a991c', 'Eval', '2026-03-10 22:39:14.094604+00:00', true, false, false) ON CONFLICT (id) DO NOTHING;
INSERT INTO public.names_resource (id, name, created_at, active, generated, mcp) VALUES ('019cd9e7-82b0-72b8-a8b3-6ae7460190aa', 'Field', '2026-03-10 22:39:14.096163+00:00', true, false, false) ON CONFLICT (id) DO NOTHING;
INSERT INTO public.names_resource (id, name, created_at, active, generated, mcp) VALUES ('019cd9e7-82b1-7b65-81ba-0075f72d25b1', 'Group', '2026-03-10 22:39:14.097705+00:00', true, false, false) ON CONFLICT (id) DO NOTHING;
INSERT INTO public.names_resource (id, name, created_at, active, generated, mcp) VALUES ('019cd9e7-82b3-75c7-9df6-b16a933567d0', 'Health', '2026-03-10 22:39:14.099354+00:00', true, false, false) ON CONFLICT (id) DO NOTHING;
INSERT INTO public.names_resource (id, name, created_at, active, generated, mcp) VALUES ('019cd9e7-82b4-7e94-8dfc-082383a8f9dc', 'Home', '2026-03-10 22:39:14.100905+00:00', true, false, false) ON CONFLICT (id) DO NOTHING;
INSERT INTO public.names_resource (id, name, created_at, active, generated, mcp) VALUES ('019cd9e7-82b6-791b-ad03-4b52d44b7dca', 'Invocation', '2026-03-10 22:39:14.102559+00:00', true, false, false) ON CONFLICT (id) DO NOTHING;
INSERT INTO public.names_resource (id, name, created_at, active, generated, mcp) VALUES ('019cd9e7-82b8-735c-9474-d4bc21461284', 'Leaderboard', '2026-03-10 22:39:14.104204+00:00', true, false, false) ON CONFLICT (id) DO NOTHING;
INSERT INTO public.names_resource (id, name, created_at, active, generated, mcp) VALUES ('019cd9e7-82b9-7d3e-9124-a2946e87d374', 'Model', '2026-03-10 22:39:14.105818+00:00', true, false, false) ON CONFLICT (id) DO NOTHING;
INSERT INTO public.names_resource (id, name, created_at, active, generated, mcp) VALUES ('019cd9e7-82bb-7c49-a432-93cde93de428', 'Parameter', '2026-03-10 22:39:14.107759+00:00', true, false, false) ON CONFLICT (id) DO NOTHING;
INSERT INTO public.names_resource (id, name, created_at, active, generated, mcp) VALUES ('019cd9e7-82bd-795a-a0df-4824593dc85c', 'Persona', '2026-03-10 22:39:14.109578+00:00', true, false, false) ON CONFLICT (id) DO NOTHING;
INSERT INTO public.names_resource (id, name, created_at, active, generated, mcp) VALUES ('019cd9e7-82bf-7382-af54-29e75f578dae', 'Practice', '2026-03-10 22:39:14.111213+00:00', true, false, false) ON CONFLICT (id) DO NOTHING;
INSERT INTO public.names_resource (id, name, created_at, active, generated, mcp) VALUES ('019cd9e7-82c0-7d08-8000-d513c2c05dcc', 'Pricing', '2026-03-10 22:39:14.112807+00:00', true, false, false) ON CONFLICT (id) DO NOTHING;
INSERT INTO public.names_resource (id, name, created_at, active, generated, mcp) VALUES ('019cd9e7-82c2-775e-89e4-001672aa9232', 'Profile', '2026-03-10 22:39:14.114453+00:00', true, false, false) ON CONFLICT (id) DO NOTHING;
INSERT INTO public.names_resource (id, name, created_at, active, generated, mcp) VALUES ('019cd9e7-82c4-71ce-9ae3-d06da1e820a9', 'Provider', '2026-03-10 22:39:14.116086+00:00', true, false, false) ON CONFLICT (id) DO NOTHING;
INSERT INTO public.names_resource (id, name, created_at, active, generated, mcp) VALUES ('019cd9e7-82c5-7bdf-ae0a-7b3d1147b27e', 'Record', '2026-03-10 22:39:14.117735+00:00', true, false, false) ON CONFLICT (id) DO NOTHING;
INSERT INTO public.names_resource (id, name, created_at, active, generated, mcp) VALUES ('019cd9e7-82c7-754b-a9c1-ab53732538b8', 'Reports', '2026-03-10 22:39:14.119322+00:00', true, false, false) ON CONFLICT (id) DO NOTHING;
INSERT INTO public.names_resource (id, name, created_at, active, generated, mcp) VALUES ('019cd9e7-82c8-7f40-ab91-5f660069cb6f', 'Rubric', '2026-03-10 22:39:14.120946+00:00', true, false, false) ON CONFLICT (id) DO NOTHING;
INSERT INTO public.names_resource (id, name, created_at, active, generated, mcp) VALUES ('019cd9e7-82ca-78d4-86af-9243ebbba461', 'Scenario', '2026-03-10 22:39:14.122545+00:00', true, false, false) ON CONFLICT (id) DO NOTHING;
INSERT INTO public.names_resource (id, name, created_at, active, generated, mcp) VALUES ('019cd9e7-82cc-7277-8611-f77b12339187', 'Scenario Image', '2026-03-10 22:39:14.124148+00:00', true, false, false) ON CONFLICT (id) DO NOTHING;
INSERT INTO public.names_resource (id, name, created_at, active, generated, mcp) VALUES ('019cd9e7-82cd-7c78-b4a8-4f945582918c', 'Scenario Video', '2026-03-10 22:39:14.125771+00:00', true, false, false) ON CONFLICT (id) DO NOTHING;
INSERT INTO public.names_resource (id, name, created_at, active, generated, mcp) VALUES ('019cd9e7-82cf-7811-b3e7-b6d1065bddf4', 'Session', '2026-03-10 22:39:14.127496+00:00', true, false, false) ON CONFLICT (id) DO NOTHING;
INSERT INTO public.names_resource (id, name, created_at, active, generated, mcp) VALUES ('019cd9e7-82d1-7153-8aa1-f7e94813ed4c', 'Setting', '2026-03-10 22:39:14.129074+00:00', true, false, false) ON CONFLICT (id) DO NOTHING;
INSERT INTO public.names_resource (id, name, created_at, active, generated, mcp) VALUES ('019cd9e7-82d2-7a63-a7c5-f8d51c985c71', 'Simulation', '2026-03-10 22:39:14.130642+00:00', true, false, false) ON CONFLICT (id) DO NOTHING;
INSERT INTO public.names_resource (id, name, created_at, active, generated, mcp) VALUES ('019cd9e7-82d4-73c7-b720-0e770f68108c', 'Test Grade', '2026-03-10 22:39:14.132230+00:00', true, false, false) ON CONFLICT (id) DO NOTHING;
INSERT INTO public.names_resource (id, name, created_at, active, generated, mcp) VALUES ('019cd9e7-82d5-7cbc-ba61-b6aaff65b055', 'Test Insight', '2026-03-10 22:39:14.133789+00:00', true, false, false) ON CONFLICT (id) DO NOTHING;
INSERT INTO public.names_resource (id, name, created_at, active, generated, mcp) VALUES ('019cd9e7-82d7-75eb-92b9-f9fd24bf1a62', 'Tool', '2026-03-10 22:39:14.135364+00:00', true, false, false) ON CONFLICT (id) DO NOTHING;
INSERT INTO public.names_resource (id, name, created_at, active, generated, mcp) VALUES ('019cd9e7-84ee-731d-bc1e-a590cbe7db6f', 'Google', '2026-03-10 22:39:14.670157+00:00', true, false, false) ON CONFLICT (id) DO NOTHING;
INSERT INTO public.names_resource (id, name, created_at, active, generated, mcp) VALUES ('019cd9e7-84f3-7f70-acfb-0384363726db', 'Microsoft', '2026-03-10 22:39:14.675938+00:00', true, false, false) ON CONFLICT (id) DO NOTHING;
INSERT INTO public.names_resource (id, name, created_at, active, generated, mcp) VALUES ('019cd9e7-8519-730f-b458-daf91a7cad6d', 'Run Evaluation', '2026-03-10 22:39:14.712938+00:00', true, false, false) ON CONFLICT (id) DO NOTHING;
INSERT INTO public.names_resource (id, name, created_at, active, generated, mcp) VALUES ('019cd9e7-851c-77b3-b580-1ec3d165b452', 'Group Evaluation', '2026-03-10 22:39:14.716463+00:00', true, false, false) ON CONFLICT (id) DO NOTHING;
INSERT INTO public.names_resource (id, name, created_at, active, generated, mcp) VALUES ('019cd9e7-851f-7725-939d-f798c9db4fba', 'Agent Agent Evaluation', '2026-03-10 22:39:14.719427+00:00', true, false, false) ON CONFLICT (id) DO NOTHING;
INSERT INTO public.names_resource (id, name, created_at, active, generated, mcp) VALUES ('019cd9e7-8522-759f-a1b8-fd36d18798d7', 'Auth Agent Evaluation', '2026-03-10 22:39:14.722333+00:00', true, false, false) ON CONFLICT (id) DO NOTHING;
INSERT INTO public.names_resource (id, name, created_at, active, generated, mcp) VALUES ('019cd9e7-8525-749c-b5ac-a73eb3b10f8d', 'Benchmark Agent Evaluation', '2026-03-10 22:39:14.725271+00:00', true, false, false) ON CONFLICT (id) DO NOTHING;
INSERT INTO public.names_resource (id, name, created_at, active, generated, mcp) VALUES ('019cd9e7-8527-7fcd-9d77-5bb6e75530ba', 'Chat Agent Agent Evaluation', '2026-03-10 22:39:14.727969+00:00', true, false, false) ON CONFLICT (id) DO NOTHING;
INSERT INTO public.names_resource (id, name, created_at, active, generated, mcp) VALUES ('019cd9e7-852a-7e54-9d6c-b0d9e5ae21d6', 'Cohort Agent Evaluation', '2026-03-10 22:39:14.730885+00:00', true, false, false) ON CONFLICT (id) DO NOTHING;
INSERT INTO public.names_resource (id, name, created_at, active, generated, mcp) VALUES ('019cd9e7-852d-791a-9f4e-e65bfad48484', 'Department Agent Evaluation', '2026-03-10 22:39:14.733560+00:00', true, false, false) ON CONFLICT (id) DO NOTHING;
INSERT INTO public.names_resource (id, name, created_at, active, generated, mcp) VALUES ('019cd9e7-8530-73dd-b007-71596546d922', 'Document Agent Evaluation', '2026-03-10 22:39:14.736233+00:00', true, false, false) ON CONFLICT (id) DO NOTHING;
INSERT INTO public.names_resource (id, name, created_at, active, generated, mcp) VALUES ('019cd9e7-8533-71f2-93ab-6b5198913648', 'Eval Agent Evaluation', '2026-03-10 22:39:14.739113+00:00', true, false, false) ON CONFLICT (id) DO NOTHING;
INSERT INTO public.names_resource (id, name, created_at, active, generated, mcp) VALUES ('019cd9e7-8535-7ed7-b848-737d272dd4cf', 'Field Agent Evaluation', '2026-03-10 22:39:14.741917+00:00', true, false, false) ON CONFLICT (id) DO NOTHING;
INSERT INTO public.names_resource (id, name, created_at, active, generated, mcp) VALUES ('019cd9e7-8538-7b8d-85cf-5ecfc4255b02', 'Grade Agent Agent Evaluation', '2026-03-10 22:39:14.744714+00:00', true, false, false) ON CONFLICT (id) DO NOTHING;
INSERT INTO public.names_resource (id, name, created_at, active, generated, mcp) VALUES ('019cd9e7-853b-767f-bfc3-f0edb3380979', 'Model Agent Evaluation', '2026-03-10 22:39:14.747397+00:00', true, false, false) ON CONFLICT (id) DO NOTHING;
INSERT INTO public.names_resource (id, name, created_at, active, generated, mcp) VALUES ('019cd9e7-853e-7396-b160-f4ee57cf9796', 'Parameter Agent Evaluation', '2026-03-10 22:39:14.750215+00:00', true, false, false) ON CONFLICT (id) DO NOTHING;
INSERT INTO public.names_resource (id, name, created_at, active, generated, mcp) VALUES ('019cd9e7-8541-708e-b6e0-bfe332f44122', 'Persona Agent Evaluation', '2026-03-10 22:39:14.753026+00:00', true, false, false) ON CONFLICT (id) DO NOTHING;
INSERT INTO public.names_resource (id, name, created_at, active, generated, mcp) VALUES ('019cd9e7-8543-7b29-ab99-a00009dd17cf', 'Profile Agent Evaluation', '2026-03-10 22:39:14.755689+00:00', true, false, false) ON CONFLICT (id) DO NOTHING;
INSERT INTO public.names_resource (id, name, created_at, active, generated, mcp) VALUES ('019cd9e7-8547-7be0-bc65-6e99721f7484', 'Provider Agent Evaluation', '2026-03-10 22:39:14.759719+00:00', true, false, false) ON CONFLICT (id) DO NOTHING;
INSERT INTO public.names_resource (id, name, created_at, active, generated, mcp) VALUES ('019cd9e7-854b-7b3e-bc83-e4800606666f', 'Rubric Agent Evaluation', '2026-03-10 22:39:14.763689+00:00', true, false, false) ON CONFLICT (id) DO NOTHING;
INSERT INTO public.names_resource (id, name, created_at, active, generated, mcp) VALUES ('019cd9e7-854f-7165-b612-2563c7bccd31', 'Scenario Agent Evaluation', '2026-03-10 22:39:14.767078+00:00', true, false, false) ON CONFLICT (id) DO NOTHING;
INSERT INTO public.names_resource (id, name, created_at, active, generated, mcp) VALUES ('019cd9e7-8552-71d1-b453-f86a1e7927de', 'Setting Agent Evaluation', '2026-03-10 22:39:14.770104+00:00', true, false, false) ON CONFLICT (id) DO NOTHING;
INSERT INTO public.names_resource (id, name, created_at, active, generated, mcp) VALUES ('019cd9e7-8555-71f9-b6d0-78a6c5301725', 'Simulation Agent Evaluation', '2026-03-10 22:39:14.773114+00:00', true, false, false) ON CONFLICT (id) DO NOTHING;
INSERT INTO public.names_resource (id, name, created_at, active, generated, mcp) VALUES ('019cd9e7-8557-7edb-833d-8315b9188796', 'Tool Agent Evaluation', '2026-03-10 22:39:14.775919+00:00', true, false, false) ON CONFLICT (id) DO NOTHING;
INSERT INTO public.names_resource (id, name, created_at, active, generated, mcp) VALUES ('019cd9e7-855a-7f36-9efc-485008c51515', 'Training Agent Evaluation', '2026-03-10 22:39:14.778942+00:00', true, false, false) ON CONFLICT (id) DO NOTHING;

-- profile_artifact
INSERT INTO public.profile_artifact (updated_at, created_at, id, generated, mcp, active) VALUES ('2026-03-10 22:39:13.673203+00:00', '2026-03-10 22:39:13.673203+00:00', '019b3be4-36f0-788c-9df2-481eb5917940', false, false, true) ON CONFLICT (id) DO NOTHING;
INSERT INTO public.profile_artifact (updated_at, created_at, id, generated, mcp, active) VALUES ('2026-03-10 22:39:13.695656+00:00', '2026-03-10 22:39:13.695656+00:00', '019b3be4-36ef-7a5f-98ab-ccb879770be0', false, false, true) ON CONFLICT (id) DO NOTHING;
INSERT INTO public.profile_artifact (updated_at, created_at, id, generated, mcp, active) VALUES ('2026-03-10 22:39:13.699179+00:00', '2026-03-10 22:39:13.699179+00:00', '019b3be4-36f0-785d-9d61-32eae65689ca', false, false, true) ON CONFLICT (id) DO NOTHING;
INSERT INTO public.profile_artifact (updated_at, created_at, id, generated, mcp, active) VALUES ('2026-03-10 22:39:13.702371+00:00', '2026-03-10 22:39:13.702371+00:00', '019b3be4-36f0-7eb3-bc4e-bcab772edd92', false, false, true) ON CONFLICT (id) DO NOTHING;
INSERT INTO public.profile_artifact (updated_at, created_at, id, generated, mcp, active) VALUES ('2026-03-10 22:39:13.705368+00:00', '2026-03-10 22:39:13.705368+00:00', '019b3be4-36f0-792c-82d6-126664ed18b6', false, false, true) ON CONFLICT (id) DO NOTHING;

-- profile_flags_junction
INSERT INTO public.profile_flags_junction (profile_id, flags_id, created_at, generated, mcp, active) VALUES ('019b3be4-36f0-788c-9df2-481eb5917940', '019be334-bfc5-7197-8f3e-c203790334de', '2026-03-10 22:39:13.673203+00:00', false, false, true) ON CONFLICT (id) DO NOTHING;
INSERT INTO public.profile_flags_junction (profile_id, flags_id, created_at, generated, mcp, active) VALUES ('019b3be4-36ef-7a5f-98ab-ccb879770be0', '019be334-bfc5-7197-8f3e-c203790334de', '2026-03-10 22:39:13.695656+00:00', false, false, true) ON CONFLICT (id) DO NOTHING;
INSERT INTO public.profile_flags_junction (profile_id, flags_id, created_at, generated, mcp, active) VALUES ('019b3be4-36f0-785d-9d61-32eae65689ca', '019be334-bfc5-7197-8f3e-c203790334de', '2026-03-10 22:39:13.699179+00:00', false, false, true) ON CONFLICT (id) DO NOTHING;
INSERT INTO public.profile_flags_junction (profile_id, flags_id, created_at, generated, mcp, active) VALUES ('019b3be4-36f0-7eb3-bc4e-bcab772edd92', '019be334-bfc5-7197-8f3e-c203790334de', '2026-03-10 22:39:13.702371+00:00', false, false, true) ON CONFLICT (id) DO NOTHING;
INSERT INTO public.profile_flags_junction (profile_id, flags_id, created_at, generated, mcp, active) VALUES ('019b3be4-36f0-792c-82d6-126664ed18b6', '019be334-bfc5-7197-8f3e-c203790334de', '2026-03-10 22:39:13.705368+00:00', false, false, true) ON CONFLICT (id) DO NOTHING;

-- profile_names_junction
INSERT INTO public.profile_names_junction (profile_id, names_id, created_at, generated, mcp, active) VALUES ('019b3be4-36f0-788c-9df2-481eb5917940', '019cd9e7-810a-78d7-abd1-fc05c0e92658', '2026-03-10 22:39:13.673203+00:00', false, false, true) ON CONFLICT (id) DO NOTHING;
INSERT INTO public.profile_names_junction (profile_id, names_id, created_at, generated, mcp, active) VALUES ('019b3be4-36ef-7a5f-98ab-ccb879770be0', '019cd9e7-811f-7d45-896d-036b8dab6719', '2026-03-10 22:39:13.695656+00:00', false, false, true) ON CONFLICT (id) DO NOTHING;
INSERT INTO public.profile_names_junction (profile_id, names_id, created_at, generated, mcp, active) VALUES ('019b3be4-36f0-785d-9d61-32eae65689ca', '019cd9e7-8123-75ca-a35e-6d1af9872e0a', '2026-03-10 22:39:13.699179+00:00', false, false, true) ON CONFLICT (id) DO NOTHING;
INSERT INTO public.profile_names_junction (profile_id, names_id, created_at, generated, mcp, active) VALUES ('019b3be4-36f0-7eb3-bc4e-bcab772edd92', '019cd9e7-8126-7890-9098-c5edc1b10022', '2026-03-10 22:39:13.702371+00:00', false, false, true) ON CONFLICT (id) DO NOTHING;
INSERT INTO public.profile_names_junction (profile_id, names_id, created_at, generated, mcp, active) VALUES ('019b3be4-36f0-792c-82d6-126664ed18b6', '019cd9e7-8129-7880-adf0-f86457d212aa', '2026-03-10 22:39:13.705368+00:00', false, false, true) ON CONFLICT (id) DO NOTHING;

-- profile_profiles_junction
INSERT INTO public.profile_profiles_junction (profile_id, profiles_id, active, created_at, generated, mcp) VALUES ('019b3be4-36f0-788c-9df2-481eb5917940', '019b3be4-36f0-788c-9df2-481eb5917940', true, '2026-03-10 22:39:13.673203+00:00', false, false) ON CONFLICT (id) DO NOTHING;
INSERT INTO public.profile_profiles_junction (profile_id, profiles_id, active, created_at, generated, mcp) VALUES ('019b3be4-36ef-7a5f-98ab-ccb879770be0', '019b3be4-36ef-7a5f-98ab-ccb879770be0', true, '2026-03-10 22:39:13.695656+00:00', false, false) ON CONFLICT (id) DO NOTHING;
INSERT INTO public.profile_profiles_junction (profile_id, profiles_id, active, created_at, generated, mcp) VALUES ('019b3be4-36f0-785d-9d61-32eae65689ca', '019b3be4-36f0-785d-9d61-32eae65689ca', true, '2026-03-10 22:39:13.699179+00:00', false, false) ON CONFLICT (id) DO NOTHING;
INSERT INTO public.profile_profiles_junction (profile_id, profiles_id, active, created_at, generated, mcp) VALUES ('019b3be4-36f0-7eb3-bc4e-bcab772edd92', '019b3be4-36f0-7eb3-bc4e-bcab772edd92', true, '2026-03-10 22:39:13.702371+00:00', false, false) ON CONFLICT (id) DO NOTHING;
INSERT INTO public.profile_profiles_junction (profile_id, profiles_id, active, created_at, generated, mcp) VALUES ('019b3be4-36f0-792c-82d6-126664ed18b6', '019b3be4-36f0-792c-82d6-126664ed18b6', true, '2026-03-10 22:39:13.705368+00:00', false, false) ON CONFLICT (id) DO NOTHING;

-- profile_request_limits_junction
INSERT INTO public.profile_request_limits_junction (requests_per_day, active, created_at, profile_id, request_limits_id, generated, mcp) VALUES (10, true, '2026-03-10 22:39:13.705368+00:00', '019b3be4-36f0-792c-82d6-126664ed18b6', '019bb553-e77f-797c-ae44-544fbe10351b', false, false) ON CONFLICT (id) DO NOTHING;

-- profile_roles_junction
INSERT INTO public.profile_roles_junction (profile_id, roles_id, created_at, generated, mcp, active) VALUES ('019b3be4-36f0-788c-9df2-481eb5917940', '019bbabc-5a3b-7481-bbf5-a7c2193bc5e4', '2026-03-10 22:39:13.673203+00:00', false, false, true) ON CONFLICT (id) DO NOTHING;
INSERT INTO public.profile_roles_junction (profile_id, roles_id, created_at, generated, mcp, active) VALUES ('019b3be4-36ef-7a5f-98ab-ccb879770be0', '019bbabc-5a36-76d3-8fc3-8415fe308cd3', '2026-03-10 22:39:13.695656+00:00', false, false, true) ON CONFLICT (id) DO NOTHING;
INSERT INTO public.profile_roles_junction (profile_id, roles_id, created_at, generated, mcp, active) VALUES ('019b3be4-36f0-785d-9d61-32eae65689ca', '019bbabc-5a3b-741e-bad3-474cc6c05fd6', '2026-03-10 22:39:13.699179+00:00', false, false, true) ON CONFLICT (id) DO NOTHING;
INSERT INTO public.profile_roles_junction (profile_id, roles_id, created_at, generated, mcp, active) VALUES ('019b3be4-36f0-7eb3-bc4e-bcab772edd92', '019bf21d-4d50-74fc-8c81-be446d602de2', '2026-03-10 22:39:13.702371+00:00', false, false, true) ON CONFLICT (id) DO NOTHING;
INSERT INTO public.profile_roles_junction (profile_id, roles_id, created_at, generated, mcp, active) VALUES ('019b3be4-36f0-792c-82d6-126664ed18b6', '019bbabc-5a37-7028-8b98-728b7aa54d0d', '2026-03-10 22:39:13.705368+00:00', false, false, true) ON CONFLICT (id) DO NOTHING;

-- profiles_resource
INSERT INTO public.profiles_resource (last_login, created_at, role, active, generated, mcp, id, name, description, department_ids, role_id, emails, primary_email, requests_per_day) VALUES ('2026-03-10 22:39:13.673203+00:00', '2026-03-10 22:39:13.673203+00:00', 'guest', true, false, false, '019b3be4-36f0-788c-9df2-481eb5917940', 'Default Superadmin', '', '{}', NULL, '{}', NULL, NULL) ON CONFLICT (id) DO NOTHING;
INSERT INTO public.profiles_resource (last_login, created_at, role, active, generated, mcp, id, name, description, department_ids, role_id, emails, primary_email, requests_per_day) VALUES ('2026-03-10 22:39:13.695656+00:00', '2026-03-10 22:39:13.695656+00:00', 'guest', true, false, false, '019b3be4-36ef-7a5f-98ab-ccb879770be0', 'Default Admin', '', '{}', NULL, '{}', NULL, NULL) ON CONFLICT (id) DO NOTHING;
INSERT INTO public.profiles_resource (last_login, created_at, role, active, generated, mcp, id, name, description, department_ids, role_id, emails, primary_email, requests_per_day) VALUES ('2026-03-10 22:39:13.699179+00:00', '2026-03-10 22:39:13.699179+00:00', 'guest', true, false, false, '019b3be4-36f0-785d-9d61-32eae65689ca', 'Default Instructional', '', '{}', NULL, '{}', NULL, NULL) ON CONFLICT (id) DO NOTHING;
INSERT INTO public.profiles_resource (last_login, created_at, role, active, generated, mcp, id, name, description, department_ids, role_id, emails, primary_email, requests_per_day) VALUES ('2026-03-10 22:39:13.702371+00:00', '2026-03-10 22:39:13.702371+00:00', 'guest', true, false, false, '019b3be4-36f0-7eb3-bc4e-bcab772edd92', 'Default Member', '', '{}', NULL, '{}', NULL, NULL) ON CONFLICT (id) DO NOTHING;
INSERT INTO public.profiles_resource (last_login, created_at, role, active, generated, mcp, id, name, description, department_ids, role_id, emails, primary_email, requests_per_day) VALUES ('2026-03-10 22:39:13.705368+00:00', '2026-03-10 22:39:13.705368+00:00', 'guest', true, false, false, '019b3be4-36f0-792c-82d6-126664ed18b6', 'Default Guest', '', '{}', NULL, '{}', NULL, NULL) ON CONFLICT (id) DO NOTHING;

-- provider_artifact
INSERT INTO public.provider_artifact (id, created_at, updated_at, generated, mcp, active) VALUES ('019bb2af-b2a3-7466-ad52-1a8593d00b6f', '2026-03-10 22:39:13.869907+00:00', '2026-03-10 22:39:13.869907+00:00', false, false, true) ON CONFLICT (id) DO NOTHING;
INSERT INTO public.provider_artifact (id, created_at, updated_at, generated, mcp, active) VALUES ('019bb2af-b2a5-7219-9e1d-2439eee0b618', '2026-03-10 22:39:13.875536+00:00', '2026-03-10 22:39:13.875536+00:00', false, false, true) ON CONFLICT (id) DO NOTHING;

-- provider_descriptions_junction
INSERT INTO public.provider_descriptions_junction (provider_id, descriptions_id, created_at, generated, mcp, active) VALUES ('019bb2af-b2a3-7466-ad52-1a8593d00b6f', '019cd9e7-81c2-7918-8a64-de8a92600b4e', '2026-03-10 22:39:13.869907+00:00', false, false, true) ON CONFLICT (id) DO NOTHING;
INSERT INTO public.provider_descriptions_junction (provider_id, descriptions_id, created_at, generated, mcp, active) VALUES ('019bb2af-b2a5-7219-9e1d-2439eee0b618', '019cd9e7-81c8-7bf3-bb51-9ec348739eb7', '2026-03-10 22:39:13.875536+00:00', false, false, true) ON CONFLICT (id) DO NOTHING;

-- provider_flags_junction
INSERT INTO public.provider_flags_junction (provider_id, flags_id, created_at, generated, mcp, active) VALUES ('019bb2af-b2a3-7466-ad52-1a8593d00b6f', '019be334-bfc5-7a16-a7ce-ed6bdc9a6e5d', '2026-03-10 22:39:13.869907+00:00', false, false, true) ON CONFLICT (id) DO NOTHING;
INSERT INTO public.provider_flags_junction (provider_id, flags_id, created_at, generated, mcp, active) VALUES ('019bb2af-b2a5-7219-9e1d-2439eee0b618', '019be334-bfc5-7a16-a7ce-ed6bdc9a6e5d', '2026-03-10 22:39:13.875536+00:00', false, false, true) ON CONFLICT (id) DO NOTHING;

-- provider_names_junction
INSERT INTO public.provider_names_junction (provider_id, names_id, created_at, generated, mcp, active) VALUES ('019bb2af-b2a3-7466-ad52-1a8593d00b6f', '019cd9e7-81c0-7743-ad09-5e11336421ff', '2026-03-10 22:39:13.869907+00:00', false, false, true) ON CONFLICT (id) DO NOTHING;
INSERT INTO public.provider_names_junction (provider_id, names_id, created_at, generated, mcp, active) VALUES ('019bb2af-b2a5-7219-9e1d-2439eee0b618', '019cd9e7-81c7-796a-9558-856fa866a8e7', '2026-03-10 22:39:13.875536+00:00', false, false, true) ON CONFLICT (id) DO NOTHING;

-- provider_providers_junction
INSERT INTO public.provider_providers_junction (provider_id, providers_id, active, created_at, generated, mcp) VALUES ('019bb2af-b2a3-7466-ad52-1a8593d00b6f', '019bb2af-b2a3-7466-ad52-1a8593d00b6f', true, '2026-03-10 22:39:13.869907+00:00', false, false) ON CONFLICT (id) DO NOTHING;
INSERT INTO public.provider_providers_junction (provider_id, providers_id, active, created_at, generated, mcp) VALUES ('019bb2af-b2a5-7219-9e1d-2439eee0b618', '019bb2af-b2a5-7219-9e1d-2439eee0b618', true, '2026-03-10 22:39:13.875536+00:00', false, false) ON CONFLICT (id) DO NOTHING;

-- providers_resource
INSERT INTO public.providers_resource (id, created_at, active, generated, mcp, name, description, department_ids, value, endpoint, key) VALUES ('019bb2af-b2a3-7466-ad52-1a8593d00b6f', '2026-03-10 22:39:13.867938+00:00', true, false, false, 'openai', 'Provider description', '{}', NULL, NULL, NULL) ON CONFLICT (id) DO NOTHING;
INSERT INTO public.providers_resource (id, created_at, active, generated, mcp, name, description, department_ids, value, endpoint, key) VALUES ('019bb2af-b2a5-7219-9e1d-2439eee0b618', '2026-03-10 22:39:13.874316+00:00', true, false, false, 'gemini', 'Provider description', '{}', NULL, NULL, NULL) ON CONFLICT (id) DO NOTHING;

-- systems_resource
INSERT INTO public.systems_resource (id, created_at, active, generated, mcp, name, description, agent_ids) VALUES ('019caf25-99c7-78a6-849d-1258f99e47e4', '2026-03-10 22:39:14.889591+00:00', true, false, false, 'Activity System', 'System for activity agents', '{"ab00000a-0000-0000-0000-00000000000a"}') ON CONFLICT (id) DO NOTHING;
INSERT INTO public.systems_resource (id, created_at, active, generated, mcp, name, description, agent_ids) VALUES ('019caf25-99c8-7bba-946c-e6b9d55d2fc3', '2026-03-10 22:39:14.891778+00:00', true, false, false, 'Agent System', 'System for agent agents', '{"88888888-8888-8888-8888-888888888888"}') ON CONFLICT (id) DO NOTHING;
INSERT INTO public.systems_resource (id, created_at, active, generated, mcp, name, description, agent_ids) VALUES ('019caf25-99ca-7f95-9038-206fe1734be3', '2026-03-10 22:39:14.893247+00:00', true, false, false, 'Attempt Chat System', 'System for attempt-chat agents', '{"ab000002-0000-0000-0000-000000000002","019c82b8-5d9a-7b9e-92f2-278f3c55d7aa"}') ON CONFLICT (id) DO NOTHING;
INSERT INTO public.systems_resource (id, created_at, active, generated, mcp, name, description, agent_ids) VALUES ('019caf25-99cb-700e-b879-41628a9218c5', '2026-03-10 22:39:14.894554+00:00', true, false, false, 'Attempt Grade System', 'System for attempt-grade agents', '{"ab000003-0000-0000-0000-000000000003"}') ON CONFLICT (id) DO NOTHING;
INSERT INTO public.systems_resource (id, created_at, active, generated, mcp, name, description, agent_ids) VALUES ('019caf25-99cc-7cc3-a040-981957508b2a', '2026-03-10 22:39:14.895861+00:00', true, false, false, 'Attempt Insight System', 'System for attempt-insight agents', '{"018f0005-0001-7000-8000-000000000001"}') ON CONFLICT (id) DO NOTHING;
INSERT INTO public.systems_resource (id, created_at, active, generated, mcp, name, description, agent_ids) VALUES ('019caf25-99cd-7470-bc4b-7eb189b96d43', '2026-03-10 22:39:14.897547+00:00', true, false, false, 'Auth System', 'System for auth agents', '{"22222222-2222-2222-2222-222222222222"}') ON CONFLICT (id) DO NOTHING;
INSERT INTO public.systems_resource (id, created_at, active, generated, mcp, name, description, agent_ids) VALUES ('019caf25-99cf-7087-81ee-58450c4a9aca', '2026-03-10 22:39:14.899133+00:00', true, false, false, 'Benchmark System', 'System for benchmark agents', '{"aabbccdd-aabb-ccdd-aabb-ccddaabbccdd"}') ON CONFLICT (id) DO NOTHING;
INSERT INTO public.systems_resource (id, created_at, active, generated, mcp, name, description, agent_ids) VALUES ('019caf25-99d0-7d2c-bfba-49be9f4acd87', '2026-03-10 22:39:14.900602+00:00', true, false, false, 'Chat System', 'System for chat agents', '{"bbbbbbbb-bbbb-bbbb-bbbb-bbbbbbbbbbbb"}') ON CONFLICT (id) DO NOTHING;
INSERT INTO public.systems_resource (id, created_at, active, generated, mcp, name, description, agent_ids) VALUES ('019caf25-99d1-771d-a01f-80f8aae924df', '2026-03-10 22:39:14.902057+00:00', true, false, false, 'Cohort System', 'System for cohort agents', '{"66666666-6666-6666-6666-666666666666"}') ON CONFLICT (id) DO NOTHING;
INSERT INTO public.systems_resource (id, created_at, active, generated, mcp, name, description, agent_ids) VALUES ('019caf25-99d2-752b-ab22-5f9455aa1e9a', '2026-03-10 22:39:14.903540+00:00', true, false, false, 'Dashboard System', 'System for dashboard agents', '{"ab000007-0000-0000-0000-000000000007"}') ON CONFLICT (id) DO NOTHING;
INSERT INTO public.systems_resource (id, created_at, active, generated, mcp, name, description, agent_ids) VALUES ('019caf25-99d4-7fb7-8cec-e9a0de527479', '2026-03-10 22:39:14.905003+00:00', true, false, false, 'Department System', 'System for department agents', '{"44444444-4444-4444-4444-444444444444"}') ON CONFLICT (id) DO NOTHING;
INSERT INTO public.systems_resource (id, created_at, active, generated, mcp, name, description, agent_ids) VALUES ('019caf25-99d5-7ff1-a78c-485cbcd14b60', '2026-03-10 22:39:14.906440+00:00', true, false, false, 'Document System', 'System for document agents', '{"019b3be4-3112-774d-82b2-c4c3ed98238e"}') ON CONFLICT (id) DO NOTHING;
INSERT INTO public.systems_resource (id, created_at, active, generated, mcp, name, description, agent_ids) VALUES ('019caf25-99d6-70d6-90eb-f580991fcf89', '2026-03-10 22:39:14.907880+00:00', true, false, false, 'Eval System', 'System for eval agents', '{"eeeeeeee-eeee-eeee-eeee-eeeeeeeeeeee"}') ON CONFLICT (id) DO NOTHING;
INSERT INTO public.systems_resource (id, created_at, active, generated, mcp, name, description, agent_ids) VALUES ('019caf25-99d7-792a-a47b-246dd0a84352', '2026-03-10 22:39:14.909318+00:00', true, false, false, 'Field System', 'System for field agents', '{"ffffffff-ffff-ffff-ffff-ffffffffffff"}') ON CONFLICT (id) DO NOTHING;
INSERT INTO public.systems_resource (id, created_at, active, generated, mcp, name, description, agent_ids) VALUES ('019caf25-99d9-73dc-a8be-a47def47c3e0', '2026-03-10 22:39:14.910869+00:00', true, false, false, 'Group System', 'System for group agents', '{"ab00000f-0000-0000-0000-00000000000f"}') ON CONFLICT (id) DO NOTHING;
INSERT INTO public.systems_resource (id, created_at, active, generated, mcp, name, description, agent_ids) VALUES ('019caf25-99da-7af2-875a-9c8eb8fd70e9', '2026-03-10 22:39:14.912347+00:00', true, false, false, 'Health System', 'System for health agents', '{"ab00000d-0000-0000-0000-00000000000d"}') ON CONFLICT (id) DO NOTHING;
INSERT INTO public.systems_resource (id, created_at, active, generated, mcp, name, description, agent_ids) VALUES ('019caf25-99db-7090-87a2-0c2dff148860', '2026-03-10 22:39:14.913856+00:00', true, false, false, 'Home System', 'System for home agents', '{"ab000005-0000-0000-0000-000000000005"}') ON CONFLICT (id) DO NOTHING;
INSERT INTO public.systems_resource (id, created_at, active, generated, mcp, name, description, agent_ids) VALUES ('019caf25-99dc-73fa-848e-fcc5947b6bb1', '2026-03-10 22:39:14.915370+00:00', true, false, false, 'Invocation System', 'System for invocation agents', '{"ab000001-0000-0000-0000-000000000001"}') ON CONFLICT (id) DO NOTHING;
INSERT INTO public.systems_resource (id, created_at, active, generated, mcp, name, description, agent_ids) VALUES ('019caf25-99de-7c11-9dd7-a8878ef28a07', '2026-03-10 22:39:14.916944+00:00', true, false, false, 'Leaderboard System', 'System for leaderboard agents', '{"ab00000e-0000-0000-0000-00000000000e"}') ON CONFLICT (id) DO NOTHING;
INSERT INTO public.systems_resource (id, created_at, active, generated, mcp, name, description, agent_ids) VALUES ('019caf25-99df-716b-abc9-a4c3ba2f32c8', '2026-03-10 22:39:14.918429+00:00', true, false, false, 'Model System', 'System for model agents', '{"99999999-9999-9999-9999-999999999999"}') ON CONFLICT (id) DO NOTHING;
INSERT INTO public.systems_resource (id, created_at, active, generated, mcp, name, description, agent_ids) VALUES ('019caf25-99e0-7e2c-9f64-37bde94a00c6', '2026-03-10 22:39:14.919996+00:00', true, false, false, 'Parameter System', 'System for parameter agents', '{"11111111-1111-1111-1111-111111111111"}') ON CONFLICT (id) DO NOTHING;
INSERT INTO public.systems_resource (id, created_at, active, generated, mcp, name, description, agent_ids) VALUES ('019caf25-99e1-717c-b4ea-8a6055664887', '2026-03-10 22:39:14.921706+00:00', true, false, false, 'Persona System', 'System for persona agents', '{"cccccccc-cccc-cccc-cccc-cccccccccccc"}') ON CONFLICT (id) DO NOTHING;
INSERT INTO public.systems_resource (id, created_at, active, generated, mcp, name, description, agent_ids) VALUES ('019caf25-99e3-723d-920c-78e5ac8f19dd', '2026-03-10 22:39:14.923391+00:00', true, false, false, 'Practice System', 'System for practice agents', '{"ab000006-0000-0000-0000-000000000006"}') ON CONFLICT (id) DO NOTHING;
INSERT INTO public.systems_resource (id, created_at, active, generated, mcp, name, description, agent_ids) VALUES ('019caf25-99e4-7571-8bb7-155d53173005', '2026-03-10 22:39:14.924862+00:00', true, false, false, 'Pricing System', 'System for pricing agents', '{"ab00000c-0000-0000-0000-00000000000c"}') ON CONFLICT (id) DO NOTHING;
INSERT INTO public.systems_resource (id, created_at, active, generated, mcp, name, description, agent_ids) VALUES ('019caf25-99e5-75e8-b0f1-a5bd20b35bfa', '2026-03-10 22:39:14.926320+00:00', true, false, false, 'Profile System', 'System for profile agents', '{"33333333-3333-3333-3333-333333333333"}') ON CONFLICT (id) DO NOTHING;
INSERT INTO public.systems_resource (id, created_at, active, generated, mcp, name, description, agent_ids) VALUES ('019caf25-99e6-7886-96fe-71a0bb6090d1', '2026-03-10 22:39:14.927836+00:00', true, false, false, 'Provider System', 'System for provider agents', '{"00000000-0000-0000-0000-000000000000"}') ON CONFLICT (id) DO NOTHING;
INSERT INTO public.systems_resource (id, created_at, active, generated, mcp, name, description, agent_ids) VALUES ('019caf25-99e8-7cd5-8d61-a7800f1a6686', '2026-03-10 22:39:14.929402+00:00', true, false, false, 'Record System', 'System for record agents', '{"ab000009-0000-0000-0000-000000000009"}') ON CONFLICT (id) DO NOTHING;
INSERT INTO public.systems_resource (id, created_at, active, generated, mcp, name, description, agent_ids) VALUES ('019caf25-99e9-72be-8c27-e3f264eeefa4', '2026-03-10 22:39:14.930930+00:00', true, false, false, 'Reports System', 'System for reports agents', '{"ab000008-0000-0000-0000-000000000008"}') ON CONFLICT (id) DO NOTHING;
INSERT INTO public.systems_resource (id, created_at, active, generated, mcp, name, description, agent_ids) VALUES ('019caf25-99ea-7f17-8bac-4ed76165c512', '2026-03-10 22:39:14.932461+00:00', true, false, false, 'Rubric System', 'System for rubric agents', '{"019b3be4-3112-7786-ad7d-45ee39b86bc5"}') ON CONFLICT (id) DO NOTHING;
INSERT INTO public.systems_resource (id, created_at, active, generated, mcp, name, description, agent_ids) VALUES ('019caf25-99ec-727f-be3c-4224ee4f9bef', '2026-03-10 22:39:14.934009+00:00', true, false, false, 'Scenario System', 'System for scenario agents', '{"019b3be4-3112-7685-8967-a5488fadb090","f6533535-6087-4e6d-9fd3-ed92cc9c1021","3937bcae-527f-495f-82c5-476d18ce7fed"}') ON CONFLICT (id) DO NOTHING;
INSERT INTO public.systems_resource (id, created_at, active, generated, mcp, name, description, agent_ids) VALUES ('019caf25-99ed-79c0-926c-d302897f4322', '2026-03-10 22:39:14.935502+00:00', true, false, false, 'Session System', 'System for session agents', '{"ab00000b-0000-0000-0000-00000000000b"}') ON CONFLICT (id) DO NOTHING;
INSERT INTO public.systems_resource (id, created_at, active, generated, mcp, name, description, agent_ids) VALUES ('019caf25-99ee-7f5e-934d-1c9eaeb52f24', '2026-03-10 22:39:14.937199+00:00', true, false, false, 'Setting System', 'System for setting agents', '{"77777777-7777-7777-7777-777777777777"}') ON CONFLICT (id) DO NOTHING;
INSERT INTO public.systems_resource (id, created_at, active, generated, mcp, name, description, agent_ids) VALUES ('019caf25-99ef-7358-87a9-29cb15f52fd3', '2026-03-10 22:39:14.938656+00:00', true, false, false, 'Simulation System', 'System for simulation agents', '{"dddddddd-dddd-dddd-dddd-dddddddddddd"}') ON CONFLICT (id) DO NOTHING;
INSERT INTO public.systems_resource (id, created_at, active, generated, mcp, name, description, agent_ids) VALUES ('019caf25-99f2-7ea3-8a59-24fcd0ff8b8c', '2026-03-10 22:39:14.940158+00:00', true, false, false, 'Test Grade System', 'System for test-grade agents', '{"ab000004-0000-0000-0000-000000000004"}') ON CONFLICT (id) DO NOTHING;
INSERT INTO public.systems_resource (id, created_at, active, generated, mcp, name, description, agent_ids) VALUES ('019caf25-99f1-7230-bee2-f5e15bd56400', '2026-03-10 22:39:14.941639+00:00', true, false, false, 'Test Insight System', 'System for test-insight agents', '{"018f0005-0001-7000-8000-000000000002"}') ON CONFLICT (id) DO NOTHING;
INSERT INTO public.systems_resource (id, created_at, active, generated, mcp, name, description, agent_ids) VALUES ('019caf25-99f3-7408-b7d0-968fe57800f7', '2026-03-10 22:39:14.943100+00:00', true, false, false, 'Tool System', 'System for tool agents', '{"aaaaaaaa-aaaa-aaaa-aaaa-aaaaaaaaaaaa"}') ON CONFLICT (id) DO NOTHING;

