-- Module: FERPA Training Scenario
-- Category: scenario
-- Description: FERPA Training Scenario scenario
-- ============================================================


-- Resource rows
INSERT INTO public.descriptions_resource (id, description, created_at, active, generated, mcp) VALUES ('019b995c-8e88-73e5-a63a-7109d70b7f9f', 'Training scenario for practicing FERPA compliance and student privacy protection.', '2025-12-13T13:42:21.259114+00:00', true, false, false) ON CONFLICT (id) DO NOTHING;
INSERT INTO public.documents_resource (created_at, active, generated, mcp, id, name, description, department_ids, upload_id, text_id, html) VALUES ('2025-12-12T13:44:32.428979+00:00', true, false, false, '019bb25e-e619-7831-a70a-a7fb065a1999', 'FERPA Policy', 'Family Educational Rights and Privacy Act (FERPA) policy document', '{}', '019b3be4-3cf0-7029-82ab-3b4eda4f818d', NULL, false) ON CONFLICT (id) DO NOTHING;
INSERT INTO public.images_resource (created_at, name, active, completed, id, description, generated, mcp, upload_id) VALUES ('2025-12-12T13:44:32.428979+00:00', 'FERPA Image 1', true, true, '019b3be4-331f-77af-9736-9077cc061ad2', 'FERPA Image 1', false, false, '019b3be4-3cf0-7bfb-ba76-b9170c4fd9cf') ON CONFLICT (id) DO NOTHING;
INSERT INTO public.images_resource (created_at, name, active, completed, id, description, generated, mcp, upload_id) VALUES ('2025-12-12T13:44:32.428979+00:00', 'FERPA Image 2', true, true, '019b3be4-331f-7802-b8e3-54542f1431d5', 'FERPA Image 2', false, false, '019b3be4-3cf0-7cbc-adf4-988b54c93bd5') ON CONFLICT (id) DO NOTHING;
INSERT INTO public.images_resource (created_at, name, active, completed, id, description, generated, mcp, upload_id) VALUES ('2025-12-12T13:44:32.428979+00:00', 'FERPA Image 3', true, true, '019b3be4-331f-780c-a0df-594ebfd7d747', 'FERPA Image 3', false, false, '019b3be4-3cf0-7cd5-8349-0f47aa2f4642') ON CONFLICT (id) DO NOTHING;
INSERT INTO public.names_resource (id, name, created_at, active, generated, mcp) VALUES ('019b995c-8e80-79fd-bff8-46a48df89480', 'FERPA Training Scenario', '2025-12-13T13:42:21.259114+00:00', true, false, false) ON CONFLICT (id) DO NOTHING;
INSERT INTO public.objectives_resource (created_at, objective, id, active, generated, mcp) VALUES ('2025-12-14T19:07:45.268865+00:00', 'Understand FERPA regulations and student privacy protection requirements', '019b3be4-36d5-78d0-b2f4-0500ecad2e14', true, false, false) ON CONFLICT (id) DO NOTHING;
INSERT INTO public.objectives_resource (created_at, objective, id, active, generated, mcp) VALUES ('2025-12-14T19:07:45.268865+00:00', 'Identify common FERPA violations and how to prevent them', '019b3be4-36d5-78d8-982e-4efa4a5a0fc0', true, false, false) ON CONFLICT (id) DO NOTHING;
INSERT INTO public.objectives_resource (created_at, objective, id, active, generated, mcp) VALUES ('2025-12-14T19:07:45.268865+00:00', 'Respond appropriately when a FERPA violation is discovered', '019b3be4-36d5-78e2-9209-fb8595e60a06', true, false, false) ON CONFLICT (id) DO NOTHING;
INSERT INTO public.options_resource (created_at, option_text, active, id, is_correct, generated, mcp, question_id) VALUES ('2025-12-12T13:44:32.428979+00:00', 'Student privacy and educational records', true, '019b3be4-36d8-7f90-b704-4041bc95a7dd', true, false, false, '019b3be4-3703-796f-b2ad-03a4d0d2c38a') ON CONFLICT (id) DO NOTHING;
INSERT INTO public.options_resource (created_at, option_text, active, id, is_correct, generated, mcp, question_id) VALUES ('2025-12-12T13:44:32.428979+00:00', 'Faculty salaries', true, '019b3be4-36d8-7fce-84c0-3f41c048ffe5', false, false, false, '019b3be4-3703-796f-b2ad-03a4d0d2c38a') ON CONFLICT (id) DO NOTHING;
INSERT INTO public.options_resource (created_at, option_text, active, id, is_correct, generated, mcp, question_id) VALUES ('2025-12-12T13:44:32.428979+00:00', 'University finances', true, '019b3be4-36d8-7fdb-99a9-5b1c31bb76eb', false, false, false, '019b3be4-3703-796f-b2ad-03a4d0d2c38a') ON CONFLICT (id) DO NOTHING;
INSERT INTO public.options_resource (created_at, option_text, active, id, is_correct, generated, mcp, question_id) VALUES ('2025-12-12T13:44:32.428979+00:00', 'Research data', true, '019b3be4-36d8-7fdc-9da9-53d6a0eced92', false, false, false, '019b3be4-3703-796f-b2ad-03a4d0d2c38a') ON CONFLICT (id) DO NOTHING;
INSERT INTO public.options_resource (created_at, option_text, active, id, is_correct, generated, mcp, question_id) VALUES ('2025-12-12T13:44:32.428979+00:00', 'Leaving student grade information visible on a computer screen', true, '019b3be4-36d8-7fe7-98b1-a03bc67c1560', true, false, false, '019b3be4-3703-79ab-a675-9e8c0f7b6b12') ON CONFLICT (id) DO NOTHING;
INSERT INTO public.options_resource (created_at, option_text, active, id, is_correct, generated, mcp, question_id) VALUES ('2025-12-12T13:44:32.428979+00:00', 'Discussing grades in private office hours', true, '019b3be4-36d8-7feb-a277-1dc4cffc8622', false, false, false, '019b3be4-3703-79ab-a675-9e8c0f7b6b12') ON CONFLICT (id) DO NOTHING;
INSERT INTO public.options_resource (created_at, option_text, active, id, is_correct, generated, mcp, question_id) VALUES ('2025-12-12T13:44:32.428979+00:00', 'Posting grades on a secure portal', true, '019b3be4-36d8-7fef-b241-6349812557fa', false, false, false, '019b3be4-3703-79ab-a675-9e8c0f7b6b12') ON CONFLICT (id) DO NOTHING;
INSERT INTO public.options_resource (created_at, option_text, active, id, is_correct, generated, mcp, question_id) VALUES ('2025-12-12T13:44:32.428979+00:00', 'Emailing grades to students directly', true, '019b3be4-36d8-7ff5-b3e1-201f3325cd60', false, false, false, '019b3be4-3703-79ab-a675-9e8c0f7b6b12') ON CONFLICT (id) DO NOTHING;
INSERT INTO public.options_resource (created_at, option_text, active, id, is_correct, generated, mcp, question_id) VALUES ('2025-12-12T13:44:32.428979+00:00', 'Leaving student records visible on unattended computers', true, '019b3be4-36d8-7ffb-8bb0-f44d6ebee57f', true, false, false, '019b3be4-3703-79b2-9c9f-9c9a0cf90ed1') ON CONFLICT (id) DO NOTHING;
INSERT INTO public.options_resource (created_at, option_text, active, id, is_correct, generated, mcp, question_id) VALUES ('2025-12-12T13:44:32.428979+00:00', 'Sharing student information without consent', true, '019b3be4-36d9-7001-a483-f301bda9553e', true, false, false, '019b3be4-3703-79b2-9c9f-9c9a0cf90ed1') ON CONFLICT (id) DO NOTHING;
INSERT INTO public.options_resource (created_at, option_text, active, id, is_correct, generated, mcp, question_id) VALUES ('2025-12-12T13:44:32.428979+00:00', 'Discussing grades in private office hours', true, '019b3be4-36d9-7006-9fc1-38a46eba0610', false, false, false, '019b3be4-3703-79ab-a675-9e8c0f7b6b12') ON CONFLICT (id) DO NOTHING;
INSERT INTO public.options_resource (created_at, option_text, active, id, is_correct, generated, mcp, question_id) VALUES ('2025-12-12T13:44:32.428979+00:00', 'Posting directory information publicly', true, '019b3be4-36d9-700d-a413-191fdefb9ba9', true, false, false, '019b3be4-3703-79b2-9c9f-9c9a0cf90ed1') ON CONFLICT (id) DO NOTHING;
INSERT INTO public.options_resource (created_at, option_text, active, id, is_correct, generated, mcp, question_id) VALUES ('2025-12-12T13:44:32.428979+00:00', 'Using secure systems to access student records', true, '019b3be4-36d9-7013-89c8-7f039c52c564', false, false, false, '019b3be4-3703-79b2-9c9f-9c9a0cf90ed1') ON CONFLICT (id) DO NOTHING;
INSERT INTO public.personas_resource (created_at, active, generated, mcp, id, name, description, icon, color, department_ids, instructions, examples) VALUES ('2025-12-12T13:26:55.656189+00:00', true, false, false, '019bb25e-e60c-7352-9b81-f411f56092a9', 'Student', 'Represents a typical student perspective, asking questions and seeking clarification on course material and policies.', 'GraduationCap', '#3b82f6', '{}', '', '{"Can you explain this concept again?","I''m not sure I understand the assignment requirements","What should I focus on for the exam?"}') ON CONFLICT (id) DO NOTHING;
INSERT INTO public.personas_resource (created_at, active, generated, mcp, id, name, description, icon, color, department_ids, instructions, examples) VALUES ('2025-12-12T13:26:55.656189+00:00', true, false, false, '019bb25e-e60c-7356-93ee-b176f32f08cf', 'Professor', 'Represents a faculty member perspective, providing guidance on academic policies and course expectations.', 'User', '#8b5cf6', '{}', '', '{"Let me clarify the course policy on this matter","Based on the syllabus, here''s what you need to know","I want to ensure you understand the academic integrity expectations"}') ON CONFLICT (id) DO NOTHING;
INSERT INTO public.personas_resource (created_at, active, generated, mcp, id, name, description, icon, color, department_ids, instructions, examples) VALUES ('2025-12-12T13:26:55.656189+00:00', true, false, false, '019bb25e-e60c-7359-9409-c72170bf358e', 'Instructional Staff', 'Represents teaching assistants and instructional support staff, helping students navigate course logistics and policies.', 'Users', '#10b981', '{}', '', '{"I can help you understand how to submit your assignment","Let me walk you through the grading policy","Here''s what you need to know about office hours"}') ON CONFLICT (id) DO NOTHING;
INSERT INTO public.problem_statements_resource (created_at, name, problem_statement, id, active, generated, mcp) VALUES ('2025-12-14T19:07:45.268865+00:00', 'FERPA Training Problem Statement', 'An instructional staff member accidentally leaves a student''s grade sheet visible on their computer screen. A student notices the visible information and questions whether this violates FERPA. The staff member must quickly address the situation and explain the importance of protecting student privacy.', '019b3be4-36ec-74e7-b543-ff2dcc3b946c', true, false, false) ON CONFLICT (id) DO NOTHING;
INSERT INTO public.questions_resource (created_at, question_text, allow_multiple, active, id, time, generated, mcp) VALUES ('2025-12-12T13:44:32.428979+00:00', 'What is FERPA primarily designed to protect?', false, true, '019b3be4-3703-796f-b2ad-03a4d0d2c38a', 0, false, false) ON CONFLICT (id) DO NOTHING;
INSERT INTO public.questions_resource (created_at, question_text, allow_multiple, active, id, time, generated, mcp) VALUES ('2025-12-12T13:44:32.428979+00:00', 'In the video, what action violated FERPA?', false, true, '019b3be4-3703-79ab-a675-9e8c0f7b6b12', 0, false, false) ON CONFLICT (id) DO NOTHING;
INSERT INTO public.questions_resource (created_at, question_text, allow_multiple, active, id, time, generated, mcp) VALUES ('2025-12-12T13:44:32.428979+00:00', 'Which of the following are examples of FERPA violations?', true, true, '019b3be4-3703-79b2-9c9f-9c9a0cf90ed1', 0, false, false) ON CONFLICT (id) DO NOTHING;
INSERT INTO public.scenarios_resource (created_at, active, generated, mcp, id, name, description, is_root, problem_statement_enabled, objectives_enabled, video_enabled, images_enabled, questions_enabled, department_ids, persona_ids, parameter_ids, parent_id) VALUES ('2025-12-13T13:42:21.259114+00:00', true, false, false, '019bb25e-e61d-7ef5-a65e-31bfa59971ae', 'FERPA Training Scenario', 'Training scenario for practicing FERPA compliance and student privacy protection.', true, true, true, true, true, true, '{}', '{019bb25e-e60c-7352-9b81-f411f56092a9,019bb25e-e60c-7356-93ee-b176f32f08cf,019bb25e-e60c-7359-9409-c72170bf358e}', '{}', '019bb25e-e61d-7ef5-a65e-31bfa59971ae') ON CONFLICT (id) DO NOTHING;
INSERT INTO public.videos_resource (created_at, name, length_seconds, active, completed, id, description, generated, mcp, upload_id) VALUES ('2025-12-12T13:44:32.428979+00:00', 'FERPA Training', 8, true, true, '019b3be4-3cf5-7379-b5fa-5eb5b7060d79', 'FERPA Training', false, false, '019b3be4-3cf0-701d-bc4a-8f277eb07e0f') ON CONFLICT (id) DO NOTHING;

-- Artifact
-- scenario_artifact
INSERT INTO public.scenario_artifact (created_at, updated_at, id, generated, mcp) VALUES ('2025-12-13T13:42:21.259114+00:00', '2025-12-13T13:42:21.259114+00:00', '019b3be4-3c3a-79d9-8a7c-08f5beebc77f', false, false) ON CONFLICT (id) DO NOTHING;

-- Junctions
-- scenario_descriptions_junction
INSERT INTO public.scenario_descriptions_junction (scenario_id, description_id, created_at, generated, mcp, active) VALUES ('019b3be4-3c3a-79d9-8a7c-08f5beebc77f', '019b995c-8e88-73e5-a63a-7109d70b7f9f', '2025-12-13T13:42:21.259114+00:00', false, false, true) ON CONFLICT (scenario_id, description_id) DO NOTHING;
-- scenario_documents_junction
INSERT INTO public.scenario_documents_junction (active, created_at, document_id, scenario_id, generated, mcp) VALUES (true, '2025-12-14T19:07:45.268865+00:00', '019bb25e-e619-7831-a70a-a7fb065a1999', '019b3be4-3c3a-79d9-8a7c-08f5beebc77f', false, false) ON CONFLICT (scenario_id, document_id) DO NOTHING;
-- scenario_flags_junction
INSERT INTO public.scenario_flags_junction (scenario_id, flag_id, value, created_at, generated, mcp, active) VALUES ('019b3be4-3c3a-79d9-8a7c-08f5beebc77f', '019b995a-86ef-77dc-8ddc-2013a6e3194f', true, '2025-12-13T13:42:21.259114+00:00', false, false, true) ON CONFLICT (scenario_id, flag_id) DO NOTHING;
INSERT INTO public.scenario_flags_junction (scenario_id, flag_id, value, created_at, generated, mcp, active) VALUES ('019b3be4-3c3a-79d9-8a7c-08f5beebc77f', '019b995a-86ef-77a3-a2a6-e6b760a9fcfe', true, '2025-12-13T13:42:21.259114+00:00', false, false, true) ON CONFLICT (scenario_id, flag_id) DO NOTHING;
INSERT INTO public.scenario_flags_junction (scenario_id, flag_id, value, created_at, generated, mcp, active) VALUES ('019b3be4-3c3a-79d9-8a7c-08f5beebc77f', '019b995a-86ef-781a-8ecb-8c0a6cfab122', true, '2025-12-13T13:42:21.259114+00:00', false, false, true) ON CONFLICT (scenario_id, flag_id) DO NOTHING;
INSERT INTO public.scenario_flags_junction (scenario_id, flag_id, value, created_at, generated, mcp, active) VALUES ('019b3be4-3c3a-79d9-8a7c-08f5beebc77f', '019b995a-86ef-7800-b93b-7897b07eca47', true, '2025-12-13T13:42:21.259114+00:00', false, false, true) ON CONFLICT (scenario_id, flag_id) DO NOTHING;
INSERT INTO public.scenario_flags_junction (scenario_id, flag_id, value, created_at, generated, mcp, active) VALUES ('019b3be4-3c3a-79d9-8a7c-08f5beebc77f', '019b995a-86ef-7830-9317-80d8d52b1bb2', true, '2025-12-13T13:42:21.259114+00:00', false, false, true) ON CONFLICT (scenario_id, flag_id) DO NOTHING;
INSERT INTO public.scenario_flags_junction (scenario_id, flag_id, value, created_at, generated, mcp, active) VALUES ('019b3be4-3c3a-79d9-8a7c-08f5beebc77f', '019be334-bfc3-7423-93ff-cc162b6984e9', true, '2025-12-13T13:42:21.259114+00:00', false, false, true) ON CONFLICT (scenario_id, flag_id) DO NOTHING;
INSERT INTO public.scenario_flags_junction (scenario_id, flag_id, value, created_at, generated, mcp, active) VALUES ('019b3be4-3c3a-79d9-8a7c-08f5beebc77f', '019b995a-86ef-71e9-ad2c-6c2040afdffe', true, '2026-01-22T01:20:11.358045+00:00', false, false, true) ON CONFLICT (scenario_id, flag_id) DO NOTHING;
-- scenario_images_junction
INSERT INTO public.scenario_images_junction (active, created_at, image_id, scenario_id, generated, mcp) VALUES (true, '2025-12-14T19:07:45.268865+00:00', '019b3be4-331f-77af-9736-9077cc061ad2', '019b3be4-3c3a-79d9-8a7c-08f5beebc77f', false, false) ON CONFLICT (scenario_id, image_id) DO NOTHING;
INSERT INTO public.scenario_images_junction (active, created_at, image_id, scenario_id, generated, mcp) VALUES (true, '2025-12-14T19:07:45.268865+00:00', '019b3be4-331f-7802-b8e3-54542f1431d5', '019b3be4-3c3a-79d9-8a7c-08f5beebc77f', false, false) ON CONFLICT (scenario_id, image_id) DO NOTHING;
INSERT INTO public.scenario_images_junction (active, created_at, image_id, scenario_id, generated, mcp) VALUES (true, '2025-12-14T19:07:45.268865+00:00', '019b3be4-331f-780c-a0df-594ebfd7d747', '019b3be4-3c3a-79d9-8a7c-08f5beebc77f', false, false) ON CONFLICT (scenario_id, image_id) DO NOTHING;
-- scenario_names_junction
INSERT INTO public.scenario_names_junction (scenario_id, name_id, created_at, generated, mcp, active) VALUES ('019b3be4-3c3a-79d9-8a7c-08f5beebc77f', '019b995c-8e80-79fd-bff8-46a48df89480', '2025-12-13T13:42:21.259114+00:00', false, false, true) ON CONFLICT (scenario_id, name_id) DO NOTHING;
-- scenario_objectives_junction
INSERT INTO public.scenario_objectives_junction (idx, created_at, objective_id, scenario_id, generated, mcp, active) VALUES (0, '2025-12-14T19:07:45.268865+00:00', '019b3be4-36d5-78d0-b2f4-0500ecad2e14', '019b3be4-3c3a-79d9-8a7c-08f5beebc77f', false, false, true) ON CONFLICT (scenario_id, objective_id) DO NOTHING;
INSERT INTO public.scenario_objectives_junction (idx, created_at, objective_id, scenario_id, generated, mcp, active) VALUES (1, '2025-12-14T19:07:45.268865+00:00', '019b3be4-36d5-78d8-982e-4efa4a5a0fc0', '019b3be4-3c3a-79d9-8a7c-08f5beebc77f', false, false, true) ON CONFLICT (scenario_id, objective_id) DO NOTHING;
INSERT INTO public.scenario_objectives_junction (idx, created_at, objective_id, scenario_id, generated, mcp, active) VALUES (2, '2025-12-14T19:07:45.268865+00:00', '019b3be4-36d5-78e2-9209-fb8595e60a06', '019b3be4-3c3a-79d9-8a7c-08f5beebc77f', false, false, true) ON CONFLICT (scenario_id, objective_id) DO NOTHING;
-- scenario_options_junction
INSERT INTO public.scenario_options_junction (scenario_id, option_id, active, created_at, generated, mcp) VALUES ('019b3be4-3c3a-79d9-8a7c-08f5beebc77f', '019b3be4-36d8-7f90-b704-4041bc95a7dd', true, '2026-01-06T03:14:37.663016+00:00', false, false) ON CONFLICT (scenario_id, option_id) DO NOTHING;
INSERT INTO public.scenario_options_junction (scenario_id, option_id, active, created_at, generated, mcp) VALUES ('019b3be4-3c3a-79d9-8a7c-08f5beebc77f', '019b3be4-36d8-7fce-84c0-3f41c048ffe5', true, '2026-01-06T03:14:37.663016+00:00', false, false) ON CONFLICT (scenario_id, option_id) DO NOTHING;
INSERT INTO public.scenario_options_junction (scenario_id, option_id, active, created_at, generated, mcp) VALUES ('019b3be4-3c3a-79d9-8a7c-08f5beebc77f', '019b3be4-36d8-7fdb-99a9-5b1c31bb76eb', true, '2026-01-06T03:14:37.663016+00:00', false, false) ON CONFLICT (scenario_id, option_id) DO NOTHING;
INSERT INTO public.scenario_options_junction (scenario_id, option_id, active, created_at, generated, mcp) VALUES ('019b3be4-3c3a-79d9-8a7c-08f5beebc77f', '019b3be4-36d8-7fdc-9da9-53d6a0eced92', true, '2026-01-06T03:14:37.663016+00:00', false, false) ON CONFLICT (scenario_id, option_id) DO NOTHING;
INSERT INTO public.scenario_options_junction (scenario_id, option_id, active, created_at, generated, mcp) VALUES ('019b3be4-3c3a-79d9-8a7c-08f5beebc77f', '019b3be4-36d8-7fe7-98b1-a03bc67c1560', true, '2026-01-06T03:14:37.663016+00:00', false, false) ON CONFLICT (scenario_id, option_id) DO NOTHING;
INSERT INTO public.scenario_options_junction (scenario_id, option_id, active, created_at, generated, mcp) VALUES ('019b3be4-3c3a-79d9-8a7c-08f5beebc77f', '019b3be4-36d8-7feb-a277-1dc4cffc8622', true, '2026-01-06T03:14:37.663016+00:00', false, false) ON CONFLICT (scenario_id, option_id) DO NOTHING;
INSERT INTO public.scenario_options_junction (scenario_id, option_id, active, created_at, generated, mcp) VALUES ('019b3be4-3c3a-79d9-8a7c-08f5beebc77f', '019b3be4-36d8-7fef-b241-6349812557fa', true, '2026-01-06T03:14:37.663016+00:00', false, false) ON CONFLICT (scenario_id, option_id) DO NOTHING;
INSERT INTO public.scenario_options_junction (scenario_id, option_id, active, created_at, generated, mcp) VALUES ('019b3be4-3c3a-79d9-8a7c-08f5beebc77f', '019b3be4-36d8-7ff5-b3e1-201f3325cd60', true, '2026-01-06T03:14:37.663016+00:00', false, false) ON CONFLICT (scenario_id, option_id) DO NOTHING;
INSERT INTO public.scenario_options_junction (scenario_id, option_id, active, created_at, generated, mcp) VALUES ('019b3be4-3c3a-79d9-8a7c-08f5beebc77f', '019b3be4-36d8-7ffb-8bb0-f44d6ebee57f', true, '2026-01-06T03:14:37.663016+00:00', false, false) ON CONFLICT (scenario_id, option_id) DO NOTHING;
INSERT INTO public.scenario_options_junction (scenario_id, option_id, active, created_at, generated, mcp) VALUES ('019b3be4-3c3a-79d9-8a7c-08f5beebc77f', '019b3be4-36d9-7001-a483-f301bda9553e', true, '2026-01-06T03:14:37.663016+00:00', false, false) ON CONFLICT (scenario_id, option_id) DO NOTHING;
INSERT INTO public.scenario_options_junction (scenario_id, option_id, active, created_at, generated, mcp) VALUES ('019b3be4-3c3a-79d9-8a7c-08f5beebc77f', '019b3be4-36d9-7006-9fc1-38a46eba0610', true, '2026-01-06T03:14:37.663016+00:00', false, false) ON CONFLICT (scenario_id, option_id) DO NOTHING;
INSERT INTO public.scenario_options_junction (scenario_id, option_id, active, created_at, generated, mcp) VALUES ('019b3be4-3c3a-79d9-8a7c-08f5beebc77f', '019b3be4-36d9-700d-a413-191fdefb9ba9', true, '2026-01-06T03:14:37.663016+00:00', false, false) ON CONFLICT (scenario_id, option_id) DO NOTHING;
INSERT INTO public.scenario_options_junction (scenario_id, option_id, active, created_at, generated, mcp) VALUES ('019b3be4-3c3a-79d9-8a7c-08f5beebc77f', '019b3be4-36d9-7013-89c8-7f039c52c564', true, '2026-01-06T03:14:37.663016+00:00', false, false) ON CONFLICT (scenario_id, option_id) DO NOTHING;
-- scenario_personas_junction
INSERT INTO public.scenario_personas_junction (active, created_at, persona_id, scenario_id, generated, mcp) VALUES (true, '2025-12-14T19:07:45.268865+00:00', '019bb25e-e60c-7352-9b81-f411f56092a9', '019b3be4-3c3a-79d9-8a7c-08f5beebc77f', false, false) ON CONFLICT (scenario_id, persona_id) DO NOTHING;
INSERT INTO public.scenario_personas_junction (active, created_at, persona_id, scenario_id, generated, mcp) VALUES (true, '2025-12-14T19:07:45.268865+00:00', '019bb25e-e60c-7356-93ee-b176f32f08cf', '019b3be4-3c3a-79d9-8a7c-08f5beebc77f', false, false) ON CONFLICT (scenario_id, persona_id) DO NOTHING;
INSERT INTO public.scenario_personas_junction (active, created_at, persona_id, scenario_id, generated, mcp) VALUES (true, '2025-12-14T19:07:45.268865+00:00', '019bb25e-e60c-7359-9409-c72170bf358e', '019b3be4-3c3a-79d9-8a7c-08f5beebc77f', false, false) ON CONFLICT (scenario_id, persona_id) DO NOTHING;
-- scenario_problem_statements_junction
INSERT INTO public.scenario_problem_statements_junction (active, created_at, problem_statement_id, scenario_id, generated, mcp) VALUES (true, '2025-12-14T19:07:45.268865+00:00', '019b3be4-36ec-74e7-b543-ff2dcc3b946c', '019b3be4-3c3a-79d9-8a7c-08f5beebc77f', false, false) ON CONFLICT (scenario_id, problem_statement_id) DO NOTHING;
-- scenario_questions_junction
INSERT INTO public.scenario_questions_junction (active, created_at, question_id, scenario_id, generated, mcp) VALUES (true, '2025-12-13T13:42:21.277546+00:00', '019b3be4-3703-796f-b2ad-03a4d0d2c38a', '019b3be4-3c3a-79d9-8a7c-08f5beebc77f', false, false) ON CONFLICT (scenario_id, question_id) DO NOTHING;
INSERT INTO public.scenario_questions_junction (active, created_at, question_id, scenario_id, generated, mcp) VALUES (true, '2025-12-13T13:42:21.277546+00:00', '019b3be4-3703-79ab-a675-9e8c0f7b6b12', '019b3be4-3c3a-79d9-8a7c-08f5beebc77f', false, false) ON CONFLICT (scenario_id, question_id) DO NOTHING;
INSERT INTO public.scenario_questions_junction (active, created_at, question_id, scenario_id, generated, mcp) VALUES (true, '2025-12-13T13:42:21.277546+00:00', '019b3be4-3703-79b2-9c9f-9c9a0cf90ed1', '019b3be4-3c3a-79d9-8a7c-08f5beebc77f', false, false) ON CONFLICT (scenario_id, question_id) DO NOTHING;
-- scenario_scenarios_junction
INSERT INTO public.scenario_scenarios_junction (scenario_id, scenarios_id, active, created_at, generated, mcp) VALUES ('019b3be4-3c3a-79d9-8a7c-08f5beebc77f', '019bb25e-e61d-7ef5-a65e-31bfa59971ae', true, '2025-12-13T13:42:21.259114+00:00', false, false) ON CONFLICT (scenario_id, scenarios_id) DO NOTHING;
-- scenario_videos_junction
INSERT INTO public.scenario_videos_junction (active, created_at, scenario_id, video_id, generated, mcp) VALUES (true, '2025-12-13T13:42:21.259114+00:00', '019b3be4-3c3a-79d9-8a7c-08f5beebc77f', '019b3be4-3cf5-7379-b5fa-5eb5b7060d79', false, false) ON CONFLICT (scenario_id, video_id) DO NOTHING;
