-- Module: Purdue CS Settings
-- Category: setting (university)
-- Description: Purdue CS Settings setting
-- ============================================================


-- Resource rows
INSERT INTO public.items_resource (id, name, description, encrypted, position, active, created_at, generated, mcp) VALUES ('019b3be4-3119-7fed-b752-bf6209d31c1d', 'clientId', 'Microsoft Entra ID Client ID', true, 2, true, '2025-11-23T01:06:57.192515+00:00', false, false) ON CONFLICT (id) DO NOTHING;
INSERT INTO public.keys_resource (id, key_id, created_at, active, generated, mcp, key, name, description) VALUES ('019b3be4-3321-7f18-847d-823bd6a5c5f6', '019b3be4-3321-7f18-847d-823bd6a5c5f6', '2026-02-08T23:18:33.088751+00:00', true, false, false, 'dummy-key-value', 'Microsoft Entra ID Client ID', '') ON CONFLICT (id) DO NOTHING;
INSERT INTO public.auth_item_keys_resource (id, auth_id, key_id, created_at, updated_at, active, generated, mcp, item_id) VALUES ('019c48f5-3ea1-73ec-b373-2f842500c07c', '019bb25e-e5e2-74c2-aaf3-42c5403f26f9', '019b3be4-3321-7f18-847d-823bd6a5c5f6', '2026-01-16T00:38:22.970333+00:00', '2026-01-16T00:38:22.970333+00:00', true, false, false, '019b3be4-3119-7fed-b752-bf6209d31c1d') ON CONFLICT (id) DO NOTHING;
INSERT INTO public.items_resource (id, name, description, encrypted, position, active, created_at, generated, mcp) VALUES ('019b3be4-3119-7feb-9764-0741b7080380', 'clientSecret', 'Microsoft Entra ID Client Secret', true, 1, true, '2025-11-23T01:06:57.192515+00:00', false, false) ON CONFLICT (id) DO NOTHING;
INSERT INTO public.keys_resource (id, key_id, created_at, active, generated, mcp, key, name, description) VALUES ('019b3be4-3321-7f09-81ff-ed052c711127', '019b3be4-3321-7f09-81ff-ed052c711127', '2026-02-08T23:18:33.088921+00:00', true, false, false, 'dummy-key-value', 'Microsoft Entra ID Client Secret', '') ON CONFLICT (id) DO NOTHING;
INSERT INTO public.auth_item_keys_resource (id, auth_id, key_id, created_at, updated_at, active, generated, mcp, item_id) VALUES ('019c48f5-3ea1-73fa-9f43-75d177c52b7f', '019bb25e-e5e2-74c2-aaf3-42c5403f26f9', '019b3be4-3321-7f09-81ff-ed052c711127', '2026-01-16T00:38:22.970333+00:00', '2026-01-16T00:38:22.970333+00:00', true, false, false, '019b3be4-3119-7feb-9764-0741b7080380') ON CONFLICT (id) DO NOTHING;
INSERT INTO public.descriptions_resource (id, description, created_at, active, generated, mcp) VALUES ('019b995c-8eb3-7615-afbd-17de2a204302', 'Department-specific settings for Purdue CS', '2025-12-12T13:26:55.664826+00:00', true, false, false) ON CONFLICT (id) DO NOTHING;
INSERT INTO public.names_resource (id, name, created_at, active, generated, mcp) VALUES ('019b995c-8eb2-79fe-9f43-b82f75849bb4', 'Purdue CS Settings', '2025-12-12T13:26:55.664826+00:00', true, false, false) ON CONFLICT (id) DO NOTHING;
INSERT INTO public.keys_resource (id, key_id, created_at, active, generated, mcp, key, name, description) VALUES ('019bbdcb-6d52-7889-8484-ed84e9180139', '019bbdcb-6d52-7889-8484-ed84e9180139', '2026-02-08T23:18:33.087728+00:00', true, false, false, 'dummy-key-value', 'OPENAI_API_KEY', 'OPENAI_API_KEY') ON CONFLICT (id) DO NOTHING;
INSERT INTO public.provider_keys_resource (id, provider_id, key_id, created_at, active, generated, mcp, key, name, description) VALUES ('019c441a-0eb9-7665-a01c-a6fec156d716', '019bb2af-b2a7-7d85-a61a-0dc4fd93b3c6', '019bbdcb-6d52-7889-8484-ed84e9180139', '2025-12-07T20:37:05.145538+00:00', true, false, false, 'dummy-provider-key-value', 'OPENAI_API_KEY', 'OPENAI_API_KEY') ON CONFLICT (id) DO NOTHING;
INSERT INTO public.keys_resource (id, key_id, created_at, active, generated, mcp, key, name, description) VALUES ('019bbdcb-6d52-7d32-803f-3f5c8c2a9af7', '019bbdcb-6d52-7d32-803f-3f5c8c2a9af7', '2026-02-08T23:18:33.088288+00:00', true, false, false, 'dummy-key-value', 'GEMINI_API_KEY', 'GEMINI_API_KEY') ON CONFLICT (id) DO NOTHING;
INSERT INTO public.provider_keys_resource (id, provider_id, key_id, created_at, active, generated, mcp, key, name, description) VALUES ('019c441a-0eb9-7938-8d65-ccfc25d92856', '019bb2af-b2a8-7035-bbfd-664ba627bd44', '019bbdcb-6d52-7d32-803f-3f5c8c2a9af7', '2025-12-07T20:37:05.145538+00:00', true, false, false, 'dummy-provider-key-value', 'GEMINI_API_KEY', 'GEMINI_API_KEY') ON CONFLICT (id) DO NOTHING;
INSERT INTO public.settings_resource (created_at, active, generated, mcp, id, name, description, department_ids, agent_ids, provider_key_ids, auth_ids) VALUES ('2025-12-12T13:26:55.664826+00:00', true, false, false, '019bb25e-e615-7952-a7d4-4fdee85d18cc', 'Purdue CS Settings', 'Department-specific settings for Purdue CS', '{}', '{}', '{}', '{019bb25e-e5e2-74c2-aaf3-42c5403f26f9}') ON CONFLICT (id) DO NOTHING;

-- Artifact
-- setting_artifact
INSERT INTO public.setting_artifact (created_at, id, updated_at, generated, mcp) VALUES ('2025-12-12T13:26:55.664826+00:00', '019b3be4-3c61-76ff-befb-69b082df2acd', '2026-01-08T03:34:29.129680+00:00', false, false) ON CONFLICT (id) DO NOTHING;

-- Junctions
-- setting_agents_junction
INSERT INTO public.setting_agents_junction (setting_id, agents_id, created_at, active, generated, mcp) VALUES ('019b3be4-3c61-76ff-befb-69b082df2acd', '019bb25e-e5f2-7e66-be40-89ff408bbce5', '2026-02-13T03:41:54.676147+00:00', true, false, false) ON CONFLICT (setting_id, agents_id) DO NOTHING;
INSERT INTO public.setting_agents_junction (setting_id, agents_id, created_at, active, generated, mcp) VALUES ('019b3be4-3c61-76ff-befb-69b082df2acd', '019bb25e-e5f2-7f73-abf4-164c630526b2', '2026-02-13T03:41:54.676147+00:00', true, false, false) ON CONFLICT (setting_id, agents_id) DO NOTHING;
INSERT INTO public.setting_agents_junction (setting_id, agents_id, created_at, active, generated, mcp) VALUES ('019b3be4-3c61-76ff-befb-69b082df2acd', '019bb25e-e5f2-7f7a-ba83-2e756143cec4', '2026-02-13T03:41:54.676147+00:00', true, false, false) ON CONFLICT (setting_id, agents_id) DO NOTHING;
INSERT INTO public.setting_agents_junction (setting_id, agents_id, created_at, active, generated, mcp) VALUES ('019b3be4-3c61-76ff-befb-69b082df2acd', '019bb25e-e5f2-7f9e-8027-3334ababb644', '2026-02-13T03:41:54.676147+00:00', true, false, false) ON CONFLICT (setting_id, agents_id) DO NOTHING;
INSERT INTO public.setting_agents_junction (setting_id, agents_id, created_at, active, generated, mcp) VALUES ('019b3be4-3c61-76ff-befb-69b082df2acd', '019c24ff-49e2-7dee-b670-1478eab95447', '2026-02-13T03:41:54.676147+00:00', true, false, false) ON CONFLICT (setting_id, agents_id) DO NOTHING;
INSERT INTO public.setting_agents_junction (setting_id, agents_id, created_at, active, generated, mcp) VALUES ('019b3be4-3c61-76ff-befb-69b082df2acd', '019c24ff-49e3-7512-8173-2ea2ac8c3670', '2026-02-13T03:41:54.676147+00:00', true, false, false) ON CONFLICT (setting_id, agents_id) DO NOTHING;
INSERT INTO public.setting_agents_junction (setting_id, agents_id, created_at, active, generated, mcp) VALUES ('019b3be4-3c61-76ff-befb-69b082df2acd', 'bb000003-0000-0000-0000-000000000003', '2026-02-13T03:41:54.676147+00:00', true, false, false) ON CONFLICT (setting_id, agents_id) DO NOTHING;
INSERT INTO public.setting_agents_junction (setting_id, agents_id, created_at, active, generated, mcp) VALUES ('019b3be4-3c61-76ff-befb-69b082df2acd', 'aa000003-0000-0000-0000-000000000003', '2026-02-13T03:41:54.676147+00:00', true, false, false) ON CONFLICT (setting_id, agents_id) DO NOTHING;
INSERT INTO public.setting_agents_junction (setting_id, agents_id, created_at, active, generated, mcp) VALUES ('019b3be4-3c61-76ff-befb-69b082df2acd', '019c5517-4670-7a06-8b57-8d054f851772', '2026-02-13T03:41:54.676147+00:00', true, false, false) ON CONFLICT (setting_id, agents_id) DO NOTHING;
INSERT INTO public.setting_agents_junction (setting_id, agents_id, created_at, active, generated, mcp) VALUES ('019b3be4-3c61-76ff-befb-69b082df2acd', '019c5517-4672-7c5f-953f-8c064353f7d4', '2026-02-13T03:41:54.676147+00:00', true, false, false) ON CONFLICT (setting_id, agents_id) DO NOTHING;
INSERT INTO public.setting_agents_junction (setting_id, agents_id, created_at, active, generated, mcp) VALUES ('019b3be4-3c61-76ff-befb-69b082df2acd', '019c5517-4673-7073-adf9-00c0bd4e21dc', '2026-02-13T03:41:54.676147+00:00', true, false, false) ON CONFLICT (setting_id, agents_id) DO NOTHING;
INSERT INTO public.setting_agents_junction (setting_id, agents_id, created_at, active, generated, mcp) VALUES ('019b3be4-3c61-76ff-befb-69b082df2acd', '019c5517-4673-71f7-a48c-9f4c24d00185', '2026-02-13T03:41:54.676147+00:00', true, false, false) ON CONFLICT (setting_id, agents_id) DO NOTHING;
INSERT INTO public.setting_agents_junction (setting_id, agents_id, created_at, active, generated, mcp) VALUES ('019b3be4-3c61-76ff-befb-69b082df2acd', '019c5517-4673-73a7-967b-11d2389f9cc5', '2026-02-13T03:41:54.676147+00:00', true, false, false) ON CONFLICT (setting_id, agents_id) DO NOTHING;
INSERT INTO public.setting_agents_junction (setting_id, agents_id, created_at, active, generated, mcp) VALUES ('019b3be4-3c61-76ff-befb-69b082df2acd', '019c5517-4673-74b4-991e-153c7b8a9174', '2026-02-13T03:41:54.676147+00:00', true, false, false) ON CONFLICT (setting_id, agents_id) DO NOTHING;
INSERT INTO public.setting_agents_junction (setting_id, agents_id, created_at, active, generated, mcp) VALUES ('019b3be4-3c61-76ff-befb-69b082df2acd', '019c5517-4673-759e-81e6-40d247dea759', '2026-02-13T03:41:54.676147+00:00', true, false, false) ON CONFLICT (setting_id, agents_id) DO NOTHING;
INSERT INTO public.setting_agents_junction (setting_id, agents_id, created_at, active, generated, mcp) VALUES ('019b3be4-3c61-76ff-befb-69b082df2acd', '019c5517-4673-762c-a096-0a35439ebf11', '2026-02-13T03:41:54.676147+00:00', true, false, false) ON CONFLICT (setting_id, agents_id) DO NOTHING;
INSERT INTO public.setting_agents_junction (setting_id, agents_id, created_at, active, generated, mcp) VALUES ('019b3be4-3c61-76ff-befb-69b082df2acd', '019c5517-4673-76c3-aefe-14e93c1ec6f5', '2026-02-13T03:41:54.676147+00:00', true, false, false) ON CONFLICT (setting_id, agents_id) DO NOTHING;
INSERT INTO public.setting_agents_junction (setting_id, agents_id, created_at, active, generated, mcp) VALUES ('019b3be4-3c61-76ff-befb-69b082df2acd', '019c5517-4673-775e-852f-114fee676a28', '2026-02-13T03:41:54.676147+00:00', true, false, false) ON CONFLICT (setting_id, agents_id) DO NOTHING;
INSERT INTO public.setting_agents_junction (setting_id, agents_id, created_at, active, generated, mcp) VALUES ('019b3be4-3c61-76ff-befb-69b082df2acd', '019c5517-4673-7adc-a363-50b6559fc4ea', '2026-02-13T03:41:54.676147+00:00', true, false, false) ON CONFLICT (setting_id, agents_id) DO NOTHING;
-- setting_auth_item_keys_junction
INSERT INTO public.setting_auth_item_keys_junction (active, created_at, generated, mcp, setting_id, auth_item_keys_id) VALUES (true, '2026-02-13T20:01:39.050938+00:00', false, false, '019b3be4-3c61-76ff-befb-69b082df2acd', '019c48f5-3ea1-73ec-b373-2f842500c07c') ON CONFLICT (setting_id, auth_item_keys_id) DO NOTHING;
INSERT INTO public.setting_auth_item_keys_junction (active, created_at, generated, mcp, setting_id, auth_item_keys_id) VALUES (true, '2026-02-13T20:01:39.050938+00:00', false, false, '019b3be4-3c61-76ff-befb-69b082df2acd', '019c48f5-3ea1-73fa-9f43-75d177c52b7f') ON CONFLICT (setting_id, auth_item_keys_id) DO NOTHING;
-- setting_auths_junction
INSERT INTO public.setting_auths_junction (active, created_at, auth_id, settings_id, generated, mcp) VALUES (true, '2025-12-12T13:26:55.664826+00:00', '019bb25e-e5e2-74c2-aaf3-42c5403f26f9', '019b3be4-3c61-76ff-befb-69b082df2acd', false, false) ON CONFLICT (settings_id, auth_id) DO NOTHING;
-- setting_colors_junction
INSERT INTO public.setting_colors_junction (setting_id, color_id, type, created_at, generated, mcp, active) VALUES ('019b3be4-3c61-76ff-befb-69b082df2acd', '019b995b-52ef-730b-872a-8e95b15ba388', 'primary', '2025-12-12T13:26:55.664826+00:00', false, false, true) ON CONFLICT (setting_id, color_id, type) DO NOTHING;
INSERT INTO public.setting_colors_junction (setting_id, color_id, type, created_at, generated, mcp, active) VALUES ('019b3be4-3c61-76ff-befb-69b082df2acd', '019b995b-52ef-7992-a7ba-a2dca1a4efff', 'accent', '2025-12-12T13:26:55.664826+00:00', false, false, true) ON CONFLICT (setting_id, color_id, type) DO NOTHING;
INSERT INTO public.setting_colors_junction (setting_id, color_id, type, created_at, generated, mcp, active) VALUES ('019b3be4-3c61-76ff-befb-69b082df2acd', '019b995b-52ef-7e27-97ea-01f0e94aa14c', 'background', '2025-12-12T13:26:55.664826+00:00', false, false, true) ON CONFLICT (setting_id, color_id, type) DO NOTHING;
INSERT INTO public.setting_colors_junction (setting_id, color_id, type, created_at, generated, mcp, active) VALUES ('019b3be4-3c61-76ff-befb-69b082df2acd', '019b995b-52f0-71ba-885b-7d544fefed50', 'surface', '2025-12-12T13:26:55.664826+00:00', false, false, true) ON CONFLICT (setting_id, color_id, type) DO NOTHING;
INSERT INTO public.setting_colors_junction (setting_id, color_id, type, created_at, generated, mcp, active) VALUES ('019b3be4-3c61-76ff-befb-69b082df2acd', '019b995b-52f0-7505-a60e-8917a8ded762', 'success', '2025-12-12T13:26:55.664826+00:00', false, false, true) ON CONFLICT (setting_id, color_id, type) DO NOTHING;
INSERT INTO public.setting_colors_junction (setting_id, color_id, type, created_at, generated, mcp, active) VALUES ('019b3be4-3c61-76ff-befb-69b082df2acd', '019b995b-52f0-7819-964c-d421424c6157', 'warning', '2025-12-12T13:26:55.664826+00:00', false, false, true) ON CONFLICT (setting_id, color_id, type) DO NOTHING;
INSERT INTO public.setting_colors_junction (setting_id, color_id, type, created_at, generated, mcp, active) VALUES ('019b3be4-3c61-76ff-befb-69b082df2acd', '019b995b-52f0-7b33-9055-ea3586aba164', 'error', '2025-12-12T13:26:55.664826+00:00', false, false, true) ON CONFLICT (setting_id, color_id, type) DO NOTHING;
INSERT INTO public.setting_colors_junction (setting_id, color_id, type, created_at, generated, mcp, active) VALUES ('019b3be4-3c61-76ff-befb-69b082df2acd', '019b995b-52f0-7e3f-8cc7-f98e62b179d3', 'sidebar_background', '2025-12-12T13:26:55.664826+00:00', false, false, true) ON CONFLICT (setting_id, color_id, type) DO NOTHING;
INSERT INTO public.setting_colors_junction (setting_id, color_id, type, created_at, generated, mcp, active) VALUES ('019b3be4-3c61-76ff-befb-69b082df2acd', '019b995b-52f1-714e-9008-3766b571e718', 'sidebar_primary', '2025-12-12T13:26:55.664826+00:00', false, false, true) ON CONFLICT (setting_id, color_id, type) DO NOTHING;
INSERT INTO public.setting_colors_junction (setting_id, color_id, type, created_at, generated, mcp, active) VALUES ('019b3be4-3c61-76ff-befb-69b082df2acd', '019b995b-52f1-76ba-8ec2-efb00cde1b0b', 'chart1', '2025-12-12T13:26:55.664826+00:00', false, false, true) ON CONFLICT (setting_id, color_id, type) DO NOTHING;
INSERT INTO public.setting_colors_junction (setting_id, color_id, type, created_at, generated, mcp, active) VALUES ('019b3be4-3c61-76ff-befb-69b082df2acd', '019b995b-52f1-79e5-afdb-e4472b4ebeda', 'chart2', '2025-12-12T13:26:55.664826+00:00', false, false, true) ON CONFLICT (setting_id, color_id, type) DO NOTHING;
INSERT INTO public.setting_colors_junction (setting_id, color_id, type, created_at, generated, mcp, active) VALUES ('019b3be4-3c61-76ff-befb-69b082df2acd', '019b995b-52f1-7d09-889a-b24887bd2cb2', 'chart3', '2025-12-12T13:26:55.664826+00:00', false, false, true) ON CONFLICT (setting_id, color_id, type) DO NOTHING;
INSERT INTO public.setting_colors_junction (setting_id, color_id, type, created_at, generated, mcp, active) VALUES ('019b3be4-3c61-76ff-befb-69b082df2acd', '019b995b-52f2-707e-acf7-24ebf540435c', 'chart4', '2025-12-12T13:26:55.664826+00:00', false, false, true) ON CONFLICT (setting_id, color_id, type) DO NOTHING;
INSERT INTO public.setting_colors_junction (setting_id, color_id, type, created_at, generated, mcp, active) VALUES ('019b3be4-3c61-76ff-befb-69b082df2acd', '019b995b-52f2-738d-be41-6c479369f4ca', 'chart5', '2025-12-12T13:26:55.664826+00:00', false, false, true) ON CONFLICT (setting_id, color_id, type) DO NOTHING;
-- setting_departments_junction
INSERT INTO public.setting_departments_junction (setting_id, department_id, active, created_at, generated, mcp) VALUES ('019b3be4-3c61-76ff-befb-69b082df2acd', '019bb25e-e624-73da-8cef-166028a1065a', true, '2025-12-12T13:26:55.664826+00:00', false, false) ON CONFLICT (setting_id, department_id) DO NOTHING;
-- setting_descriptions_junction
INSERT INTO public.setting_descriptions_junction (setting_id, description_id, created_at, generated, mcp, active) VALUES ('019b3be4-3c61-76ff-befb-69b082df2acd', '019b995c-8eb3-7615-afbd-17de2a204302', '2025-12-12T13:26:55.664826+00:00', false, false, true) ON CONFLICT (setting_id, description_id) DO NOTHING;
-- setting_flags_junction
INSERT INTO public.setting_flags_junction (setting_id, flag_id, value, created_at, generated, mcp, active) VALUES ('019b3be4-3c61-76ff-befb-69b082df2acd', '019b995a-86ef-78fc-adec-fc4db3a87c0d', true, '2025-12-12T13:26:55.664826+00:00', false, false, true) ON CONFLICT (setting_id, flag_id) DO NOTHING;
INSERT INTO public.setting_flags_junction (setting_id, flag_id, value, created_at, generated, mcp, active) VALUES ('019b3be4-3c61-76ff-befb-69b082df2acd', '019bcc4d-d9c6-7a09-b99a-919d8f85cab1', false, '2026-01-17T14:13:32.743280+00:00', false, false, true) ON CONFLICT (setting_id, flag_id) DO NOTHING;
INSERT INTO public.setting_flags_junction (setting_id, flag_id, value, created_at, generated, mcp, active) VALUES ('019b3be4-3c61-76ff-befb-69b082df2acd', '019be334-bfc6-717e-9377-b63fc43ae0c6', true, '2025-12-12T13:26:55.664826+00:00', false, false, true) ON CONFLICT (setting_id, flag_id) DO NOTHING;
-- setting_names_junction
INSERT INTO public.setting_names_junction (setting_id, name_id, created_at, generated, mcp, active) VALUES ('019b3be4-3c61-76ff-befb-69b082df2acd', '019b995c-8eb2-79fe-9f43-b82f75849bb4', '2025-12-12T13:26:55.664826+00:00', false, false, true) ON CONFLICT (setting_id, name_id) DO NOTHING;
-- setting_provider_keys_junction
INSERT INTO public.setting_provider_keys_junction (setting_id, provider_key_id, created_at, active, generated, mcp) VALUES ('019b3be4-3c61-76ff-befb-69b082df2acd', '019c441a-0eb9-7665-a01c-a6fec156d716', '2026-02-13T20:01:39.050938+00:00', true, false, false) ON CONFLICT (setting_id, provider_key_id) DO NOTHING;
INSERT INTO public.setting_provider_keys_junction (setting_id, provider_key_id, created_at, active, generated, mcp) VALUES ('019b3be4-3c61-76ff-befb-69b082df2acd', '019c441a-0eb9-7938-8d65-ccfc25d92856', '2026-02-13T20:01:39.050938+00:00', true, false, false) ON CONFLICT (setting_id, provider_key_id) DO NOTHING;
-- setting_role_routes_junction
INSERT INTO public.setting_role_routes_junction (setting_id, role_routes_id, active, created_at, updated_at, generated, mcp) VALUES ('019b3be4-3c61-76ff-befb-69b082df2acd', '019c5898-40f1-7693-81fd-18ac33b70785', true, '2026-02-13T20:01:39.050938+00:00', '2026-02-13T20:01:39.050938+00:00', false, false) ON CONFLICT (setting_id, role_routes_id) DO NOTHING;
INSERT INTO public.setting_role_routes_junction (setting_id, role_routes_id, active, created_at, updated_at, generated, mcp) VALUES ('019b3be4-3c61-76ff-befb-69b082df2acd', '019c5898-40f1-77c3-83e4-b1114b7bcc45', true, '2026-02-13T20:01:39.050938+00:00', '2026-02-13T20:01:39.050938+00:00', false, false) ON CONFLICT (setting_id, role_routes_id) DO NOTHING;
INSERT INTO public.setting_role_routes_junction (setting_id, role_routes_id, active, created_at, updated_at, generated, mcp) VALUES ('019b3be4-3c61-76ff-befb-69b082df2acd', '019c5898-40f1-77df-95ff-f437285bdbbe', true, '2026-02-13T20:01:39.050938+00:00', '2026-02-13T20:01:39.050938+00:00', false, false) ON CONFLICT (setting_id, role_routes_id) DO NOTHING;
INSERT INTO public.setting_role_routes_junction (setting_id, role_routes_id, active, created_at, updated_at, generated, mcp) VALUES ('019b3be4-3c61-76ff-befb-69b082df2acd', '019c5898-40f1-7d85-9f06-1a7ab11cd3ae', true, '2026-02-13T20:01:39.050938+00:00', '2026-02-13T20:01:39.050938+00:00', false, false) ON CONFLICT (setting_id, role_routes_id) DO NOTHING;
INSERT INTO public.setting_role_routes_junction (setting_id, role_routes_id, active, created_at, updated_at, generated, mcp) VALUES ('019b3be4-3c61-76ff-befb-69b082df2acd', '019c5898-40f1-7da7-b0b2-1b7a0d4e6a77', true, '2026-02-13T20:01:39.050938+00:00', '2026-02-13T20:01:39.050938+00:00', false, false) ON CONFLICT (setting_id, role_routes_id) DO NOTHING;
INSERT INTO public.setting_role_routes_junction (setting_id, role_routes_id, active, created_at, updated_at, generated, mcp) VALUES ('019b3be4-3c61-76ff-befb-69b082df2acd', '019c5898-40f1-7db6-8d94-dd6c757615ec', true, '2026-02-13T20:01:39.050938+00:00', '2026-02-13T20:01:39.050938+00:00', false, false) ON CONFLICT (setting_id, role_routes_id) DO NOTHING;
INSERT INTO public.setting_role_routes_junction (setting_id, role_routes_id, active, created_at, updated_at, generated, mcp) VALUES ('019b3be4-3c61-76ff-befb-69b082df2acd', '019c5898-40f2-7159-86c2-d3c85bce6458', true, '2026-02-13T20:01:39.050938+00:00', '2026-02-13T20:01:39.050938+00:00', false, false) ON CONFLICT (setting_id, role_routes_id) DO NOTHING;
INSERT INTO public.setting_role_routes_junction (setting_id, role_routes_id, active, created_at, updated_at, generated, mcp) VALUES ('019b3be4-3c61-76ff-befb-69b082df2acd', '019c5898-40f2-7173-986d-f4cff8111cd8', true, '2026-02-13T20:01:39.050938+00:00', '2026-02-13T20:01:39.050938+00:00', false, false) ON CONFLICT (setting_id, role_routes_id) DO NOTHING;
INSERT INTO public.setting_role_routes_junction (setting_id, role_routes_id, active, created_at, updated_at, generated, mcp) VALUES ('019b3be4-3c61-76ff-befb-69b082df2acd', '019c5898-40f2-7182-982e-63c5e1ece906', true, '2026-02-13T20:01:39.050938+00:00', '2026-02-13T20:01:39.050938+00:00', false, false) ON CONFLICT (setting_id, role_routes_id) DO NOTHING;
INSERT INTO public.setting_role_routes_junction (setting_id, role_routes_id, active, created_at, updated_at, generated, mcp) VALUES ('019b3be4-3c61-76ff-befb-69b082df2acd', '019c5898-40f2-71a2-b48f-3ad145226d53', true, '2026-02-13T20:01:39.050938+00:00', '2026-02-13T20:01:39.050938+00:00', false, false) ON CONFLICT (setting_id, role_routes_id) DO NOTHING;
INSERT INTO public.setting_role_routes_junction (setting_id, role_routes_id, active, created_at, updated_at, generated, mcp) VALUES ('019b3be4-3c61-76ff-befb-69b082df2acd', '019c5898-40f2-71af-b716-5c86bb391999', true, '2026-02-13T20:01:39.050938+00:00', '2026-02-13T20:01:39.050938+00:00', false, false) ON CONFLICT (setting_id, role_routes_id) DO NOTHING;
INSERT INTO public.setting_role_routes_junction (setting_id, role_routes_id, active, created_at, updated_at, generated, mcp) VALUES ('019b3be4-3c61-76ff-befb-69b082df2acd', '019c5898-40f2-71cb-80ee-7f8f26f09ec8', true, '2026-02-13T20:01:39.050938+00:00', '2026-02-13T20:01:39.050938+00:00', false, false) ON CONFLICT (setting_id, role_routes_id) DO NOTHING;
INSERT INTO public.setting_role_routes_junction (setting_id, role_routes_id, active, created_at, updated_at, generated, mcp) VALUES ('019b3be4-3c61-76ff-befb-69b082df2acd', '019c5898-40f2-71df-8f9e-e82817e05c6c', true, '2026-02-13T20:01:39.050938+00:00', '2026-02-13T20:01:39.050938+00:00', false, false) ON CONFLICT (setting_id, role_routes_id) DO NOTHING;
INSERT INTO public.setting_role_routes_junction (setting_id, role_routes_id, active, created_at, updated_at, generated, mcp) VALUES ('019b3be4-3c61-76ff-befb-69b082df2acd', '019c5898-40f2-71fa-aac9-315ca1457808', true, '2026-02-13T20:01:39.050938+00:00', '2026-02-13T20:01:39.050938+00:00', false, false) ON CONFLICT (setting_id, role_routes_id) DO NOTHING;
INSERT INTO public.setting_role_routes_junction (setting_id, role_routes_id, active, created_at, updated_at, generated, mcp) VALUES ('019b3be4-3c61-76ff-befb-69b082df2acd', '019c5898-40f2-7208-a4fc-5e4becd71521', true, '2026-02-13T20:01:39.050938+00:00', '2026-02-13T20:01:39.050938+00:00', false, false) ON CONFLICT (setting_id, role_routes_id) DO NOTHING;
INSERT INTO public.setting_role_routes_junction (setting_id, role_routes_id, active, created_at, updated_at, generated, mcp) VALUES ('019b3be4-3c61-76ff-befb-69b082df2acd', '019c5898-40f2-721a-9462-688acc3f1e40', true, '2026-02-13T20:01:39.050938+00:00', '2026-02-13T20:01:39.050938+00:00', false, false) ON CONFLICT (setting_id, role_routes_id) DO NOTHING;
INSERT INTO public.setting_role_routes_junction (setting_id, role_routes_id, active, created_at, updated_at, generated, mcp) VALUES ('019b3be4-3c61-76ff-befb-69b082df2acd', '019c5898-40f2-7232-a117-15a16c0be860', true, '2026-02-13T20:01:39.050938+00:00', '2026-02-13T20:01:39.050938+00:00', false, false) ON CONFLICT (setting_id, role_routes_id) DO NOTHING;
INSERT INTO public.setting_role_routes_junction (setting_id, role_routes_id, active, created_at, updated_at, generated, mcp) VALUES ('019b3be4-3c61-76ff-befb-69b082df2acd', '019c5898-40f2-7248-bb22-c649b319ba2d', true, '2026-02-13T20:01:39.050938+00:00', '2026-02-13T20:01:39.050938+00:00', false, false) ON CONFLICT (setting_id, role_routes_id) DO NOTHING;
INSERT INTO public.setting_role_routes_junction (setting_id, role_routes_id, active, created_at, updated_at, generated, mcp) VALUES ('019b3be4-3c61-76ff-befb-69b082df2acd', '019c5898-40f2-7258-85c7-0cbdf1668376', true, '2026-02-13T20:01:39.050938+00:00', '2026-02-13T20:01:39.050938+00:00', false, false) ON CONFLICT (setting_id, role_routes_id) DO NOTHING;
INSERT INTO public.setting_role_routes_junction (setting_id, role_routes_id, active, created_at, updated_at, generated, mcp) VALUES ('019b3be4-3c61-76ff-befb-69b082df2acd', '019c5898-40f2-7265-b11d-8fcd73ec12c4', true, '2026-02-13T20:01:39.050938+00:00', '2026-02-13T20:01:39.050938+00:00', false, false) ON CONFLICT (setting_id, role_routes_id) DO NOTHING;
INSERT INTO public.setting_role_routes_junction (setting_id, role_routes_id, active, created_at, updated_at, generated, mcp) VALUES ('019b3be4-3c61-76ff-befb-69b082df2acd', '019c5898-40f2-7728-9a5c-e1aa4072f52f', true, '2026-02-13T20:01:39.050938+00:00', '2026-02-13T20:01:39.050938+00:00', false, false) ON CONFLICT (setting_id, role_routes_id) DO NOTHING;
INSERT INTO public.setting_role_routes_junction (setting_id, role_routes_id, active, created_at, updated_at, generated, mcp) VALUES ('019b3be4-3c61-76ff-befb-69b082df2acd', '019c5898-40f2-7743-b3f5-7f70a747dce3', true, '2026-02-13T20:01:39.050938+00:00', '2026-02-13T20:01:39.050938+00:00', false, false) ON CONFLICT (setting_id, role_routes_id) DO NOTHING;
INSERT INTO public.setting_role_routes_junction (setting_id, role_routes_id, active, created_at, updated_at, generated, mcp) VALUES ('019b3be4-3c61-76ff-befb-69b082df2acd', '019c5898-40f2-7752-81a6-4fc39ab41532', true, '2026-02-13T20:01:39.050938+00:00', '2026-02-13T20:01:39.050938+00:00', false, false) ON CONFLICT (setting_id, role_routes_id) DO NOTHING;
INSERT INTO public.setting_role_routes_junction (setting_id, role_routes_id, active, created_at, updated_at, generated, mcp) VALUES ('019b3be4-3c61-76ff-befb-69b082df2acd', '019c5898-40f2-7760-be2a-6f47e9a9bd34', true, '2026-02-13T20:01:39.050938+00:00', '2026-02-13T20:01:39.050938+00:00', false, false) ON CONFLICT (setting_id, role_routes_id) DO NOTHING;
INSERT INTO public.setting_role_routes_junction (setting_id, role_routes_id, active, created_at, updated_at, generated, mcp) VALUES ('019b3be4-3c61-76ff-befb-69b082df2acd', '019c5898-40f2-777a-a9fa-729bbf3bb416', true, '2026-02-13T20:01:39.050938+00:00', '2026-02-13T20:01:39.050938+00:00', false, false) ON CONFLICT (setting_id, role_routes_id) DO NOTHING;
INSERT INTO public.setting_role_routes_junction (setting_id, role_routes_id, active, created_at, updated_at, generated, mcp) VALUES ('019b3be4-3c61-76ff-befb-69b082df2acd', '019c5898-40f2-7786-99aa-44e892455ad2', true, '2026-02-13T20:01:39.050938+00:00', '2026-02-13T20:01:39.050938+00:00', false, false) ON CONFLICT (setting_id, role_routes_id) DO NOTHING;
INSERT INTO public.setting_role_routes_junction (setting_id, role_routes_id, active, created_at, updated_at, generated, mcp) VALUES ('019b3be4-3c61-76ff-befb-69b082df2acd', '019c5898-40f2-7790-9f7d-7e3668a4f072', true, '2026-02-13T20:01:39.050938+00:00', '2026-02-13T20:01:39.050938+00:00', false, false) ON CONFLICT (setting_id, role_routes_id) DO NOTHING;
INSERT INTO public.setting_role_routes_junction (setting_id, role_routes_id, active, created_at, updated_at, generated, mcp) VALUES ('019b3be4-3c61-76ff-befb-69b082df2acd', '019c5898-40f2-779d-bc1e-5fc8390f04b9', true, '2026-02-13T20:01:39.050938+00:00', '2026-02-13T20:01:39.050938+00:00', false, false) ON CONFLICT (setting_id, role_routes_id) DO NOTHING;
INSERT INTO public.setting_role_routes_junction (setting_id, role_routes_id, active, created_at, updated_at, generated, mcp) VALUES ('019b3be4-3c61-76ff-befb-69b082df2acd', '019c5898-40f2-77a9-9dad-13125e9620dd', true, '2026-02-13T20:01:39.050938+00:00', '2026-02-13T20:01:39.050938+00:00', false, false) ON CONFLICT (setting_id, role_routes_id) DO NOTHING;
INSERT INTO public.setting_role_routes_junction (setting_id, role_routes_id, active, created_at, updated_at, generated, mcp) VALUES ('019b3be4-3c61-76ff-befb-69b082df2acd', '019c5898-40f2-77b4-9eda-2c505092d4bb', true, '2026-02-13T20:01:39.050938+00:00', '2026-02-13T20:01:39.050938+00:00', false, false) ON CONFLICT (setting_id, role_routes_id) DO NOTHING;
INSERT INTO public.setting_role_routes_junction (setting_id, role_routes_id, active, created_at, updated_at, generated, mcp) VALUES ('019b3be4-3c61-76ff-befb-69b082df2acd', '019c5898-40f2-77cc-bbb6-d879645db2e1', true, '2026-02-13T20:01:39.050938+00:00', '2026-02-13T20:01:39.050938+00:00', false, false) ON CONFLICT (setting_id, role_routes_id) DO NOTHING;
INSERT INTO public.setting_role_routes_junction (setting_id, role_routes_id, active, created_at, updated_at, generated, mcp) VALUES ('019b3be4-3c61-76ff-befb-69b082df2acd', '019c5898-40f2-77da-a183-fe4371009af7', true, '2026-02-13T20:01:39.050938+00:00', '2026-02-13T20:01:39.050938+00:00', false, false) ON CONFLICT (setting_id, role_routes_id) DO NOTHING;
INSERT INTO public.setting_role_routes_junction (setting_id, role_routes_id, active, created_at, updated_at, generated, mcp) VALUES ('019b3be4-3c61-76ff-befb-69b082df2acd', '019c5898-40f2-77ed-b27a-d14bb95e2b77', true, '2026-02-13T20:01:39.050938+00:00', '2026-02-13T20:01:39.050938+00:00', false, false) ON CONFLICT (setting_id, role_routes_id) DO NOTHING;
INSERT INTO public.setting_role_routes_junction (setting_id, role_routes_id, active, created_at, updated_at, generated, mcp) VALUES ('019b3be4-3c61-76ff-befb-69b082df2acd', '019c5898-40f2-77fb-93e2-a1e2a822ec46', true, '2026-02-13T20:01:39.050938+00:00', '2026-02-13T20:01:39.050938+00:00', false, false) ON CONFLICT (setting_id, role_routes_id) DO NOTHING;
INSERT INTO public.setting_role_routes_junction (setting_id, role_routes_id, active, created_at, updated_at, generated, mcp) VALUES ('019b3be4-3c61-76ff-befb-69b082df2acd', '019c5898-40f2-7812-9c11-27bad94be225', true, '2026-02-13T20:01:39.050938+00:00', '2026-02-13T20:01:39.050938+00:00', false, false) ON CONFLICT (setting_id, role_routes_id) DO NOTHING;
INSERT INTO public.setting_role_routes_junction (setting_id, role_routes_id, active, created_at, updated_at, generated, mcp) VALUES ('019b3be4-3c61-76ff-befb-69b082df2acd', '019c5898-40f2-781c-b23f-7164fdebe5f3', true, '2026-02-13T20:01:39.050938+00:00', '2026-02-13T20:01:39.050938+00:00', false, false) ON CONFLICT (setting_id, role_routes_id) DO NOTHING;
INSERT INTO public.setting_role_routes_junction (setting_id, role_routes_id, active, created_at, updated_at, generated, mcp) VALUES ('019b3be4-3c61-76ff-befb-69b082df2acd', '019c5898-40f2-7836-a53c-c1216978ecf4', true, '2026-02-13T20:01:39.050938+00:00', '2026-02-13T20:01:39.050938+00:00', false, false) ON CONFLICT (setting_id, role_routes_id) DO NOTHING;
INSERT INTO public.setting_role_routes_junction (setting_id, role_routes_id, active, created_at, updated_at, generated, mcp) VALUES ('019b3be4-3c61-76ff-befb-69b082df2acd', '019c5898-40f2-784c-a3c1-63037c6aae31', true, '2026-02-13T20:01:39.050938+00:00', '2026-02-13T20:01:39.050938+00:00', false, false) ON CONFLICT (setting_id, role_routes_id) DO NOTHING;
INSERT INTO public.setting_role_routes_junction (setting_id, role_routes_id, active, created_at, updated_at, generated, mcp) VALUES ('019b3be4-3c61-76ff-befb-69b082df2acd', '019c5898-40f2-785b-afd2-1da5ccd475f5', true, '2026-02-13T20:01:39.050938+00:00', '2026-02-13T20:01:39.050938+00:00', false, false) ON CONFLICT (setting_id, role_routes_id) DO NOTHING;
INSERT INTO public.setting_role_routes_junction (setting_id, role_routes_id, active, created_at, updated_at, generated, mcp) VALUES ('019b3be4-3c61-76ff-befb-69b082df2acd', '019c5898-40f2-7872-ab9c-50687458346f', true, '2026-02-13T20:01:39.050938+00:00', '2026-02-13T20:01:39.050938+00:00', false, false) ON CONFLICT (setting_id, role_routes_id) DO NOTHING;
INSERT INTO public.setting_role_routes_junction (setting_id, role_routes_id, active, created_at, updated_at, generated, mcp) VALUES ('019b3be4-3c61-76ff-befb-69b082df2acd', '019c5898-40f2-787c-bc50-7cd0e8741119', true, '2026-02-13T20:01:39.050938+00:00', '2026-02-13T20:01:39.050938+00:00', false, false) ON CONFLICT (setting_id, role_routes_id) DO NOTHING;
INSERT INTO public.setting_role_routes_junction (setting_id, role_routes_id, active, created_at, updated_at, generated, mcp) VALUES ('019b3be4-3c61-76ff-befb-69b082df2acd', '019c5898-40f2-7888-ac7a-6128d3befe6a', true, '2026-02-13T20:01:39.050938+00:00', '2026-02-13T20:01:39.050938+00:00', false, false) ON CONFLICT (setting_id, role_routes_id) DO NOTHING;
INSERT INTO public.setting_role_routes_junction (setting_id, role_routes_id, active, created_at, updated_at, generated, mcp) VALUES ('019b3be4-3c61-76ff-befb-69b082df2acd', '019c5898-40f2-7899-852e-2efa617ceb4d', true, '2026-02-13T20:01:39.050938+00:00', '2026-02-13T20:01:39.050938+00:00', false, false) ON CONFLICT (setting_id, role_routes_id) DO NOTHING;
INSERT INTO public.setting_role_routes_junction (setting_id, role_routes_id, active, created_at, updated_at, generated, mcp) VALUES ('019b3be4-3c61-76ff-befb-69b082df2acd', '019c5898-40f2-7936-ad67-6b1d202fde87', true, '2026-02-13T20:01:39.050938+00:00', '2026-02-13T20:01:39.050938+00:00', false, false) ON CONFLICT (setting_id, role_routes_id) DO NOTHING;
INSERT INTO public.setting_role_routes_junction (setting_id, role_routes_id, active, created_at, updated_at, generated, mcp) VALUES ('019b3be4-3c61-76ff-befb-69b082df2acd', '019c5898-40f2-7947-8621-a85af6f735be', true, '2026-02-13T20:01:39.050938+00:00', '2026-02-13T20:01:39.050938+00:00', false, false) ON CONFLICT (setting_id, role_routes_id) DO NOTHING;
INSERT INTO public.setting_role_routes_junction (setting_id, role_routes_id, active, created_at, updated_at, generated, mcp) VALUES ('019b3be4-3c61-76ff-befb-69b082df2acd', '019c5898-40f2-7952-93e2-0e65acc2d501', true, '2026-02-13T20:01:39.050938+00:00', '2026-02-13T20:01:39.050938+00:00', false, false) ON CONFLICT (setting_id, role_routes_id) DO NOTHING;
INSERT INTO public.setting_role_routes_junction (setting_id, role_routes_id, active, created_at, updated_at, generated, mcp) VALUES ('019b3be4-3c61-76ff-befb-69b082df2acd', '019c5898-40f2-7964-a4e6-4ff0112c5925', true, '2026-02-13T20:01:39.050938+00:00', '2026-02-13T20:01:39.050938+00:00', false, false) ON CONFLICT (setting_id, role_routes_id) DO NOTHING;
INSERT INTO public.setting_role_routes_junction (setting_id, role_routes_id, active, created_at, updated_at, generated, mcp) VALUES ('019b3be4-3c61-76ff-befb-69b082df2acd', '019c5898-40f2-7973-b6d6-757aa44f5001', true, '2026-02-13T20:01:39.050938+00:00', '2026-02-13T20:01:39.050938+00:00', false, false) ON CONFLICT (setting_id, role_routes_id) DO NOTHING;
INSERT INTO public.setting_role_routes_junction (setting_id, role_routes_id, active, created_at, updated_at, generated, mcp) VALUES ('019b3be4-3c61-76ff-befb-69b082df2acd', '019c5898-40f2-7980-a2e6-db753ab63198', true, '2026-02-13T20:01:39.050938+00:00', '2026-02-13T20:01:39.050938+00:00', false, false) ON CONFLICT (setting_id, role_routes_id) DO NOTHING;
INSERT INTO public.setting_role_routes_junction (setting_id, role_routes_id, active, created_at, updated_at, generated, mcp) VALUES ('019b3be4-3c61-76ff-befb-69b082df2acd', '019c5898-40f2-798d-89b8-3609bc2aefe9', true, '2026-02-13T20:01:39.050938+00:00', '2026-02-13T20:01:39.050938+00:00', false, false) ON CONFLICT (setting_id, role_routes_id) DO NOTHING;
INSERT INTO public.setting_role_routes_junction (setting_id, role_routes_id, active, created_at, updated_at, generated, mcp) VALUES ('019b3be4-3c61-76ff-befb-69b082df2acd', '019c5898-40f2-799f-84fd-0eb6383e55ab', true, '2026-02-13T20:01:39.050938+00:00', '2026-02-13T20:01:39.050938+00:00', false, false) ON CONFLICT (setting_id, role_routes_id) DO NOTHING;
INSERT INTO public.setting_role_routes_junction (setting_id, role_routes_id, active, created_at, updated_at, generated, mcp) VALUES ('019b3be4-3c61-76ff-befb-69b082df2acd', '019c5898-40f3-70b0-8a7a-b19933ca215f', true, '2026-02-13T20:01:39.050938+00:00', '2026-02-13T20:01:39.050938+00:00', false, false) ON CONFLICT (setting_id, role_routes_id) DO NOTHING;
INSERT INTO public.setting_role_routes_junction (setting_id, role_routes_id, active, created_at, updated_at, generated, mcp) VALUES ('019b3be4-3c61-76ff-befb-69b082df2acd', '019c5898-40f3-70c9-b517-b7ff9f83360a', true, '2026-02-13T20:01:39.050938+00:00', '2026-02-13T20:01:39.050938+00:00', false, false) ON CONFLICT (setting_id, role_routes_id) DO NOTHING;
INSERT INTO public.setting_role_routes_junction (setting_id, role_routes_id, active, created_at, updated_at, generated, mcp) VALUES ('019b3be4-3c61-76ff-befb-69b082df2acd', '019c5898-40f3-70e0-88b3-9ba1dbb9bb84', true, '2026-02-13T20:01:39.050938+00:00', '2026-02-13T20:01:39.050938+00:00', false, false) ON CONFLICT (setting_id, role_routes_id) DO NOTHING;
INSERT INTO public.setting_role_routes_junction (setting_id, role_routes_id, active, created_at, updated_at, generated, mcp) VALUES ('019b3be4-3c61-76ff-befb-69b082df2acd', '019c5898-40f3-70f1-9686-6eeb75d8d807', true, '2026-02-13T20:01:39.050938+00:00', '2026-02-13T20:01:39.050938+00:00', false, false) ON CONFLICT (setting_id, role_routes_id) DO NOTHING;
INSERT INTO public.setting_role_routes_junction (setting_id, role_routes_id, active, created_at, updated_at, generated, mcp) VALUES ('019b3be4-3c61-76ff-befb-69b082df2acd', '019c5898-40f3-7102-9846-8585f9239643', true, '2026-02-13T20:01:39.050938+00:00', '2026-02-13T20:01:39.050938+00:00', false, false) ON CONFLICT (setting_id, role_routes_id) DO NOTHING;
INSERT INTO public.setting_role_routes_junction (setting_id, role_routes_id, active, created_at, updated_at, generated, mcp) VALUES ('019b3be4-3c61-76ff-befb-69b082df2acd', '019c5898-40f3-7110-9429-e2c8cc686be1', true, '2026-02-13T20:01:39.050938+00:00', '2026-02-13T20:01:39.050938+00:00', false, false) ON CONFLICT (setting_id, role_routes_id) DO NOTHING;
INSERT INTO public.setting_role_routes_junction (setting_id, role_routes_id, active, created_at, updated_at, generated, mcp) VALUES ('019b3be4-3c61-76ff-befb-69b082df2acd', '019c5898-40f3-711f-b8b9-0022b21b0623', true, '2026-02-13T20:01:39.050938+00:00', '2026-02-13T20:01:39.050938+00:00', false, false) ON CONFLICT (setting_id, role_routes_id) DO NOTHING;
INSERT INTO public.setting_role_routes_junction (setting_id, role_routes_id, active, created_at, updated_at, generated, mcp) VALUES ('019b3be4-3c61-76ff-befb-69b082df2acd', '019c5898-40f3-712f-a43a-7666a22259a9', true, '2026-02-13T20:01:39.050938+00:00', '2026-02-13T20:01:39.050938+00:00', false, false) ON CONFLICT (setting_id, role_routes_id) DO NOTHING;
INSERT INTO public.setting_role_routes_junction (setting_id, role_routes_id, active, created_at, updated_at, generated, mcp) VALUES ('019b3be4-3c61-76ff-befb-69b082df2acd', '019c5898-40f3-713c-8be2-27d98908991b', true, '2026-02-13T20:01:39.050938+00:00', '2026-02-13T20:01:39.050938+00:00', false, false) ON CONFLICT (setting_id, role_routes_id) DO NOTHING;
INSERT INTO public.setting_role_routes_junction (setting_id, role_routes_id, active, created_at, updated_at, generated, mcp) VALUES ('019b3be4-3c61-76ff-befb-69b082df2acd', '019c5898-40f3-7148-93ec-0255de3b7a0b', true, '2026-02-13T20:01:39.050938+00:00', '2026-02-13T20:01:39.050938+00:00', false, false) ON CONFLICT (setting_id, role_routes_id) DO NOTHING;
INSERT INTO public.setting_role_routes_junction (setting_id, role_routes_id, active, created_at, updated_at, generated, mcp) VALUES ('019b3be4-3c61-76ff-befb-69b082df2acd', '019c5898-40f3-715d-a3da-58a3d234e745', true, '2026-02-13T20:01:39.050938+00:00', '2026-02-13T20:01:39.050938+00:00', false, false) ON CONFLICT (setting_id, role_routes_id) DO NOTHING;
INSERT INTO public.setting_role_routes_junction (setting_id, role_routes_id, active, created_at, updated_at, generated, mcp) VALUES ('019b3be4-3c61-76ff-befb-69b082df2acd', '019c5898-40f3-716a-8e0f-6a9b1c3e7480', true, '2026-02-13T20:01:39.050938+00:00', '2026-02-13T20:01:39.050938+00:00', false, false) ON CONFLICT (setting_id, role_routes_id) DO NOTHING;
INSERT INTO public.setting_role_routes_junction (setting_id, role_routes_id, active, created_at, updated_at, generated, mcp) VALUES ('019b3be4-3c61-76ff-befb-69b082df2acd', '019c5898-40f3-7179-a228-94027d370ee1', true, '2026-02-13T20:01:39.050938+00:00', '2026-02-13T20:01:39.050938+00:00', false, false) ON CONFLICT (setting_id, role_routes_id) DO NOTHING;
INSERT INTO public.setting_role_routes_junction (setting_id, role_routes_id, active, created_at, updated_at, generated, mcp) VALUES ('019b3be4-3c61-76ff-befb-69b082df2acd', '019c5898-40f3-718c-9f65-42dba6ea8b08', true, '2026-02-13T20:01:39.050938+00:00', '2026-02-13T20:01:39.050938+00:00', false, false) ON CONFLICT (setting_id, role_routes_id) DO NOTHING;
INSERT INTO public.setting_role_routes_junction (setting_id, role_routes_id, active, created_at, updated_at, generated, mcp) VALUES ('019b3be4-3c61-76ff-befb-69b082df2acd', '019c5898-40f3-719a-a8f2-bd55b60e08aa', true, '2026-02-13T20:01:39.050938+00:00', '2026-02-13T20:01:39.050938+00:00', false, false) ON CONFLICT (setting_id, role_routes_id) DO NOTHING;
INSERT INTO public.setting_role_routes_junction (setting_id, role_routes_id, active, created_at, updated_at, generated, mcp) VALUES ('019b3be4-3c61-76ff-befb-69b082df2acd', '019c5898-40f3-721a-9009-586fa4b5c94d', true, '2026-02-13T20:01:39.050938+00:00', '2026-02-13T20:01:39.050938+00:00', false, false) ON CONFLICT (setting_id, role_routes_id) DO NOTHING;
INSERT INTO public.setting_role_routes_junction (setting_id, role_routes_id, active, created_at, updated_at, generated, mcp) VALUES ('019b3be4-3c61-76ff-befb-69b082df2acd', '019c5898-40f3-722a-8e83-95895bbd7145', true, '2026-02-13T20:01:39.050938+00:00', '2026-02-13T20:01:39.050938+00:00', false, false) ON CONFLICT (setting_id, role_routes_id) DO NOTHING;
INSERT INTO public.setting_role_routes_junction (setting_id, role_routes_id, active, created_at, updated_at, generated, mcp) VALUES ('019b3be4-3c61-76ff-befb-69b082df2acd', '019c5898-40f3-723b-b92a-81f861b06224', true, '2026-02-13T20:01:39.050938+00:00', '2026-02-13T20:01:39.050938+00:00', false, false) ON CONFLICT (setting_id, role_routes_id) DO NOTHING;
INSERT INTO public.setting_role_routes_junction (setting_id, role_routes_id, active, created_at, updated_at, generated, mcp) VALUES ('019b3be4-3c61-76ff-befb-69b082df2acd', '019c5898-40f3-724f-b8cc-c3c0c91c176a', true, '2026-02-13T20:01:39.050938+00:00', '2026-02-13T20:01:39.050938+00:00', false, false) ON CONFLICT (setting_id, role_routes_id) DO NOTHING;
INSERT INTO public.setting_role_routes_junction (setting_id, role_routes_id, active, created_at, updated_at, generated, mcp) VALUES ('019b3be4-3c61-76ff-befb-69b082df2acd', '019c5898-40f3-725d-a0c9-f4f21b86a7a5', true, '2026-02-13T20:01:39.050938+00:00', '2026-02-13T20:01:39.050938+00:00', false, false) ON CONFLICT (setting_id, role_routes_id) DO NOTHING;
INSERT INTO public.setting_role_routes_junction (setting_id, role_routes_id, active, created_at, updated_at, generated, mcp) VALUES ('019b3be4-3c61-76ff-befb-69b082df2acd', '019c5898-40f3-7269-a8e7-4381afefc0e2', true, '2026-02-13T20:01:39.050938+00:00', '2026-02-13T20:01:39.050938+00:00', false, false) ON CONFLICT (setting_id, role_routes_id) DO NOTHING;
INSERT INTO public.setting_role_routes_junction (setting_id, role_routes_id, active, created_at, updated_at, generated, mcp) VALUES ('019b3be4-3c61-76ff-befb-69b082df2acd', '019c5898-40f3-727a-b945-3ab1b5c59b55', true, '2026-02-13T20:01:39.050938+00:00', '2026-02-13T20:01:39.050938+00:00', false, false) ON CONFLICT (setting_id, role_routes_id) DO NOTHING;
INSERT INTO public.setting_role_routes_junction (setting_id, role_routes_id, active, created_at, updated_at, generated, mcp) VALUES ('019b3be4-3c61-76ff-befb-69b082df2acd', '019c5898-40f3-7285-aca2-9e3b02c22cbd', true, '2026-02-13T20:01:39.050938+00:00', '2026-02-13T20:01:39.050938+00:00', false, false) ON CONFLICT (setting_id, role_routes_id) DO NOTHING;
INSERT INTO public.setting_role_routes_junction (setting_id, role_routes_id, active, created_at, updated_at, generated, mcp) VALUES ('019b3be4-3c61-76ff-befb-69b082df2acd', '019c5898-40f3-7296-a273-8592c08a33a0', true, '2026-02-13T20:01:39.050938+00:00', '2026-02-13T20:01:39.050938+00:00', false, false) ON CONFLICT (setting_id, role_routes_id) DO NOTHING;
INSERT INTO public.setting_role_routes_junction (setting_id, role_routes_id, active, created_at, updated_at, generated, mcp) VALUES ('019b3be4-3c61-76ff-befb-69b082df2acd', '019c5898-40f3-72a2-bb9d-e2494e6f1e0b', true, '2026-02-13T20:01:39.050938+00:00', '2026-02-13T20:01:39.050938+00:00', false, false) ON CONFLICT (setting_id, role_routes_id) DO NOTHING;
INSERT INTO public.setting_role_routes_junction (setting_id, role_routes_id, active, created_at, updated_at, generated, mcp) VALUES ('019b3be4-3c61-76ff-befb-69b082df2acd', '019c5898-40f3-72b4-a578-2255f26e32e9', true, '2026-02-13T20:01:39.050938+00:00', '2026-02-13T20:01:39.050938+00:00', false, false) ON CONFLICT (setting_id, role_routes_id) DO NOTHING;
INSERT INTO public.setting_role_routes_junction (setting_id, role_routes_id, active, created_at, updated_at, generated, mcp) VALUES ('019b3be4-3c61-76ff-befb-69b082df2acd', '019c5898-40f3-7319-b741-2bb76c8f432d', true, '2026-02-13T20:01:39.050938+00:00', '2026-02-13T20:01:39.050938+00:00', false, false) ON CONFLICT (setting_id, role_routes_id) DO NOTHING;
INSERT INTO public.setting_role_routes_junction (setting_id, role_routes_id, active, created_at, updated_at, generated, mcp) VALUES ('019b3be4-3c61-76ff-befb-69b082df2acd', '019c5898-40f3-732a-bdfb-6f665bf8ba81', true, '2026-02-13T20:01:39.050938+00:00', '2026-02-13T20:01:39.050938+00:00', false, false) ON CONFLICT (setting_id, role_routes_id) DO NOTHING;
INSERT INTO public.setting_role_routes_junction (setting_id, role_routes_id, active, created_at, updated_at, generated, mcp) VALUES ('019b3be4-3c61-76ff-befb-69b082df2acd', '019c5898-40f3-7336-863a-8f325bfe1d80', true, '2026-02-13T20:01:39.050938+00:00', '2026-02-13T20:01:39.050938+00:00', false, false) ON CONFLICT (setting_id, role_routes_id) DO NOTHING;
INSERT INTO public.setting_role_routes_junction (setting_id, role_routes_id, active, created_at, updated_at, generated, mcp) VALUES ('019b3be4-3c61-76ff-befb-69b082df2acd', '019c5898-40f3-7344-baa2-179412ce26fd', true, '2026-02-13T20:01:39.050938+00:00', '2026-02-13T20:01:39.050938+00:00', false, false) ON CONFLICT (setting_id, role_routes_id) DO NOTHING;
INSERT INTO public.setting_role_routes_junction (setting_id, role_routes_id, active, created_at, updated_at, generated, mcp) VALUES ('019b3be4-3c61-76ff-befb-69b082df2acd', '019c5898-40f3-735a-9798-8e40184b5c69', true, '2026-02-13T20:01:39.050938+00:00', '2026-02-13T20:01:39.050938+00:00', false, false) ON CONFLICT (setting_id, role_routes_id) DO NOTHING;
INSERT INTO public.setting_role_routes_junction (setting_id, role_routes_id, active, created_at, updated_at, generated, mcp) VALUES ('019b3be4-3c61-76ff-befb-69b082df2acd', '019c5898-40f3-7448-b78a-aee98b2d86c8', true, '2026-02-13T20:01:39.050938+00:00', '2026-02-13T20:01:39.050938+00:00', false, false) ON CONFLICT (setting_id, role_routes_id) DO NOTHING;
INSERT INTO public.setting_role_routes_junction (setting_id, role_routes_id, active, created_at, updated_at, generated, mcp) VALUES ('019b3be4-3c61-76ff-befb-69b082df2acd', '019c5898-40f3-745d-b9ed-264209977237', true, '2026-02-13T20:01:39.050938+00:00', '2026-02-13T20:01:39.050938+00:00', false, false) ON CONFLICT (setting_id, role_routes_id) DO NOTHING;
INSERT INTO public.setting_role_routes_junction (setting_id, role_routes_id, active, created_at, updated_at, generated, mcp) VALUES ('019b3be4-3c61-76ff-befb-69b082df2acd', '019c5898-40f3-746d-9ad1-aa2ef7206822', true, '2026-02-13T20:01:39.050938+00:00', '2026-02-13T20:01:39.050938+00:00', false, false) ON CONFLICT (setting_id, role_routes_id) DO NOTHING;
INSERT INTO public.setting_role_routes_junction (setting_id, role_routes_id, active, created_at, updated_at, generated, mcp) VALUES ('019b3be4-3c61-76ff-befb-69b082df2acd', '019c5898-40f3-747d-b10b-a047c7ea9ba9', true, '2026-02-13T20:01:39.050938+00:00', '2026-02-13T20:01:39.050938+00:00', false, false) ON CONFLICT (setting_id, role_routes_id) DO NOTHING;
INSERT INTO public.setting_role_routes_junction (setting_id, role_routes_id, active, created_at, updated_at, generated, mcp) VALUES ('019b3be4-3c61-76ff-befb-69b082df2acd', '019c5898-40f3-7488-b15f-b2227267df22', true, '2026-02-13T20:01:39.050938+00:00', '2026-02-13T20:01:39.050938+00:00', false, false) ON CONFLICT (setting_id, role_routes_id) DO NOTHING;
INSERT INTO public.setting_role_routes_junction (setting_id, role_routes_id, active, created_at, updated_at, generated, mcp) VALUES ('019b3be4-3c61-76ff-befb-69b082df2acd', '019c5898-40f3-749a-8e0a-d8482eee0f8e', true, '2026-02-13T20:01:39.050938+00:00', '2026-02-13T20:01:39.050938+00:00', false, false) ON CONFLICT (setting_id, role_routes_id) DO NOTHING;
INSERT INTO public.setting_role_routes_junction (setting_id, role_routes_id, active, created_at, updated_at, generated, mcp) VALUES ('019b3be4-3c61-76ff-befb-69b082df2acd', '019c5898-40f3-74a5-9985-eed899498379', true, '2026-02-13T20:01:39.050938+00:00', '2026-02-13T20:01:39.050938+00:00', false, false) ON CONFLICT (setting_id, role_routes_id) DO NOTHING;
INSERT INTO public.setting_role_routes_junction (setting_id, role_routes_id, active, created_at, updated_at, generated, mcp) VALUES ('019b3be4-3c61-76ff-befb-69b082df2acd', '019c5898-40f3-74b6-81eb-f2fda5a4b18a', true, '2026-02-13T20:01:39.050938+00:00', '2026-02-13T20:01:39.050938+00:00', false, false) ON CONFLICT (setting_id, role_routes_id) DO NOTHING;
INSERT INTO public.setting_role_routes_junction (setting_id, role_routes_id, active, created_at, updated_at, generated, mcp) VALUES ('019b3be4-3c61-76ff-befb-69b082df2acd', '019c5898-40f3-74c8-aa4f-5e9209affc9f', true, '2026-02-13T20:01:39.050938+00:00', '2026-02-13T20:01:39.050938+00:00', false, false) ON CONFLICT (setting_id, role_routes_id) DO NOTHING;
INSERT INTO public.setting_role_routes_junction (setting_id, role_routes_id, active, created_at, updated_at, generated, mcp) VALUES ('019b3be4-3c61-76ff-befb-69b082df2acd', '019c5898-40f3-74d7-9262-b1c4ac231f6b', true, '2026-02-13T20:01:39.050938+00:00', '2026-02-13T20:01:39.050938+00:00', false, false) ON CONFLICT (setting_id, role_routes_id) DO NOTHING;
INSERT INTO public.setting_role_routes_junction (setting_id, role_routes_id, active, created_at, updated_at, generated, mcp) VALUES ('019b3be4-3c61-76ff-befb-69b082df2acd', '019c5898-40f3-74e5-aca9-7a25a757ad5d', true, '2026-02-13T20:01:39.050938+00:00', '2026-02-13T20:01:39.050938+00:00', false, false) ON CONFLICT (setting_id, role_routes_id) DO NOTHING;
INSERT INTO public.setting_role_routes_junction (setting_id, role_routes_id, active, created_at, updated_at, generated, mcp) VALUES ('019b3be4-3c61-76ff-befb-69b082df2acd', '019c5898-40f3-74f6-aab8-77de965a41ea', true, '2026-02-13T20:01:39.050938+00:00', '2026-02-13T20:01:39.050938+00:00', false, false) ON CONFLICT (setting_id, role_routes_id) DO NOTHING;
INSERT INTO public.setting_role_routes_junction (setting_id, role_routes_id, active, created_at, updated_at, generated, mcp) VALUES ('019b3be4-3c61-76ff-befb-69b082df2acd', '019c5898-40f3-7506-96cf-f5d2bf9f8e30', true, '2026-02-13T20:01:39.050938+00:00', '2026-02-13T20:01:39.050938+00:00', false, false) ON CONFLICT (setting_id, role_routes_id) DO NOTHING;
INSERT INTO public.setting_role_routes_junction (setting_id, role_routes_id, active, created_at, updated_at, generated, mcp) VALUES ('019b3be4-3c61-76ff-befb-69b082df2acd', '019c5898-40f3-7517-9398-994db3d59c15', true, '2026-02-13T20:01:39.050938+00:00', '2026-02-13T20:01:39.050938+00:00', false, false) ON CONFLICT (setting_id, role_routes_id) DO NOTHING;
INSERT INTO public.setting_role_routes_junction (setting_id, role_routes_id, active, created_at, updated_at, generated, mcp) VALUES ('019b3be4-3c61-76ff-befb-69b082df2acd', '019c5898-40f3-757e-b6bd-f048849c9541', true, '2026-02-13T20:01:39.050938+00:00', '2026-02-13T20:01:39.050938+00:00', false, false) ON CONFLICT (setting_id, role_routes_id) DO NOTHING;
INSERT INTO public.setting_role_routes_junction (setting_id, role_routes_id, active, created_at, updated_at, generated, mcp) VALUES ('019b3be4-3c61-76ff-befb-69b082df2acd', '019c5898-40f3-758c-bc4f-631ff5a8cf31', true, '2026-02-13T20:01:39.050938+00:00', '2026-02-13T20:01:39.050938+00:00', false, false) ON CONFLICT (setting_id, role_routes_id) DO NOTHING;
INSERT INTO public.setting_role_routes_junction (setting_id, role_routes_id, active, created_at, updated_at, generated, mcp) VALUES ('019b3be4-3c61-76ff-befb-69b082df2acd', '019c5898-40f3-75a7-a3ef-492fbbd2b30a', true, '2026-02-13T20:01:39.050938+00:00', '2026-02-13T20:01:39.050938+00:00', false, false) ON CONFLICT (setting_id, role_routes_id) DO NOTHING;
INSERT INTO public.setting_role_routes_junction (setting_id, role_routes_id, active, created_at, updated_at, generated, mcp) VALUES ('019b3be4-3c61-76ff-befb-69b082df2acd', '019c5898-40f3-75b5-a31f-0aa4453133cb', true, '2026-02-13T20:01:39.050938+00:00', '2026-02-13T20:01:39.050938+00:00', false, false) ON CONFLICT (setting_id, role_routes_id) DO NOTHING;
INSERT INTO public.setting_role_routes_junction (setting_id, role_routes_id, active, created_at, updated_at, generated, mcp) VALUES ('019b3be4-3c61-76ff-befb-69b082df2acd', '019c5898-40f3-75c3-868d-48f3bab1f86c', true, '2026-02-13T20:01:39.050938+00:00', '2026-02-13T20:01:39.050938+00:00', false, false) ON CONFLICT (setting_id, role_routes_id) DO NOTHING;
INSERT INTO public.setting_role_routes_junction (setting_id, role_routes_id, active, created_at, updated_at, generated, mcp) VALUES ('019b3be4-3c61-76ff-befb-69b082df2acd', '019c5898-40f3-762c-951e-ca5984d7346e', true, '2026-02-13T20:01:39.050938+00:00', '2026-02-13T20:01:39.050938+00:00', false, false) ON CONFLICT (setting_id, role_routes_id) DO NOTHING;
INSERT INTO public.setting_role_routes_junction (setting_id, role_routes_id, active, created_at, updated_at, generated, mcp) VALUES ('019b3be4-3c61-76ff-befb-69b082df2acd', '019c5898-40f3-763d-a3de-dc1939e07f35', true, '2026-02-13T20:01:39.050938+00:00', '2026-02-13T20:01:39.050938+00:00', false, false) ON CONFLICT (setting_id, role_routes_id) DO NOTHING;
INSERT INTO public.setting_role_routes_junction (setting_id, role_routes_id, active, created_at, updated_at, generated, mcp) VALUES ('019b3be4-3c61-76ff-befb-69b082df2acd', '019c5898-40f3-76ae-a339-583c7e4fd2d0', true, '2026-02-13T20:01:39.050938+00:00', '2026-02-13T20:01:39.050938+00:00', false, false) ON CONFLICT (setting_id, role_routes_id) DO NOTHING;
INSERT INTO public.setting_role_routes_junction (setting_id, role_routes_id, active, created_at, updated_at, generated, mcp) VALUES ('019b3be4-3c61-76ff-befb-69b082df2acd', '019c5898-40f3-76c3-ac1f-68f826b49d8d', true, '2026-02-13T20:01:39.050938+00:00', '2026-02-13T20:01:39.050938+00:00', false, false) ON CONFLICT (setting_id, role_routes_id) DO NOTHING;
INSERT INTO public.setting_role_routes_junction (setting_id, role_routes_id, active, created_at, updated_at, generated, mcp) VALUES ('019b3be4-3c61-76ff-befb-69b082df2acd', '019c5898-40f3-76d4-b728-29229c41e561', true, '2026-02-13T20:01:39.050938+00:00', '2026-02-13T20:01:39.050938+00:00', false, false) ON CONFLICT (setting_id, role_routes_id) DO NOTHING;
INSERT INTO public.setting_role_routes_junction (setting_id, role_routes_id, active, created_at, updated_at, generated, mcp) VALUES ('019b3be4-3c61-76ff-befb-69b082df2acd', '019c5898-40f3-76e6-b5eb-e9be6f21a7e6', true, '2026-02-13T20:01:39.050938+00:00', '2026-02-13T20:01:39.050938+00:00', false, false) ON CONFLICT (setting_id, role_routes_id) DO NOTHING;
INSERT INTO public.setting_role_routes_junction (setting_id, role_routes_id, active, created_at, updated_at, generated, mcp) VALUES ('019b3be4-3c61-76ff-befb-69b082df2acd', '019c5898-40f3-76f2-b0c5-ed17a92f7df7', true, '2026-02-13T20:01:39.050938+00:00', '2026-02-13T20:01:39.050938+00:00', false, false) ON CONFLICT (setting_id, role_routes_id) DO NOTHING;
INSERT INTO public.setting_role_routes_junction (setting_id, role_routes_id, active, created_at, updated_at, generated, mcp) VALUES ('019b3be4-3c61-76ff-befb-69b082df2acd', '019c5898-40f3-76ff-8e86-3c5a677efa16', true, '2026-02-13T20:01:39.050938+00:00', '2026-02-13T20:01:39.050938+00:00', false, false) ON CONFLICT (setting_id, role_routes_id) DO NOTHING;
INSERT INTO public.setting_role_routes_junction (setting_id, role_routes_id, active, created_at, updated_at, generated, mcp) VALUES ('019b3be4-3c61-76ff-befb-69b082df2acd', '019c5898-40f3-7709-b83d-56a5864a51d5', true, '2026-02-13T20:01:39.050938+00:00', '2026-02-13T20:01:39.050938+00:00', false, false) ON CONFLICT (setting_id, role_routes_id) DO NOTHING;
INSERT INTO public.setting_role_routes_junction (setting_id, role_routes_id, active, created_at, updated_at, generated, mcp) VALUES ('019b3be4-3c61-76ff-befb-69b082df2acd', '019c5898-40f3-771a-b8e0-5f99438c6ed1', true, '2026-02-13T20:01:39.050938+00:00', '2026-02-13T20:01:39.050938+00:00', false, false) ON CONFLICT (setting_id, role_routes_id) DO NOTHING;
INSERT INTO public.setting_role_routes_junction (setting_id, role_routes_id, active, created_at, updated_at, generated, mcp) VALUES ('019b3be4-3c61-76ff-befb-69b082df2acd', '019c5898-40f3-7727-8211-32b7e2da7785', true, '2026-02-13T20:01:39.050938+00:00', '2026-02-13T20:01:39.050938+00:00', false, false) ON CONFLICT (setting_id, role_routes_id) DO NOTHING;
INSERT INTO public.setting_role_routes_junction (setting_id, role_routes_id, active, created_at, updated_at, generated, mcp) VALUES ('019b3be4-3c61-76ff-befb-69b082df2acd', '019c5898-40f4-70de-bec8-8e6d83dd7498', true, '2026-02-13T20:01:39.050938+00:00', '2026-02-13T20:01:39.050938+00:00', false, false) ON CONFLICT (setting_id, role_routes_id) DO NOTHING;
INSERT INTO public.setting_role_routes_junction (setting_id, role_routes_id, active, created_at, updated_at, generated, mcp) VALUES ('019b3be4-3c61-76ff-befb-69b082df2acd', '019c5898-40f4-70f7-a684-a70b432c0f0e', true, '2026-02-13T20:01:39.050938+00:00', '2026-02-13T20:01:39.050938+00:00', false, false) ON CONFLICT (setting_id, role_routes_id) DO NOTHING;
INSERT INTO public.setting_role_routes_junction (setting_id, role_routes_id, active, created_at, updated_at, generated, mcp) VALUES ('019b3be4-3c61-76ff-befb-69b082df2acd', '019c5898-40f4-7102-84ea-3641e8795f51', true, '2026-02-13T20:01:39.050938+00:00', '2026-02-13T20:01:39.050938+00:00', false, false) ON CONFLICT (setting_id, role_routes_id) DO NOTHING;
INSERT INTO public.setting_role_routes_junction (setting_id, role_routes_id, active, created_at, updated_at, generated, mcp) VALUES ('019b3be4-3c61-76ff-befb-69b082df2acd', '019c5898-40f4-7111-a187-8a99739bd6b5', true, '2026-02-13T20:01:39.050938+00:00', '2026-02-13T20:01:39.050938+00:00', false, false) ON CONFLICT (setting_id, role_routes_id) DO NOTHING;
INSERT INTO public.setting_role_routes_junction (setting_id, role_routes_id, active, created_at, updated_at, generated, mcp) VALUES ('019b3be4-3c61-76ff-befb-69b082df2acd', '019c5898-40f4-711c-98f4-8ee746eb331b', true, '2026-02-13T20:01:39.050938+00:00', '2026-02-13T20:01:39.050938+00:00', false, false) ON CONFLICT (setting_id, role_routes_id) DO NOTHING;
INSERT INTO public.setting_role_routes_junction (setting_id, role_routes_id, active, created_at, updated_at, generated, mcp) VALUES ('019b3be4-3c61-76ff-befb-69b082df2acd', '019c5898-40f4-712a-ab2e-6327a1b30d3c', true, '2026-02-13T20:01:39.050938+00:00', '2026-02-13T20:01:39.050938+00:00', false, false) ON CONFLICT (setting_id, role_routes_id) DO NOTHING;
INSERT INTO public.setting_role_routes_junction (setting_id, role_routes_id, active, created_at, updated_at, generated, mcp) VALUES ('019b3be4-3c61-76ff-befb-69b082df2acd', '019c5898-40f4-7137-ad61-a6f35ebbdcde', true, '2026-02-13T20:01:39.050938+00:00', '2026-02-13T20:01:39.050938+00:00', false, false) ON CONFLICT (setting_id, role_routes_id) DO NOTHING;
INSERT INTO public.setting_role_routes_junction (setting_id, role_routes_id, active, created_at, updated_at, generated, mcp) VALUES ('019b3be4-3c61-76ff-befb-69b082df2acd', '019c5898-40f4-7142-8756-099e249377b5', true, '2026-02-13T20:01:39.050938+00:00', '2026-02-13T20:01:39.050938+00:00', false, false) ON CONFLICT (setting_id, role_routes_id) DO NOTHING;
INSERT INTO public.setting_role_routes_junction (setting_id, role_routes_id, active, created_at, updated_at, generated, mcp) VALUES ('019b3be4-3c61-76ff-befb-69b082df2acd', '019c5898-40f4-714f-89bb-146ed20d5493', true, '2026-02-13T20:01:39.050938+00:00', '2026-02-13T20:01:39.050938+00:00', false, false) ON CONFLICT (setting_id, role_routes_id) DO NOTHING;
INSERT INTO public.setting_role_routes_junction (setting_id, role_routes_id, active, created_at, updated_at, generated, mcp) VALUES ('019b3be4-3c61-76ff-befb-69b082df2acd', '019c5898-40f4-715c-aa4b-18b2f3d850d2', true, '2026-02-13T20:01:39.050938+00:00', '2026-02-13T20:01:39.050938+00:00', false, false) ON CONFLICT (setting_id, role_routes_id) DO NOTHING;
INSERT INTO public.setting_role_routes_junction (setting_id, role_routes_id, active, created_at, updated_at, generated, mcp) VALUES ('019b3be4-3c61-76ff-befb-69b082df2acd', '019c5898-40f4-716a-9e9b-35d26ddad8f7', true, '2026-02-13T20:01:39.050938+00:00', '2026-02-13T20:01:39.050938+00:00', false, false) ON CONFLICT (setting_id, role_routes_id) DO NOTHING;
INSERT INTO public.setting_role_routes_junction (setting_id, role_routes_id, active, created_at, updated_at, generated, mcp) VALUES ('019b3be4-3c61-76ff-befb-69b082df2acd', '019c5898-40f4-7178-a89e-56f3139a4375', true, '2026-02-13T20:01:39.050938+00:00', '2026-02-13T20:01:39.050938+00:00', false, false) ON CONFLICT (setting_id, role_routes_id) DO NOTHING;
INSERT INTO public.setting_role_routes_junction (setting_id, role_routes_id, active, created_at, updated_at, generated, mcp) VALUES ('019b3be4-3c61-76ff-befb-69b082df2acd', '019c5898-40f4-71af-8a6f-2bc0d3c1330b', true, '2026-02-13T20:01:39.050938+00:00', '2026-02-13T20:01:39.050938+00:00', false, false) ON CONFLICT (setting_id, role_routes_id) DO NOTHING;
INSERT INTO public.setting_role_routes_junction (setting_id, role_routes_id, active, created_at, updated_at, generated, mcp) VALUES ('019b3be4-3c61-76ff-befb-69b082df2acd', '019c5898-40f4-71bc-ba2f-35adb3ed4c4e', true, '2026-02-13T20:01:39.050938+00:00', '2026-02-13T20:01:39.050938+00:00', false, false) ON CONFLICT (setting_id, role_routes_id) DO NOTHING;
INSERT INTO public.setting_role_routes_junction (setting_id, role_routes_id, active, created_at, updated_at, generated, mcp) VALUES ('019b3be4-3c61-76ff-befb-69b082df2acd', '019c5898-40f4-71ca-aba7-aa8ab4b98e69', true, '2026-02-13T20:01:39.050938+00:00', '2026-02-13T20:01:39.050938+00:00', false, false) ON CONFLICT (setting_id, role_routes_id) DO NOTHING;
INSERT INTO public.setting_role_routes_junction (setting_id, role_routes_id, active, created_at, updated_at, generated, mcp) VALUES ('019b3be4-3c61-76ff-befb-69b082df2acd', '019c5898-40f4-71d4-9945-1b36bff0e700', true, '2026-02-13T20:01:39.050938+00:00', '2026-02-13T20:01:39.050938+00:00', false, false) ON CONFLICT (setting_id, role_routes_id) DO NOTHING;
INSERT INTO public.setting_role_routes_junction (setting_id, role_routes_id, active, created_at, updated_at, generated, mcp) VALUES ('019b3be4-3c61-76ff-befb-69b082df2acd', '019c5898-40f4-71e2-b0a3-bb50b0b0e2a0', true, '2026-02-13T20:01:39.050938+00:00', '2026-02-13T20:01:39.050938+00:00', false, false) ON CONFLICT (setting_id, role_routes_id) DO NOTHING;
INSERT INTO public.setting_role_routes_junction (setting_id, role_routes_id, active, created_at, updated_at, generated, mcp) VALUES ('019b3be4-3c61-76ff-befb-69b082df2acd', '019c5898-40f4-71ee-8caa-09408ba1fc9f', true, '2026-02-13T20:01:39.050938+00:00', '2026-02-13T20:01:39.050938+00:00', false, false) ON CONFLICT (setting_id, role_routes_id) DO NOTHING;
INSERT INTO public.setting_role_routes_junction (setting_id, role_routes_id, active, created_at, updated_at, generated, mcp) VALUES ('019b3be4-3c61-76ff-befb-69b082df2acd', '019c5898-40f4-71f8-b210-678fa67ab281', true, '2026-02-13T20:01:39.050938+00:00', '2026-02-13T20:01:39.050938+00:00', false, false) ON CONFLICT (setting_id, role_routes_id) DO NOTHING;
INSERT INTO public.setting_role_routes_junction (setting_id, role_routes_id, active, created_at, updated_at, generated, mcp) VALUES ('019b3be4-3c61-76ff-befb-69b082df2acd', '019c5898-40f4-720b-832c-4a33c7a5a474', true, '2026-02-13T20:01:39.050938+00:00', '2026-02-13T20:01:39.050938+00:00', false, false) ON CONFLICT (setting_id, role_routes_id) DO NOTHING;
INSERT INTO public.setting_role_routes_junction (setting_id, role_routes_id, active, created_at, updated_at, generated, mcp) VALUES ('019b3be4-3c61-76ff-befb-69b082df2acd', '019c5898-40f4-7214-9f25-a76480b3e64f', true, '2026-02-13T20:01:39.050938+00:00', '2026-02-13T20:01:39.050938+00:00', false, false) ON CONFLICT (setting_id, role_routes_id) DO NOTHING;
INSERT INTO public.setting_role_routes_junction (setting_id, role_routes_id, active, created_at, updated_at, generated, mcp) VALUES ('019b3be4-3c61-76ff-befb-69b082df2acd', '019c5898-40f4-7223-8daf-a30bae259b2e', true, '2026-02-13T20:01:39.050938+00:00', '2026-02-13T20:01:39.050938+00:00', false, false) ON CONFLICT (setting_id, role_routes_id) DO NOTHING;
INSERT INTO public.setting_role_routes_junction (setting_id, role_routes_id, active, created_at, updated_at, generated, mcp) VALUES ('019b3be4-3c61-76ff-befb-69b082df2acd', '019c5898-40f4-722f-826f-bb6b38a1a256', true, '2026-02-13T20:01:39.050938+00:00', '2026-02-13T20:01:39.050938+00:00', false, false) ON CONFLICT (setting_id, role_routes_id) DO NOTHING;
INSERT INTO public.setting_role_routes_junction (setting_id, role_routes_id, active, created_at, updated_at, generated, mcp) VALUES ('019b3be4-3c61-76ff-befb-69b082df2acd', '019c5898-40f4-723c-a19c-8e0fc824c6cc', true, '2026-02-13T20:01:39.050938+00:00', '2026-02-13T20:01:39.050938+00:00', false, false) ON CONFLICT (setting_id, role_routes_id) DO NOTHING;
INSERT INTO public.setting_role_routes_junction (setting_id, role_routes_id, active, created_at, updated_at, generated, mcp) VALUES ('019b3be4-3c61-76ff-befb-69b082df2acd', '019c5898-40f4-724e-b324-ed71c9f10731', true, '2026-02-13T20:01:39.050938+00:00', '2026-02-13T20:01:39.050938+00:00', false, false) ON CONFLICT (setting_id, role_routes_id) DO NOTHING;
INSERT INTO public.setting_role_routes_junction (setting_id, role_routes_id, active, created_at, updated_at, generated, mcp) VALUES ('019b3be4-3c61-76ff-befb-69b082df2acd', '019c5898-40f4-725a-a099-15e5c4674b90', true, '2026-02-13T20:01:39.050938+00:00', '2026-02-13T20:01:39.050938+00:00', false, false) ON CONFLICT (setting_id, role_routes_id) DO NOTHING;
INSERT INTO public.setting_role_routes_junction (setting_id, role_routes_id, active, created_at, updated_at, generated, mcp) VALUES ('019b3be4-3c61-76ff-befb-69b082df2acd', '019c5898-40f4-7265-b295-7e6791c799e6', true, '2026-02-13T20:01:39.050938+00:00', '2026-02-13T20:01:39.050938+00:00', false, false) ON CONFLICT (setting_id, role_routes_id) DO NOTHING;
INSERT INTO public.setting_role_routes_junction (setting_id, role_routes_id, active, created_at, updated_at, generated, mcp) VALUES ('019b3be4-3c61-76ff-befb-69b082df2acd', '019c5898-40f4-7273-9698-a209ae3dbf27', true, '2026-02-13T20:01:39.050938+00:00', '2026-02-13T20:01:39.050938+00:00', false, false) ON CONFLICT (setting_id, role_routes_id) DO NOTHING;
INSERT INTO public.setting_role_routes_junction (setting_id, role_routes_id, active, created_at, updated_at, generated, mcp) VALUES ('019b3be4-3c61-76ff-befb-69b082df2acd', '019c5898-40f4-727f-971d-e63a76fbd3ab', true, '2026-02-13T20:01:39.050938+00:00', '2026-02-13T20:01:39.050938+00:00', false, false) ON CONFLICT (setting_id, role_routes_id) DO NOTHING;
INSERT INTO public.setting_role_routes_junction (setting_id, role_routes_id, active, created_at, updated_at, generated, mcp) VALUES ('019b3be4-3c61-76ff-befb-69b082df2acd', '019c5898-40f4-7289-973f-166e1301a172', true, '2026-02-13T20:01:39.050938+00:00', '2026-02-13T20:01:39.050938+00:00', false, false) ON CONFLICT (setting_id, role_routes_id) DO NOTHING;
INSERT INTO public.setting_role_routes_junction (setting_id, role_routes_id, active, created_at, updated_at, generated, mcp) VALUES ('019b3be4-3c61-76ff-befb-69b082df2acd', '019c5898-40f4-7296-8068-f45043232216', true, '2026-02-13T20:01:39.050938+00:00', '2026-02-13T20:01:39.050938+00:00', false, false) ON CONFLICT (setting_id, role_routes_id) DO NOTHING;
INSERT INTO public.setting_role_routes_junction (setting_id, role_routes_id, active, created_at, updated_at, generated, mcp) VALUES ('019b3be4-3c61-76ff-befb-69b082df2acd', '019c5898-40f4-72a3-9a69-d36d14c7e23f', true, '2026-02-13T20:01:39.050938+00:00', '2026-02-13T20:01:39.050938+00:00', false, false) ON CONFLICT (setting_id, role_routes_id) DO NOTHING;
INSERT INTO public.setting_role_routes_junction (setting_id, role_routes_id, active, created_at, updated_at, generated, mcp) VALUES ('019b3be4-3c61-76ff-befb-69b082df2acd', '019c5898-40f4-72b0-96e8-989532347b5d', true, '2026-02-13T20:01:39.050938+00:00', '2026-02-13T20:01:39.050938+00:00', false, false) ON CONFLICT (setting_id, role_routes_id) DO NOTHING;
INSERT INTO public.setting_role_routes_junction (setting_id, role_routes_id, active, created_at, updated_at, generated, mcp) VALUES ('019b3be4-3c61-76ff-befb-69b082df2acd', '019c5898-40f4-72be-9a81-4465ed6ed66c', true, '2026-02-13T20:01:39.050938+00:00', '2026-02-13T20:01:39.050938+00:00', false, false) ON CONFLICT (setting_id, role_routes_id) DO NOTHING;
INSERT INTO public.setting_role_routes_junction (setting_id, role_routes_id, active, created_at, updated_at, generated, mcp) VALUES ('019b3be4-3c61-76ff-befb-69b082df2acd', '019c5898-40f4-72cb-b403-793e9f463fe2', true, '2026-02-13T20:01:39.050938+00:00', '2026-02-13T20:01:39.050938+00:00', false, false) ON CONFLICT (setting_id, role_routes_id) DO NOTHING;
INSERT INTO public.setting_role_routes_junction (setting_id, role_routes_id, active, created_at, updated_at, generated, mcp) VALUES ('019b3be4-3c61-76ff-befb-69b082df2acd', '019c5898-40f4-72d7-8fe4-b20a7323dabd', true, '2026-02-13T20:01:39.050938+00:00', '2026-02-13T20:01:39.050938+00:00', false, false) ON CONFLICT (setting_id, role_routes_id) DO NOTHING;
INSERT INTO public.setting_role_routes_junction (setting_id, role_routes_id, active, created_at, updated_at, generated, mcp) VALUES ('019b3be4-3c61-76ff-befb-69b082df2acd', '019c5898-40f4-72e2-9424-6d6958a94f93', true, '2026-02-13T20:01:39.050938+00:00', '2026-02-13T20:01:39.050938+00:00', false, false) ON CONFLICT (setting_id, role_routes_id) DO NOTHING;
INSERT INTO public.setting_role_routes_junction (setting_id, role_routes_id, active, created_at, updated_at, generated, mcp) VALUES ('019b3be4-3c61-76ff-befb-69b082df2acd', '019c5898-40f4-72ef-a7dd-4ebf21e03f3b', true, '2026-02-13T20:01:39.050938+00:00', '2026-02-13T20:01:39.050938+00:00', false, false) ON CONFLICT (setting_id, role_routes_id) DO NOTHING;
INSERT INTO public.setting_role_routes_junction (setting_id, role_routes_id, active, created_at, updated_at, generated, mcp) VALUES ('019b3be4-3c61-76ff-befb-69b082df2acd', '019c5898-40f4-72fb-9b91-05a85729e7ab', true, '2026-02-13T20:01:39.050938+00:00', '2026-02-13T20:01:39.050938+00:00', false, false) ON CONFLICT (setting_id, role_routes_id) DO NOTHING;
INSERT INTO public.setting_role_routes_junction (setting_id, role_routes_id, active, created_at, updated_at, generated, mcp) VALUES ('019b3be4-3c61-76ff-befb-69b082df2acd', '019c5898-40f4-7304-8917-ae071e0f85d0', true, '2026-02-13T20:01:39.050938+00:00', '2026-02-13T20:01:39.050938+00:00', false, false) ON CONFLICT (setting_id, role_routes_id) DO NOTHING;
INSERT INTO public.setting_role_routes_junction (setting_id, role_routes_id, active, created_at, updated_at, generated, mcp) VALUES ('019b3be4-3c61-76ff-befb-69b082df2acd', '019c5898-40f4-7311-9ea3-46cb4fd524e8', true, '2026-02-13T20:01:39.050938+00:00', '2026-02-13T20:01:39.050938+00:00', false, false) ON CONFLICT (setting_id, role_routes_id) DO NOTHING;
INSERT INTO public.setting_role_routes_junction (setting_id, role_routes_id, active, created_at, updated_at, generated, mcp) VALUES ('019b3be4-3c61-76ff-befb-69b082df2acd', '019c5898-40f4-731e-971e-03e9045eee03', true, '2026-02-13T20:01:39.050938+00:00', '2026-02-13T20:01:39.050938+00:00', false, false) ON CONFLICT (setting_id, role_routes_id) DO NOTHING;
INSERT INTO public.setting_role_routes_junction (setting_id, role_routes_id, active, created_at, updated_at, generated, mcp) VALUES ('019b3be4-3c61-76ff-befb-69b082df2acd', '019c5898-40f4-7329-8374-1a84fd388964', true, '2026-02-13T20:01:39.050938+00:00', '2026-02-13T20:01:39.050938+00:00', false, false) ON CONFLICT (setting_id, role_routes_id) DO NOTHING;
INSERT INTO public.setting_role_routes_junction (setting_id, role_routes_id, active, created_at, updated_at, generated, mcp) VALUES ('019b3be4-3c61-76ff-befb-69b082df2acd', '019c5898-40f4-7335-87a3-a5c1ad0c40df', true, '2026-02-13T20:01:39.050938+00:00', '2026-02-13T20:01:39.050938+00:00', false, false) ON CONFLICT (setting_id, role_routes_id) DO NOTHING;
INSERT INTO public.setting_role_routes_junction (setting_id, role_routes_id, active, created_at, updated_at, generated, mcp) VALUES ('019b3be4-3c61-76ff-befb-69b082df2acd', '019c5898-40f4-7343-b141-0cc3fe800f54', true, '2026-02-13T20:01:39.050938+00:00', '2026-02-13T20:01:39.050938+00:00', false, false) ON CONFLICT (setting_id, role_routes_id) DO NOTHING;
INSERT INTO public.setting_role_routes_junction (setting_id, role_routes_id, active, created_at, updated_at, generated, mcp) VALUES ('019b3be4-3c61-76ff-befb-69b082df2acd', '019c5898-40f4-734c-8769-4884b5ab7910', true, '2026-02-13T20:01:39.050938+00:00', '2026-02-13T20:01:39.050938+00:00', false, false) ON CONFLICT (setting_id, role_routes_id) DO NOTHING;
INSERT INTO public.setting_role_routes_junction (setting_id, role_routes_id, active, created_at, updated_at, generated, mcp) VALUES ('019b3be4-3c61-76ff-befb-69b082df2acd', '019c5898-40f4-735c-9e70-3745e9ee7115', true, '2026-02-13T20:01:39.050938+00:00', '2026-02-13T20:01:39.050938+00:00', false, false) ON CONFLICT (setting_id, role_routes_id) DO NOTHING;
INSERT INTO public.setting_role_routes_junction (setting_id, role_routes_id, active, created_at, updated_at, generated, mcp) VALUES ('019b3be4-3c61-76ff-befb-69b082df2acd', '019c5898-40f4-7368-92ef-34cf6f7f5722', true, '2026-02-13T20:01:39.050938+00:00', '2026-02-13T20:01:39.050938+00:00', false, false) ON CONFLICT (setting_id, role_routes_id) DO NOTHING;
INSERT INTO public.setting_role_routes_junction (setting_id, role_routes_id, active, created_at, updated_at, generated, mcp) VALUES ('019b3be4-3c61-76ff-befb-69b082df2acd', '019c5898-40f4-7377-af96-66fc10ed55ca', true, '2026-02-13T20:01:39.050938+00:00', '2026-02-13T20:01:39.050938+00:00', false, false) ON CONFLICT (setting_id, role_routes_id) DO NOTHING;
INSERT INTO public.setting_role_routes_junction (setting_id, role_routes_id, active, created_at, updated_at, generated, mcp) VALUES ('019b3be4-3c61-76ff-befb-69b082df2acd', '019c5898-40f4-7381-abef-350d831f6ea4', true, '2026-02-13T20:01:39.050938+00:00', '2026-02-13T20:01:39.050938+00:00', false, false) ON CONFLICT (setting_id, role_routes_id) DO NOTHING;
INSERT INTO public.setting_role_routes_junction (setting_id, role_routes_id, active, created_at, updated_at, generated, mcp) VALUES ('019b3be4-3c61-76ff-befb-69b082df2acd', '019c5898-40f4-7391-9b17-20ec8b3dcb2b', true, '2026-02-13T20:01:39.050938+00:00', '2026-02-13T20:01:39.050938+00:00', false, false) ON CONFLICT (setting_id, role_routes_id) DO NOTHING;
INSERT INTO public.setting_role_routes_junction (setting_id, role_routes_id, active, created_at, updated_at, generated, mcp) VALUES ('019b3be4-3c61-76ff-befb-69b082df2acd', '019c5898-40f4-739f-98c1-8b4e52191e24', true, '2026-02-13T20:01:39.050938+00:00', '2026-02-13T20:01:39.050938+00:00', false, false) ON CONFLICT (setting_id, role_routes_id) DO NOTHING;
INSERT INTO public.setting_role_routes_junction (setting_id, role_routes_id, active, created_at, updated_at, generated, mcp) VALUES ('019b3be4-3c61-76ff-befb-69b082df2acd', '019c5898-40f4-73a9-95c1-e4d8fddcc271', true, '2026-02-13T20:01:39.050938+00:00', '2026-02-13T20:01:39.050938+00:00', false, false) ON CONFLICT (setting_id, role_routes_id) DO NOTHING;
INSERT INTO public.setting_role_routes_junction (setting_id, role_routes_id, active, created_at, updated_at, generated, mcp) VALUES ('019b3be4-3c61-76ff-befb-69b082df2acd', '019c5898-40f4-73b6-8886-8ef7ded79695', true, '2026-02-13T20:01:39.050938+00:00', '2026-02-13T20:01:39.050938+00:00', false, false) ON CONFLICT (setting_id, role_routes_id) DO NOTHING;
INSERT INTO public.setting_role_routes_junction (setting_id, role_routes_id, active, created_at, updated_at, generated, mcp) VALUES ('019b3be4-3c61-76ff-befb-69b082df2acd', '019c5898-40f4-73c0-8c1d-cb3cdb766547', true, '2026-02-13T20:01:39.050938+00:00', '2026-02-13T20:01:39.050938+00:00', false, false) ON CONFLICT (setting_id, role_routes_id) DO NOTHING;
INSERT INTO public.setting_role_routes_junction (setting_id, role_routes_id, active, created_at, updated_at, generated, mcp) VALUES ('019b3be4-3c61-76ff-befb-69b082df2acd', '019c5898-40f4-73cd-9e19-c067e318487c', true, '2026-02-13T20:01:39.050938+00:00', '2026-02-13T20:01:39.050938+00:00', false, false) ON CONFLICT (setting_id, role_routes_id) DO NOTHING;
INSERT INTO public.setting_role_routes_junction (setting_id, role_routes_id, active, created_at, updated_at, generated, mcp) VALUES ('019b3be4-3c61-76ff-befb-69b082df2acd', '019c5898-40f4-73d9-9c49-0f52802d40fc', true, '2026-02-13T20:01:39.050938+00:00', '2026-02-13T20:01:39.050938+00:00', false, false) ON CONFLICT (setting_id, role_routes_id) DO NOTHING;
INSERT INTO public.setting_role_routes_junction (setting_id, role_routes_id, active, created_at, updated_at, generated, mcp) VALUES ('019b3be4-3c61-76ff-befb-69b082df2acd', '019c5898-40f4-73ea-80e3-bf91b40acf1d', true, '2026-02-13T20:01:39.050938+00:00', '2026-02-13T20:01:39.050938+00:00', false, false) ON CONFLICT (setting_id, role_routes_id) DO NOTHING;
INSERT INTO public.setting_role_routes_junction (setting_id, role_routes_id, active, created_at, updated_at, generated, mcp) VALUES ('019b3be4-3c61-76ff-befb-69b082df2acd', '019c5898-40f4-73fa-b288-a98f4d399ec1', true, '2026-02-13T20:01:39.050938+00:00', '2026-02-13T20:01:39.050938+00:00', false, false) ON CONFLICT (setting_id, role_routes_id) DO NOTHING;
INSERT INTO public.setting_role_routes_junction (setting_id, role_routes_id, active, created_at, updated_at, generated, mcp) VALUES ('019b3be4-3c61-76ff-befb-69b082df2acd', '019c5898-40f4-7408-b8cc-e29b4262e254', true, '2026-02-13T20:01:39.050938+00:00', '2026-02-13T20:01:39.050938+00:00', false, false) ON CONFLICT (setting_id, role_routes_id) DO NOTHING;
INSERT INTO public.setting_role_routes_junction (setting_id, role_routes_id, active, created_at, updated_at, generated, mcp) VALUES ('019b3be4-3c61-76ff-befb-69b082df2acd', '019c5898-40f4-74cc-826d-6f37249f3a8a', true, '2026-02-13T20:01:39.050938+00:00', '2026-02-13T20:01:39.050938+00:00', false, false) ON CONFLICT (setting_id, role_routes_id) DO NOTHING;
INSERT INTO public.setting_role_routes_junction (setting_id, role_routes_id, active, created_at, updated_at, generated, mcp) VALUES ('019b3be4-3c61-76ff-befb-69b082df2acd', '019c5898-40f4-74dc-ad85-8b499ca7311c', true, '2026-02-13T20:01:39.050938+00:00', '2026-02-13T20:01:39.050938+00:00', false, false) ON CONFLICT (setting_id, role_routes_id) DO NOTHING;
INSERT INTO public.setting_role_routes_junction (setting_id, role_routes_id, active, created_at, updated_at, generated, mcp) VALUES ('019b3be4-3c61-76ff-befb-69b082df2acd', '019c5898-40f4-74ec-928e-9aa56ddefd2a', true, '2026-02-13T20:01:39.050938+00:00', '2026-02-13T20:01:39.050938+00:00', false, false) ON CONFLICT (setting_id, role_routes_id) DO NOTHING;
INSERT INTO public.setting_role_routes_junction (setting_id, role_routes_id, active, created_at, updated_at, generated, mcp) VALUES ('019b3be4-3c61-76ff-befb-69b082df2acd', '019c5898-40f4-74f8-9dff-4657cb401581', true, '2026-02-13T20:01:39.050938+00:00', '2026-02-13T20:01:39.050938+00:00', false, false) ON CONFLICT (setting_id, role_routes_id) DO NOTHING;
INSERT INTO public.setting_role_routes_junction (setting_id, role_routes_id, active, created_at, updated_at, generated, mcp) VALUES ('019b3be4-3c61-76ff-befb-69b082df2acd', '019c5898-40f4-7507-8906-863aaa056a9e', true, '2026-02-13T20:01:39.050938+00:00', '2026-02-13T20:01:39.050938+00:00', false, false) ON CONFLICT (setting_id, role_routes_id) DO NOTHING;
INSERT INTO public.setting_role_routes_junction (setting_id, role_routes_id, active, created_at, updated_at, generated, mcp) VALUES ('019b3be4-3c61-76ff-befb-69b082df2acd', '019c5898-40f4-7511-a5f5-f130824bd0ad', true, '2026-02-13T20:01:39.050938+00:00', '2026-02-13T20:01:39.050938+00:00', false, false) ON CONFLICT (setting_id, role_routes_id) DO NOTHING;
INSERT INTO public.setting_role_routes_junction (setting_id, role_routes_id, active, created_at, updated_at, generated, mcp) VALUES ('019b3be4-3c61-76ff-befb-69b082df2acd', '019c5898-40f4-751e-9cbe-516838440dc4', true, '2026-02-13T20:01:39.050938+00:00', '2026-02-13T20:01:39.050938+00:00', false, false) ON CONFLICT (setting_id, role_routes_id) DO NOTHING;
INSERT INTO public.setting_role_routes_junction (setting_id, role_routes_id, active, created_at, updated_at, generated, mcp) VALUES ('019b3be4-3c61-76ff-befb-69b082df2acd', '019c5898-40f4-7528-8f89-e262c59ee578', true, '2026-02-13T20:01:39.050938+00:00', '2026-02-13T20:01:39.050938+00:00', false, false) ON CONFLICT (setting_id, role_routes_id) DO NOTHING;
INSERT INTO public.setting_role_routes_junction (setting_id, role_routes_id, active, created_at, updated_at, generated, mcp) VALUES ('019b3be4-3c61-76ff-befb-69b082df2acd', '019c5898-40f4-7539-9dde-30745014c442', true, '2026-02-13T20:01:39.050938+00:00', '2026-02-13T20:01:39.050938+00:00', false, false) ON CONFLICT (setting_id, role_routes_id) DO NOTHING;
INSERT INTO public.setting_role_routes_junction (setting_id, role_routes_id, active, created_at, updated_at, generated, mcp) VALUES ('019b3be4-3c61-76ff-befb-69b082df2acd', '019c5898-40f4-7545-9530-1a17f2f3cf92', true, '2026-02-13T20:01:39.050938+00:00', '2026-02-13T20:01:39.050938+00:00', false, false) ON CONFLICT (setting_id, role_routes_id) DO NOTHING;
INSERT INTO public.setting_role_routes_junction (setting_id, role_routes_id, active, created_at, updated_at, generated, mcp) VALUES ('019b3be4-3c61-76ff-befb-69b082df2acd', '019c5898-40f4-7551-8e51-66d4ee585160', true, '2026-02-13T20:01:39.050938+00:00', '2026-02-13T20:01:39.050938+00:00', false, false) ON CONFLICT (setting_id, role_routes_id) DO NOTHING;
INSERT INTO public.setting_role_routes_junction (setting_id, role_routes_id, active, created_at, updated_at, generated, mcp) VALUES ('019b3be4-3c61-76ff-befb-69b082df2acd', '019c5898-40f4-7562-8ab3-559887568d44', true, '2026-02-13T20:01:39.050938+00:00', '2026-02-13T20:01:39.050938+00:00', false, false) ON CONFLICT (setting_id, role_routes_id) DO NOTHING;
INSERT INTO public.setting_role_routes_junction (setting_id, role_routes_id, active, created_at, updated_at, generated, mcp) VALUES ('019b3be4-3c61-76ff-befb-69b082df2acd', '019c5898-40f4-756f-a9f1-494d11332118', true, '2026-02-13T20:01:39.050938+00:00', '2026-02-13T20:01:39.050938+00:00', false, false) ON CONFLICT (setting_id, role_routes_id) DO NOTHING;
INSERT INTO public.setting_role_routes_junction (setting_id, role_routes_id, active, created_at, updated_at, generated, mcp) VALUES ('019b3be4-3c61-76ff-befb-69b082df2acd', '019c5898-40f4-7578-93a0-e94b9e762fc4', true, '2026-02-13T20:01:39.050938+00:00', '2026-02-13T20:01:39.050938+00:00', false, false) ON CONFLICT (setting_id, role_routes_id) DO NOTHING;
-- setting_settings_junction
INSERT INTO public.setting_settings_junction (setting_id, settings_id, active, created_at, generated, mcp) VALUES ('019b3be4-3c61-76ff-befb-69b082df2acd', '019bb25e-e615-7952-a7d4-4fdee85d18cc', true, '2025-12-12T13:26:55.664826+00:00', false, false) ON CONFLICT (setting_id, settings_id) DO NOTHING;
-- setting_thresholds_junction
INSERT INTO public.setting_thresholds_junction (setting_id, threshold_id, type, created_at, generated, mcp, active) VALUES ('019b3be4-3c61-76ff-befb-69b082df2acd', '019b995b-5308-7a8e-9d31-b08127742439', 'success', '2025-12-12T13:26:55.664826+00:00', false, false, true) ON CONFLICT (setting_id, threshold_id, type) DO NOTHING;
INSERT INTO public.setting_thresholds_junction (setting_id, threshold_id, type, created_at, generated, mcp, active) VALUES ('019b3be4-3c61-76ff-befb-69b082df2acd', '019b995b-5309-714f-a5f6-5614613257b1', 'warning', '2025-12-12T13:26:55.664826+00:00', false, false, true) ON CONFLICT (setting_id, threshold_id, type) DO NOTHING;
INSERT INTO public.setting_thresholds_junction (setting_id, threshold_id, type, created_at, generated, mcp, active) VALUES ('019b3be4-3c61-76ff-befb-69b082df2acd', '019b995b-5309-74df-991a-c28980b294f2', 'danger', '2025-12-12T13:26:55.664826+00:00', false, false, true) ON CONFLICT (setting_id, threshold_id, type) DO NOTHING;
