-- Module: University Settings
-- Category: setting (university)
-- Description: University Settings setting
-- ============================================================


-- Resource rows
INSERT INTO public.items_resource (id, name, description, encrypted, position, active, created_at, generated, mcp) VALUES ('019b3be4-3119-7fed-b752-bf6209d31c1d', 'clientId', 'Microsoft Entra ID Client ID', true, 2, true, '2025-11-23T01:06:57.192515+00:00', false, false) ON CONFLICT (id) DO NOTHING;
INSERT INTO public.keys_resource (id, created_at, active, generated, mcp, key, name, description) VALUES ('019b3be4-3321-7f18-847d-823bd6a5c5f6', '2026-02-15T02:02:12.274939+00:00', true, false, false, 'dummy-key-value', 'Microsoft Entra ID Client ID', '') ON CONFLICT (id) DO NOTHING;
INSERT INTO public.auth_item_keys_resource (id, auth_id, key_id, created_at, updated_at, active, generated, mcp, item_id) VALUES ('019c48f5-3ea1-73ec-b373-2f842500c07c', '019bb25e-e5e2-74c2-aaf3-42c5403f26f9', '019b3be4-3321-7f18-847d-823bd6a5c5f6', '2026-01-16T00:38:22.970333+00:00', '2026-01-16T00:38:22.970333+00:00', true, false, false, '019b3be4-3119-7fed-b752-bf6209d31c1d') ON CONFLICT (id) DO NOTHING;
INSERT INTO public.items_resource (id, name, description, encrypted, position, active, created_at, generated, mcp) VALUES ('019b3be4-3119-7feb-9764-0741b7080380', 'clientSecret', 'Microsoft Entra ID Client Secret', true, 1, true, '2025-11-23T01:06:57.192515+00:00', false, false) ON CONFLICT (id) DO NOTHING;
INSERT INTO public.keys_resource (id, created_at, active, generated, mcp, key, name, description) VALUES ('019b3be4-3321-7f09-81ff-ed052c711127', '2026-02-15T02:02:12.275136+00:00', true, false, false, 'dummy-key-value', 'Microsoft Entra ID Client Secret', '') ON CONFLICT (id) DO NOTHING;
INSERT INTO public.auth_item_keys_resource (id, auth_id, key_id, created_at, updated_at, active, generated, mcp, item_id) VALUES ('019c48f5-3ea1-73fa-9f43-75d177c52b7f', '019bb25e-e5e2-74c2-aaf3-42c5403f26f9', '019b3be4-3321-7f09-81ff-ed052c711127', '2026-01-16T00:38:22.970333+00:00', '2026-01-16T00:38:22.970333+00:00', true, false, false, '019b3be4-3119-7feb-9764-0741b7080380') ON CONFLICT (id) DO NOTHING;
INSERT INTO public.items_resource (id, name, description, encrypted, position, active, created_at, generated, mcp) VALUES ('019b3be4-3119-7ff4-a277-aa213eac5632', 'tenantId', 'Microsoft Tenant ID', false, 3, true, '2025-11-23T04:23:30.295517+00:00', false, false) ON CONFLICT (id) DO NOTHING;
INSERT INTO public.items_resource (id, name, description, encrypted, position, active, created_at, generated, mcp) VALUES ('019b3be4-3119-7ff8-9a20-27a9c8e586d5', 'userInfoUrl', 'Microsoft UserInfo Endpoint', false, 4, true, '2025-11-23T04:41:11.809003+00:00', false, false) ON CONFLICT (id) DO NOTHING;
INSERT INTO public.items_resource (id, name, description, encrypted, position, active, created_at, generated, mcp) VALUES ('019b3be4-311a-7004-bc8a-cd80f62b310e', 'discoveryUrl', 'Microsoft Discovery URL', false, 5, true, '2025-11-23T04:41:11.809003+00:00', false, false) ON CONFLICT (id) DO NOTHING;
INSERT INTO public.items_resource (id, name, description, encrypted, position, active, created_at, generated, mcp) VALUES ('019b3be4-311a-7008-8bba-868f8b70fe13', 'clientAuthMethod', 'Microsoft Client Auth Method', false, 6, true, '2025-11-23T04:41:11.809003+00:00', false, false) ON CONFLICT (id) DO NOTHING;
INSERT INTO public.items_resource (id, name, description, encrypted, position, active, created_at, generated, mcp) VALUES ('019b3be4-311a-700d-8fc0-9ba72a9bd318', 'authorizationUrl', 'Microsoft Authorization Endpoint', false, 7, true, '2025-11-23T04:41:11.809003+00:00', false, false) ON CONFLICT (id) DO NOTHING;
INSERT INTO public.items_resource (id, name, description, encrypted, position, active, created_at, generated, mcp) VALUES ('019b3be4-311a-7014-96a8-573949e45256', 'tokenUrl', 'Microsoft Token Endpoint', false, 8, true, '2025-11-23T04:41:11.809003+00:00', false, false) ON CONFLICT (id) DO NOTHING;
INSERT INTO public.items_resource (id, name, description, encrypted, position, active, created_at, generated, mcp) VALUES ('019b3be4-311a-703a-8ad0-afdf21ec7c8f', 'discoveryUrl', 'Purdue Discovery URL', false, 3, true, '2025-11-23T03:58:01.112077+00:00', false, false) ON CONFLICT (id) DO NOTHING;
INSERT INTO public.items_resource (id, name, description, encrypted, position, active, created_at, generated, mcp) VALUES ('019b3be4-311a-7021-860b-266da671533f', 'entityId', 'SAML Entity ID', false, 2, true, '2025-11-23T04:09:25.809914+00:00', false, false) ON CONFLICT (id) DO NOTHING;
INSERT INTO public.items_resource (id, name, description, encrypted, position, active, created_at, generated, mcp) VALUES ('019b3be4-311a-7024-971e-93dd94bd826e', 'metadataUrl', 'SAML Metadata URL', false, 3, true, '2025-11-23T04:09:25.809914+00:00', false, false) ON CONFLICT (id) DO NOTHING;
INSERT INTO public.items_resource (id, name, description, encrypted, position, active, created_at, generated, mcp) VALUES ('019b3be4-311a-701a-8784-4a7e20ffc51c', 'ssoUrl', 'SAML SSO Service URL', false, 1, true, '2025-11-23T04:09:25.809914+00:00', false, false) ON CONFLICT (id) DO NOTHING;
INSERT INTO public.descriptions_resource (id, description, created_at, active, generated, mcp) VALUES ('019b995c-8eb3-7615-afbd-17de2a204302', 'Department-specific settings for University', '2025-12-12T13:26:55.664826+00:00', true, false, false) ON CONFLICT (id) DO NOTHING;
INSERT INTO public.names_resource (id, name, created_at, active, generated, mcp) VALUES ('019b995c-8eb2-79fe-9f43-b82f75849bb4', 'University Settings', '2025-12-12T13:26:55.664826+00:00', true, false, false) ON CONFLICT (id) DO NOTHING;
INSERT INTO public.keys_resource (id, created_at, active, generated, mcp, key, name, description) VALUES ('019bbdcb-6d52-7889-8484-ed84e9180139', '2026-02-15T02:02:12.273323+00:00', true, false, false, 'dummy-key-value', 'OPENAI_API_KEY', 'OPENAI_API_KEY') ON CONFLICT (id) DO NOTHING;
INSERT INTO public.provider_keys_resource (id, provider_id, key_id, created_at, active, generated, mcp, key, name, description) VALUES ('019c441a-0eb9-7665-a01c-a6fec156d716', '019bb2af-b2a7-7d85-a61a-0dc4fd93b3c6', '019bbdcb-6d52-7889-8484-ed84e9180139', '2025-12-07T20:37:05.145538+00:00', true, false, false, 'dummy-provider-key-value', 'OPENAI_API_KEY', 'OPENAI_API_KEY') ON CONFLICT (id) DO NOTHING;
INSERT INTO public.keys_resource (id, created_at, active, generated, mcp, key, name, description) VALUES ('019bbdcb-6d52-7d32-803f-3f5c8c2a9af7', '2026-02-15T02:02:12.274466+00:00', true, false, false, 'dummy-key-value', 'GEMINI_API_KEY', 'GEMINI_API_KEY') ON CONFLICT (id) DO NOTHING;
INSERT INTO public.provider_keys_resource (id, provider_id, key_id, created_at, active, generated, mcp, key, name, description) VALUES ('019c441a-0eb9-7938-8d65-ccfc25d92856', '019bb2af-b2a8-7035-bbfd-664ba627bd44', '019bbdcb-6d52-7d32-803f-3f5c8c2a9af7', '2025-12-07T20:37:05.145538+00:00', true, false, false, 'dummy-provider-key-value', 'GEMINI_API_KEY', 'GEMINI_API_KEY') ON CONFLICT (id) DO NOTHING;
INSERT INTO public.settings_resource (created_at, active, generated, mcp, id, name, description, department_ids, system_ids, provider_key_ids, auth_ids) VALUES ('2025-12-12T13:26:55.664826+00:00', true, false, false, '019bb25e-e615-7952-a7d4-4fdee85d18cc', 'University Settings', 'Department-specific settings for University', '{}', '{}', '{}', '{019bb25e-e5e2-74c2-aaf3-42c5403f26f9}') ON CONFLICT (id) DO NOTHING;

-- Artifact
-- setting_artifact
INSERT INTO public.setting_artifact (created_at, id, updated_at, generated, mcp) VALUES ('2025-12-12T13:26:55.664826+00:00', '019b3be4-3c61-76ff-befb-69b082df2acd', '2026-01-08T03:34:29.129680+00:00', false, false) ON CONFLICT (id) DO NOTHING;

-- Junctions
-- setting_auth_item_keys_junction
INSERT INTO public.setting_auth_item_keys_junction (active, created_at, generated, mcp, setting_id, auth_item_keys_id) VALUES (true, '2026-02-13T19:50:33.702587+00:00', false, false, '019b3be4-3c61-76ff-befb-69b082df2acd', '019c48f5-3ea1-73ec-b373-2f842500c07c') ON CONFLICT (setting_id, auth_item_keys_id) DO NOTHING;
INSERT INTO public.setting_auth_item_keys_junction (active, created_at, generated, mcp, setting_id, auth_item_keys_id) VALUES (true, '2026-02-13T19:50:33.702587+00:00', false, false, '019b3be4-3c61-76ff-befb-69b082df2acd', '019c48f5-3ea1-73fa-9f43-75d177c52b7f') ON CONFLICT (setting_id, auth_item_keys_id) DO NOTHING;
-- setting_auths_junction
INSERT INTO public.setting_auths_junction (active, created_at, auth_id, settings_id, generated, mcp) VALUES (true, '2025-12-12T13:26:55.664826+00:00', '019bb25e-e5e2-74c2-aaf3-42c5403f26f9', '019b3be4-3c61-76ff-befb-69b082df2acd', false, false) ON CONFLICT (settings_id, auth_id) DO NOTHING;
-- setting_departments_junction
INSERT INTO public.setting_departments_junction (setting_id, department_id, active, created_at, generated, mcp) VALUES ('019b3be4-3c61-76ff-befb-69b082df2acd', '019bb25e-e624-73da-8cef-166028a1065a', '2025-12-12T13:26:55.664826+00:00', false, false) ON CONFLICT (setting_id, department_id) DO NOTHING;
-- setting_descriptions_junction
INSERT INTO public.setting_descriptions_junction (setting_id, description_id, created_at, generated, mcp, active) VALUES ('019b3be4-3c61-76ff-befb-69b082df2acd', '019b995c-8eb3-7615-afbd-17de2a204302', '2025-12-12T13:26:55.664826+00:00', false, false, true) ON CONFLICT (setting_id, description_id) DO NOTHING;
-- setting_flags_junction
INSERT INTO public.setting_flags_junction (setting_id, flag_id, created_at, generated, mcp, active) VALUES ('019b3be4-3c61-76ff-befb-69b082df2acd', '019b995a-86ef-78fc-adec-fc4db3a87c0d', '2025-12-12T13:26:55.664826+00:00', false, false, true) ON CONFLICT (setting_id, flag_id) DO NOTHING;
INSERT INTO public.setting_flags_junction (setting_id, flag_id, created_at, generated, mcp, active) VALUES ('019b3be4-3c61-76ff-befb-69b082df2acd', '019bcc4d-d9c6-7a09-b99a-919d8f85cab1', '2026-01-17T14:13:32.743280+00:00', false, false, true) ON CONFLICT (setting_id, flag_id) DO NOTHING;
INSERT INTO public.setting_flags_junction (setting_id, flag_id, created_at, generated, mcp, active) VALUES ('019b3be4-3c61-76ff-befb-69b082df2acd', '019be334-bfc6-717e-9377-b63fc43ae0c6', '2025-12-12T13:26:55.664826+00:00', false, false, true) ON CONFLICT (setting_id, flag_id) DO NOTHING;
-- setting_names_junction
INSERT INTO public.setting_names_junction (setting_id, name_id, created_at, generated, mcp, active) VALUES ('019b3be4-3c61-76ff-befb-69b082df2acd', '019b995c-8eb2-79fe-9f43-b82f75849bb4', '2025-12-12T13:26:55.664826+00:00', false, false, true) ON CONFLICT (setting_id, name_id) DO NOTHING;
-- setting_provider_keys_junction
INSERT INTO public.setting_provider_keys_junction (setting_id, provider_key_id, created_at, active, generated, mcp) VALUES ('019b3be4-3c61-76ff-befb-69b082df2acd', '019c441a-0eb9-7665-a01c-a6fec156d716', '2026-02-13T19:50:33.702587+00:00', true, false, false) ON CONFLICT (setting_id, provider_key_id) DO NOTHING;
INSERT INTO public.setting_provider_keys_junction (setting_id, provider_key_id, created_at, active, generated, mcp) VALUES ('019b3be4-3c61-76ff-befb-69b082df2acd', '019c441a-0eb9-7938-8d65-ccfc25d92856', '2026-02-13T19:50:33.702587+00:00', true, false, false) ON CONFLICT (setting_id, provider_key_id) DO NOTHING;
-- setting_settings_junction
INSERT INTO public.setting_settings_junction (setting_id, settings_id, active, created_at, generated, mcp) VALUES ('019b3be4-3c61-76ff-befb-69b082df2acd', '019bb25e-e615-7952-a7d4-4fdee85d18cc', '2025-12-12T13:26:55.664826+00:00', false, false) ON CONFLICT (setting_id, settings_id) DO NOTHING;
-- setting_thresholds_junction
INSERT INTO public.setting_thresholds_junction (setting_id, threshold_id, created_at, generated, mcp, active) VALUES ('019b3be4-3c61-76ff-befb-69b082df2acd', '019b995b-5308-7a8e-9d31-b08127742439', '2025-12-12T13:26:55.664826+00:00', false, false, true) ON CONFLICT (setting_id, threshold_id) DO NOTHING;
INSERT INTO public.setting_thresholds_junction (setting_id, threshold_id, created_at, generated, mcp, active) VALUES ('019b3be4-3c61-76ff-befb-69b082df2acd', '019b995b-5309-714f-a5f6-5614613257b1', '2025-12-12T13:26:55.664826+00:00', false, false, true) ON CONFLICT (setting_id, threshold_id) DO NOTHING;
INSERT INTO public.setting_thresholds_junction (setting_id, threshold_id, created_at, generated, mcp, active) VALUES ('019b3be4-3c61-76ff-befb-69b082df2acd', '019b995b-5309-74df-991a-c28980b294f2', '2025-12-12T13:26:55.664826+00:00', false, false, true) ON CONFLICT (setting_id, threshold_id) DO NOTHING;
-- department_settings_junction (moved from department file — needs settings_resource to exist)
INSERT INTO public.department_settings_junction (active, created_at, department_id, settings_id, generated, mcp) VALUES (true, '2025-12-12T13:26:55.664826+00:00', '019b3be4-3247-7cb0-bd74-9b2467b5e32d', '019bb25e-e615-7952-a7d4-4fdee85d18cc', false, false) ON CONFLICT (department_id, settings_id) DO NOTHING;

-- setting_systems_junction (references pre-existing systems from 10-systems/)
INSERT INTO public.setting_systems_junction (setting_id, systems_id, created_at, active, generated, mcp) VALUES ('019b3be4-3c61-76ff-befb-69b082df2acd', '019caf25-99c7-78a6-849d-1258f99e47e4', '2026-03-02T00:00:00.000000+00:00', true, false, false) ON CONFLICT (setting_id, systems_id) DO NOTHING;
INSERT INTO public.setting_systems_junction (setting_id, systems_id, created_at, active, generated, mcp) VALUES ('019b3be4-3c61-76ff-befb-69b082df2acd', '019caf25-99c8-7bba-946c-e6b9d55d2fc3', '2026-03-02T00:00:00.000000+00:00', true, false, false) ON CONFLICT (setting_id, systems_id) DO NOTHING;
INSERT INTO public.setting_systems_junction (setting_id, systems_id, created_at, active, generated, mcp) VALUES ('019b3be4-3c61-76ff-befb-69b082df2acd', '019caf25-99ca-7f95-9038-206fe1734be3', '2026-03-02T00:00:00.000000+00:00', true, false, false) ON CONFLICT (setting_id, systems_id) DO NOTHING;
INSERT INTO public.setting_systems_junction (setting_id, systems_id, created_at, active, generated, mcp) VALUES ('019b3be4-3c61-76ff-befb-69b082df2acd', '019caf25-99cb-700e-b879-41628a9218c5', '2026-03-02T00:00:00.000000+00:00', true, false, false) ON CONFLICT (setting_id, systems_id) DO NOTHING;
INSERT INTO public.setting_systems_junction (setting_id, systems_id, created_at, active, generated, mcp) VALUES ('019b3be4-3c61-76ff-befb-69b082df2acd', '019caf25-99cc-7cc3-a040-981957508b2a', '2026-03-02T00:00:00.000000+00:00', true, false, false) ON CONFLICT (setting_id, systems_id) DO NOTHING;
INSERT INTO public.setting_systems_junction (setting_id, systems_id, created_at, active, generated, mcp) VALUES ('019b3be4-3c61-76ff-befb-69b082df2acd', '019caf25-99cd-7470-bc4b-7eb189b96d43', '2026-03-02T00:00:00.000000+00:00', true, false, false) ON CONFLICT (setting_id, systems_id) DO NOTHING;
INSERT INTO public.setting_systems_junction (setting_id, systems_id, created_at, active, generated, mcp) VALUES ('019b3be4-3c61-76ff-befb-69b082df2acd', '019caf25-99cf-7087-81ee-58450c4a9aca', '2026-03-02T00:00:00.000000+00:00', true, false, false) ON CONFLICT (setting_id, systems_id) DO NOTHING;
INSERT INTO public.setting_systems_junction (setting_id, systems_id, created_at, active, generated, mcp) VALUES ('019b3be4-3c61-76ff-befb-69b082df2acd', '019caf25-99d0-7d2c-bfba-49be9f4acd87', '2026-03-02T00:00:00.000000+00:00', true, false, false) ON CONFLICT (setting_id, systems_id) DO NOTHING;
INSERT INTO public.setting_systems_junction (setting_id, systems_id, created_at, active, generated, mcp) VALUES ('019b3be4-3c61-76ff-befb-69b082df2acd', '019caf25-99d1-771d-a01f-80f8aae924df', '2026-03-02T00:00:00.000000+00:00', true, false, false) ON CONFLICT (setting_id, systems_id) DO NOTHING;
INSERT INTO public.setting_systems_junction (setting_id, systems_id, created_at, active, generated, mcp) VALUES ('019b3be4-3c61-76ff-befb-69b082df2acd', '019caf25-99d2-752b-ab22-5f9455aa1e9a', '2026-03-02T00:00:00.000000+00:00', true, false, false) ON CONFLICT (setting_id, systems_id) DO NOTHING;
INSERT INTO public.setting_systems_junction (setting_id, systems_id, created_at, active, generated, mcp) VALUES ('019b3be4-3c61-76ff-befb-69b082df2acd', '019caf25-99d4-7fb7-8cec-e9a0de527479', '2026-03-02T00:00:00.000000+00:00', true, false, false) ON CONFLICT (setting_id, systems_id) DO NOTHING;
INSERT INTO public.setting_systems_junction (setting_id, systems_id, created_at, active, generated, mcp) VALUES ('019b3be4-3c61-76ff-befb-69b082df2acd', '019caf25-99d5-7ff1-a78c-485cbcd14b60', '2026-03-02T00:00:00.000000+00:00', true, false, false) ON CONFLICT (setting_id, systems_id) DO NOTHING;
INSERT INTO public.setting_systems_junction (setting_id, systems_id, created_at, active, generated, mcp) VALUES ('019b3be4-3c61-76ff-befb-69b082df2acd', '019caf25-99d6-70d6-90eb-f580991fcf89', '2026-03-02T00:00:00.000000+00:00', true, false, false) ON CONFLICT (setting_id, systems_id) DO NOTHING;
INSERT INTO public.setting_systems_junction (setting_id, systems_id, created_at, active, generated, mcp) VALUES ('019b3be4-3c61-76ff-befb-69b082df2acd', '019caf25-99d7-792a-a47b-246dd0a84352', '2026-03-02T00:00:00.000000+00:00', true, false, false) ON CONFLICT (setting_id, systems_id) DO NOTHING;
INSERT INTO public.setting_systems_junction (setting_id, systems_id, created_at, active, generated, mcp) VALUES ('019b3be4-3c61-76ff-befb-69b082df2acd', '019caf25-99d9-73dc-a8be-a47def47c3e0', '2026-03-02T00:00:00.000000+00:00', true, false, false) ON CONFLICT (setting_id, systems_id) DO NOTHING;
INSERT INTO public.setting_systems_junction (setting_id, systems_id, created_at, active, generated, mcp) VALUES ('019b3be4-3c61-76ff-befb-69b082df2acd', '019caf25-99da-7af2-875a-9c8eb8fd70e9', '2026-03-02T00:00:00.000000+00:00', true, false, false) ON CONFLICT (setting_id, systems_id) DO NOTHING;
INSERT INTO public.setting_systems_junction (setting_id, systems_id, created_at, active, generated, mcp) VALUES ('019b3be4-3c61-76ff-befb-69b082df2acd', '019caf25-99db-7090-87a2-0c2dff148860', '2026-03-02T00:00:00.000000+00:00', true, false, false) ON CONFLICT (setting_id, systems_id) DO NOTHING;
INSERT INTO public.setting_systems_junction (setting_id, systems_id, created_at, active, generated, mcp) VALUES ('019b3be4-3c61-76ff-befb-69b082df2acd', '019caf25-99dc-73fa-848e-fcc5947b6bb1', '2026-03-02T00:00:00.000000+00:00', true, false, false) ON CONFLICT (setting_id, systems_id) DO NOTHING;
INSERT INTO public.setting_systems_junction (setting_id, systems_id, created_at, active, generated, mcp) VALUES ('019b3be4-3c61-76ff-befb-69b082df2acd', '019caf25-99de-7c11-9dd7-a8878ef28a07', '2026-03-02T00:00:00.000000+00:00', true, false, false) ON CONFLICT (setting_id, systems_id) DO NOTHING;
INSERT INTO public.setting_systems_junction (setting_id, systems_id, created_at, active, generated, mcp) VALUES ('019b3be4-3c61-76ff-befb-69b082df2acd', '019caf25-99df-716b-abc9-a4c3ba2f32c8', '2026-03-02T00:00:00.000000+00:00', true, false, false) ON CONFLICT (setting_id, systems_id) DO NOTHING;
INSERT INTO public.setting_systems_junction (setting_id, systems_id, created_at, active, generated, mcp) VALUES ('019b3be4-3c61-76ff-befb-69b082df2acd', '019caf25-99e0-7e2c-9f64-37bde94a00c6', '2026-03-02T00:00:00.000000+00:00', true, false, false) ON CONFLICT (setting_id, systems_id) DO NOTHING;
INSERT INTO public.setting_systems_junction (setting_id, systems_id, created_at, active, generated, mcp) VALUES ('019b3be4-3c61-76ff-befb-69b082df2acd', '019caf25-99e1-717c-b4ea-8a6055664887', '2026-03-02T00:00:00.000000+00:00', true, false, false) ON CONFLICT (setting_id, systems_id) DO NOTHING;
INSERT INTO public.setting_systems_junction (setting_id, systems_id, created_at, active, generated, mcp) VALUES ('019b3be4-3c61-76ff-befb-69b082df2acd', '019caf25-99e3-723d-920c-78e5ac8f19dd', '2026-03-02T00:00:00.000000+00:00', true, false, false) ON CONFLICT (setting_id, systems_id) DO NOTHING;
INSERT INTO public.setting_systems_junction (setting_id, systems_id, created_at, active, generated, mcp) VALUES ('019b3be4-3c61-76ff-befb-69b082df2acd', '019caf25-99e4-7571-8bb7-155d53173005', '2026-03-02T00:00:00.000000+00:00', true, false, false) ON CONFLICT (setting_id, systems_id) DO NOTHING;
INSERT INTO public.setting_systems_junction (setting_id, systems_id, created_at, active, generated, mcp) VALUES ('019b3be4-3c61-76ff-befb-69b082df2acd', '019caf25-99e5-75e8-b0f1-a5bd20b35bfa', '2026-03-02T00:00:00.000000+00:00', true, false, false) ON CONFLICT (setting_id, systems_id) DO NOTHING;
INSERT INTO public.setting_systems_junction (setting_id, systems_id, created_at, active, generated, mcp) VALUES ('019b3be4-3c61-76ff-befb-69b082df2acd', '019caf25-99e6-7886-96fe-71a0bb6090d1', '2026-03-02T00:00:00.000000+00:00', true, false, false) ON CONFLICT (setting_id, systems_id) DO NOTHING;
INSERT INTO public.setting_systems_junction (setting_id, systems_id, created_at, active, generated, mcp) VALUES ('019b3be4-3c61-76ff-befb-69b082df2acd', '019caf25-99e8-7cd5-8d61-a7800f1a6686', '2026-03-02T00:00:00.000000+00:00', true, false, false) ON CONFLICT (setting_id, systems_id) DO NOTHING;
INSERT INTO public.setting_systems_junction (setting_id, systems_id, created_at, active, generated, mcp) VALUES ('019b3be4-3c61-76ff-befb-69b082df2acd', '019caf25-99e9-72be-8c27-e3f264eeefa4', '2026-03-02T00:00:00.000000+00:00', true, false, false) ON CONFLICT (setting_id, systems_id) DO NOTHING;
INSERT INTO public.setting_systems_junction (setting_id, systems_id, created_at, active, generated, mcp) VALUES ('019b3be4-3c61-76ff-befb-69b082df2acd', '019caf25-99ea-7f17-8bac-4ed76165c512', '2026-03-02T00:00:00.000000+00:00', true, false, false) ON CONFLICT (setting_id, systems_id) DO NOTHING;
INSERT INTO public.setting_systems_junction (setting_id, systems_id, created_at, active, generated, mcp) VALUES ('019b3be4-3c61-76ff-befb-69b082df2acd', '019caf25-99ec-727f-be3c-4224ee4f9bef', '2026-03-02T00:00:00.000000+00:00', true, false, false) ON CONFLICT (setting_id, systems_id) DO NOTHING;
INSERT INTO public.setting_systems_junction (setting_id, systems_id, created_at, active, generated, mcp) VALUES ('019b3be4-3c61-76ff-befb-69b082df2acd', '019caf25-99ed-79c0-926c-d302897f4322', '2026-03-02T00:00:00.000000+00:00', true, false, false) ON CONFLICT (setting_id, systems_id) DO NOTHING;
INSERT INTO public.setting_systems_junction (setting_id, systems_id, created_at, active, generated, mcp) VALUES ('019b3be4-3c61-76ff-befb-69b082df2acd', '019caf25-99ee-7f5e-934d-1c9eaeb52f24', '2026-03-02T00:00:00.000000+00:00', true, false, false) ON CONFLICT (setting_id, systems_id) DO NOTHING;
INSERT INTO public.setting_systems_junction (setting_id, systems_id, created_at, active, generated, mcp) VALUES ('019b3be4-3c61-76ff-befb-69b082df2acd', '019caf25-99ef-7358-87a9-29cb15f52fd3', '2026-03-02T00:00:00.000000+00:00', true, false, false) ON CONFLICT (setting_id, systems_id) DO NOTHING;
INSERT INTO public.setting_systems_junction (setting_id, systems_id, created_at, active, generated, mcp) VALUES ('019b3be4-3c61-76ff-befb-69b082df2acd', '019caf25-99f1-7230-bee2-f5e15bd56400', '2026-03-02T00:00:00.000000+00:00', true, false, false) ON CONFLICT (setting_id, systems_id) DO NOTHING;
INSERT INTO public.setting_systems_junction (setting_id, systems_id, created_at, active, generated, mcp) VALUES ('019b3be4-3c61-76ff-befb-69b082df2acd', '019caf25-99f2-7ea3-8a59-24fcd0ff8b8c', '2026-03-02T00:00:00.000000+00:00', true, false, false) ON CONFLICT (setting_id, systems_id) DO NOTHING;
INSERT INTO public.setting_systems_junction (setting_id, systems_id, created_at, active, generated, mcp) VALUES ('019b3be4-3c61-76ff-befb-69b082df2acd', '019caf25-99f3-7408-b7d0-968fe57800f7', '2026-03-02T00:00:00.000000+00:00', true, false, false) ON CONFLICT (setting_id, systems_id) DO NOTHING;
