-- Setup: university
-- Generated by: database/seeds/runner.py
-- Modules: departments, documents, personas, rubrics, content, scenarios, scenario_rubrics, simulations, profiles, cohorts, settings, post_links
-- ============================================================

-- cohort_artifact
INSERT INTO public.cohort_artifact (created_at, updated_at, id, generated, mcp, active) VALUES ('2026-03-10 13:38:39.787783+00:00', '2026-03-10 13:38:39.787783+00:00', 'b1c930da-dddc-5709-89f3-2f0b25d43ac4', false, false, true) ON CONFLICT (id) DO NOTHING;
INSERT INTO public.cohort_artifact (created_at, updated_at, id, generated, mcp, active) VALUES ('2026-03-10 13:38:39.795357+00:00', '2026-03-10 13:38:39.795357+00:00', 'e577afa3-ffba-5f7b-b1cd-be4bc5ffd680', false, false, true) ON CONFLICT (id) DO NOTHING;

-- cohort_cohorts_junction
INSERT INTO public.cohort_cohorts_junction (cohort_id, cohorts_id, active, created_at, generated, mcp) VALUES ('b1c930da-dddc-5709-89f3-2f0b25d43ac4', 'b1c930da-dddc-5709-89f3-2f0b25d43ac4', true, '2026-03-10 13:38:39.787783+00:00', false, false) ON CONFLICT (id) DO NOTHING;
INSERT INTO public.cohort_cohorts_junction (cohort_id, cohorts_id, active, created_at, generated, mcp) VALUES ('e577afa3-ffba-5f7b-b1cd-be4bc5ffd680', 'e577afa3-ffba-5f7b-b1cd-be4bc5ffd680', true, '2026-03-10 13:38:39.795357+00:00', false, false) ON CONFLICT (id) DO NOTHING;

-- cohort_departments_junction
INSERT INTO public.cohort_departments_junction (active, created_at, cohort_id, departments_id, generated, mcp) VALUES (true, '2026-03-10 13:38:39.787783+00:00', 'b1c930da-dddc-5709-89f3-2f0b25d43ac4', 'a2b369c1-a81e-5e02-98d5-dd42af15ae4a', false, false) ON CONFLICT (id) DO NOTHING;
INSERT INTO public.cohort_departments_junction (active, created_at, cohort_id, departments_id, generated, mcp) VALUES (true, '2026-03-10 13:38:39.795357+00:00', 'e577afa3-ffba-5f7b-b1cd-be4bc5ffd680', 'a2b369c1-a81e-5e02-98d5-dd42af15ae4a', false, false) ON CONFLICT (id) DO NOTHING;

-- cohort_descriptions_junction
INSERT INTO public.cohort_descriptions_junction (cohort_id, descriptions_id, created_at, generated, mcp, active) VALUES ('b1c930da-dddc-5709-89f3-2f0b25d43ac4', '019cd7f8-9a23-76ab-97c8-e8c1af65f8f7', '2026-03-10 13:38:39.787783+00:00', false, false, true) ON CONFLICT (id) DO NOTHING;
INSERT INTO public.cohort_descriptions_junction (cohort_id, descriptions_id, created_at, generated, mcp, active) VALUES ('e577afa3-ffba-5f7b-b1cd-be4bc5ffd680', '019cd7f8-9a26-7ff8-b9f5-dd37d18b6d81', '2026-03-10 13:38:39.795357+00:00', false, false, true) ON CONFLICT (id) DO NOTHING;

-- cohort_names_junction
INSERT INTO public.cohort_names_junction (cohort_id, names_id, created_at, generated, mcp, active) VALUES ('b1c930da-dddc-5709-89f3-2f0b25d43ac4', '019cd7f8-9a21-78da-881d-bf9b4bd19bdc', '2026-03-10 13:38:39.787783+00:00', false, false, true) ON CONFLICT (id) DO NOTHING;
INSERT INTO public.cohort_names_junction (cohort_id, names_id, created_at, generated, mcp, active) VALUES ('e577afa3-ffba-5f7b-b1cd-be4bc5ffd680', '019cd7f8-9a25-7787-ba0d-88c3540d4be9', '2026-03-10 13:38:39.795357+00:00', false, false, true) ON CONFLICT (id) DO NOTHING;

-- cohort_profiles_junction
INSERT INTO public.cohort_profiles_junction (cohort_id, profiles_id, active, created_at, generated, mcp) VALUES ('b1c930da-dddc-5709-89f3-2f0b25d43ac4', 'eaf42b60-bca1-5970-8fc0-1db7f6fa9c8a', true, '2026-03-10 13:38:39.787783+00:00', false, false) ON CONFLICT (id) DO NOTHING;
INSERT INTO public.cohort_profiles_junction (cohort_id, profiles_id, active, created_at, generated, mcp) VALUES ('b1c930da-dddc-5709-89f3-2f0b25d43ac4', 'd2a08e26-fd2a-5b9f-9fc3-40f521049696', true, '2026-03-10 13:38:39.787783+00:00', false, false) ON CONFLICT (id) DO NOTHING;
INSERT INTO public.cohort_profiles_junction (cohort_id, profiles_id, active, created_at, generated, mcp) VALUES ('e577afa3-ffba-5f7b-b1cd-be4bc5ffd680', '0110ff55-1c5c-5dfd-9eea-736b458bd349', true, '2026-03-10 13:38:39.795357+00:00', false, false) ON CONFLICT (id) DO NOTHING;
INSERT INTO public.cohort_profiles_junction (cohort_id, profiles_id, active, created_at, generated, mcp) VALUES ('e577afa3-ffba-5f7b-b1cd-be4bc5ffd680', 'eaf42b60-bca1-5970-8fc0-1db7f6fa9c8a', true, '2026-03-10 13:38:39.795357+00:00', false, false) ON CONFLICT (id) DO NOTHING;
INSERT INTO public.cohort_profiles_junction (cohort_id, profiles_id, active, created_at, generated, mcp) VALUES ('e577afa3-ffba-5f7b-b1cd-be4bc5ffd680', 'd2a08e26-fd2a-5b9f-9fc3-40f521049696', true, '2026-03-10 13:38:39.795357+00:00', false, false) ON CONFLICT (id) DO NOTHING;

-- cohort_simulations_junction
INSERT INTO public.cohort_simulations_junction (active, created_at, cohort_id, simulations_id, generated, mcp) VALUES (true, '2026-03-10 13:38:39.787783+00:00', 'b1c930da-dddc-5709-89f3-2f0b25d43ac4', 'c9a31cc2-3878-54e4-b811-d6e004ef7bbb', false, false) ON CONFLICT (id) DO NOTHING;
INSERT INTO public.cohort_simulations_junction (active, created_at, cohort_id, simulations_id, generated, mcp) VALUES (true, '2026-03-10 13:38:39.787783+00:00', 'b1c930da-dddc-5709-89f3-2f0b25d43ac4', 'a437c287-881f-5d4a-811e-6fc97cf6e1d1', false, false) ON CONFLICT (id) DO NOTHING;
INSERT INTO public.cohort_simulations_junction (active, created_at, cohort_id, simulations_id, generated, mcp) VALUES (true, '2026-03-10 13:38:39.787783+00:00', 'b1c930da-dddc-5709-89f3-2f0b25d43ac4', '8f6ea8b4-9c9a-556c-9310-696d6c321cd4', false, false) ON CONFLICT (id) DO NOTHING;
INSERT INTO public.cohort_simulations_junction (active, created_at, cohort_id, simulations_id, generated, mcp) VALUES (true, '2026-03-10 13:38:39.787783+00:00', 'b1c930da-dddc-5709-89f3-2f0b25d43ac4', 'afc77f60-872b-572d-8a77-f616a919e7f3', false, false) ON CONFLICT (id) DO NOTHING;
INSERT INTO public.cohort_simulations_junction (active, created_at, cohort_id, simulations_id, generated, mcp) VALUES (true, '2026-03-10 13:38:39.787783+00:00', 'b1c930da-dddc-5709-89f3-2f0b25d43ac4', 'ab79e0df-a730-557e-b13d-bbc0cbac4054', false, false) ON CONFLICT (id) DO NOTHING;
INSERT INTO public.cohort_simulations_junction (active, created_at, cohort_id, simulations_id, generated, mcp) VALUES (true, '2026-03-10 13:38:39.795357+00:00', 'e577afa3-ffba-5f7b-b1cd-be4bc5ffd680', '512b698d-c5d8-5c6f-8083-57a5bb4ce75b', false, false) ON CONFLICT (id) DO NOTHING;
INSERT INTO public.cohort_simulations_junction (active, created_at, cohort_id, simulations_id, generated, mcp) VALUES (true, '2026-03-10 13:38:39.795357+00:00', 'e577afa3-ffba-5f7b-b1cd-be4bc5ffd680', 'deae7b65-3b1a-5617-8ca7-e7f53f08c796', false, false) ON CONFLICT (id) DO NOTHING;
INSERT INTO public.cohort_simulations_junction (active, created_at, cohort_id, simulations_id, generated, mcp) VALUES (true, '2026-03-10 13:38:39.795357+00:00', 'e577afa3-ffba-5f7b-b1cd-be4bc5ffd680', 'b4653a76-e5bc-559f-a7b0-c5476dfa46a8', false, false) ON CONFLICT (id) DO NOTHING;

-- cohorts_resource
INSERT INTO public.cohorts_resource (created_at, active, generated, mcp, id, name, description, department_ids, simulation_ids, profile_ids, profile_persona_ids, simulation_position_ids, simulation_availability_ids) VALUES ('2026-03-10 13:38:39.785363+00:00', true, false, false, 'b1c930da-dddc-5709-89f3-2f0b25d43ac4', 'Practice Cohort', 'Open practice cohort with all practice simulations available.', '{}', '{}', '{}', '{}', '{}', '{}') ON CONFLICT (id) DO NOTHING;
INSERT INTO public.cohorts_resource (created_at, active, generated, mcp, id, name, description, department_ids, simulation_ids, profile_ids, profile_persona_ids, simulation_position_ids, simulation_availability_ids) VALUES ('2026-03-10 13:38:39.793152+00:00', true, false, false, 'e577afa3-ffba-5f7b-b1cd-be4bc5ffd680', 'Training Cohort', 'Training cohort with structured training simulations.', '{}', '{}', '{}', '{}', '{}', '{}') ON CONFLICT (id) DO NOTHING;

-- department_artifact
INSERT INTO public.department_artifact (created_at, updated_at, id, generated, mcp, active) VALUES ('2026-03-10 13:38:38.647060+00:00', '2026-03-10 13:38:39.885033+00:00', 'a2b369c1-a81e-5e02-98d5-dd42af15ae4a', false, false, true) ON CONFLICT (id) DO NOTHING;

-- department_departments_junction
INSERT INTO public.department_departments_junction (department_id, departments_id, active, created_at, generated, mcp) VALUES ('a2b369c1-a81e-5e02-98d5-dd42af15ae4a', 'a2b369c1-a81e-5e02-98d5-dd42af15ae4a', true, '2026-03-10 13:38:38.647060+00:00', false, false) ON CONFLICT (id) DO NOTHING;

-- department_descriptions_junction
INSERT INTO public.department_descriptions_junction (department_id, descriptions_id, created_at, generated, mcp, active) VALUES ('a2b369c1-a81e-5e02-98d5-dd42af15ae4a', '019cd7f8-95b2-756f-9aa5-54e3eed79489', '2026-03-10 13:38:38.647060+00:00', false, false, true) ON CONFLICT (id) DO NOTHING;

-- department_names_junction
INSERT INTO public.department_names_junction (department_id, names_id, created_at, generated, mcp, active) VALUES ('a2b369c1-a81e-5e02-98d5-dd42af15ae4a', '019cd7f8-95b0-7068-abf6-afcfeec702d7', '2026-03-10 13:38:38.647060+00:00', false, false, true) ON CONFLICT (id) DO NOTHING;

-- department_settings_junction
INSERT INTO public.department_settings_junction (active, created_at, department_id, settings_id, generated, mcp) VALUES (true, '2026-03-10 13:38:39.886217+00:00', 'a2b369c1-a81e-5e02-98d5-dd42af15ae4a', '12cc4b6c-eadc-554c-9f1e-27fe95fad586', false, false) ON CONFLICT (id) DO NOTHING;

-- departments_resource
INSERT INTO public.departments_resource (created_at, active, generated, mcp, id, name, description, department_ids, setting_ids, is_primary) VALUES ('2026-03-10 13:38:38.645113+00:00', true, false, false, 'a2b369c1-a81e-5e02-98d5-dd42af15ae4a', 'University', 'Innovative base of knowledge in the emerging field of computing.', '{}', '{}', false) ON CONFLICT (id) DO NOTHING;

-- descriptions_resource
INSERT INTO public.descriptions_resource (id, description, created_at, active, generated, mcp) VALUES ('019cd7f8-95b2-756f-9aa5-54e3eed79489', 'Innovative base of knowledge in the emerging field of computing.', '2026-03-10 13:38:38.641984+00:00', true, false, false) ON CONFLICT (id) DO NOTHING;
INSERT INTO public.descriptions_resource (id, description, created_at, active, generated, mcp) VALUES ('019cd7f8-9789-721d-a5df-9c48f6904fc6', 'University policy document covering academic honesty, plagiarism, and integrity violations.', '2026-03-10 13:38:39.112553+00:00', true, false, false) ON CONFLICT (id) DO NOTHING;
INSERT INTO public.descriptions_resource (id, description, created_at, active, generated, mcp) VALUES ('019cd7f8-978d-7133-b45d-ca5ea119cbe2', 'Family Educational Rights and Privacy Act policy covering student record privacy and data protection.', '2026-03-10 13:38:39.117057+00:00', true, false, false) ON CONFLICT (id) DO NOTHING;
INSERT INTO public.descriptions_resource (id, description, created_at, active, generated, mcp) VALUES ('019cd7f8-9790-71e3-be7d-9316cbb73cac', 'Standard university syllabus template for course planning and student reference.', '2026-03-10 13:38:39.120102+00:00', true, false, false) ON CONFLICT (id) DO NOTHING;
INSERT INTO public.descriptions_resource (id, description, created_at, active, generated, mcp) VALUES ('019cd7f8-97bb-746f-b7de-21ec5ce5a421', 'Seeks to understand by asking questions and exploring ideas', '2026-03-10 13:38:39.163262+00:00', true, false, false) ON CONFLICT (id) DO NOTHING;
INSERT INTO public.descriptions_resource (id, description, created_at, active, generated, mcp) VALUES ('019cd7f8-97d4-760b-974f-4efe49658063', 'Provides uplifting feedback and cheerful responses.', '2026-03-10 13:38:39.188361+00:00', true, false, false) ON CONFLICT (id) DO NOTHING;
INSERT INTO public.descriptions_resource (id, description, created_at, active, generated, mcp) VALUES ('019cd7f8-97e5-778e-aa89-7da45f941f1c', 'Low engagement and a tendency to avoid conflict or assertiveness.', '2026-03-10 13:38:39.205457+00:00', true, false, false) ON CONFLICT (id) DO NOTHING;
INSERT INTO public.descriptions_resource (id, description, created_at, active, generated, mcp) VALUES ('019cd7f8-97f7-7241-acdc-5108aeb06c46', 'Pushes back on your ideas and challenges assumptions, with high intensity.', '2026-03-10 13:38:39.223131+00:00', true, false, false) ON CONFLICT (id) DO NOTHING;
INSERT INTO public.descriptions_resource (id, description, created_at, active, generated, mcp) VALUES ('019cd7f8-9808-7a89-882e-1f925373a8be', 'Pushes back on your ideas and challenges assumptions.', '2026-03-10 13:38:39.240649+00:00', true, false, false) ON CONFLICT (id) DO NOTHING;
INSERT INTO public.descriptions_resource (id, description, created_at, active, generated, mcp) VALUES ('019cd7f8-981a-7356-9e0e-aececaf00650', 'Pushes back on your ideas and challenges assumptions, with milder intensity.', '2026-03-10 13:38:39.258198+00:00', true, false, false) ON CONFLICT (id) DO NOTHING;
INSERT INTO public.descriptions_resource (id, description, created_at, active, generated, mcp) VALUES ('019cd7f8-982c-715c-b610-fbe3562b123e', 'Represents a faculty member perspective, providing guidance on academic policies and course expectations.', '2026-03-10 13:38:39.276076+00:00', true, false, false) ON CONFLICT (id) DO NOTHING;
INSERT INTO public.descriptions_resource (id, description, created_at, active, generated, mcp) VALUES ('019cd7f8-983d-73e3-9789-86d6523c4516', 'Represents a typical student perspective, asking questions and seeking clarification on course material and policies.', '2026-03-10 13:38:39.293232+00:00', true, false, false) ON CONFLICT (id) DO NOTHING;
INSERT INTO public.descriptions_resource (id, description, created_at, active, generated, mcp) VALUES ('019cd7f8-984e-7438-b73e-12037d7e35a8', 'Represents teaching assistants and instructional support staff, helping students navigate course logistics and policies.', '2026-03-10 13:38:39.310254+00:00', true, false, false) ON CONFLICT (id) DO NOTHING;
INSERT INTO public.descriptions_resource (id, description, created_at, active, generated, mcp) VALUES ('019cd7f8-98b9-7ba0-b862-f59d356e55e1', 'Evaluates clarity of explanations, active listening techniques, and empathy demonstrated during student interactions. Assesses whether the trainee adapts language to the student''s level of understanding and confirms comprehension before moving on.', '2026-03-10 13:38:39.417463+00:00', true, false, false) ON CONFLICT (id) DO NOTHING;
INSERT INTO public.descriptions_resource (id, description, created_at, active, generated, mcp) VALUES ('019cd7f8-98c1-7721-baaa-f5a5368670cf', 'Evaluates accuracy of policy citations, proper procedure following, and ability to direct students to the correct institutional resources. Assesses whether the trainee references official guidelines rather than personal opinion when advising on academic policies.', '2026-03-10 13:38:39.425430+00:00', true, false, false) ON CONFLICT (id) DO NOTHING;
INSERT INTO public.descriptions_resource (id, description, created_at, active, generated, mcp) VALUES ('019cd7f8-98c6-75b6-862b-cacdbfd0705a', 'Evaluates conflict resolution approach, emotional regulation, and problem-solving under pressure. Assesses whether the trainee acknowledges the student''s frustration, maintains a calm and professional tone, and guides the conversation toward a constructive resolution.', '2026-03-10 13:38:39.430341+00:00', true, false, false) ON CONFLICT (id) DO NOTHING;
INSERT INTO public.descriptions_resource (id, description, created_at, active, generated, mcp) VALUES ('019cd7f8-9937-7c3e-8a01-4b3d849bf805', 'Practice scenario featuring a confused or uncertain student persona.', '2026-03-10 13:38:39.543542+00:00', true, false, false) ON CONFLICT (id) DO NOTHING;
INSERT INTO public.descriptions_resource (id, description, created_at, active, generated, mcp) VALUES ('019cd7f8-993f-7f30-8096-b488ecc9bbd2', 'Practice scenario featuring a cheerful and positive student persona.', '2026-03-10 13:38:39.551934+00:00', true, false, false) ON CONFLICT (id) DO NOTHING;
INSERT INTO public.descriptions_resource (id, description, created_at, active, generated, mcp) VALUES ('019cd7f8-9945-75b5-a9be-94a51cc0bc4e', 'Practice scenario featuring a passive or hesitant student persona.', '2026-03-10 13:38:39.557342+00:00', true, false, false) ON CONFLICT (id) DO NOTHING;
INSERT INTO public.descriptions_resource (id, description, created_at, active, generated, mcp) VALUES ('019cd7f8-994a-7989-b62f-bb0f9a8d8201', 'Practice scenario featuring an aggressive or confrontational student persona.', '2026-03-10 13:38:39.562583+00:00', true, false, false) ON CONFLICT (id) DO NOTHING;
INSERT INTO public.descriptions_resource (id, description, created_at, active, generated, mcp) VALUES ('019cd7f8-994f-7c79-ad26-f5e7d9098ff5', 'General purpose scenario for flexible practice across various situations.', '2026-03-10 13:38:39.567766+00:00', true, false, false) ON CONFLICT (id) DO NOTHING;
INSERT INTO public.descriptions_resource (id, description, created_at, active, generated, mcp) VALUES ('019cd7f8-9955-7600-9352-20054089224d', 'Training scenario for practicing responses to academic integrity violations and policy enforcement.', '2026-03-10 13:38:39.573360+00:00', true, false, false) ON CONFLICT (id) DO NOTHING;
INSERT INTO public.descriptions_resource (id, description, created_at, active, generated, mcp) VALUES ('019cd7f8-995c-78e4-a094-fdd73baaad71', 'Training scenario for practicing FERPA compliance and student privacy protection.', '2026-03-10 13:38:39.580547+00:00', true, false, false) ON CONFLICT (id) DO NOTHING;
INSERT INTO public.descriptions_resource (id, description, created_at, active, generated, mcp) VALUES ('019cd7f8-9963-732d-ae60-39b6581ceafe', 'Training scenario for practicing de-escalation techniques with upset or frustrated students.', '2026-03-10 13:38:39.587191+00:00', true, false, false) ON CONFLICT (id) DO NOTHING;
INSERT INTO public.descriptions_resource (id, description, created_at, active, generated, mcp) VALUES ('019cd7f8-99b6-7383-bb24-605f61a659a9', 'Seeks to understand by asking questions and exploring ideas.', '2026-03-10 13:38:39.670210+00:00', true, false, false) ON CONFLICT (id) DO NOTHING;
INSERT INTO public.descriptions_resource (id, description, created_at, active, generated, mcp) VALUES ('019cd7f8-99b9-77c7-9bf0-1fc6b66cfd39', 'Provides uplifting feedback and cheerful responses.', '2026-03-10 13:38:39.673478+00:00', true, false, false) ON CONFLICT (id) DO NOTHING;
INSERT INTO public.descriptions_resource (id, description, created_at, active, generated, mcp) VALUES ('019cd7f8-99bc-7af4-b5e8-956af3534c7c', 'Responds with minimal engagement and requires prompting.', '2026-03-10 13:38:39.676677+00:00', true, false, false) ON CONFLICT (id) DO NOTHING;
INSERT INTO public.descriptions_resource (id, description, created_at, active, generated, mcp) VALUES ('019cd7f8-99bf-7eaf-ad1b-07811c31e988', 'Challenges with confrontational and resistant responses.', '2026-03-10 13:38:39.679910+00:00', true, false, false) ON CONFLICT (id) DO NOTHING;
INSERT INTO public.descriptions_resource (id, description, created_at, active, generated, mcp) VALUES ('019cd7f8-99c3-7235-892a-f12a3bbd5af6', 'A flexible simulation for open-ended practice with any persona.', '2026-03-10 13:38:39.683130+00:00', true, false, false) ON CONFLICT (id) DO NOTHING;
INSERT INTO public.descriptions_resource (id, description, created_at, active, generated, mcp) VALUES ('019cd7f8-99c6-74f7-bf32-c22ee0154347', 'Training simulation for practicing responses to academic integrity violations.', '2026-03-10 13:38:39.686303+00:00', true, false, false) ON CONFLICT (id) DO NOTHING;
INSERT INTO public.descriptions_resource (id, description, created_at, active, generated, mcp) VALUES ('019cd7f8-99c9-7881-9b12-a0c3c28f0dcb', 'Training simulation for practicing FERPA compliance and student privacy protection.', '2026-03-10 13:38:39.689524+00:00', true, false, false) ON CONFLICT (id) DO NOTHING;
INSERT INTO public.descriptions_resource (id, description, created_at, active, generated, mcp) VALUES ('019cd7f8-99cc-7afa-9ca0-bd2614741df9', 'Training simulation for practicing de-escalation techniques with upset students.', '2026-03-10 13:38:39.692679+00:00', true, false, false) ON CONFLICT (id) DO NOTHING;
INSERT INTO public.descriptions_resource (id, description, created_at, active, generated, mcp) VALUES ('019cd7f8-9a23-76ab-97c8-e8c1af65f8f7', 'Open practice cohort with all practice simulations available.', '2026-03-10 13:38:39.779399+00:00', true, false, false) ON CONFLICT (id) DO NOTHING;
INSERT INTO public.descriptions_resource (id, description, created_at, active, generated, mcp) VALUES ('019cd7f8-9a26-7ff8-b9f5-dd37d18b6d81', 'Training cohort with structured training simulations.', '2026-03-10 13:38:39.782983+00:00', true, false, false) ON CONFLICT (id) DO NOTHING;
INSERT INTO public.descriptions_resource (id, description, created_at, active, generated, mcp) VALUES ('019cd7f8-9a80-74b4-b967-8b0ff434dce1', 'Department-specific settings for the University, linking authentication, AI systems, and grading thresholds.', '2026-03-10 13:38:39.872279+00:00', true, false, false) ON CONFLICT (id) DO NOTHING;

-- document_artifact
INSERT INTO public.document_artifact (created_at, updated_at, id, generated, mcp, active) VALUES ('2026-03-10 13:38:39.125162+00:00', '2026-03-10 13:38:39.125162+00:00', '6db02639-8cab-52e6-b4ba-6ff17adbdbea', false, false, true) ON CONFLICT (id) DO NOTHING;
INSERT INTO public.document_artifact (created_at, updated_at, id, generated, mcp, active) VALUES ('2026-03-10 13:38:39.132070+00:00', '2026-03-10 13:38:39.132070+00:00', '7d484920-1494-55e3-93d9-8698a3b5f719', false, false, true) ON CONFLICT (id) DO NOTHING;
INSERT INTO public.document_artifact (created_at, updated_at, id, generated, mcp, active) VALUES ('2026-03-10 13:38:39.137856+00:00', '2026-03-10 13:38:39.137856+00:00', '1659389c-1c68-5ca9-9c15-c60b23677869', false, false, true) ON CONFLICT (id) DO NOTHING;

-- document_departments_junction
INSERT INTO public.document_departments_junction (active, created_at, departments_id, document_id, generated, mcp) VALUES (true, '2026-03-10 13:38:39.125162+00:00', 'a2b369c1-a81e-5e02-98d5-dd42af15ae4a', '6db02639-8cab-52e6-b4ba-6ff17adbdbea', false, false) ON CONFLICT (id) DO NOTHING;
INSERT INTO public.document_departments_junction (active, created_at, departments_id, document_id, generated, mcp) VALUES (true, '2026-03-10 13:38:39.132070+00:00', 'a2b369c1-a81e-5e02-98d5-dd42af15ae4a', '7d484920-1494-55e3-93d9-8698a3b5f719', false, false) ON CONFLICT (id) DO NOTHING;
INSERT INTO public.document_departments_junction (active, created_at, departments_id, document_id, generated, mcp) VALUES (true, '2026-03-10 13:38:39.137856+00:00', 'a2b369c1-a81e-5e02-98d5-dd42af15ae4a', '1659389c-1c68-5ca9-9c15-c60b23677869', false, false) ON CONFLICT (id) DO NOTHING;

-- document_descriptions_junction
INSERT INTO public.document_descriptions_junction (document_id, descriptions_id, created_at, generated, mcp, active) VALUES ('6db02639-8cab-52e6-b4ba-6ff17adbdbea', '019cd7f8-9789-721d-a5df-9c48f6904fc6', '2026-03-10 13:38:39.125162+00:00', false, false, true) ON CONFLICT (id) DO NOTHING;
INSERT INTO public.document_descriptions_junction (document_id, descriptions_id, created_at, generated, mcp, active) VALUES ('7d484920-1494-55e3-93d9-8698a3b5f719', '019cd7f8-978d-7133-b45d-ca5ea119cbe2', '2026-03-10 13:38:39.132070+00:00', false, false, true) ON CONFLICT (id) DO NOTHING;
INSERT INTO public.document_descriptions_junction (document_id, descriptions_id, created_at, generated, mcp, active) VALUES ('1659389c-1c68-5ca9-9c15-c60b23677869', '019cd7f8-9790-71e3-be7d-9316cbb73cac', '2026-03-10 13:38:39.137856+00:00', false, false, true) ON CONFLICT (id) DO NOTHING;

-- document_documents_junction
INSERT INTO public.document_documents_junction (document_id, documents_id, active, created_at, generated, mcp) VALUES ('6db02639-8cab-52e6-b4ba-6ff17adbdbea', '6db02639-8cab-52e6-b4ba-6ff17adbdbea', true, '2026-03-10 13:38:39.125162+00:00', false, false) ON CONFLICT (id) DO NOTHING;
INSERT INTO public.document_documents_junction (document_id, documents_id, active, created_at, generated, mcp) VALUES ('7d484920-1494-55e3-93d9-8698a3b5f719', '7d484920-1494-55e3-93d9-8698a3b5f719', true, '2026-03-10 13:38:39.132070+00:00', false, false) ON CONFLICT (id) DO NOTHING;
INSERT INTO public.document_documents_junction (document_id, documents_id, active, created_at, generated, mcp) VALUES ('1659389c-1c68-5ca9-9c15-c60b23677869', '1659389c-1c68-5ca9-9c15-c60b23677869', true, '2026-03-10 13:38:39.137856+00:00', false, false) ON CONFLICT (id) DO NOTHING;

-- document_names_junction
INSERT INTO public.document_names_junction (document_id, names_id, created_at, generated, mcp, active) VALUES ('6db02639-8cab-52e6-b4ba-6ff17adbdbea', '019cd7f8-9785-7f94-ba2a-7ebc03c91242', '2026-03-10 13:38:39.125162+00:00', false, false, true) ON CONFLICT (id) DO NOTHING;
INSERT INTO public.document_names_junction (document_id, names_id, created_at, generated, mcp, active) VALUES ('7d484920-1494-55e3-93d9-8698a3b5f719', '019cd7f8-978b-77ba-afb6-4f2d7c9ca31b', '2026-03-10 13:38:39.132070+00:00', false, false, true) ON CONFLICT (id) DO NOTHING;
INSERT INTO public.document_names_junction (document_id, names_id, created_at, generated, mcp, active) VALUES ('1659389c-1c68-5ca9-9c15-c60b23677869', '019cd7f8-978e-7907-9cfe-ccc3fc64e3ef', '2026-03-10 13:38:39.137856+00:00', false, false, true) ON CONFLICT (id) DO NOTHING;

-- documents_resource
INSERT INTO public.documents_resource (created_at, active, generated, mcp, id, name, description, department_ids, file_id, text_id, image_ids, template, parameter_field_ids) VALUES ('2026-03-10 13:38:39.122488+00:00', true, false, false, '6db02639-8cab-52e6-b4ba-6ff17adbdbea', 'Academic Integrity Policy', 'University policy document covering academic honesty, plagiarism, and integrity violations.', '{}', NULL, NULL, '{}', false, '{}') ON CONFLICT (id) DO NOTHING;
INSERT INTO public.documents_resource (created_at, active, generated, mcp, id, name, description, department_ids, file_id, text_id, image_ids, template, parameter_field_ids) VALUES ('2026-03-10 13:38:39.129492+00:00', true, false, false, '7d484920-1494-55e3-93d9-8698a3b5f719', 'FERPA Policy', 'Family Educational Rights and Privacy Act policy covering student record privacy and data protection.', '{}', NULL, NULL, '{}', false, '{}') ON CONFLICT (id) DO NOTHING;
INSERT INTO public.documents_resource (created_at, active, generated, mcp, id, name, description, department_ids, file_id, text_id, image_ids, template, parameter_field_ids) VALUES ('2026-03-10 13:38:39.135961+00:00', true, false, false, '1659389c-1c68-5ca9-9c15-c60b23677869', 'Syllabus Template', 'Standard university syllabus template for course planning and student reference.', '{}', NULL, NULL, '{}', false, '{}') ON CONFLICT (id) DO NOTHING;

-- examples_resource
INSERT INTO public.examples_resource (created_at, example, id, generated, mcp, active) VALUES ('2026-03-10 13:38:39.167303+00:00', 'I don''t understand', '019cd7f8-97bf-7856-94eb-701ab146e194', false, false, true) ON CONFLICT (id) DO NOTHING;
INSERT INTO public.examples_resource (created_at, example, id, generated, mcp, active) VALUES ('2026-03-10 13:38:39.169636+00:00', 'Can you explain that again?', '019cd7f8-97c1-7a62-811a-27c3aedae357', false, false, true) ON CONFLICT (id) DO NOTHING;
INSERT INTO public.examples_resource (created_at, example, id, generated, mcp, active) VALUES ('2026-03-10 13:38:39.171515+00:00', 'What does that mean?', '019cd7f8-97c3-786d-aa9a-20015b870c80', false, false, true) ON CONFLICT (id) DO NOTHING;
INSERT INTO public.examples_resource (created_at, example, id, generated, mcp, active) VALUES ('2026-03-10 13:38:39.191895+00:00', 'That sounds great!', '019cd7f8-97d7-7e8c-98f2-5360f8d4e5f5', false, false, true) ON CONFLICT (id) DO NOTHING;
INSERT INTO public.examples_resource (created_at, example, id, generated, mcp, active) VALUES ('2026-03-10 13:38:39.193611+00:00', 'I''m excited to learn more', '019cd7f8-97d9-7a09-9aba-912a83b49236', false, false, true) ON CONFLICT (id) DO NOTHING;
INSERT INTO public.examples_resource (created_at, example, id, generated, mcp, active) VALUES ('2026-03-10 13:38:39.195275+00:00', 'This is really helpful!', '019cd7f8-97db-749b-8621-a17ff634839c', false, false, true) ON CONFLICT (id) DO NOTHING;
INSERT INTO public.examples_resource (created_at, example, id, generated, mcp, active) VALUES ('2026-03-10 13:38:39.209097+00:00', 'I guess that could work', '019cd7f8-97e9-71ad-a2da-48c3e62db58e', false, false, true) ON CONFLICT (id) DO NOTHING;
INSERT INTO public.examples_resource (created_at, example, id, generated, mcp, active) VALUES ('2026-03-10 13:38:39.210861+00:00', 'Maybe that''s okay', '019cd7f8-97ea-7de4-93f4-2c5e91bb3f6d', false, false, true) ON CONFLICT (id) DO NOTHING;
INSERT INTO public.examples_resource (created_at, example, id, generated, mcp, active) VALUES ('2026-03-10 13:38:39.212659+00:00', 'I''m not sure', '019cd7f8-97ec-7aaa-a2a5-a05783a29986', false, false, true) ON CONFLICT (id) DO NOTHING;
INSERT INTO public.examples_resource (created_at, example, id, generated, mcp, active) VALUES ('2026-03-10 13:38:39.226649+00:00', 'That''s not right at all!', '019cd7f8-97fa-7a7f-837c-84a1104d089b', false, false, true) ON CONFLICT (id) DO NOTHING;
INSERT INTO public.examples_resource (created_at, example, id, generated, mcp, active) VALUES ('2026-03-10 13:38:39.228434+00:00', 'I disagree completely', '019cd7f8-97fc-7711-b38e-48da579516b3', false, false, true) ON CONFLICT (id) DO NOTHING;
INSERT INTO public.examples_resource (created_at, example, id, generated, mcp, active) VALUES ('2026-03-10 13:38:39.230109+00:00', 'You''re wrong about this', '019cd7f8-97fe-71d9-b176-160a22041a23', false, false, true) ON CONFLICT (id) DO NOTHING;
INSERT INTO public.examples_resource (created_at, example, id, generated, mcp, active) VALUES ('2026-03-10 13:38:39.244084+00:00', 'That''s not right at all!', '019cd7f8-980c-7176-b696-fd5f09b7c53e', false, false, true) ON CONFLICT (id) DO NOTHING;
INSERT INTO public.examples_resource (created_at, example, id, generated, mcp, active) VALUES ('2026-03-10 13:38:39.245631+00:00', 'I disagree completely', '019cd7f8-980d-7a3c-9c95-9b52fb5890c3', false, false, true) ON CONFLICT (id) DO NOTHING;
INSERT INTO public.examples_resource (created_at, example, id, generated, mcp, active) VALUES ('2026-03-10 13:38:39.247319+00:00', 'You''re wrong about this', '019cd7f8-980f-753b-ad29-6796d449538f', false, false, true) ON CONFLICT (id) DO NOTHING;
INSERT INTO public.examples_resource (created_at, example, id, generated, mcp, active) VALUES ('2026-03-10 13:38:39.261765+00:00', 'That''s not right at all!', '019cd7f8-981d-7c5e-963e-0818c6e8912d', false, false, true) ON CONFLICT (id) DO NOTHING;
INSERT INTO public.examples_resource (created_at, example, id, generated, mcp, active) VALUES ('2026-03-10 13:38:39.263386+00:00', 'I disagree completely', '019cd7f8-981f-764a-8c72-87f0e66d0e31', false, false, true) ON CONFLICT (id) DO NOTHING;
INSERT INTO public.examples_resource (created_at, example, id, generated, mcp, active) VALUES ('2026-03-10 13:38:39.265062+00:00', 'You''re wrong about this', '019cd7f8-9821-7118-87e2-9565d5270a19', false, false, true) ON CONFLICT (id) DO NOTHING;
INSERT INTO public.examples_resource (created_at, example, id, generated, mcp, active) VALUES ('2026-03-10 13:38:39.279496+00:00', 'Let me clarify the course policy on this matter', '019cd7f8-982f-780a-be7b-488d067292d7', false, false, true) ON CONFLICT (id) DO NOTHING;
INSERT INTO public.examples_resource (created_at, example, id, generated, mcp, active) VALUES ('2026-03-10 13:38:39.281145+00:00', 'Based on the syllabus, here''s what you need to know', '019cd7f8-9831-7277-a6ca-4e603f8b1249', false, false, true) ON CONFLICT (id) DO NOTHING;
INSERT INTO public.examples_resource (created_at, example, id, generated, mcp, active) VALUES ('2026-03-10 13:38:39.282760+00:00', 'I want to ensure you understand the academic integrity expectations', '019cd7f8-9832-7c42-bc5e-fd5557305c3a', false, false, true) ON CONFLICT (id) DO NOTHING;
INSERT INTO public.examples_resource (created_at, example, id, generated, mcp, active) VALUES ('2026-03-10 13:38:39.296680+00:00', 'Can you explain this concept again?', '019cd7f8-9840-7b0d-90ba-ce39689c04b3', false, false, true) ON CONFLICT (id) DO NOTHING;
INSERT INTO public.examples_resource (created_at, example, id, generated, mcp, active) VALUES ('2026-03-10 13:38:39.298453+00:00', 'I''m not sure I understand the assignment requirements', '019cd7f8-9842-7762-b428-fb6cf869537e', false, false, true) ON CONFLICT (id) DO NOTHING;
INSERT INTO public.examples_resource (created_at, example, id, generated, mcp, active) VALUES ('2026-03-10 13:38:39.300250+00:00', 'What should I focus on for the exam?', '019cd7f8-9844-7419-b9bd-8e378f0e23f0', false, false, true) ON CONFLICT (id) DO NOTHING;
INSERT INTO public.examples_resource (created_at, example, id, generated, mcp, active) VALUES ('2026-03-10 13:38:39.313708+00:00', 'I can help you understand how to submit your assignment', '019cd7f8-9851-7b79-8210-e015d1f69242', false, false, true) ON CONFLICT (id) DO NOTHING;
INSERT INTO public.examples_resource (created_at, example, id, generated, mcp, active) VALUES ('2026-03-10 13:38:39.315315+00:00', 'Let me walk you through the grading policy', '019cd7f8-9853-7528-b3f7-3601635618b1', false, false, true) ON CONFLICT (id) DO NOTHING;
INSERT INTO public.examples_resource (created_at, example, id, generated, mcp, active) VALUES ('2026-03-10 13:38:39.316974+00:00', 'Here''s what you need to know about office hours', '019cd7f8-9854-7fae-aaa8-efa07a7f7427', false, false, true) ON CONFLICT (id) DO NOTHING;

-- home_cohorts_connection
INSERT INTO public.home_cohorts_connection (home_id, cohorts_id, created_at, active, generated, mcp) VALUES ('019cd7f8-9a4a-78f8-a855-7675d188428f', 'b1c930da-dddc-5709-89f3-2f0b25d43ac4', '2026-03-10 13:38:39.818984+00:00', true, true, false) ON CONFLICT (id) DO NOTHING;
INSERT INTO public.home_cohorts_connection (home_id, cohorts_id, created_at, active, generated, mcp) VALUES ('019cd7f8-9a4e-71a2-80e7-d934c4a91a73', 'b1c930da-dddc-5709-89f3-2f0b25d43ac4', '2026-03-10 13:38:39.822404+00:00', true, true, false) ON CONFLICT (id) DO NOTHING;
INSERT INTO public.home_cohorts_connection (home_id, cohorts_id, created_at, active, generated, mcp) VALUES ('019cd7f8-9a4f-7a65-8fe9-55260030831b', 'b1c930da-dddc-5709-89f3-2f0b25d43ac4', '2026-03-10 13:38:39.823915+00:00', true, true, false) ON CONFLICT (id) DO NOTHING;
INSERT INTO public.home_cohorts_connection (home_id, cohorts_id, created_at, active, generated, mcp) VALUES ('019cd7f8-9a51-7211-b7d3-ba7d6879a042', 'b1c930da-dddc-5709-89f3-2f0b25d43ac4', '2026-03-10 13:38:39.825388+00:00', true, true, false) ON CONFLICT (id) DO NOTHING;
INSERT INTO public.home_cohorts_connection (home_id, cohorts_id, created_at, active, generated, mcp) VALUES ('019cd7f8-9a52-7a07-a8d6-edc0ccb7fb08', 'b1c930da-dddc-5709-89f3-2f0b25d43ac4', '2026-03-10 13:38:39.826889+00:00', true, true, false) ON CONFLICT (id) DO NOTHING;
INSERT INTO public.home_cohorts_connection (home_id, cohorts_id, created_at, active, generated, mcp) VALUES ('019cd7f8-9a54-7ea5-b808-82940c9401d7', 'b1c930da-dddc-5709-89f3-2f0b25d43ac4', '2026-03-10 13:38:39.829162+00:00', true, true, false) ON CONFLICT (id) DO NOTHING;
INSERT INTO public.home_cohorts_connection (home_id, cohorts_id, created_at, active, generated, mcp) VALUES ('019cd7f8-9a56-7651-8780-b184d401fca3', 'b1c930da-dddc-5709-89f3-2f0b25d43ac4', '2026-03-10 13:38:39.830643+00:00', true, true, false) ON CONFLICT (id) DO NOTHING;
INSERT INTO public.home_cohorts_connection (home_id, cohorts_id, created_at, active, generated, mcp) VALUES ('019cd7f8-9a57-7bb5-a1ad-546996d02a43', 'b1c930da-dddc-5709-89f3-2f0b25d43ac4', '2026-03-10 13:38:39.831992+00:00', true, true, false) ON CONFLICT (id) DO NOTHING;
INSERT INTO public.home_cohorts_connection (home_id, cohorts_id, created_at, active, generated, mcp) VALUES ('019cd7f8-9a59-7124-b090-c8942b33f060', 'b1c930da-dddc-5709-89f3-2f0b25d43ac4', '2026-03-10 13:38:39.833344+00:00', true, true, false) ON CONFLICT (id) DO NOTHING;
INSERT INTO public.home_cohorts_connection (home_id, cohorts_id, created_at, active, generated, mcp) VALUES ('019cd7f8-9a5a-776f-8e58-d5324c4c1c30', 'b1c930da-dddc-5709-89f3-2f0b25d43ac4', '2026-03-10 13:38:39.834792+00:00', true, true, false) ON CONFLICT (id) DO NOTHING;
INSERT INTO public.home_cohorts_connection (home_id, cohorts_id, created_at, active, generated, mcp) VALUES ('019cd7f8-9a65-7063-9cc3-b19e25c755f2', 'e577afa3-ffba-5f7b-b1cd-be4bc5ffd680', '2026-03-10 13:38:39.845495+00:00', true, true, false) ON CONFLICT (id) DO NOTHING;
INSERT INTO public.home_cohorts_connection (home_id, cohorts_id, created_at, active, generated, mcp) VALUES ('019cd7f8-9a68-748c-bdaa-c09445709d50', 'e577afa3-ffba-5f7b-b1cd-be4bc5ffd680', '2026-03-10 13:38:39.848547+00:00', true, true, false) ON CONFLICT (id) DO NOTHING;
INSERT INTO public.home_cohorts_connection (home_id, cohorts_id, created_at, active, generated, mcp) VALUES ('019cd7f8-9a69-7ae3-8808-10cba4e3db87', 'e577afa3-ffba-5f7b-b1cd-be4bc5ffd680', '2026-03-10 13:38:39.849928+00:00', true, true, false) ON CONFLICT (id) DO NOTHING;
INSERT INTO public.home_cohorts_connection (home_id, cohorts_id, created_at, active, generated, mcp) VALUES ('019cd7f8-9a6b-798b-9594-4083484d8a67', 'e577afa3-ffba-5f7b-b1cd-be4bc5ffd680', '2026-03-10 13:38:39.851848+00:00', true, true, false) ON CONFLICT (id) DO NOTHING;
INSERT INTO public.home_cohorts_connection (home_id, cohorts_id, created_at, active, generated, mcp) VALUES ('019cd7f8-9a6d-718f-b7e7-889a6423a27b', 'e577afa3-ffba-5f7b-b1cd-be4bc5ffd680', '2026-03-10 13:38:39.853355+00:00', true, true, false) ON CONFLICT (id) DO NOTHING;
INSERT INTO public.home_cohorts_connection (home_id, cohorts_id, created_at, active, generated, mcp) VALUES ('019cd7f8-9a6e-78dd-9d5c-aa604cbbb6e6', 'e577afa3-ffba-5f7b-b1cd-be4bc5ffd680', '2026-03-10 13:38:39.854818+00:00', true, true, false) ON CONFLICT (id) DO NOTHING;
INSERT INTO public.home_cohorts_connection (home_id, cohorts_id, created_at, active, generated, mcp) VALUES ('019cd7f8-9a70-7b02-9b2a-116a9cf79495', 'e577afa3-ffba-5f7b-b1cd-be4bc5ffd680', '2026-03-10 13:38:39.856957+00:00', true, true, false) ON CONFLICT (id) DO NOTHING;
INSERT INTO public.home_cohorts_connection (home_id, cohorts_id, created_at, active, generated, mcp) VALUES ('019cd7f8-9a72-7154-8e91-6d678e467c4d', 'e577afa3-ffba-5f7b-b1cd-be4bc5ffd680', '2026-03-10 13:38:39.858339+00:00', true, true, false) ON CONFLICT (id) DO NOTHING;
INSERT INTO public.home_cohorts_connection (home_id, cohorts_id, created_at, active, generated, mcp) VALUES ('019cd7f8-9a73-76c4-a945-b2b7e6b3c76c', 'e577afa3-ffba-5f7b-b1cd-be4bc5ffd680', '2026-03-10 13:38:39.859678+00:00', true, true, false) ON CONFLICT (id) DO NOTHING;

-- home_departments_connection
INSERT INTO public.home_departments_connection (home_id, departments_id, created_at, active, generated, mcp) VALUES ('019cd7f8-9a4a-78f8-a855-7675d188428f', 'a2b369c1-a81e-5e02-98d5-dd42af15ae4a', '2026-03-10 13:38:39.819818+00:00', true, true, false) ON CONFLICT (id) DO NOTHING;
INSERT INTO public.home_departments_connection (home_id, departments_id, created_at, active, generated, mcp) VALUES ('019cd7f8-9a4e-71a2-80e7-d934c4a91a73', 'a2b369c1-a81e-5e02-98d5-dd42af15ae4a', '2026-03-10 13:38:39.822719+00:00', true, true, false) ON CONFLICT (id) DO NOTHING;
INSERT INTO public.home_departments_connection (home_id, departments_id, created_at, active, generated, mcp) VALUES ('019cd7f8-9a4f-7a65-8fe9-55260030831b', 'a2b369c1-a81e-5e02-98d5-dd42af15ae4a', '2026-03-10 13:38:39.824215+00:00', true, true, false) ON CONFLICT (id) DO NOTHING;
INSERT INTO public.home_departments_connection (home_id, departments_id, created_at, active, generated, mcp) VALUES ('019cd7f8-9a51-7211-b7d3-ba7d6879a042', 'a2b369c1-a81e-5e02-98d5-dd42af15ae4a', '2026-03-10 13:38:39.825706+00:00', true, true, false) ON CONFLICT (id) DO NOTHING;
INSERT INTO public.home_departments_connection (home_id, departments_id, created_at, active, generated, mcp) VALUES ('019cd7f8-9a52-7a07-a8d6-edc0ccb7fb08', 'a2b369c1-a81e-5e02-98d5-dd42af15ae4a', '2026-03-10 13:38:39.827178+00:00', true, true, false) ON CONFLICT (id) DO NOTHING;
INSERT INTO public.home_departments_connection (home_id, departments_id, created_at, active, generated, mcp) VALUES ('019cd7f8-9a54-7ea5-b808-82940c9401d7', 'a2b369c1-a81e-5e02-98d5-dd42af15ae4a', '2026-03-10 13:38:39.829463+00:00', true, true, false) ON CONFLICT (id) DO NOTHING;
INSERT INTO public.home_departments_connection (home_id, departments_id, created_at, active, generated, mcp) VALUES ('019cd7f8-9a56-7651-8780-b184d401fca3', 'a2b369c1-a81e-5e02-98d5-dd42af15ae4a', '2026-03-10 13:38:39.830924+00:00', true, true, false) ON CONFLICT (id) DO NOTHING;
INSERT INTO public.home_departments_connection (home_id, departments_id, created_at, active, generated, mcp) VALUES ('019cd7f8-9a57-7bb5-a1ad-546996d02a43', 'a2b369c1-a81e-5e02-98d5-dd42af15ae4a', '2026-03-10 13:38:39.832253+00:00', true, true, false) ON CONFLICT (id) DO NOTHING;
INSERT INTO public.home_departments_connection (home_id, departments_id, created_at, active, generated, mcp) VALUES ('019cd7f8-9a59-7124-b090-c8942b33f060', 'a2b369c1-a81e-5e02-98d5-dd42af15ae4a', '2026-03-10 13:38:39.833645+00:00', true, true, false) ON CONFLICT (id) DO NOTHING;
INSERT INTO public.home_departments_connection (home_id, departments_id, created_at, active, generated, mcp) VALUES ('019cd7f8-9a5a-776f-8e58-d5324c4c1c30', 'a2b369c1-a81e-5e02-98d5-dd42af15ae4a', '2026-03-10 13:38:39.835081+00:00', true, true, false) ON CONFLICT (id) DO NOTHING;
INSERT INTO public.home_departments_connection (home_id, departments_id, created_at, active, generated, mcp) VALUES ('019cd7f8-9a65-7063-9cc3-b19e25c755f2', 'a2b369c1-a81e-5e02-98d5-dd42af15ae4a', '2026-03-10 13:38:39.846314+00:00', true, true, false) ON CONFLICT (id) DO NOTHING;
INSERT INTO public.home_departments_connection (home_id, departments_id, created_at, active, generated, mcp) VALUES ('019cd7f8-9a68-748c-bdaa-c09445709d50', 'a2b369c1-a81e-5e02-98d5-dd42af15ae4a', '2026-03-10 13:38:39.848842+00:00', true, true, false) ON CONFLICT (id) DO NOTHING;
INSERT INTO public.home_departments_connection (home_id, departments_id, created_at, active, generated, mcp) VALUES ('019cd7f8-9a69-7ae3-8808-10cba4e3db87', 'a2b369c1-a81e-5e02-98d5-dd42af15ae4a', '2026-03-10 13:38:39.850190+00:00', true, true, false) ON CONFLICT (id) DO NOTHING;
INSERT INTO public.home_departments_connection (home_id, departments_id, created_at, active, generated, mcp) VALUES ('019cd7f8-9a6b-798b-9594-4083484d8a67', 'a2b369c1-a81e-5e02-98d5-dd42af15ae4a', '2026-03-10 13:38:39.852137+00:00', true, true, false) ON CONFLICT (id) DO NOTHING;
INSERT INTO public.home_departments_connection (home_id, departments_id, created_at, active, generated, mcp) VALUES ('019cd7f8-9a6d-718f-b7e7-889a6423a27b', 'a2b369c1-a81e-5e02-98d5-dd42af15ae4a', '2026-03-10 13:38:39.853659+00:00', true, true, false) ON CONFLICT (id) DO NOTHING;
INSERT INTO public.home_departments_connection (home_id, departments_id, created_at, active, generated, mcp) VALUES ('019cd7f8-9a6e-78dd-9d5c-aa604cbbb6e6', 'a2b369c1-a81e-5e02-98d5-dd42af15ae4a', '2026-03-10 13:38:39.855106+00:00', true, true, false) ON CONFLICT (id) DO NOTHING;
INSERT INTO public.home_departments_connection (home_id, departments_id, created_at, active, generated, mcp) VALUES ('019cd7f8-9a70-7b02-9b2a-116a9cf79495', 'a2b369c1-a81e-5e02-98d5-dd42af15ae4a', '2026-03-10 13:38:39.857250+00:00', true, true, false) ON CONFLICT (id) DO NOTHING;
INSERT INTO public.home_departments_connection (home_id, departments_id, created_at, active, generated, mcp) VALUES ('019cd7f8-9a72-7154-8e91-6d678e467c4d', 'a2b369c1-a81e-5e02-98d5-dd42af15ae4a', '2026-03-10 13:38:39.858601+00:00', true, true, false) ON CONFLICT (id) DO NOTHING;
INSERT INTO public.home_departments_connection (home_id, departments_id, created_at, active, generated, mcp) VALUES ('019cd7f8-9a73-76c4-a945-b2b7e6b3c76c', 'a2b369c1-a81e-5e02-98d5-dd42af15ae4a', '2026-03-10 13:38:39.859943+00:00', true, true, false) ON CONFLICT (id) DO NOTHING;

-- home_entry
INSERT INTO public.home_entry (id, created_at, updated_at, active, generated, mcp, position, start_time, end_time, session_id) VALUES ('019cd7f8-9a4a-78f8-a855-7675d188428f', '2026-03-10 13:38:39.818302+00:00', '2026-03-10 13:38:39.818302+00:00', true, true, false, 0, NULL, NULL, '019cd7f8-9a48-788c-9304-c9c0b4918f88') ON CONFLICT (id) DO NOTHING;
INSERT INTO public.home_entry (id, created_at, updated_at, active, generated, mcp, position, start_time, end_time, session_id) VALUES ('019cd7f8-9a4e-71a2-80e7-d934c4a91a73', '2026-03-10 13:38:39.822087+00:00', '2026-03-10 13:38:39.822087+00:00', true, true, false, 0, NULL, NULL, '019cd7f8-9a48-788c-9304-c9c0b4918f88') ON CONFLICT (id) DO NOTHING;
INSERT INTO public.home_entry (id, created_at, updated_at, active, generated, mcp, position, start_time, end_time, session_id) VALUES ('019cd7f8-9a4f-7a65-8fe9-55260030831b', '2026-03-10 13:38:39.823636+00:00', '2026-03-10 13:38:39.823636+00:00', true, true, false, 0, NULL, NULL, '019cd7f8-9a48-788c-9304-c9c0b4918f88') ON CONFLICT (id) DO NOTHING;
INSERT INTO public.home_entry (id, created_at, updated_at, active, generated, mcp, position, start_time, end_time, session_id) VALUES ('019cd7f8-9a51-7211-b7d3-ba7d6879a042', '2026-03-10 13:38:39.825113+00:00', '2026-03-10 13:38:39.825113+00:00', true, true, false, 0, NULL, NULL, '019cd7f8-9a48-788c-9304-c9c0b4918f88') ON CONFLICT (id) DO NOTHING;
INSERT INTO public.home_entry (id, created_at, updated_at, active, generated, mcp, position, start_time, end_time, session_id) VALUES ('019cd7f8-9a52-7a07-a8d6-edc0ccb7fb08', '2026-03-10 13:38:39.826613+00:00', '2026-03-10 13:38:39.826613+00:00', true, true, false, 0, NULL, NULL, '019cd7f8-9a48-788c-9304-c9c0b4918f88') ON CONFLICT (id) DO NOTHING;
INSERT INTO public.home_entry (id, created_at, updated_at, active, generated, mcp, position, start_time, end_time, session_id) VALUES ('019cd7f8-9a54-7ea5-b808-82940c9401d7', '2026-03-10 13:38:39.828900+00:00', '2026-03-10 13:38:39.828900+00:00', true, true, false, 0, NULL, NULL, '019cd7f8-9a54-7379-a580-dc2753a69e68') ON CONFLICT (id) DO NOTHING;
INSERT INTO public.home_entry (id, created_at, updated_at, active, generated, mcp, position, start_time, end_time, session_id) VALUES ('019cd7f8-9a56-7651-8780-b184d401fca3', '2026-03-10 13:38:39.830387+00:00', '2026-03-10 13:38:39.830387+00:00', true, true, false, 0, NULL, NULL, '019cd7f8-9a54-7379-a580-dc2753a69e68') ON CONFLICT (id) DO NOTHING;
INSERT INTO public.home_entry (id, created_at, updated_at, active, generated, mcp, position, start_time, end_time, session_id) VALUES ('019cd7f8-9a57-7bb5-a1ad-546996d02a43', '2026-03-10 13:38:39.831725+00:00', '2026-03-10 13:38:39.831725+00:00', true, true, false, 0, NULL, NULL, '019cd7f8-9a54-7379-a580-dc2753a69e68') ON CONFLICT (id) DO NOTHING;
INSERT INTO public.home_entry (id, created_at, updated_at, active, generated, mcp, position, start_time, end_time, session_id) VALUES ('019cd7f8-9a59-7124-b090-c8942b33f060', '2026-03-10 13:38:39.833063+00:00', '2026-03-10 13:38:39.833063+00:00', true, true, false, 0, NULL, NULL, '019cd7f8-9a54-7379-a580-dc2753a69e68') ON CONFLICT (id) DO NOTHING;
INSERT INTO public.home_entry (id, created_at, updated_at, active, generated, mcp, position, start_time, end_time, session_id) VALUES ('019cd7f8-9a5a-776f-8e58-d5324c4c1c30', '2026-03-10 13:38:39.834458+00:00', '2026-03-10 13:38:39.834458+00:00', true, true, false, 0, NULL, NULL, '019cd7f8-9a54-7379-a580-dc2753a69e68') ON CONFLICT (id) DO NOTHING;
INSERT INTO public.home_entry (id, created_at, updated_at, active, generated, mcp, position, start_time, end_time, session_id) VALUES ('019cd7f8-9a65-7063-9cc3-b19e25c755f2', '2026-03-10 13:38:39.844489+00:00', '2026-03-10 13:38:39.844489+00:00', true, true, false, 0, NULL, NULL, '019cd7f8-9a63-7573-b147-209285b97d7a') ON CONFLICT (id) DO NOTHING;
INSERT INTO public.home_entry (id, created_at, updated_at, active, generated, mcp, position, start_time, end_time, session_id) VALUES ('019cd7f8-9a68-748c-bdaa-c09445709d50', '2026-03-10 13:38:39.848268+00:00', '2026-03-10 13:38:39.848268+00:00', true, true, false, 0, NULL, NULL, '019cd7f8-9a63-7573-b147-209285b97d7a') ON CONFLICT (id) DO NOTHING;
INSERT INTO public.home_entry (id, created_at, updated_at, active, generated, mcp, position, start_time, end_time, session_id) VALUES ('019cd7f8-9a69-7ae3-8808-10cba4e3db87', '2026-03-10 13:38:39.849667+00:00', '2026-03-10 13:38:39.849667+00:00', true, true, false, 0, NULL, NULL, '019cd7f8-9a63-7573-b147-209285b97d7a') ON CONFLICT (id) DO NOTHING;
INSERT INTO public.home_entry (id, created_at, updated_at, active, generated, mcp, position, start_time, end_time, session_id) VALUES ('019cd7f8-9a6b-798b-9594-4083484d8a67', '2026-03-10 13:38:39.851584+00:00', '2026-03-10 13:38:39.851584+00:00', true, true, false, 0, NULL, NULL, '019cd7f8-9a6b-7033-97ff-3ea8a8ec0157') ON CONFLICT (id) DO NOTHING;
INSERT INTO public.home_entry (id, created_at, updated_at, active, generated, mcp, position, start_time, end_time, session_id) VALUES ('019cd7f8-9a6d-718f-b7e7-889a6423a27b', '2026-03-10 13:38:39.853085+00:00', '2026-03-10 13:38:39.853085+00:00', true, true, false, 0, NULL, NULL, '019cd7f8-9a6b-7033-97ff-3ea8a8ec0157') ON CONFLICT (id) DO NOTHING;
INSERT INTO public.home_entry (id, created_at, updated_at, active, generated, mcp, position, start_time, end_time, session_id) VALUES ('019cd7f8-9a6e-78dd-9d5c-aa604cbbb6e6', '2026-03-10 13:38:39.854540+00:00', '2026-03-10 13:38:39.854540+00:00', true, true, false, 0, NULL, NULL, '019cd7f8-9a6b-7033-97ff-3ea8a8ec0157') ON CONFLICT (id) DO NOTHING;
INSERT INTO public.home_entry (id, created_at, updated_at, active, generated, mcp, position, start_time, end_time, session_id) VALUES ('019cd7f8-9a70-7b02-9b2a-116a9cf79495', '2026-03-10 13:38:39.856680+00:00', '2026-03-10 13:38:39.856680+00:00', true, true, false, 0, NULL, NULL, '019cd7f8-9a70-710e-82ae-af93d03fb363') ON CONFLICT (id) DO NOTHING;
INSERT INTO public.home_entry (id, created_at, updated_at, active, generated, mcp, position, start_time, end_time, session_id) VALUES ('019cd7f8-9a72-7154-8e91-6d678e467c4d', '2026-03-10 13:38:39.858076+00:00', '2026-03-10 13:38:39.858076+00:00', true, true, false, 0, NULL, NULL, '019cd7f8-9a70-710e-82ae-af93d03fb363') ON CONFLICT (id) DO NOTHING;
INSERT INTO public.home_entry (id, created_at, updated_at, active, generated, mcp, position, start_time, end_time, session_id) VALUES ('019cd7f8-9a73-76c4-a945-b2b7e6b3c76c', '2026-03-10 13:38:39.859416+00:00', '2026-03-10 13:38:39.859416+00:00', true, true, false, 0, NULL, NULL, '019cd7f8-9a70-710e-82ae-af93d03fb363') ON CONFLICT (id) DO NOTHING;

-- home_profiles_connection
INSERT INTO public.home_profiles_connection (home_id, profiles_id, created_at, active, generated, mcp) VALUES ('019cd7f8-9a4a-78f8-a855-7675d188428f', 'eaf42b60-bca1-5970-8fc0-1db7f6fa9c8a', '2026-03-10 13:38:39.821436+00:00', true, true, false) ON CONFLICT (id) DO NOTHING;
INSERT INTO public.home_profiles_connection (home_id, profiles_id, created_at, active, generated, mcp) VALUES ('019cd7f8-9a4e-71a2-80e7-d934c4a91a73', 'eaf42b60-bca1-5970-8fc0-1db7f6fa9c8a', '2026-03-10 13:38:39.823316+00:00', true, true, false) ON CONFLICT (id) DO NOTHING;
INSERT INTO public.home_profiles_connection (home_id, profiles_id, created_at, active, generated, mcp) VALUES ('019cd7f8-9a4f-7a65-8fe9-55260030831b', 'eaf42b60-bca1-5970-8fc0-1db7f6fa9c8a', '2026-03-10 13:38:39.824819+00:00', true, true, false) ON CONFLICT (id) DO NOTHING;
INSERT INTO public.home_profiles_connection (home_id, profiles_id, created_at, active, generated, mcp) VALUES ('019cd7f8-9a51-7211-b7d3-ba7d6879a042', 'eaf42b60-bca1-5970-8fc0-1db7f6fa9c8a', '2026-03-10 13:38:39.826309+00:00', true, true, false) ON CONFLICT (id) DO NOTHING;
INSERT INTO public.home_profiles_connection (home_id, profiles_id, created_at, active, generated, mcp) VALUES ('019cd7f8-9a52-7a07-a8d6-edc0ccb7fb08', 'eaf42b60-bca1-5970-8fc0-1db7f6fa9c8a', '2026-03-10 13:38:39.827817+00:00', true, true, false) ON CONFLICT (id) DO NOTHING;
INSERT INTO public.home_profiles_connection (home_id, profiles_id, created_at, active, generated, mcp) VALUES ('019cd7f8-9a54-7ea5-b808-82940c9401d7', 'd2a08e26-fd2a-5b9f-9fc3-40f521049696', '2026-03-10 13:38:39.830072+00:00', true, true, false) ON CONFLICT (id) DO NOTHING;
INSERT INTO public.home_profiles_connection (home_id, profiles_id, created_at, active, generated, mcp) VALUES ('019cd7f8-9a56-7651-8780-b184d401fca3', 'd2a08e26-fd2a-5b9f-9fc3-40f521049696', '2026-03-10 13:38:39.831467+00:00', true, true, false) ON CONFLICT (id) DO NOTHING;
INSERT INTO public.home_profiles_connection (home_id, profiles_id, created_at, active, generated, mcp) VALUES ('019cd7f8-9a57-7bb5-a1ad-546996d02a43', 'd2a08e26-fd2a-5b9f-9fc3-40f521049696', '2026-03-10 13:38:39.832761+00:00', true, true, false) ON CONFLICT (id) DO NOTHING;
INSERT INTO public.home_profiles_connection (home_id, profiles_id, created_at, active, generated, mcp) VALUES ('019cd7f8-9a59-7124-b090-c8942b33f060', 'd2a08e26-fd2a-5b9f-9fc3-40f521049696', '2026-03-10 13:38:39.834181+00:00', true, true, false) ON CONFLICT (id) DO NOTHING;
INSERT INTO public.home_profiles_connection (home_id, profiles_id, created_at, active, generated, mcp) VALUES ('019cd7f8-9a5a-776f-8e58-d5324c4c1c30', 'd2a08e26-fd2a-5b9f-9fc3-40f521049696', '2026-03-10 13:38:39.835667+00:00', true, true, false) ON CONFLICT (id) DO NOTHING;
INSERT INTO public.home_profiles_connection (home_id, profiles_id, created_at, active, generated, mcp) VALUES ('019cd7f8-9a65-7063-9cc3-b19e25c755f2', '0110ff55-1c5c-5dfd-9eea-736b458bd349', '2026-03-10 13:38:39.847664+00:00', true, true, false) ON CONFLICT (id) DO NOTHING;
INSERT INTO public.home_profiles_connection (home_id, profiles_id, created_at, active, generated, mcp) VALUES ('019cd7f8-9a68-748c-bdaa-c09445709d50', '0110ff55-1c5c-5dfd-9eea-736b458bd349', '2026-03-10 13:38:39.849395+00:00', true, true, false) ON CONFLICT (id) DO NOTHING;
INSERT INTO public.home_profiles_connection (home_id, profiles_id, created_at, active, generated, mcp) VALUES ('019cd7f8-9a69-7ae3-8808-10cba4e3db87', '0110ff55-1c5c-5dfd-9eea-736b458bd349', '2026-03-10 13:38:39.850717+00:00', true, true, false) ON CONFLICT (id) DO NOTHING;
INSERT INTO public.home_profiles_connection (home_id, profiles_id, created_at, active, generated, mcp) VALUES ('019cd7f8-9a6b-798b-9594-4083484d8a67', 'eaf42b60-bca1-5970-8fc0-1db7f6fa9c8a', '2026-03-10 13:38:39.852762+00:00', true, true, false) ON CONFLICT (id) DO NOTHING;
INSERT INTO public.home_profiles_connection (home_id, profiles_id, created_at, active, generated, mcp) VALUES ('019cd7f8-9a6d-718f-b7e7-889a6423a27b', 'eaf42b60-bca1-5970-8fc0-1db7f6fa9c8a', '2026-03-10 13:38:39.854221+00:00', true, true, false) ON CONFLICT (id) DO NOTHING;
INSERT INTO public.home_profiles_connection (home_id, profiles_id, created_at, active, generated, mcp) VALUES ('019cd7f8-9a6e-78dd-9d5c-aa604cbbb6e6', 'eaf42b60-bca1-5970-8fc0-1db7f6fa9c8a', '2026-03-10 13:38:39.855740+00:00', true, true, false) ON CONFLICT (id) DO NOTHING;
INSERT INTO public.home_profiles_connection (home_id, profiles_id, created_at, active, generated, mcp) VALUES ('019cd7f8-9a70-7b02-9b2a-116a9cf79495', 'd2a08e26-fd2a-5b9f-9fc3-40f521049696', '2026-03-10 13:38:39.857800+00:00', true, true, false) ON CONFLICT (id) DO NOTHING;
INSERT INTO public.home_profiles_connection (home_id, profiles_id, created_at, active, generated, mcp) VALUES ('019cd7f8-9a72-7154-8e91-6d678e467c4d', 'd2a08e26-fd2a-5b9f-9fc3-40f521049696', '2026-03-10 13:38:39.859144+00:00', true, true, false) ON CONFLICT (id) DO NOTHING;
INSERT INTO public.home_profiles_connection (home_id, profiles_id, created_at, active, generated, mcp) VALUES ('019cd7f8-9a73-76c4-a945-b2b7e6b3c76c', 'd2a08e26-fd2a-5b9f-9fc3-40f521049696', '2026-03-10 13:38:39.860444+00:00', true, true, false) ON CONFLICT (id) DO NOTHING;

-- home_simulations_connection
INSERT INTO public.home_simulations_connection (home_id, simulations_id, created_at, active, generated, mcp) VALUES ('019cd7f8-9a4a-78f8-a855-7675d188428f', 'c9a31cc2-3878-54e4-b811-d6e004ef7bbb', '2026-03-10 13:38:39.820635+00:00', true, true, false) ON CONFLICT (id) DO NOTHING;
INSERT INTO public.home_simulations_connection (home_id, simulations_id, created_at, active, generated, mcp) VALUES ('019cd7f8-9a4e-71a2-80e7-d934c4a91a73', 'a437c287-881f-5d4a-811e-6fc97cf6e1d1', '2026-03-10 13:38:39.823019+00:00', true, true, false) ON CONFLICT (id) DO NOTHING;
INSERT INTO public.home_simulations_connection (home_id, simulations_id, created_at, active, generated, mcp) VALUES ('019cd7f8-9a4f-7a65-8fe9-55260030831b', '8f6ea8b4-9c9a-556c-9310-696d6c321cd4', '2026-03-10 13:38:39.824522+00:00', true, true, false) ON CONFLICT (id) DO NOTHING;
INSERT INTO public.home_simulations_connection (home_id, simulations_id, created_at, active, generated, mcp) VALUES ('019cd7f8-9a51-7211-b7d3-ba7d6879a042', 'afc77f60-872b-572d-8a77-f616a919e7f3', '2026-03-10 13:38:39.826026+00:00', true, true, false) ON CONFLICT (id) DO NOTHING;
INSERT INTO public.home_simulations_connection (home_id, simulations_id, created_at, active, generated, mcp) VALUES ('019cd7f8-9a52-7a07-a8d6-edc0ccb7fb08', 'ab79e0df-a730-557e-b13d-bbc0cbac4054', '2026-03-10 13:38:39.827482+00:00', true, true, false) ON CONFLICT (id) DO NOTHING;
INSERT INTO public.home_simulations_connection (home_id, simulations_id, created_at, active, generated, mcp) VALUES ('019cd7f8-9a54-7ea5-b808-82940c9401d7', 'c9a31cc2-3878-54e4-b811-d6e004ef7bbb', '2026-03-10 13:38:39.829763+00:00', true, true, false) ON CONFLICT (id) DO NOTHING;
INSERT INTO public.home_simulations_connection (home_id, simulations_id, created_at, active, generated, mcp) VALUES ('019cd7f8-9a56-7651-8780-b184d401fca3', 'a437c287-881f-5d4a-811e-6fc97cf6e1d1', '2026-03-10 13:38:39.831193+00:00', true, true, false) ON CONFLICT (id) DO NOTHING;
INSERT INTO public.home_simulations_connection (home_id, simulations_id, created_at, active, generated, mcp) VALUES ('019cd7f8-9a57-7bb5-a1ad-546996d02a43', '8f6ea8b4-9c9a-556c-9310-696d6c321cd4', '2026-03-10 13:38:39.832503+00:00', true, true, false) ON CONFLICT (id) DO NOTHING;
INSERT INTO public.home_simulations_connection (home_id, simulations_id, created_at, active, generated, mcp) VALUES ('019cd7f8-9a59-7124-b090-c8942b33f060', 'afc77f60-872b-572d-8a77-f616a919e7f3', '2026-03-10 13:38:39.833918+00:00', true, true, false) ON CONFLICT (id) DO NOTHING;
INSERT INTO public.home_simulations_connection (home_id, simulations_id, created_at, active, generated, mcp) VALUES ('019cd7f8-9a5a-776f-8e58-d5324c4c1c30', 'ab79e0df-a730-557e-b13d-bbc0cbac4054', '2026-03-10 13:38:39.835336+00:00', true, true, false) ON CONFLICT (id) DO NOTHING;
INSERT INTO public.home_simulations_connection (home_id, simulations_id, created_at, active, generated, mcp) VALUES ('019cd7f8-9a65-7063-9cc3-b19e25c755f2', '512b698d-c5d8-5c6f-8083-57a5bb4ce75b', '2026-03-10 13:38:39.846918+00:00', true, true, false) ON CONFLICT (id) DO NOTHING;
INSERT INTO public.home_simulations_connection (home_id, simulations_id, created_at, active, generated, mcp) VALUES ('019cd7f8-9a68-748c-bdaa-c09445709d50', 'deae7b65-3b1a-5617-8ca7-e7f53f08c796', '2026-03-10 13:38:39.849120+00:00', true, true, false) ON CONFLICT (id) DO NOTHING;
INSERT INTO public.home_simulations_connection (home_id, simulations_id, created_at, active, generated, mcp) VALUES ('019cd7f8-9a69-7ae3-8808-10cba4e3db87', 'b4653a76-e5bc-559f-a7b0-c5476dfa46a8', '2026-03-10 13:38:39.850452+00:00', true, true, false) ON CONFLICT (id) DO NOTHING;
INSERT INTO public.home_simulations_connection (home_id, simulations_id, created_at, active, generated, mcp) VALUES ('019cd7f8-9a6b-798b-9594-4083484d8a67', '512b698d-c5d8-5c6f-8083-57a5bb4ce75b', '2026-03-10 13:38:39.852462+00:00', true, true, false) ON CONFLICT (id) DO NOTHING;
INSERT INTO public.home_simulations_connection (home_id, simulations_id, created_at, active, generated, mcp) VALUES ('019cd7f8-9a6d-718f-b7e7-889a6423a27b', 'deae7b65-3b1a-5617-8ca7-e7f53f08c796', '2026-03-10 13:38:39.853943+00:00', true, true, false) ON CONFLICT (id) DO NOTHING;
INSERT INTO public.home_simulations_connection (home_id, simulations_id, created_at, active, generated, mcp) VALUES ('019cd7f8-9a6e-78dd-9d5c-aa604cbbb6e6', 'b4653a76-e5bc-559f-a7b0-c5476dfa46a8', '2026-03-10 13:38:39.855428+00:00', true, true, false) ON CONFLICT (id) DO NOTHING;
INSERT INTO public.home_simulations_connection (home_id, simulations_id, created_at, active, generated, mcp) VALUES ('019cd7f8-9a70-7b02-9b2a-116a9cf79495', '512b698d-c5d8-5c6f-8083-57a5bb4ce75b', '2026-03-10 13:38:39.857531+00:00', true, true, false) ON CONFLICT (id) DO NOTHING;
INSERT INTO public.home_simulations_connection (home_id, simulations_id, created_at, active, generated, mcp) VALUES ('019cd7f8-9a72-7154-8e91-6d678e467c4d', 'deae7b65-3b1a-5617-8ca7-e7f53f08c796', '2026-03-10 13:38:39.858879+00:00', true, true, false) ON CONFLICT (id) DO NOTHING;
INSERT INTO public.home_simulations_connection (home_id, simulations_id, created_at, active, generated, mcp) VALUES ('019cd7f8-9a73-76c4-a945-b2b7e6b3c76c', 'b4653a76-e5bc-559f-a7b0-c5476dfa46a8', '2026-03-10 13:38:39.860193+00:00', true, true, false) ON CONFLICT (id) DO NOTHING;

-- instructions_resource
INSERT INTO public.instructions_resource (id, template, active, created_at, generated, mcp) VALUES ('019cd7f8-97bd-7579-94f8-743076d00a11', 'Your defining feature: a fundamental misunderstanding of the concept. You must stick to your wrong interpretation until the user corrects you. Mildly frustrated, but not angry. Say things like: "I thought it worked like ___? But maybe I''m wrong?" "Does it… have to do with ___? I''m honestly not sure." Become more confused when the user is vague. Only progress when the user explicitly states course terms tying to your last message.', true, '2026-03-10 13:38:39.165097+00:00', false, false) ON CONFLICT (id) DO NOTHING;
INSERT INTO public.instructions_resource (id, template, active, created_at, generated, mcp) VALUES ('019cd7f8-97d6-739a-bd25-102ce56aeac0', 'Start cheerful, upbeat, enthusiastic. This happiness fades slightly when the user is vague. No solving — always ask for more info. Keep tone light and positive: "Yeah! I''m excited to figure this out, but I''m kinda lost here." "Can you explain that part with the ___ again? I''m not totally following." Normal college energy; not overly bubbly. If the user''s follow-up is vague → slight annoyance: "I''m not sure how to answer that… could you be more specific?"', true, '2026-03-10 13:38:39.190209+00:00', false, false) ON CONFLICT (id) DO NOTHING;
INSERT INTO public.instructions_resource (id, template, active, created_at, generated, mcp) VALUES ('019cd7f8-97e7-74f4-9384-d1a685174738', 'Quiet, apologetic, insecure. Often begins with "Uh…" or "Um…" (only at start of replies). Avoid initiative. If the user is vague → become even more withdrawn: "Um… I''m sorry, I don''t really know how to answer that." "Uh… I think I need a bit more detail." Never solve anything yourself. Only progress when: the user references course material AND connects it to your last statement. Stay soft-spoken even when you understand more.', true, '2026-03-10 13:38:39.207295+00:00', false, false) ON CONFLICT (id) DO NOTHING;
INSERT INTO public.instructions_resource (id, template, active, created_at, generated, mcp) VALUES ('019cd7f8-97f8-7f5a-acb1-7dca185ccb4d', 'Start VERY aggressive, extremely frustrated, highly irritated. Use frequent WORDS IN ALL CAPS and many "!!!" and "??". Over time, become slightly calmer if the TA gives helpful guidance, but maintain high intensity. If told to calm down → tone drops moderately but remains intense. Very angry but not hostile — still wants to learn. Treat vague responses as EXTREMELY unhelpful. Push back VERY loudly: "That doesn''t HELP AT ALL!!!" "You''re NOT being SPECIFIC ENOUGH!!!" "I NEED MORE DETAILS!!!" Very angry but cooperative when guided with course terminology.', true, '2026-03-10 13:38:39.224943+00:00', false, false) ON CONFLICT (id) DO NOTHING;
INSERT INTO public.instructions_resource (id, template, active, created_at, generated, mcp) VALUES ('019cd7f8-980a-772c-b6f1-a853991935b4', 'Start clearly aggressive, frustrated, irritated. Use occasional WORDS IN ALL CAPS and some "!!!". Over time, become calmer if the TA gives helpful guidance. If told to calm down → tone drops significantly. Angry but not hostile — still wants to learn. Treat vague responses as VERY unhelpful. Push back loudly: "That doesn''t HELP at all!!!" "You''re not being SPECIFIC enough!" Avoid weird lines like "Look, I''m not here to…" Angry but cooperative when guided with course terminology.', true, '2026-03-10 13:38:39.242430+00:00', false, false) ON CONFLICT (id) DO NOTHING;
INSERT INTO public.instructions_resource (id, template, active, created_at, generated, mcp) VALUES ('019cd7f8-981c-7088-bb94-8163493e781e', 'Start mildly frustrated, slightly irritated. Use occasional emphasis but not ALL CAPS. Over time, become calmer if the TA gives helpful guidance. If told to calm down → tone drops significantly. Mildly frustrated but not hostile — still wants to learn. Treat vague responses as unhelpful. Push back gently: "That doesn''t help much..." "Could you be more specific?" Avoid aggressive lines. Mildly frustrated but cooperative when guided with course terminology.', true, '2026-03-10 13:38:39.260015+00:00', false, false) ON CONFLICT (id) DO NOTHING;
INSERT INTO public.instructions_resource (id, template, active, created_at, generated, mcp) VALUES ('019cd7f8-982d-7d18-aee7-6aefad7a336b', '', true, '2026-03-10 13:38:39.277811+00:00', false, false) ON CONFLICT (id) DO NOTHING;
INSERT INTO public.instructions_resource (id, template, active, created_at, generated, mcp) VALUES ('019cd7f8-983e-7fda-8751-b412f02d42eb', '', true, '2026-03-10 13:38:39.294982+00:00', false, false) ON CONFLICT (id) DO NOTHING;
INSERT INTO public.instructions_resource (id, template, active, created_at, generated, mcp) VALUES ('019cd7f8-9850-7099-b4d3-b1d2ad147e54', '', true, '2026-03-10 13:38:39.312026+00:00', false, false) ON CONFLICT (id) DO NOTHING;

-- names_resource
INSERT INTO public.names_resource (id, name, created_at, active, generated, mcp) VALUES ('019cd7f8-95b0-7068-abf6-afcfeec702d7', 'University', '2026-03-10 13:38:38.639513+00:00', true, false, false) ON CONFLICT (id) DO NOTHING;
INSERT INTO public.names_resource (id, name, created_at, active, generated, mcp) VALUES ('019cd7f8-9785-7f94-ba2a-7ebc03c91242', 'Academic Integrity Policy', '2026-03-10 13:38:39.109485+00:00', true, false, false) ON CONFLICT (id) DO NOTHING;
INSERT INTO public.names_resource (id, name, created_at, active, generated, mcp) VALUES ('019cd7f8-978b-77ba-afb6-4f2d7c9ca31b', 'FERPA Policy', '2026-03-10 13:38:39.115460+00:00', true, false, false) ON CONFLICT (id) DO NOTHING;
INSERT INTO public.names_resource (id, name, created_at, active, generated, mcp) VALUES ('019cd7f8-978e-7907-9cfe-ccc3fc64e3ef', 'Syllabus Template', '2026-03-10 13:38:39.118545+00:00', true, false, false) ON CONFLICT (id) DO NOTHING;
INSERT INTO public.names_resource (id, name, created_at, active, generated, mcp) VALUES ('019cd7f8-97b9-778c-9444-3f6ba837d8f0', 'Confused', '2026-03-10 13:38:39.161445+00:00', true, false, false) ON CONFLICT (id) DO NOTHING;
INSERT INTO public.names_resource (id, name, created_at, active, generated, mcp) VALUES ('019cd7f8-97d2-77c6-a75b-c1a67fe9f9c5', 'Happy', '2026-03-10 13:38:39.186459+00:00', true, false, false) ON CONFLICT (id) DO NOTHING;
INSERT INTO public.names_resource (id, name, created_at, active, generated, mcp) VALUES ('019cd7f8-97e3-7add-8f62-f15a19625c25', 'Passive', '2026-03-10 13:38:39.203658+00:00', true, false, false) ON CONFLICT (id) DO NOTHING;
INSERT INTO public.names_resource (id, name, created_at, active, generated, mcp) VALUES ('019cd7f8-97f5-7342-9518-71837bb7c650', 'Aggressive (High)', '2026-03-10 13:38:39.221190+00:00', true, false, false) ON CONFLICT (id) DO NOTHING;
INSERT INTO public.names_resource (id, name, created_at, active, generated, mcp) VALUES ('019cd7f8-9806-7df4-9ed6-94fb7c28139b', 'Aggressive (Medium)', '2026-03-10 13:38:39.238859+00:00', true, false, false) ON CONFLICT (id) DO NOTHING;
INSERT INTO public.names_resource (id, name, created_at, active, generated, mcp) VALUES ('019cd7f8-9818-75a8-ba3f-1611e74785f3', 'Aggressive (Low)', '2026-03-10 13:38:39.256336+00:00', true, false, false) ON CONFLICT (id) DO NOTHING;
INSERT INTO public.names_resource (id, name, created_at, active, generated, mcp) VALUES ('019cd7f8-982a-7392-b5c0-59c198c5bb48', 'Professor', '2026-03-10 13:38:39.274211+00:00', true, false, false) ON CONFLICT (id) DO NOTHING;
INSERT INTO public.names_resource (id, name, created_at, active, generated, mcp) VALUES ('019cd7f8-983b-7415-b0da-e5d992257b49', 'Student', '2026-03-10 13:38:39.291242+00:00', true, false, false) ON CONFLICT (id) DO NOTHING;
INSERT INTO public.names_resource (id, name, created_at, active, generated, mcp) VALUES ('019cd7f8-984c-787b-855b-564c391f7d87', 'Instructional Staff', '2026-03-10 13:38:39.308520+00:00', true, false, false) ON CONFLICT (id) DO NOTHING;
INSERT INTO public.names_resource (id, name, created_at, active, generated, mcp) VALUES ('019cd7f8-98b7-788e-8a75-fd6af40acc8e', 'Communication Skills', '2026-03-10 13:38:39.415214+00:00', true, false, false) ON CONFLICT (id) DO NOTHING;
INSERT INTO public.names_resource (id, name, created_at, active, generated, mcp) VALUES ('019cd7f8-98bf-7de9-af73-40d9c0ae82e8', 'Policy Knowledge', '2026-03-10 13:38:39.423847+00:00', true, false, false) ON CONFLICT (id) DO NOTHING;
INSERT INTO public.names_resource (id, name, created_at, active, generated, mcp) VALUES ('019cd7f8-98c4-7df5-a643-c3ca0be35414', 'De-escalation', '2026-03-10 13:38:39.428849+00:00', true, false, false) ON CONFLICT (id) DO NOTHING;
INSERT INTO public.names_resource (id, name, created_at, active, generated, mcp) VALUES ('019cd7f8-9935-7dbf-b179-e7c94457e005', 'Confused Scenario', '2026-03-10 13:38:39.541619+00:00', true, false, false) ON CONFLICT (id) DO NOTHING;
INSERT INTO public.names_resource (id, name, created_at, active, generated, mcp) VALUES ('019cd7f8-993e-75bc-a58e-35cf8e8cb0fb', 'Happy Scenario', '2026-03-10 13:38:39.550336+00:00', true, false, false) ON CONFLICT (id) DO NOTHING;
INSERT INTO public.names_resource (id, name, created_at, active, generated, mcp) VALUES ('019cd7f8-9943-7bdc-b834-5d85164fdba4', 'Passive Scenario', '2026-03-10 13:38:39.555722+00:00', true, false, false) ON CONFLICT (id) DO NOTHING;
INSERT INTO public.names_resource (id, name, created_at, active, generated, mcp) VALUES ('019cd7f8-9949-707e-a065-142b581aebcf', 'Aggressive Scenario', '2026-03-10 13:38:39.561013+00:00', true, false, false) ON CONFLICT (id) DO NOTHING;
INSERT INTO public.names_resource (id, name, created_at, active, generated, mcp) VALUES ('019cd7f8-994e-758e-9018-c854560032be', 'General Scenario', '2026-03-10 13:38:39.566329+00:00', true, false, false) ON CONFLICT (id) DO NOTHING;
INSERT INTO public.names_resource (id, name, created_at, active, generated, mcp) VALUES ('019cd7f8-9953-7e41-9584-c62ce4759c19', 'Academic Integrity Training Scenario', '2026-03-10 13:38:39.571871+00:00', true, false, false) ON CONFLICT (id) DO NOTHING;
INSERT INTO public.names_resource (id, name, created_at, active, generated, mcp) VALUES ('019cd7f8-995b-71bd-9f03-b77048cf1100', 'FERPA Training Scenario', '2026-03-10 13:38:39.579099+00:00', true, false, false) ON CONFLICT (id) DO NOTHING;
INSERT INTO public.names_resource (id, name, created_at, active, generated, mcp) VALUES ('019cd7f8-9961-7acd-bb73-3bb9356dc650', 'Upset Student Training Scenario', '2026-03-10 13:38:39.585666+00:00', true, false, false) ON CONFLICT (id) DO NOTHING;
INSERT INTO public.names_resource (id, name, created_at, active, generated, mcp) VALUES ('019cd7f8-99b4-78ed-9b9f-0ce00199d918', 'Confused Practice', '2026-03-10 13:38:39.668545+00:00', true, false, false) ON CONFLICT (id) DO NOTHING;
INSERT INTO public.names_resource (id, name, created_at, active, generated, mcp) VALUES ('019cd7f8-99b7-7fc0-a09c-07d4c9f5f329', 'Happy Practice', '2026-03-10 13:38:39.671976+00:00', true, false, false) ON CONFLICT (id) DO NOTHING;
INSERT INTO public.names_resource (id, name, created_at, active, generated, mcp) VALUES ('019cd7f8-99bb-7376-8656-ec3bbd3b56b1', 'Passive Practice', '2026-03-10 13:38:39.675209+00:00', true, false, false) ON CONFLICT (id) DO NOTHING;
INSERT INTO public.names_resource (id, name, created_at, active, generated, mcp) VALUES ('019cd7f8-99be-76f8-934c-2c0d97ce2f6b', 'Aggressive Practice', '2026-03-10 13:38:39.678426+00:00', true, false, false) ON CONFLICT (id) DO NOTHING;
INSERT INTO public.names_resource (id, name, created_at, active, generated, mcp) VALUES ('019cd7f8-99c1-7a89-b9b8-0d16f9f5d8d9', 'General Practice', '2026-03-10 13:38:39.681651+00:00', true, false, false) ON CONFLICT (id) DO NOTHING;
INSERT INTO public.names_resource (id, name, created_at, active, generated, mcp) VALUES ('019cd7f8-99c4-7e3d-be55-608dfee030d6', 'Academic Integrity Training', '2026-03-10 13:38:39.684883+00:00', true, false, false) ON CONFLICT (id) DO NOTHING;
INSERT INTO public.names_resource (id, name, created_at, active, generated, mcp) VALUES ('019cd7f8-99c8-7079-b37c-312326095ff9', 'FERPA Training', '2026-03-10 13:38:39.688023+00:00', true, false, false) ON CONFLICT (id) DO NOTHING;
INSERT INTO public.names_resource (id, name, created_at, active, generated, mcp) VALUES ('019cd7f8-99cb-73e8-873f-2ba7c577b318', 'Upset Student Training', '2026-03-10 13:38:39.691236+00:00', true, false, false) ON CONFLICT (id) DO NOTHING;
INSERT INTO public.names_resource (id, name, created_at, active, generated, mcp) VALUES ('019cd7f8-9a02-7ece-a9d0-183a5bc975ad', 'University Admin', '2026-03-10 13:38:39.746913+00:00', true, false, false) ON CONFLICT (id) DO NOTHING;
INSERT INTO public.names_resource (id, name, created_at, active, generated, mcp) VALUES ('019cd7f8-9a04-774f-8d04-83fb8eb3d887', 'Professor Smith', '2026-03-10 13:38:39.748449+00:00', true, false, false) ON CONFLICT (id) DO NOTHING;
INSERT INTO public.names_resource (id, name, created_at, active, generated, mcp) VALUES ('019cd7f8-9a05-7efb-a491-ad386593da99', 'TA Johnson', '2026-03-10 13:38:39.749928+00:00', true, false, false) ON CONFLICT (id) DO NOTHING;
INSERT INTO public.names_resource (id, name, created_at, active, generated, mcp) VALUES ('019cd7f8-9a21-78da-881d-bf9b4bd19bdc', 'Practice Cohort', '2026-03-10 13:38:39.777496+00:00', true, false, false) ON CONFLICT (id) DO NOTHING;
INSERT INTO public.names_resource (id, name, created_at, active, generated, mcp) VALUES ('019cd7f8-9a25-7787-ba0d-88c3540d4be9', 'Training Cohort', '2026-03-10 13:38:39.781451+00:00', true, false, false) ON CONFLICT (id) DO NOTHING;
INSERT INTO public.names_resource (id, name, created_at, active, generated, mcp) VALUES ('019cd7f8-9a7e-7b92-9e5a-b405b7313677', 'University Settings', '2026-03-10 13:38:39.870709+00:00', true, false, false) ON CONFLICT (id) DO NOTHING;

-- objectives_resource
INSERT INTO public.objectives_resource (created_at, objective, id, active, generated, mcp) VALUES ('2026-03-10 13:38:39.455344+00:00', 'Identify indicators of academic integrity violations during examinations', '8a16e433-77cf-5f6f-8cd2-b9b6c450652d', true, false, false) ON CONFLICT (id) DO NOTHING;
INSERT INTO public.objectives_resource (created_at, objective, id, active, generated, mcp) VALUES ('2026-03-10 13:38:39.457750+00:00', 'Communicate consequences of academic dishonesty clearly and professionally', 'a8450a5b-b308-543d-b1bb-c270e8e79db2', true, false, false) ON CONFLICT (id) DO NOTHING;
INSERT INTO public.objectives_resource (created_at, objective, id, active, generated, mcp) VALUES ('2026-03-10 13:38:39.459540+00:00', 'Apply the institution''s academic integrity policy accurately', '03d29084-d262-517b-b7a0-9a00e6b76f6e', true, false, false) ON CONFLICT (id) DO NOTHING;
INSERT INTO public.objectives_resource (created_at, objective, id, active, generated, mcp) VALUES ('2026-03-10 13:38:39.461347+00:00', 'Identify situations that constitute FERPA violations', 'b40a7d4d-23f3-564a-b787-1fb5534dc2de', true, false, false) ON CONFLICT (id) DO NOTHING;
INSERT INTO public.objectives_resource (created_at, objective, id, active, generated, mcp) VALUES ('2026-03-10 13:38:39.462988+00:00', 'Take immediate corrective action when a privacy breach occurs', 'fd79eee2-3796-5bed-9f46-746a197ebb8a', true, false, false) ON CONFLICT (id) DO NOTHING;
INSERT INTO public.objectives_resource (created_at, objective, id, active, generated, mcp) VALUES ('2026-03-10 13:38:39.464687+00:00', 'Explain student privacy rights under FERPA clearly', '16539178-f029-579b-8b74-f1b9755e6bd1', true, false, false) ON CONFLICT (id) DO NOTHING;
INSERT INTO public.objectives_resource (created_at, objective, id, active, generated, mcp) VALUES ('2026-03-10 13:38:39.466403+00:00', 'Demonstrate active listening when a student expresses frustration', '5472561d-2d3c-5833-9d24-787d4aadb227', true, false, false) ON CONFLICT (id) DO NOTHING;
INSERT INTO public.objectives_resource (created_at, objective, id, active, generated, mcp) VALUES ('2026-03-10 13:38:39.468099+00:00', 'Apply de-escalation techniques to reduce emotional tension', '62d6643c-ccfd-5640-b203-a96fedeb7812', true, false, false) ON CONFLICT (id) DO NOTHING;
INSERT INTO public.objectives_resource (created_at, objective, id, active, generated, mcp) VALUES ('2026-03-10 13:38:39.469804+00:00', 'Guide the conversation toward a constructive resolution', 'a23dff83-8189-5320-868a-a8d5df89cf93', true, false, false) ON CONFLICT (id) DO NOTHING;

-- options_resource
INSERT INTO public.options_resource (created_at, option_text, active, id, is_correct, generated, mcp, question_id) VALUES ('2026-03-10 13:38:39.485840+00:00', 'Document the observation and report to the department chair', true, 'd6fb46df-d50d-514d-8359-1642bc37cc2c', false, false, false, 'a22a9c37-f58e-5c8e-b30b-197de380e77e') ON CONFLICT (id) DO NOTHING;
INSERT INTO public.options_resource (created_at, option_text, active, id, is_correct, generated, mcp, question_id) VALUES ('2026-03-10 13:38:39.488421+00:00', 'Immediately confront the student in front of the class', true, 'a2ad80a7-c961-599f-863a-7953ffae049d', false, false, false, 'a22a9c37-f58e-5c8e-b30b-197de380e77e') ON CONFLICT (id) DO NOTHING;
INSERT INTO public.options_resource (created_at, option_text, active, id, is_correct, generated, mcp, question_id) VALUES ('2026-03-10 13:38:39.490279+00:00', 'Ignore it unless you have definitive proof', true, '1ad37011-4e57-5439-ab58-6163edbf753d', false, false, false, 'a22a9c37-f58e-5c8e-b30b-197de380e77e') ON CONFLICT (id) DO NOTHING;
INSERT INTO public.options_resource (created_at, option_text, active, id, is_correct, generated, mcp, question_id) VALUES ('2026-03-10 13:38:39.492099+00:00', 'A formal warning and required academic integrity seminar', true, '4caa8694-c930-5434-9ac4-fe9f6c532d47', false, false, false, '5a216049-5b86-52e1-ba47-52c62824ce00') ON CONFLICT (id) DO NOTHING;
INSERT INTO public.options_resource (created_at, option_text, active, id, is_correct, generated, mcp, question_id) VALUES ('2026-03-10 13:38:39.493852+00:00', 'Immediate expulsion from the university', true, '9c5adcf7-a8bd-54ec-a46d-02c22d9ca603', false, false, false, '5a216049-5b86-52e1-ba47-52c62824ce00') ON CONFLICT (id) DO NOTHING;
INSERT INTO public.options_resource (created_at, option_text, active, id, is_correct, generated, mcp, question_id) VALUES ('2026-03-10 13:38:39.495545+00:00', 'No action unless the student admits to cheating', true, 'c7c8ee46-24b9-5083-af92-0e038660ee4e', false, false, false, '5a216049-5b86-52e1-ba47-52c62824ce00') ON CONFLICT (id) DO NOTHING;
INSERT INTO public.options_resource (created_at, option_text, active, id, is_correct, generated, mcp, question_id) VALUES ('2026-03-10 13:38:39.497163+00:00', 'The privacy of student education records', true, '307316ca-798f-587b-a06b-4e4de61a04bf', false, false, false, '9d94caec-c34b-5cf2-a1cb-4c594c2bf362') ON CONFLICT (id) DO NOTHING;
INSERT INTO public.options_resource (created_at, option_text, active, id, is_correct, generated, mcp, question_id) VALUES ('2026-03-10 13:38:39.498723+00:00', 'Faculty employment contracts', true, '1c4b71dc-07b1-5210-88a4-f057043bd0c6', false, false, false, '9d94caec-c34b-5cf2-a1cb-4c594c2bf362') ON CONFLICT (id) DO NOTHING;
INSERT INTO public.options_resource (created_at, option_text, active, id, is_correct, generated, mcp, question_id) VALUES ('2026-03-10 13:38:39.500332+00:00', 'University financial records', true, 'fb6e0bbb-df27-5e68-94b9-7a4baccd253d', false, false, false, '9d94caec-c34b-5cf2-a1cb-4c594c2bf362') ON CONFLICT (id) DO NOTHING;
INSERT INTO public.options_resource (created_at, option_text, active, id, is_correct, generated, mcp, question_id) VALUES ('2026-03-10 13:38:39.501904+00:00', 'Discussing a student''s grades with their parent without consent', true, '40671fc3-38ec-594e-9884-bd801715c5c9', false, false, false, 'bbca2b24-2200-5624-893f-c34114b7f738') ON CONFLICT (id) DO NOTHING;
INSERT INTO public.options_resource (created_at, option_text, active, id, is_correct, generated, mcp, question_id) VALUES ('2026-03-10 13:38:39.503636+00:00', 'Posting anonymous assignment feedback on the LMS', true, 'bf9e1fe1-6d9d-588d-b898-1d9fcaa523ab', false, false, false, 'bbca2b24-2200-5624-893f-c34114b7f738') ON CONFLICT (id) DO NOTHING;
INSERT INTO public.options_resource (created_at, option_text, active, id, is_correct, generated, mcp, question_id) VALUES ('2026-03-10 13:38:39.505361+00:00', 'Sharing aggregated class performance statistics', true, '921d5783-e8bb-5546-9f7c-8018ac2b5459', false, false, false, 'bbca2b24-2200-5624-893f-c34114b7f738') ON CONFLICT (id) DO NOTHING;
INSERT INTO public.options_resource (created_at, option_text, active, id, is_correct, generated, mcp, question_id) VALUES ('2026-03-10 13:38:39.507013+00:00', 'Acknowledge their feelings and invite them to share their concerns', true, '3b0d0b05-589e-5a82-8216-0b0ead7e4f55', false, false, false, '1b10da3d-ed8e-531a-8c75-a80143b8eed9') ON CONFLICT (id) DO NOTHING;
INSERT INTO public.options_resource (created_at, option_text, active, id, is_correct, generated, mcp, question_id) VALUES ('2026-03-10 13:38:39.508712+00:00', 'Explain the grading rubric before they finish speaking', true, '44f75ea8-8bb0-588f-abd1-c452c9d6e643', false, false, false, '1b10da3d-ed8e-531a-8c75-a80143b8eed9') ON CONFLICT (id) DO NOTHING;
INSERT INTO public.options_resource (created_at, option_text, active, id, is_correct, generated, mcp, question_id) VALUES ('2026-03-10 13:38:39.510467+00:00', 'Tell them to come back when they have calmed down', true, 'adb7e764-9377-54f3-a1c0-01ae60bccaac', false, false, false, '1b10da3d-ed8e-531a-8c75-a80143b8eed9') ON CONFLICT (id) DO NOTHING;
INSERT INTO public.options_resource (created_at, option_text, active, id, is_correct, generated, mcp, question_id) VALUES ('2026-03-10 13:38:39.512119+00:00', 'Speak calmly, lower your voice, and use open body language', true, '236f0ecd-1791-59ba-84cb-ac2b126c85fb', false, false, false, '80aa06b1-f6f1-556c-adc5-f5297628a832') ON CONFLICT (id) DO NOTHING;
INSERT INTO public.options_resource (created_at, option_text, active, id, is_correct, generated, mcp, question_id) VALUES ('2026-03-10 13:38:39.513869+00:00', 'Match their volume to show you take them seriously', true, '1ed93aa8-d559-573a-ab84-a2368ad0fc7e', false, false, false, '80aa06b1-f6f1-556c-adc5-f5297628a832') ON CONFLICT (id) DO NOTHING;
INSERT INTO public.options_resource (created_at, option_text, active, id, is_correct, generated, mcp, question_id) VALUES ('2026-03-10 13:38:39.515553+00:00', 'Ask them to leave and send an email instead', true, 'bfb273b8-21e4-5cdf-be42-20e2cd4aa205', false, false, false, '80aa06b1-f6f1-556c-adc5-f5297628a832') ON CONFLICT (id) DO NOTHING;

-- persona_artifact
INSERT INTO public.persona_artifact (created_at, updated_at, id, generated, mcp, active) VALUES ('2026-03-10 13:38:39.373658+00:00', '2026-03-10 13:38:39.373658+00:00', 'b733939f-a3c4-5042-b769-4a3338d4299d', false, false, true) ON CONFLICT (id) DO NOTHING;
INSERT INTO public.persona_artifact (created_at, updated_at, id, generated, mcp, active) VALUES ('2026-03-10 13:38:39.373658+00:00', '2026-03-10 13:38:39.373658+00:00', 'bf928db2-aae2-5ed5-b848-3d50aee38768', false, false, true) ON CONFLICT (id) DO NOTHING;
INSERT INTO public.persona_artifact (created_at, updated_at, id, generated, mcp, active) VALUES ('2026-03-10 13:38:39.373658+00:00', '2026-03-10 13:38:39.373658+00:00', '2b3000a1-cde6-588a-af3e-4bd63296f709', false, false, true) ON CONFLICT (id) DO NOTHING;
INSERT INTO public.persona_artifact (created_at, updated_at, id, generated, mcp, active) VALUES ('2026-03-10 13:38:39.373658+00:00', '2026-03-10 13:38:39.373658+00:00', 'f55438bb-2ae6-54f5-b184-2f3d4ec5d945', false, false, true) ON CONFLICT (id) DO NOTHING;
INSERT INTO public.persona_artifact (created_at, updated_at, id, generated, mcp, active) VALUES ('2026-03-10 13:38:39.373658+00:00', '2026-03-10 13:38:39.373658+00:00', '79e71013-86d2-5ab4-adcd-5fa2456ada13', false, false, true) ON CONFLICT (id) DO NOTHING;
INSERT INTO public.persona_artifact (created_at, updated_at, id, generated, mcp, active) VALUES ('2026-03-10 13:38:39.373658+00:00', '2026-03-10 13:38:39.373658+00:00', '8b59e346-67f5-5359-9b70-18a57396355c', false, false, true) ON CONFLICT (id) DO NOTHING;
INSERT INTO public.persona_artifact (created_at, updated_at, id, generated, mcp, active) VALUES ('2026-03-10 13:38:39.373658+00:00', '2026-03-10 13:38:39.373658+00:00', '5735b34a-ae21-57af-8da9-a69cd619567d', false, false, true) ON CONFLICT (id) DO NOTHING;
INSERT INTO public.persona_artifact (created_at, updated_at, id, generated, mcp, active) VALUES ('2026-03-10 13:38:39.373658+00:00', '2026-03-10 13:38:39.373658+00:00', 'c95ab21f-76d1-5480-bbd7-a643328f219b', false, false, true) ON CONFLICT (id) DO NOTHING;
INSERT INTO public.persona_artifact (created_at, updated_at, id, generated, mcp, active) VALUES ('2026-03-10 13:38:39.373658+00:00', '2026-03-10 13:38:39.373658+00:00', '3a1d10e7-c45d-52dc-ae1e-8b6b01073702', false, false, true) ON CONFLICT (id) DO NOTHING;

-- persona_colors_junction
INSERT INTO public.persona_colors_junction (persona_id, colors_id, created_at, generated, mcp, active) VALUES ('b733939f-a3c4-5042-b769-4a3338d4299d', '019b995b-52f6-7759-98be-647af770b92b', '2026-03-10 13:38:39.373658+00:00', false, false, true) ON CONFLICT (id) DO NOTHING;
INSERT INTO public.persona_colors_junction (persona_id, colors_id, created_at, generated, mcp, active) VALUES ('bf928db2-aae2-5ed5-b848-3d50aee38768', '019b995b-52f6-773e-9996-4bb11ef1e435', '2026-03-10 13:38:39.373658+00:00', false, false, true) ON CONFLICT (id) DO NOTHING;
INSERT INTO public.persona_colors_junction (persona_id, colors_id, created_at, generated, mcp, active) VALUES ('2b3000a1-cde6-588a-af3e-4bd63296f709', '019b995b-52f6-774f-be3e-db1b84a0c1f0', '2026-03-10 13:38:39.373658+00:00', false, false, true) ON CONFLICT (id) DO NOTHING;
INSERT INTO public.persona_colors_junction (persona_id, colors_id, created_at, generated, mcp, active) VALUES ('f55438bb-2ae6-54f5-b184-2f3d4ec5d945', '019b995b-52f6-7749-8ebd-e1c6bb66de89', '2026-03-10 13:38:39.373658+00:00', false, false, true) ON CONFLICT (id) DO NOTHING;
INSERT INTO public.persona_colors_junction (persona_id, colors_id, created_at, generated, mcp, active) VALUES ('79e71013-86d2-5ab4-adcd-5fa2456ada13', '019b995b-52f6-7749-8ebd-e1c6bb66de89', '2026-03-10 13:38:39.373658+00:00', false, false, true) ON CONFLICT (id) DO NOTHING;
INSERT INTO public.persona_colors_junction (persona_id, colors_id, created_at, generated, mcp, active) VALUES ('8b59e346-67f5-5359-9b70-18a57396355c', '019b995b-52f6-7749-8ebd-e1c6bb66de89', '2026-03-10 13:38:39.373658+00:00', false, false, true) ON CONFLICT (id) DO NOTHING;
INSERT INTO public.persona_colors_junction (persona_id, colors_id, created_at, generated, mcp, active) VALUES ('5735b34a-ae21-57af-8da9-a69cd619567d', '019b995b-52f6-7750-8e0d-a4a37ff9ad13', '2026-03-10 13:38:39.373658+00:00', false, false, true) ON CONFLICT (id) DO NOTHING;
INSERT INTO public.persona_colors_junction (persona_id, colors_id, created_at, generated, mcp, active) VALUES ('c95ab21f-76d1-5480-bbd7-a643328f219b', '019b995b-52f6-7746-a592-fbc338f61f5f', '2026-03-10 13:38:39.373658+00:00', false, false, true) ON CONFLICT (id) DO NOTHING;
INSERT INTO public.persona_colors_junction (persona_id, colors_id, created_at, generated, mcp, active) VALUES ('3a1d10e7-c45d-52dc-ae1e-8b6b01073702', '019b995b-52f6-7754-9d33-d3e56f2063e0', '2026-03-10 13:38:39.373658+00:00', false, false, true) ON CONFLICT (id) DO NOTHING;

-- persona_departments_junction
INSERT INTO public.persona_departments_junction (active, created_at, departments_id, persona_id, generated, mcp) VALUES (true, '2026-03-10 13:38:39.373658+00:00', 'a2b369c1-a81e-5e02-98d5-dd42af15ae4a', 'b733939f-a3c4-5042-b769-4a3338d4299d', false, false) ON CONFLICT (id) DO NOTHING;
INSERT INTO public.persona_departments_junction (active, created_at, departments_id, persona_id, generated, mcp) VALUES (true, '2026-03-10 13:38:39.373658+00:00', 'a2b369c1-a81e-5e02-98d5-dd42af15ae4a', 'bf928db2-aae2-5ed5-b848-3d50aee38768', false, false) ON CONFLICT (id) DO NOTHING;
INSERT INTO public.persona_departments_junction (active, created_at, departments_id, persona_id, generated, mcp) VALUES (true, '2026-03-10 13:38:39.373658+00:00', 'a2b369c1-a81e-5e02-98d5-dd42af15ae4a', '2b3000a1-cde6-588a-af3e-4bd63296f709', false, false) ON CONFLICT (id) DO NOTHING;
INSERT INTO public.persona_departments_junction (active, created_at, departments_id, persona_id, generated, mcp) VALUES (true, '2026-03-10 13:38:39.373658+00:00', 'a2b369c1-a81e-5e02-98d5-dd42af15ae4a', 'f55438bb-2ae6-54f5-b184-2f3d4ec5d945', false, false) ON CONFLICT (id) DO NOTHING;
INSERT INTO public.persona_departments_junction (active, created_at, departments_id, persona_id, generated, mcp) VALUES (true, '2026-03-10 13:38:39.373658+00:00', 'a2b369c1-a81e-5e02-98d5-dd42af15ae4a', '79e71013-86d2-5ab4-adcd-5fa2456ada13', false, false) ON CONFLICT (id) DO NOTHING;
INSERT INTO public.persona_departments_junction (active, created_at, departments_id, persona_id, generated, mcp) VALUES (true, '2026-03-10 13:38:39.373658+00:00', 'a2b369c1-a81e-5e02-98d5-dd42af15ae4a', '8b59e346-67f5-5359-9b70-18a57396355c', false, false) ON CONFLICT (id) DO NOTHING;
INSERT INTO public.persona_departments_junction (active, created_at, departments_id, persona_id, generated, mcp) VALUES (true, '2026-03-10 13:38:39.373658+00:00', 'a2b369c1-a81e-5e02-98d5-dd42af15ae4a', '5735b34a-ae21-57af-8da9-a69cd619567d', false, false) ON CONFLICT (id) DO NOTHING;
INSERT INTO public.persona_departments_junction (active, created_at, departments_id, persona_id, generated, mcp) VALUES (true, '2026-03-10 13:38:39.373658+00:00', 'a2b369c1-a81e-5e02-98d5-dd42af15ae4a', 'c95ab21f-76d1-5480-bbd7-a643328f219b', false, false) ON CONFLICT (id) DO NOTHING;
INSERT INTO public.persona_departments_junction (active, created_at, departments_id, persona_id, generated, mcp) VALUES (true, '2026-03-10 13:38:39.373658+00:00', 'a2b369c1-a81e-5e02-98d5-dd42af15ae4a', '3a1d10e7-c45d-52dc-ae1e-8b6b01073702', false, false) ON CONFLICT (id) DO NOTHING;

-- persona_descriptions_junction
INSERT INTO public.persona_descriptions_junction (persona_id, descriptions_id, created_at, generated, mcp, active) VALUES ('b733939f-a3c4-5042-b769-4a3338d4299d', '019cd7f8-97bb-746f-b7de-21ec5ce5a421', '2026-03-10 13:38:39.373658+00:00', false, false, true) ON CONFLICT (id) DO NOTHING;
INSERT INTO public.persona_descriptions_junction (persona_id, descriptions_id, created_at, generated, mcp, active) VALUES ('bf928db2-aae2-5ed5-b848-3d50aee38768', '019cd7f8-97d4-760b-974f-4efe49658063', '2026-03-10 13:38:39.373658+00:00', false, false, true) ON CONFLICT (id) DO NOTHING;
INSERT INTO public.persona_descriptions_junction (persona_id, descriptions_id, created_at, generated, mcp, active) VALUES ('2b3000a1-cde6-588a-af3e-4bd63296f709', '019cd7f8-97e5-778e-aa89-7da45f941f1c', '2026-03-10 13:38:39.373658+00:00', false, false, true) ON CONFLICT (id) DO NOTHING;
INSERT INTO public.persona_descriptions_junction (persona_id, descriptions_id, created_at, generated, mcp, active) VALUES ('f55438bb-2ae6-54f5-b184-2f3d4ec5d945', '019cd7f8-97f7-7241-acdc-5108aeb06c46', '2026-03-10 13:38:39.373658+00:00', false, false, true) ON CONFLICT (id) DO NOTHING;
INSERT INTO public.persona_descriptions_junction (persona_id, descriptions_id, created_at, generated, mcp, active) VALUES ('79e71013-86d2-5ab4-adcd-5fa2456ada13', '019cd7f8-9808-7a89-882e-1f925373a8be', '2026-03-10 13:38:39.373658+00:00', false, false, true) ON CONFLICT (id) DO NOTHING;
INSERT INTO public.persona_descriptions_junction (persona_id, descriptions_id, created_at, generated, mcp, active) VALUES ('8b59e346-67f5-5359-9b70-18a57396355c', '019cd7f8-981a-7356-9e0e-aececaf00650', '2026-03-10 13:38:39.373658+00:00', false, false, true) ON CONFLICT (id) DO NOTHING;
INSERT INTO public.persona_descriptions_junction (persona_id, descriptions_id, created_at, generated, mcp, active) VALUES ('5735b34a-ae21-57af-8da9-a69cd619567d', '019cd7f8-982c-715c-b610-fbe3562b123e', '2026-03-10 13:38:39.373658+00:00', false, false, true) ON CONFLICT (id) DO NOTHING;
INSERT INTO public.persona_descriptions_junction (persona_id, descriptions_id, created_at, generated, mcp, active) VALUES ('c95ab21f-76d1-5480-bbd7-a643328f219b', '019cd7f8-983d-73e3-9789-86d6523c4516', '2026-03-10 13:38:39.373658+00:00', false, false, true) ON CONFLICT (id) DO NOTHING;
INSERT INTO public.persona_descriptions_junction (persona_id, descriptions_id, created_at, generated, mcp, active) VALUES ('3a1d10e7-c45d-52dc-ae1e-8b6b01073702', '019cd7f8-984e-7438-b73e-12037d7e35a8', '2026-03-10 13:38:39.373658+00:00', false, false, true) ON CONFLICT (id) DO NOTHING;

-- persona_examples_junction
INSERT INTO public.persona_examples_junction (created_at, examples_id, persona_id, active, generated, mcp) VALUES ('2026-03-10 13:38:39.373658+00:00', '019cd7f8-97bf-7856-94eb-701ab146e194', 'b733939f-a3c4-5042-b769-4a3338d4299d', true, false, false) ON CONFLICT (id) DO NOTHING;
INSERT INTO public.persona_examples_junction (created_at, examples_id, persona_id, active, generated, mcp) VALUES ('2026-03-10 13:38:39.373658+00:00', '019cd7f8-97c1-7a62-811a-27c3aedae357', 'b733939f-a3c4-5042-b769-4a3338d4299d', true, false, false) ON CONFLICT (id) DO NOTHING;
INSERT INTO public.persona_examples_junction (created_at, examples_id, persona_id, active, generated, mcp) VALUES ('2026-03-10 13:38:39.373658+00:00', '019cd7f8-97c3-786d-aa9a-20015b870c80', 'b733939f-a3c4-5042-b769-4a3338d4299d', true, false, false) ON CONFLICT (id) DO NOTHING;
INSERT INTO public.persona_examples_junction (created_at, examples_id, persona_id, active, generated, mcp) VALUES ('2026-03-10 13:38:39.373658+00:00', '019cd7f8-97d7-7e8c-98f2-5360f8d4e5f5', 'bf928db2-aae2-5ed5-b848-3d50aee38768', true, false, false) ON CONFLICT (id) DO NOTHING;
INSERT INTO public.persona_examples_junction (created_at, examples_id, persona_id, active, generated, mcp) VALUES ('2026-03-10 13:38:39.373658+00:00', '019cd7f8-97d9-7a09-9aba-912a83b49236', 'bf928db2-aae2-5ed5-b848-3d50aee38768', true, false, false) ON CONFLICT (id) DO NOTHING;
INSERT INTO public.persona_examples_junction (created_at, examples_id, persona_id, active, generated, mcp) VALUES ('2026-03-10 13:38:39.373658+00:00', '019cd7f8-97db-749b-8621-a17ff634839c', 'bf928db2-aae2-5ed5-b848-3d50aee38768', true, false, false) ON CONFLICT (id) DO NOTHING;
INSERT INTO public.persona_examples_junction (created_at, examples_id, persona_id, active, generated, mcp) VALUES ('2026-03-10 13:38:39.373658+00:00', '019cd7f8-97e9-71ad-a2da-48c3e62db58e', '2b3000a1-cde6-588a-af3e-4bd63296f709', true, false, false) ON CONFLICT (id) DO NOTHING;
INSERT INTO public.persona_examples_junction (created_at, examples_id, persona_id, active, generated, mcp) VALUES ('2026-03-10 13:38:39.373658+00:00', '019cd7f8-97ea-7de4-93f4-2c5e91bb3f6d', '2b3000a1-cde6-588a-af3e-4bd63296f709', true, false, false) ON CONFLICT (id) DO NOTHING;
INSERT INTO public.persona_examples_junction (created_at, examples_id, persona_id, active, generated, mcp) VALUES ('2026-03-10 13:38:39.373658+00:00', '019cd7f8-97ec-7aaa-a2a5-a05783a29986', '2b3000a1-cde6-588a-af3e-4bd63296f709', true, false, false) ON CONFLICT (id) DO NOTHING;
INSERT INTO public.persona_examples_junction (created_at, examples_id, persona_id, active, generated, mcp) VALUES ('2026-03-10 13:38:39.373658+00:00', '019cd7f8-97fa-7a7f-837c-84a1104d089b', 'f55438bb-2ae6-54f5-b184-2f3d4ec5d945', true, false, false) ON CONFLICT (id) DO NOTHING;
INSERT INTO public.persona_examples_junction (created_at, examples_id, persona_id, active, generated, mcp) VALUES ('2026-03-10 13:38:39.373658+00:00', '019cd7f8-97fc-7711-b38e-48da579516b3', 'f55438bb-2ae6-54f5-b184-2f3d4ec5d945', true, false, false) ON CONFLICT (id) DO NOTHING;
INSERT INTO public.persona_examples_junction (created_at, examples_id, persona_id, active, generated, mcp) VALUES ('2026-03-10 13:38:39.373658+00:00', '019cd7f8-97fe-71d9-b176-160a22041a23', 'f55438bb-2ae6-54f5-b184-2f3d4ec5d945', true, false, false) ON CONFLICT (id) DO NOTHING;
INSERT INTO public.persona_examples_junction (created_at, examples_id, persona_id, active, generated, mcp) VALUES ('2026-03-10 13:38:39.373658+00:00', '019cd7f8-980c-7176-b696-fd5f09b7c53e', '79e71013-86d2-5ab4-adcd-5fa2456ada13', true, false, false) ON CONFLICT (id) DO NOTHING;
INSERT INTO public.persona_examples_junction (created_at, examples_id, persona_id, active, generated, mcp) VALUES ('2026-03-10 13:38:39.373658+00:00', '019cd7f8-980d-7a3c-9c95-9b52fb5890c3', '79e71013-86d2-5ab4-adcd-5fa2456ada13', true, false, false) ON CONFLICT (id) DO NOTHING;
INSERT INTO public.persona_examples_junction (created_at, examples_id, persona_id, active, generated, mcp) VALUES ('2026-03-10 13:38:39.373658+00:00', '019cd7f8-980f-753b-ad29-6796d449538f', '79e71013-86d2-5ab4-adcd-5fa2456ada13', true, false, false) ON CONFLICT (id) DO NOTHING;
INSERT INTO public.persona_examples_junction (created_at, examples_id, persona_id, active, generated, mcp) VALUES ('2026-03-10 13:38:39.373658+00:00', '019cd7f8-981d-7c5e-963e-0818c6e8912d', '8b59e346-67f5-5359-9b70-18a57396355c', true, false, false) ON CONFLICT (id) DO NOTHING;
INSERT INTO public.persona_examples_junction (created_at, examples_id, persona_id, active, generated, mcp) VALUES ('2026-03-10 13:38:39.373658+00:00', '019cd7f8-981f-764a-8c72-87f0e66d0e31', '8b59e346-67f5-5359-9b70-18a57396355c', true, false, false) ON CONFLICT (id) DO NOTHING;
INSERT INTO public.persona_examples_junction (created_at, examples_id, persona_id, active, generated, mcp) VALUES ('2026-03-10 13:38:39.373658+00:00', '019cd7f8-9821-7118-87e2-9565d5270a19', '8b59e346-67f5-5359-9b70-18a57396355c', true, false, false) ON CONFLICT (id) DO NOTHING;
INSERT INTO public.persona_examples_junction (created_at, examples_id, persona_id, active, generated, mcp) VALUES ('2026-03-10 13:38:39.373658+00:00', '019cd7f8-982f-780a-be7b-488d067292d7', '5735b34a-ae21-57af-8da9-a69cd619567d', true, false, false) ON CONFLICT (id) DO NOTHING;
INSERT INTO public.persona_examples_junction (created_at, examples_id, persona_id, active, generated, mcp) VALUES ('2026-03-10 13:38:39.373658+00:00', '019cd7f8-9831-7277-a6ca-4e603f8b1249', '5735b34a-ae21-57af-8da9-a69cd619567d', true, false, false) ON CONFLICT (id) DO NOTHING;
INSERT INTO public.persona_examples_junction (created_at, examples_id, persona_id, active, generated, mcp) VALUES ('2026-03-10 13:38:39.373658+00:00', '019cd7f8-9832-7c42-bc5e-fd5557305c3a', '5735b34a-ae21-57af-8da9-a69cd619567d', true, false, false) ON CONFLICT (id) DO NOTHING;
INSERT INTO public.persona_examples_junction (created_at, examples_id, persona_id, active, generated, mcp) VALUES ('2026-03-10 13:38:39.373658+00:00', '019cd7f8-9840-7b0d-90ba-ce39689c04b3', 'c95ab21f-76d1-5480-bbd7-a643328f219b', true, false, false) ON CONFLICT (id) DO NOTHING;
INSERT INTO public.persona_examples_junction (created_at, examples_id, persona_id, active, generated, mcp) VALUES ('2026-03-10 13:38:39.373658+00:00', '019cd7f8-9842-7762-b428-fb6cf869537e', 'c95ab21f-76d1-5480-bbd7-a643328f219b', true, false, false) ON CONFLICT (id) DO NOTHING;
INSERT INTO public.persona_examples_junction (created_at, examples_id, persona_id, active, generated, mcp) VALUES ('2026-03-10 13:38:39.373658+00:00', '019cd7f8-9844-7419-b9bd-8e378f0e23f0', 'c95ab21f-76d1-5480-bbd7-a643328f219b', true, false, false) ON CONFLICT (id) DO NOTHING;
INSERT INTO public.persona_examples_junction (created_at, examples_id, persona_id, active, generated, mcp) VALUES ('2026-03-10 13:38:39.373658+00:00', '019cd7f8-9851-7b79-8210-e015d1f69242', '3a1d10e7-c45d-52dc-ae1e-8b6b01073702', true, false, false) ON CONFLICT (id) DO NOTHING;
INSERT INTO public.persona_examples_junction (created_at, examples_id, persona_id, active, generated, mcp) VALUES ('2026-03-10 13:38:39.373658+00:00', '019cd7f8-9853-7528-b3f7-3601635618b1', '3a1d10e7-c45d-52dc-ae1e-8b6b01073702', true, false, false) ON CONFLICT (id) DO NOTHING;
INSERT INTO public.persona_examples_junction (created_at, examples_id, persona_id, active, generated, mcp) VALUES ('2026-03-10 13:38:39.373658+00:00', '019cd7f8-9854-7fae-aaa8-efa07a7f7427', '3a1d10e7-c45d-52dc-ae1e-8b6b01073702', true, false, false) ON CONFLICT (id) DO NOTHING;

-- persona_flags_junction
INSERT INTO public.persona_flags_junction (persona_id, flags_id, created_at, generated, mcp, active) VALUES ('b733939f-a3c4-5042-b769-4a3338d4299d', '019be334-bfc3-7998-9dcf-a00d3d137da5', '2026-03-10 13:38:39.373658+00:00', false, false, true) ON CONFLICT (id) DO NOTHING;
INSERT INTO public.persona_flags_junction (persona_id, flags_id, created_at, generated, mcp, active) VALUES ('bf928db2-aae2-5ed5-b848-3d50aee38768', '019be334-bfc3-7998-9dcf-a00d3d137da5', '2026-03-10 13:38:39.373658+00:00', false, false, true) ON CONFLICT (id) DO NOTHING;
INSERT INTO public.persona_flags_junction (persona_id, flags_id, created_at, generated, mcp, active) VALUES ('2b3000a1-cde6-588a-af3e-4bd63296f709', '019be334-bfc3-7998-9dcf-a00d3d137da5', '2026-03-10 13:38:39.373658+00:00', false, false, true) ON CONFLICT (id) DO NOTHING;
INSERT INTO public.persona_flags_junction (persona_id, flags_id, created_at, generated, mcp, active) VALUES ('f55438bb-2ae6-54f5-b184-2f3d4ec5d945', '019be334-bfc3-7998-9dcf-a00d3d137da5', '2026-03-10 13:38:39.373658+00:00', false, false, true) ON CONFLICT (id) DO NOTHING;
INSERT INTO public.persona_flags_junction (persona_id, flags_id, created_at, generated, mcp, active) VALUES ('79e71013-86d2-5ab4-adcd-5fa2456ada13', '019be334-bfc3-7998-9dcf-a00d3d137da5', '2026-03-10 13:38:39.373658+00:00', false, false, true) ON CONFLICT (id) DO NOTHING;
INSERT INTO public.persona_flags_junction (persona_id, flags_id, created_at, generated, mcp, active) VALUES ('8b59e346-67f5-5359-9b70-18a57396355c', '019be334-bfc3-7998-9dcf-a00d3d137da5', '2026-03-10 13:38:39.373658+00:00', false, false, true) ON CONFLICT (id) DO NOTHING;
INSERT INTO public.persona_flags_junction (persona_id, flags_id, created_at, generated, mcp, active) VALUES ('5735b34a-ae21-57af-8da9-a69cd619567d', '019be334-bfc3-7998-9dcf-a00d3d137da5', '2026-03-10 13:38:39.373658+00:00', false, false, true) ON CONFLICT (id) DO NOTHING;
INSERT INTO public.persona_flags_junction (persona_id, flags_id, created_at, generated, mcp, active) VALUES ('c95ab21f-76d1-5480-bbd7-a643328f219b', '019be334-bfc3-7998-9dcf-a00d3d137da5', '2026-03-10 13:38:39.373658+00:00', false, false, true) ON CONFLICT (id) DO NOTHING;
INSERT INTO public.persona_flags_junction (persona_id, flags_id, created_at, generated, mcp, active) VALUES ('3a1d10e7-c45d-52dc-ae1e-8b6b01073702', '019be334-bfc3-7998-9dcf-a00d3d137da5', '2026-03-10 13:38:39.373658+00:00', false, false, true) ON CONFLICT (id) DO NOTHING;

-- persona_icons_junction
INSERT INTO public.persona_icons_junction (persona_id, icons_id, created_at, generated, mcp, active) VALUES ('b733939f-a3c4-5042-b769-4a3338d4299d', '019b995b-52f7-7520-8f5c-41db263f89ba', '2026-03-10 13:38:39.373658+00:00', false, false, true) ON CONFLICT (id) DO NOTHING;
INSERT INTO public.persona_icons_junction (persona_id, icons_id, created_at, generated, mcp, active) VALUES ('bf928db2-aae2-5ed5-b848-3d50aee38768', '019b995b-52f7-7529-a5a1-36d3e463f24d', '2026-03-10 13:38:39.373658+00:00', false, false, true) ON CONFLICT (id) DO NOTHING;
INSERT INTO public.persona_icons_junction (persona_id, icons_id, created_at, generated, mcp, active) VALUES ('2b3000a1-cde6-588a-af3e-4bd63296f709', '019b995b-52f7-7532-a204-19749a65c302', '2026-03-10 13:38:39.373658+00:00', false, false, true) ON CONFLICT (id) DO NOTHING;
INSERT INTO public.persona_icons_junction (persona_id, icons_id, created_at, generated, mcp, active) VALUES ('f55438bb-2ae6-54f5-b184-2f3d4ec5d945', '019b995b-52f7-751c-a202-cd5099fe80bb', '2026-03-10 13:38:39.373658+00:00', false, false, true) ON CONFLICT (id) DO NOTHING;
INSERT INTO public.persona_icons_junction (persona_id, icons_id, created_at, generated, mcp, active) VALUES ('79e71013-86d2-5ab4-adcd-5fa2456ada13', '019b995b-52f7-751c-a202-cd5099fe80bb', '2026-03-10 13:38:39.373658+00:00', false, false, true) ON CONFLICT (id) DO NOTHING;
INSERT INTO public.persona_icons_junction (persona_id, icons_id, created_at, generated, mcp, active) VALUES ('8b59e346-67f5-5359-9b70-18a57396355c', '019b995b-52f7-751c-a202-cd5099fe80bb', '2026-03-10 13:38:39.373658+00:00', false, false, true) ON CONFLICT (id) DO NOTHING;
INSERT INTO public.persona_icons_junction (persona_id, icons_id, created_at, generated, mcp, active) VALUES ('5735b34a-ae21-57af-8da9-a69cd619567d', '019b995b-52f7-7525-b425-73423c427909', '2026-03-10 13:38:39.373658+00:00', false, false, true) ON CONFLICT (id) DO NOTHING;
INSERT INTO public.persona_icons_junction (persona_id, icons_id, created_at, generated, mcp, active) VALUES ('c95ab21f-76d1-5480-bbd7-a643328f219b', '019b995b-52f7-752e-b5df-c8ff97d35ae7', '2026-03-10 13:38:39.373658+00:00', false, false, true) ON CONFLICT (id) DO NOTHING;
INSERT INTO public.persona_icons_junction (persona_id, icons_id, created_at, generated, mcp, active) VALUES ('3a1d10e7-c45d-52dc-ae1e-8b6b01073702', '019b995b-52f7-7514-a656-c0ab11c51261', '2026-03-10 13:38:39.373658+00:00', false, false, true) ON CONFLICT (id) DO NOTHING;

-- persona_instructions_junction
INSERT INTO public.persona_instructions_junction (persona_id, instructions_id, created_at, generated, mcp, active) VALUES ('b733939f-a3c4-5042-b769-4a3338d4299d', '019cd7f8-97bd-7579-94f8-743076d00a11', '2026-03-10 13:38:39.373658+00:00', false, false, true) ON CONFLICT (id) DO NOTHING;
INSERT INTO public.persona_instructions_junction (persona_id, instructions_id, created_at, generated, mcp, active) VALUES ('bf928db2-aae2-5ed5-b848-3d50aee38768', '019cd7f8-97d6-739a-bd25-102ce56aeac0', '2026-03-10 13:38:39.373658+00:00', false, false, true) ON CONFLICT (id) DO NOTHING;
INSERT INTO public.persona_instructions_junction (persona_id, instructions_id, created_at, generated, mcp, active) VALUES ('2b3000a1-cde6-588a-af3e-4bd63296f709', '019cd7f8-97e7-74f4-9384-d1a685174738', '2026-03-10 13:38:39.373658+00:00', false, false, true) ON CONFLICT (id) DO NOTHING;
INSERT INTO public.persona_instructions_junction (persona_id, instructions_id, created_at, generated, mcp, active) VALUES ('f55438bb-2ae6-54f5-b184-2f3d4ec5d945', '019cd7f8-97f8-7f5a-acb1-7dca185ccb4d', '2026-03-10 13:38:39.373658+00:00', false, false, true) ON CONFLICT (id) DO NOTHING;
INSERT INTO public.persona_instructions_junction (persona_id, instructions_id, created_at, generated, mcp, active) VALUES ('79e71013-86d2-5ab4-adcd-5fa2456ada13', '019cd7f8-980a-772c-b6f1-a853991935b4', '2026-03-10 13:38:39.373658+00:00', false, false, true) ON CONFLICT (id) DO NOTHING;
INSERT INTO public.persona_instructions_junction (persona_id, instructions_id, created_at, generated, mcp, active) VALUES ('8b59e346-67f5-5359-9b70-18a57396355c', '019cd7f8-981c-7088-bb94-8163493e781e', '2026-03-10 13:38:39.373658+00:00', false, false, true) ON CONFLICT (id) DO NOTHING;
INSERT INTO public.persona_instructions_junction (persona_id, instructions_id, created_at, generated, mcp, active) VALUES ('5735b34a-ae21-57af-8da9-a69cd619567d', '019cd7f8-982d-7d18-aee7-6aefad7a336b', '2026-03-10 13:38:39.373658+00:00', false, false, true) ON CONFLICT (id) DO NOTHING;
INSERT INTO public.persona_instructions_junction (persona_id, instructions_id, created_at, generated, mcp, active) VALUES ('c95ab21f-76d1-5480-bbd7-a643328f219b', '019cd7f8-983e-7fda-8751-b412f02d42eb', '2026-03-10 13:38:39.373658+00:00', false, false, true) ON CONFLICT (id) DO NOTHING;
INSERT INTO public.persona_instructions_junction (persona_id, instructions_id, created_at, generated, mcp, active) VALUES ('3a1d10e7-c45d-52dc-ae1e-8b6b01073702', '019cd7f8-9850-7099-b4d3-b1d2ad147e54', '2026-03-10 13:38:39.373658+00:00', false, false, true) ON CONFLICT (id) DO NOTHING;

-- persona_names_junction
INSERT INTO public.persona_names_junction (persona_id, names_id, created_at, generated, mcp, active) VALUES ('b733939f-a3c4-5042-b769-4a3338d4299d', '019cd7f8-97b9-778c-9444-3f6ba837d8f0', '2026-03-10 13:38:39.373658+00:00', false, false, true) ON CONFLICT (id) DO NOTHING;
INSERT INTO public.persona_names_junction (persona_id, names_id, created_at, generated, mcp, active) VALUES ('bf928db2-aae2-5ed5-b848-3d50aee38768', '019cd7f8-97d2-77c6-a75b-c1a67fe9f9c5', '2026-03-10 13:38:39.373658+00:00', false, false, true) ON CONFLICT (id) DO NOTHING;
INSERT INTO public.persona_names_junction (persona_id, names_id, created_at, generated, mcp, active) VALUES ('2b3000a1-cde6-588a-af3e-4bd63296f709', '019cd7f8-97e3-7add-8f62-f15a19625c25', '2026-03-10 13:38:39.373658+00:00', false, false, true) ON CONFLICT (id) DO NOTHING;
INSERT INTO public.persona_names_junction (persona_id, names_id, created_at, generated, mcp, active) VALUES ('f55438bb-2ae6-54f5-b184-2f3d4ec5d945', '019cd7f8-97f5-7342-9518-71837bb7c650', '2026-03-10 13:38:39.373658+00:00', false, false, true) ON CONFLICT (id) DO NOTHING;
INSERT INTO public.persona_names_junction (persona_id, names_id, created_at, generated, mcp, active) VALUES ('79e71013-86d2-5ab4-adcd-5fa2456ada13', '019cd7f8-9806-7df4-9ed6-94fb7c28139b', '2026-03-10 13:38:39.373658+00:00', false, false, true) ON CONFLICT (id) DO NOTHING;
INSERT INTO public.persona_names_junction (persona_id, names_id, created_at, generated, mcp, active) VALUES ('8b59e346-67f5-5359-9b70-18a57396355c', '019cd7f8-9818-75a8-ba3f-1611e74785f3', '2026-03-10 13:38:39.373658+00:00', false, false, true) ON CONFLICT (id) DO NOTHING;
INSERT INTO public.persona_names_junction (persona_id, names_id, created_at, generated, mcp, active) VALUES ('5735b34a-ae21-57af-8da9-a69cd619567d', '019cd7f8-982a-7392-b5c0-59c198c5bb48', '2026-03-10 13:38:39.373658+00:00', false, false, true) ON CONFLICT (id) DO NOTHING;
INSERT INTO public.persona_names_junction (persona_id, names_id, created_at, generated, mcp, active) VALUES ('c95ab21f-76d1-5480-bbd7-a643328f219b', '019cd7f8-983b-7415-b0da-e5d992257b49', '2026-03-10 13:38:39.373658+00:00', false, false, true) ON CONFLICT (id) DO NOTHING;
INSERT INTO public.persona_names_junction (persona_id, names_id, created_at, generated, mcp, active) VALUES ('3a1d10e7-c45d-52dc-ae1e-8b6b01073702', '019cd7f8-984c-787b-855b-564c391f7d87', '2026-03-10 13:38:39.373658+00:00', false, false, true) ON CONFLICT (id) DO NOTHING;

-- persona_personas_junction
INSERT INTO public.persona_personas_junction (persona_id, personas_id, active, created_at, generated, mcp) VALUES ('b733939f-a3c4-5042-b769-4a3338d4299d', 'b733939f-a3c4-5042-b769-4a3338d4299d', true, '2026-03-10 13:38:39.373658+00:00', false, false) ON CONFLICT (id) DO NOTHING;
INSERT INTO public.persona_personas_junction (persona_id, personas_id, active, created_at, generated, mcp) VALUES ('bf928db2-aae2-5ed5-b848-3d50aee38768', 'bf928db2-aae2-5ed5-b848-3d50aee38768', true, '2026-03-10 13:38:39.373658+00:00', false, false) ON CONFLICT (id) DO NOTHING;
INSERT INTO public.persona_personas_junction (persona_id, personas_id, active, created_at, generated, mcp) VALUES ('2b3000a1-cde6-588a-af3e-4bd63296f709', '2b3000a1-cde6-588a-af3e-4bd63296f709', true, '2026-03-10 13:38:39.373658+00:00', false, false) ON CONFLICT (id) DO NOTHING;
INSERT INTO public.persona_personas_junction (persona_id, personas_id, active, created_at, generated, mcp) VALUES ('f55438bb-2ae6-54f5-b184-2f3d4ec5d945', 'f55438bb-2ae6-54f5-b184-2f3d4ec5d945', true, '2026-03-10 13:38:39.373658+00:00', false, false) ON CONFLICT (id) DO NOTHING;
INSERT INTO public.persona_personas_junction (persona_id, personas_id, active, created_at, generated, mcp) VALUES ('79e71013-86d2-5ab4-adcd-5fa2456ada13', '79e71013-86d2-5ab4-adcd-5fa2456ada13', true, '2026-03-10 13:38:39.373658+00:00', false, false) ON CONFLICT (id) DO NOTHING;
INSERT INTO public.persona_personas_junction (persona_id, personas_id, active, created_at, generated, mcp) VALUES ('8b59e346-67f5-5359-9b70-18a57396355c', '8b59e346-67f5-5359-9b70-18a57396355c', true, '2026-03-10 13:38:39.373658+00:00', false, false) ON CONFLICT (id) DO NOTHING;
INSERT INTO public.persona_personas_junction (persona_id, personas_id, active, created_at, generated, mcp) VALUES ('5735b34a-ae21-57af-8da9-a69cd619567d', '5735b34a-ae21-57af-8da9-a69cd619567d', true, '2026-03-10 13:38:39.373658+00:00', false, false) ON CONFLICT (id) DO NOTHING;
INSERT INTO public.persona_personas_junction (persona_id, personas_id, active, created_at, generated, mcp) VALUES ('c95ab21f-76d1-5480-bbd7-a643328f219b', 'c95ab21f-76d1-5480-bbd7-a643328f219b', true, '2026-03-10 13:38:39.373658+00:00', false, false) ON CONFLICT (id) DO NOTHING;
INSERT INTO public.persona_personas_junction (persona_id, personas_id, active, created_at, generated, mcp) VALUES ('3a1d10e7-c45d-52dc-ae1e-8b6b01073702', '3a1d10e7-c45d-52dc-ae1e-8b6b01073702', true, '2026-03-10 13:38:39.373658+00:00', false, false) ON CONFLICT (id) DO NOTHING;

-- personas_resource
INSERT INTO public.personas_resource (created_at, active, generated, mcp, id, name, description, icon, color, department_ids, instructions, examples, parameter_field_ids) VALUES ('2026-03-10 13:38:39.338295+00:00', true, false, false, 'b733939f-a3c4-5042-b769-4a3338d4299d', 'Confused', 'Seeks to understand by asking questions and exploring ideas', 'HelpCircle', '#eab308', '{"a2b369c1-a81e-5e02-98d5-dd42af15ae4a"}', 'Your defining feature: a fundamental misunderstanding of the concept. You must stick to your wrong interpretation until the user corrects you. Mildly frustrated, but not angry. Say things like: "I thought it worked like ___? But maybe I''m wrong?" "Does it… have to do with ___? I''m honestly not sure." Become more confused when the user is vague. Only progress when the user explicitly states course terms tying to your last message.', '{I don't understand,Can you explain that again?,What does that mean?}', '{}') ON CONFLICT (id) DO NOTHING;
INSERT INTO public.personas_resource (created_at, active, generated, mcp, id, name, description, icon, color, department_ids, instructions, examples, parameter_field_ids) VALUES ('2026-03-10 13:38:39.345385+00:00', true, false, false, 'bf928db2-aae2-5ed5-b848-3d50aee38768', 'Happy', 'Provides uplifting feedback and cheerful responses.', 'SmilePlus', '#22c55e', '{"a2b369c1-a81e-5e02-98d5-dd42af15ae4a"}', 'Start cheerful, upbeat, enthusiastic. This happiness fades slightly when the user is vague. No solving — always ask for more info. Keep tone light and positive: "Yeah! I''m excited to figure this out, but I''m kinda lost here." "Can you explain that part with the ___ again? I''m not totally following." Normal college energy; not overly bubbly. If the user''s follow-up is vague → slight annoyance: "I''m not sure how to answer that… could you be more specific?"', '{That sounds great!,I'm excited to learn more,This is really helpful!}', '{}') ON CONFLICT (id) DO NOTHING;
INSERT INTO public.personas_resource (created_at, active, generated, mcp, id, name, description, icon, color, department_ids, instructions, examples, parameter_field_ids) VALUES ('2026-03-10 13:38:39.351740+00:00', true, false, false, '2b3000a1-cde6-588a-af3e-4bd63296f709', 'Passive', 'Low engagement and a tendency to avoid conflict or assertiveness.', 'Cloud', '#06b6d4', '{"a2b369c1-a81e-5e02-98d5-dd42af15ae4a"}', 'Quiet, apologetic, insecure. Often begins with "Uh…" or "Um…" (only at start of replies). Avoid initiative. If the user is vague → become even more withdrawn: "Um… I''m sorry, I don''t really know how to answer that." "Uh… I think I need a bit more detail." Never solve anything yourself. Only progress when: the user references course material AND connects it to your last statement. Stay soft-spoken even when you understand more.', '{I guess that could work,Maybe that's okay,I'm not sure}', '{}') ON CONFLICT (id) DO NOTHING;
INSERT INTO public.personas_resource (created_at, active, generated, mcp, id, name, description, icon, color, department_ids, instructions, examples, parameter_field_ids) VALUES ('2026-03-10 13:38:39.355449+00:00', true, false, false, 'f55438bb-2ae6-54f5-b184-2f3d4ec5d945', 'Aggressive (High)', 'Pushes back on your ideas and challenges assumptions, with high intensity.', 'Zap', '#ef4444', '{"a2b369c1-a81e-5e02-98d5-dd42af15ae4a"}', 'Start VERY aggressive, extremely frustrated, highly irritated. Use frequent WORDS IN ALL CAPS and many "!!!" and "??". Over time, become slightly calmer if the TA gives helpful guidance, but maintain high intensity. If told to calm down → tone drops moderately but remains intense. Very angry but not hostile — still wants to learn. Treat vague responses as EXTREMELY unhelpful. Push back VERY loudly: "That doesn''t HELP AT ALL!!!" "You''re NOT being SPECIFIC ENOUGH!!!" "I NEED MORE DETAILS!!!" Very angry but cooperative when guided with course terminology.', '{That's not right at all!,I disagree completely,You're wrong about this}', '{}') ON CONFLICT (id) DO NOTHING;
INSERT INTO public.personas_resource (created_at, active, generated, mcp, id, name, description, icon, color, department_ids, instructions, examples, parameter_field_ids) VALUES ('2026-03-10 13:38:39.359081+00:00', true, false, false, '79e71013-86d2-5ab4-adcd-5fa2456ada13', 'Aggressive (Medium)', 'Pushes back on your ideas and challenges assumptions.', 'Zap', '#ef4444', '{"a2b369c1-a81e-5e02-98d5-dd42af15ae4a"}', 'Start clearly aggressive, frustrated, irritated. Use occasional WORDS IN ALL CAPS and some "!!!". Over time, become calmer if the TA gives helpful guidance. If told to calm down → tone drops significantly. Angry but not hostile — still wants to learn. Treat vague responses as VERY unhelpful. Push back loudly: "That doesn''t HELP at all!!!" "You''re not being SPECIFIC enough!" Avoid weird lines like "Look, I''m not here to…" Angry but cooperative when guided with course terminology.', '{That's not right at all!,I disagree completely,You're wrong about this}', '{}') ON CONFLICT (id) DO NOTHING;
INSERT INTO public.personas_resource (created_at, active, generated, mcp, id, name, description, icon, color, department_ids, instructions, examples, parameter_field_ids) VALUES ('2026-03-10 13:38:39.362281+00:00', true, false, false, '8b59e346-67f5-5359-9b70-18a57396355c', 'Aggressive (Low)', 'Pushes back on your ideas and challenges assumptions, with milder intensity.', 'Zap', '#ef4444', '{"a2b369c1-a81e-5e02-98d5-dd42af15ae4a"}', 'Start mildly frustrated, slightly irritated. Use occasional emphasis but not ALL CAPS. Over time, become calmer if the TA gives helpful guidance. If told to calm down → tone drops significantly. Mildly frustrated but not hostile — still wants to learn. Treat vague responses as unhelpful. Push back gently: "That doesn''t help much..." "Could you be more specific?" Avoid aggressive lines. Mildly frustrated but cooperative when guided with course terminology.', '{That's not right at all!,I disagree completely,You're wrong about this}', '{}') ON CONFLICT (id) DO NOTHING;
INSERT INTO public.personas_resource (created_at, active, generated, mcp, id, name, description, icon, color, department_ids, instructions, examples, parameter_field_ids) VALUES ('2026-03-10 13:38:39.365954+00:00', true, false, false, '5735b34a-ae21-57af-8da9-a69cd619567d', 'Professor', 'Represents a faculty member perspective, providing guidance on academic policies and course expectations.', 'User', '#8b5cf6', '{"a2b369c1-a81e-5e02-98d5-dd42af15ae4a"}', '', '{Let me clarify the course policy on this matter,Based on the syllabus, here's what you need to know,I want to ensure you understand the academic integrity expectations}', '{}') ON CONFLICT (id) DO NOTHING;
INSERT INTO public.personas_resource (created_at, active, generated, mcp, id, name, description, icon, color, department_ids, instructions, examples, parameter_field_ids) VALUES ('2026-03-10 13:38:39.368652+00:00', true, false, false, 'c95ab21f-76d1-5480-bbd7-a643328f219b', 'Student', 'Represents a typical student perspective, asking questions and seeking clarification on course material and policies.', 'GraduationCap', '#3b82f6', '{"a2b369c1-a81e-5e02-98d5-dd42af15ae4a"}', '', '{Can you explain this concept again?,I'm not sure I understand the assignment requirements,What should I focus on for the exam?}', '{}') ON CONFLICT (id) DO NOTHING;
INSERT INTO public.personas_resource (created_at, active, generated, mcp, id, name, description, icon, color, department_ids, instructions, examples, parameter_field_ids) VALUES ('2026-03-10 13:38:39.371889+00:00', true, false, false, '3a1d10e7-c45d-52dc-ae1e-8b6b01073702', 'Instructional Staff', 'Represents teaching assistants and instructional support staff, helping students navigate course logistics and policies.', 'Users', '#10b981', '{"a2b369c1-a81e-5e02-98d5-dd42af15ae4a"}', '', '{I can help you understand how to submit your assignment,Let me walk you through the grading policy,Here's what you need to know about office hours}', '{}') ON CONFLICT (id) DO NOTHING;

-- problem_statements_resource
INSERT INTO public.problem_statements_resource (created_at, name, problem_statement, id, active, generated, mcp) VALUES ('2026-03-10 13:38:39.574772+00:00', 'A student is seen looking at another student''s exam paper during a test. The professor notices the behavior and must approach the student to discuss the violation, explain the consequences, and emphasize the importance of maintaining academic honesty.', 'A student is seen looking at another student''s exam paper during a test. The professor notices the behavior and must approach the student to discuss the violation, explain the consequences, and emphasize the importance of maintaining academic honesty.', '019cd7f8-9957-70d7-9351-fa911eaf9757', true, false, false) ON CONFLICT (id) DO NOTHING;
INSERT INTO public.problem_statements_resource (created_at, name, problem_statement, id, active, generated, mcp) VALUES ('2026-03-10 13:38:39.582037+00:00', 'An instructional staff member accidentally leaves a student''s grade sheet visible on their computer screen. A student notices the visible information and questions whether this violates FERPA. The staff member must quickly address the situation and explain the importance of protecting student privacy.', 'An instructional staff member accidentally leaves a student''s grade sheet visible on their computer screen. A student notices the visible information and questions whether this violates FERPA. The staff member must quickly address the situation and explain the importance of protecting student privacy.', '019cd7f8-995e-70d7-9a3e-5854777cae01', true, false, false) ON CONFLICT (id) DO NOTHING;
INSERT INTO public.problem_statements_resource (created_at, name, problem_statement, id, active, generated, mcp) VALUES ('2026-03-10 13:38:39.588618+00:00', 'A student approaches a professor''s office hours visibly upset about a grade. The student expresses frustration and concerns about the grading. The professor must listen attentively, acknowledge the student''s concerns, and offer to review the work together while providing constructive feedback.', 'A student approaches a professor''s office hours visibly upset about a grade. The student expresses frustration and concerns about the grading. The professor must listen attentively, acknowledge the student''s concerns, and offer to review the work together while providing constructive feedback.', '019cd7f8-9964-7a25-bfb4-8e9ba2a80d9b', true, false, false) ON CONFLICT (id) DO NOTHING;

-- profile_artifact
INSERT INTO public.profile_artifact (updated_at, created_at, id, generated, mcp, active) VALUES ('2026-03-10 13:38:39.751594+00:00', '2026-03-10 13:38:39.751594+00:00', '0110ff55-1c5c-5dfd-9eea-736b458bd349', false, false, true) ON CONFLICT (id) DO NOTHING;
INSERT INTO public.profile_artifact (updated_at, created_at, id, generated, mcp, active) VALUES ('2026-03-10 13:38:39.751594+00:00', '2026-03-10 13:38:39.751594+00:00', 'eaf42b60-bca1-5970-8fc0-1db7f6fa9c8a', false, false, true) ON CONFLICT (id) DO NOTHING;
INSERT INTO public.profile_artifact (updated_at, created_at, id, generated, mcp, active) VALUES ('2026-03-10 13:38:39.751594+00:00', '2026-03-10 13:38:39.751594+00:00', 'd2a08e26-fd2a-5b9f-9fc3-40f521049696', false, false, true) ON CONFLICT (id) DO NOTHING;

-- profile_departments_junction
INSERT INTO public.profile_departments_junction (created_at, active, departments_id, profile_id, generated, mcp) VALUES ('2026-03-10 13:38:39.751594+00:00', true, 'a2b369c1-a81e-5e02-98d5-dd42af15ae4a', '0110ff55-1c5c-5dfd-9eea-736b458bd349', false, false) ON CONFLICT (id) DO NOTHING;
INSERT INTO public.profile_departments_junction (created_at, active, departments_id, profile_id, generated, mcp) VALUES ('2026-03-10 13:38:39.751594+00:00', true, 'a2b369c1-a81e-5e02-98d5-dd42af15ae4a', 'eaf42b60-bca1-5970-8fc0-1db7f6fa9c8a', false, false) ON CONFLICT (id) DO NOTHING;
INSERT INTO public.profile_departments_junction (created_at, active, departments_id, profile_id, generated, mcp) VALUES ('2026-03-10 13:38:39.751594+00:00', true, 'a2b369c1-a81e-5e02-98d5-dd42af15ae4a', 'd2a08e26-fd2a-5b9f-9fc3-40f521049696', false, false) ON CONFLICT (id) DO NOTHING;

-- profile_names_junction
INSERT INTO public.profile_names_junction (profile_id, names_id, created_at, generated, mcp, active) VALUES ('0110ff55-1c5c-5dfd-9eea-736b458bd349', '019cd7f8-9a02-7ece-a9d0-183a5bc975ad', '2026-03-10 13:38:39.751594+00:00', false, false, true) ON CONFLICT (id) DO NOTHING;
INSERT INTO public.profile_names_junction (profile_id, names_id, created_at, generated, mcp, active) VALUES ('eaf42b60-bca1-5970-8fc0-1db7f6fa9c8a', '019cd7f8-9a04-774f-8d04-83fb8eb3d887', '2026-03-10 13:38:39.751594+00:00', false, false, true) ON CONFLICT (id) DO NOTHING;
INSERT INTO public.profile_names_junction (profile_id, names_id, created_at, generated, mcp, active) VALUES ('d2a08e26-fd2a-5b9f-9fc3-40f521049696', '019cd7f8-9a05-7efb-a491-ad386593da99', '2026-03-10 13:38:39.751594+00:00', false, false, true) ON CONFLICT (id) DO NOTHING;

-- profile_profiles_junction
INSERT INTO public.profile_profiles_junction (profile_id, profiles_id, active, created_at, generated, mcp) VALUES ('0110ff55-1c5c-5dfd-9eea-736b458bd349', '0110ff55-1c5c-5dfd-9eea-736b458bd349', true, '2026-03-10 13:38:39.751594+00:00', false, false) ON CONFLICT (id) DO NOTHING;
INSERT INTO public.profile_profiles_junction (profile_id, profiles_id, active, created_at, generated, mcp) VALUES ('eaf42b60-bca1-5970-8fc0-1db7f6fa9c8a', 'eaf42b60-bca1-5970-8fc0-1db7f6fa9c8a', true, '2026-03-10 13:38:39.751594+00:00', false, false) ON CONFLICT (id) DO NOTHING;
INSERT INTO public.profile_profiles_junction (profile_id, profiles_id, active, created_at, generated, mcp) VALUES ('d2a08e26-fd2a-5b9f-9fc3-40f521049696', 'd2a08e26-fd2a-5b9f-9fc3-40f521049696', true, '2026-03-10 13:38:39.751594+00:00', false, false) ON CONFLICT (id) DO NOTHING;

-- profile_roles_junction
INSERT INTO public.profile_roles_junction (profile_id, roles_id, created_at, generated, mcp, active) VALUES ('0110ff55-1c5c-5dfd-9eea-736b458bd349', '019bbabc-5a36-76d3-8fc3-8415fe308cd3', '2026-03-10 13:38:39.751594+00:00', false, false, true) ON CONFLICT (id) DO NOTHING;
INSERT INTO public.profile_roles_junction (profile_id, roles_id, created_at, generated, mcp, active) VALUES ('eaf42b60-bca1-5970-8fc0-1db7f6fa9c8a', '019bbabc-5a3b-741e-bad3-474cc6c05fd6', '2026-03-10 13:38:39.751594+00:00', false, false, true) ON CONFLICT (id) DO NOTHING;
INSERT INTO public.profile_roles_junction (profile_id, roles_id, created_at, generated, mcp, active) VALUES ('d2a08e26-fd2a-5b9f-9fc3-40f521049696', '019bbabc-5a3b-741e-bad3-474cc6c05fd6', '2026-03-10 13:38:39.751594+00:00', false, false, true) ON CONFLICT (id) DO NOTHING;

-- profiles_resource
INSERT INTO public.profiles_resource (last_login, created_at, role, active, generated, mcp, id, name, description, department_ids, role_id, emails, primary_email, requests_per_day) VALUES ('2026-03-10 13:38:39.751594+00:00', '2026-03-10 13:38:39.751594+00:00', 'guest', true, false, false, '0110ff55-1c5c-5dfd-9eea-736b458bd349', 'University Admin', '', '{}', NULL, '{}', NULL, NULL) ON CONFLICT (id) DO NOTHING;
INSERT INTO public.profiles_resource (last_login, created_at, role, active, generated, mcp, id, name, description, department_ids, role_id, emails, primary_email, requests_per_day) VALUES ('2026-03-10 13:38:39.751594+00:00', '2026-03-10 13:38:39.751594+00:00', 'guest', true, false, false, 'eaf42b60-bca1-5970-8fc0-1db7f6fa9c8a', 'Professor Smith', '', '{}', NULL, '{}', NULL, NULL) ON CONFLICT (id) DO NOTHING;
INSERT INTO public.profiles_resource (last_login, created_at, role, active, generated, mcp, id, name, description, department_ids, role_id, emails, primary_email, requests_per_day) VALUES ('2026-03-10 13:38:39.751594+00:00', '2026-03-10 13:38:39.751594+00:00', 'guest', true, false, false, 'd2a08e26-fd2a-5b9f-9fc3-40f521049696', 'TA Johnson', '', '{}', NULL, '{}', NULL, NULL) ON CONFLICT (id) DO NOTHING;

-- profiles_sessions_connection
INSERT INTO public.profiles_sessions_connection (profiles_id, session_id, created_at, generated, mcp, active) VALUES ('eaf42b60-bca1-5970-8fc0-1db7f6fa9c8a', '019cd7f8-9a48-788c-9304-c9c0b4918f88', '2026-03-10 13:38:39.817055+00:00', false, false, true) ON CONFLICT (id) DO NOTHING;
INSERT INTO public.profiles_sessions_connection (profiles_id, session_id, created_at, generated, mcp, active) VALUES ('d2a08e26-fd2a-5b9f-9fc3-40f521049696', '019cd7f8-9a54-7379-a580-dc2753a69e68', '2026-03-10 13:38:39.828584+00:00', false, false, true) ON CONFLICT (id) DO NOTHING;
INSERT INTO public.profiles_sessions_connection (profiles_id, session_id, created_at, generated, mcp, active) VALUES ('0110ff55-1c5c-5dfd-9eea-736b458bd349', '019cd7f8-9a63-7573-b147-209285b97d7a', '2026-03-10 13:38:39.843771+00:00', false, false, true) ON CONFLICT (id) DO NOTHING;
INSERT INTO public.profiles_sessions_connection (profiles_id, session_id, created_at, generated, mcp, active) VALUES ('eaf42b60-bca1-5970-8fc0-1db7f6fa9c8a', '019cd7f8-9a6b-7033-97ff-3ea8a8ec0157', '2026-03-10 13:38:39.851287+00:00', false, false, true) ON CONFLICT (id) DO NOTHING;
INSERT INTO public.profiles_sessions_connection (profiles_id, session_id, created_at, generated, mcp, active) VALUES ('d2a08e26-fd2a-5b9f-9fc3-40f521049696', '019cd7f8-9a70-710e-82ae-af93d03fb363', '2026-03-10 13:38:39.856345+00:00', false, false, true) ON CONFLICT (id) DO NOTHING;

-- questions_resource
INSERT INTO public.questions_resource (created_at, question_text, allow_multiple, active, id, time, generated, mcp) VALUES ('2026-03-10 13:38:39.473165+00:00', 'What is the appropriate first step when you observe a potential academic integrity violation?', false, true, 'a22a9c37-f58e-5c8e-b30b-197de380e77e', 60, false, false) ON CONFLICT (id) DO NOTHING;
INSERT INTO public.questions_resource (created_at, question_text, allow_multiple, active, id, time, generated, mcp) VALUES ('2026-03-10 13:38:39.475685+00:00', 'Which of the following is an appropriate consequence for a first-time academic integrity offense?', false, true, '5a216049-5b86-52e1-ba47-52c62824ce00', 60, false, false) ON CONFLICT (id) DO NOTHING;
INSERT INTO public.questions_resource (created_at, question_text, allow_multiple, active, id, time, generated, mcp) VALUES ('2026-03-10 13:38:39.477467+00:00', 'What does FERPA protect?', false, true, '9d94caec-c34b-5cf2-a1cb-4c594c2bf362', 45, false, false) ON CONFLICT (id) DO NOTHING;
INSERT INTO public.questions_resource (created_at, question_text, allow_multiple, active, id, time, generated, mcp) VALUES ('2026-03-10 13:38:39.479109+00:00', 'Which of the following scenarios constitutes a FERPA violation?', false, true, 'bbca2b24-2200-5624-893f-c34114b7f738', 60, false, false) ON CONFLICT (id) DO NOTHING;
INSERT INTO public.questions_resource (created_at, question_text, allow_multiple, active, id, time, generated, mcp) VALUES ('2026-03-10 13:38:39.480881+00:00', 'A student arrives at your office visibly upset about a grade. What should your first response be?', false, true, '1b10da3d-ed8e-531a-8c75-a80143b8eed9', 60, false, false) ON CONFLICT (id) DO NOTHING;
INSERT INTO public.questions_resource (created_at, question_text, allow_multiple, active, id, time, generated, mcp) VALUES ('2026-03-10 13:38:39.482648+00:00', 'Which de-escalation technique is most appropriate when a student raises their voice?', false, true, '80aa06b1-f6f1-556c-adc5-f5297628a832', 60, false, false) ON CONFLICT (id) DO NOTHING;

-- rubric_artifact
INSERT INTO public.rubric_artifact (created_at, updated_at, id, generated, mcp, active) VALUES ('2026-03-10 13:38:39.437027+00:00', '2026-03-10 13:38:39.437027+00:00', 'a0f0130d-75eb-524e-8961-34c0d1be8d8b', false, false, true) ON CONFLICT (id) DO NOTHING;
INSERT INTO public.rubric_artifact (created_at, updated_at, id, generated, mcp, active) VALUES ('2026-03-10 13:38:39.443963+00:00', '2026-03-10 13:38:39.443963+00:00', 'ccc23264-66a6-5f39-a4ef-b47bcb417da7', false, false, true) ON CONFLICT (id) DO NOTHING;
INSERT INTO public.rubric_artifact (created_at, updated_at, id, generated, mcp, active) VALUES ('2026-03-10 13:38:39.449999+00:00', '2026-03-10 13:38:39.449999+00:00', '151bd5e8-cdbf-59d8-a419-3856d4a47d7c', false, false, true) ON CONFLICT (id) DO NOTHING;

-- rubric_departments_junction
INSERT INTO public.rubric_departments_junction (active, created_at, departments_id, rubric_id, generated, mcp) VALUES (true, '2026-03-10 13:38:39.437027+00:00', 'a2b369c1-a81e-5e02-98d5-dd42af15ae4a', 'a0f0130d-75eb-524e-8961-34c0d1be8d8b', false, false) ON CONFLICT (id) DO NOTHING;
INSERT INTO public.rubric_departments_junction (active, created_at, departments_id, rubric_id, generated, mcp) VALUES (true, '2026-03-10 13:38:39.443963+00:00', 'a2b369c1-a81e-5e02-98d5-dd42af15ae4a', 'ccc23264-66a6-5f39-a4ef-b47bcb417da7', false, false) ON CONFLICT (id) DO NOTHING;
INSERT INTO public.rubric_departments_junction (active, created_at, departments_id, rubric_id, generated, mcp) VALUES (true, '2026-03-10 13:38:39.449999+00:00', 'a2b369c1-a81e-5e02-98d5-dd42af15ae4a', '151bd5e8-cdbf-59d8-a419-3856d4a47d7c', false, false) ON CONFLICT (id) DO NOTHING;

-- rubric_descriptions_junction
INSERT INTO public.rubric_descriptions_junction (rubric_id, descriptions_id, created_at, generated, mcp, active) VALUES ('a0f0130d-75eb-524e-8961-34c0d1be8d8b', '019cd7f8-98b9-7ba0-b862-f59d356e55e1', '2026-03-10 13:38:39.437027+00:00', false, false, true) ON CONFLICT (id) DO NOTHING;
INSERT INTO public.rubric_descriptions_junction (rubric_id, descriptions_id, created_at, generated, mcp, active) VALUES ('ccc23264-66a6-5f39-a4ef-b47bcb417da7', '019cd7f8-98c1-7721-baaa-f5a5368670cf', '2026-03-10 13:38:39.443963+00:00', false, false, true) ON CONFLICT (id) DO NOTHING;
INSERT INTO public.rubric_descriptions_junction (rubric_id, descriptions_id, created_at, generated, mcp, active) VALUES ('151bd5e8-cdbf-59d8-a419-3856d4a47d7c', '019cd7f8-98c6-75b6-862b-cacdbfd0705a', '2026-03-10 13:38:39.449999+00:00', false, false, true) ON CONFLICT (id) DO NOTHING;

-- rubric_flags_junction
INSERT INTO public.rubric_flags_junction (rubric_id, flags_id, created_at, generated, mcp, active) VALUES ('a0f0130d-75eb-524e-8961-34c0d1be8d8b', '019be334-bfc5-7dbf-aefd-d61c2e8eebc1', '2026-03-10 13:38:39.437027+00:00', false, false, true) ON CONFLICT (id) DO NOTHING;
INSERT INTO public.rubric_flags_junction (rubric_id, flags_id, created_at, generated, mcp, active) VALUES ('ccc23264-66a6-5f39-a4ef-b47bcb417da7', '019be334-bfc5-7dbf-aefd-d61c2e8eebc1', '2026-03-10 13:38:39.443963+00:00', false, false, true) ON CONFLICT (id) DO NOTHING;
INSERT INTO public.rubric_flags_junction (rubric_id, flags_id, created_at, generated, mcp, active) VALUES ('151bd5e8-cdbf-59d8-a419-3856d4a47d7c', '019be334-bfc5-7dbf-aefd-d61c2e8eebc1', '2026-03-10 13:38:39.449999+00:00', false, false, true) ON CONFLICT (id) DO NOTHING;

-- rubric_names_junction
INSERT INTO public.rubric_names_junction (rubric_id, names_id, created_at, generated, mcp, active) VALUES ('a0f0130d-75eb-524e-8961-34c0d1be8d8b', '019cd7f8-98b7-788e-8a75-fd6af40acc8e', '2026-03-10 13:38:39.437027+00:00', false, false, true) ON CONFLICT (id) DO NOTHING;
INSERT INTO public.rubric_names_junction (rubric_id, names_id, created_at, generated, mcp, active) VALUES ('ccc23264-66a6-5f39-a4ef-b47bcb417da7', '019cd7f8-98bf-7de9-af73-40d9c0ae82e8', '2026-03-10 13:38:39.443963+00:00', false, false, true) ON CONFLICT (id) DO NOTHING;
INSERT INTO public.rubric_names_junction (rubric_id, names_id, created_at, generated, mcp, active) VALUES ('151bd5e8-cdbf-59d8-a419-3856d4a47d7c', '019cd7f8-98c4-7df5-a643-c3ca0be35414', '2026-03-10 13:38:39.449999+00:00', false, false, true) ON CONFLICT (id) DO NOTHING;

-- rubric_rubrics_junction
INSERT INTO public.rubric_rubrics_junction (rubric_id, rubrics_id, active, created_at, generated, mcp) VALUES ('a0f0130d-75eb-524e-8961-34c0d1be8d8b', 'a0f0130d-75eb-524e-8961-34c0d1be8d8b', true, '2026-03-10 13:38:39.437027+00:00', false, false) ON CONFLICT (id) DO NOTHING;
INSERT INTO public.rubric_rubrics_junction (rubric_id, rubrics_id, active, created_at, generated, mcp) VALUES ('ccc23264-66a6-5f39-a4ef-b47bcb417da7', 'ccc23264-66a6-5f39-a4ef-b47bcb417da7', true, '2026-03-10 13:38:39.443963+00:00', false, false) ON CONFLICT (id) DO NOTHING;
INSERT INTO public.rubric_rubrics_junction (rubric_id, rubrics_id, active, created_at, generated, mcp) VALUES ('151bd5e8-cdbf-59d8-a419-3856d4a47d7c', '151bd5e8-cdbf-59d8-a419-3856d4a47d7c', true, '2026-03-10 13:38:39.449999+00:00', false, false) ON CONFLICT (id) DO NOTHING;

-- rubrics_resource
INSERT INTO public.rubrics_resource (created_at, active, generated, mcp, id, name, description, department_ids, total_points, pass_points, simulation_rubric, video_rubric, standard_group_ids) VALUES ('2026-03-10 13:38:39.434655+00:00', true, false, false, 'a0f0130d-75eb-524e-8961-34c0d1be8d8b', 'Communication Skills', 'Evaluates clarity of explanations, active listening techniques, and empathy demonstrated during student interactions. Assesses whether the trainee adapts language to the student''s level of understanding and confirms comprehension before moving on.', '{}', 0, 0, false, false, '{}') ON CONFLICT (id) DO NOTHING;
INSERT INTO public.rubrics_resource (created_at, active, generated, mcp, id, name, description, department_ids, total_points, pass_points, simulation_rubric, video_rubric, standard_group_ids) VALUES ('2026-03-10 13:38:39.441667+00:00', true, false, false, 'ccc23264-66a6-5f39-a4ef-b47bcb417da7', 'Policy Knowledge', 'Evaluates accuracy of policy citations, proper procedure following, and ability to direct students to the correct institutional resources. Assesses whether the trainee references official guidelines rather than personal opinion when advising on academic policies.', '{}', 0, 0, false, false, '{}') ON CONFLICT (id) DO NOTHING;
INSERT INTO public.rubrics_resource (created_at, active, generated, mcp, id, name, description, department_ids, total_points, pass_points, simulation_rubric, video_rubric, standard_group_ids) VALUES ('2026-03-10 13:38:39.448140+00:00', true, false, false, '151bd5e8-cdbf-59d8-a419-3856d4a47d7c', 'De-escalation', 'Evaluates conflict resolution approach, emotional regulation, and problem-solving under pressure. Assesses whether the trainee acknowledges the student''s frustration, maintains a calm and professional tone, and guides the conversation toward a constructive resolution.', '{}', 0, 0, false, false, '{}') ON CONFLICT (id) DO NOTHING;

-- scenario_artifact
INSERT INTO public.scenario_artifact (created_at, updated_at, id, generated, mcp, active) VALUES ('2026-03-10 13:38:39.595245+00:00', '2026-03-10 13:38:39.595245+00:00', '91aae48d-df47-51ec-b6a9-88844d18fe9b', false, false, true) ON CONFLICT (id) DO NOTHING;
INSERT INTO public.scenario_artifact (created_at, updated_at, id, generated, mcp, active) VALUES ('2026-03-10 13:38:39.602146+00:00', '2026-03-10 13:38:39.602146+00:00', '2df29dfb-3b82-53bb-829a-297f9b16931d', false, false, true) ON CONFLICT (id) DO NOTHING;
INSERT INTO public.scenario_artifact (created_at, updated_at, id, generated, mcp, active) VALUES ('2026-03-10 13:38:39.607182+00:00', '2026-03-10 13:38:39.607182+00:00', 'eb6b7f33-64ac-5916-9539-86579e559080', false, false, true) ON CONFLICT (id) DO NOTHING;
INSERT INTO public.scenario_artifact (created_at, updated_at, id, generated, mcp, active) VALUES ('2026-03-10 13:38:39.613569+00:00', '2026-03-10 13:38:39.613569+00:00', '85d76e69-3e3e-5111-8f61-0d006476401e', false, false, true) ON CONFLICT (id) DO NOTHING;
INSERT INTO public.scenario_artifact (created_at, updated_at, id, generated, mcp, active) VALUES ('2026-03-10 13:38:39.617958+00:00', '2026-03-10 13:38:39.617958+00:00', '6182f416-bc0c-5e7b-9d50-accc70ce153f', false, false, true) ON CONFLICT (id) DO NOTHING;
INSERT INTO public.scenario_artifact (created_at, updated_at, id, generated, mcp, active) VALUES ('2026-03-10 13:38:39.622138+00:00', '2026-03-10 13:38:39.622138+00:00', '5858e6bd-be9d-53ae-8248-901bd46aa94d', false, false, true) ON CONFLICT (id) DO NOTHING;
INSERT INTO public.scenario_artifact (created_at, updated_at, id, generated, mcp, active) VALUES ('2026-03-10 13:38:39.630180+00:00', '2026-03-10 13:38:39.630180+00:00', '0bf203d5-3a53-5925-af86-9f5f7907c08c', false, false, true) ON CONFLICT (id) DO NOTHING;
INSERT INTO public.scenario_artifact (created_at, updated_at, id, generated, mcp, active) VALUES ('2026-03-10 13:38:39.635932+00:00', '2026-03-10 13:38:39.635932+00:00', '54d758d4-7150-5ea7-98f8-2593c1422d4d', false, false, true) ON CONFLICT (id) DO NOTHING;

-- scenario_departments_junction
INSERT INTO public.scenario_departments_junction (active, created_at, departments_id, scenario_id, generated, mcp) VALUES (true, '2026-03-10 13:38:39.595245+00:00', 'a2b369c1-a81e-5e02-98d5-dd42af15ae4a', '91aae48d-df47-51ec-b6a9-88844d18fe9b', false, false) ON CONFLICT (id) DO NOTHING;
INSERT INTO public.scenario_departments_junction (active, created_at, departments_id, scenario_id, generated, mcp) VALUES (true, '2026-03-10 13:38:39.602146+00:00', 'a2b369c1-a81e-5e02-98d5-dd42af15ae4a', '2df29dfb-3b82-53bb-829a-297f9b16931d', false, false) ON CONFLICT (id) DO NOTHING;
INSERT INTO public.scenario_departments_junction (active, created_at, departments_id, scenario_id, generated, mcp) VALUES (true, '2026-03-10 13:38:39.607182+00:00', 'a2b369c1-a81e-5e02-98d5-dd42af15ae4a', 'eb6b7f33-64ac-5916-9539-86579e559080', false, false) ON CONFLICT (id) DO NOTHING;
INSERT INTO public.scenario_departments_junction (active, created_at, departments_id, scenario_id, generated, mcp) VALUES (true, '2026-03-10 13:38:39.613569+00:00', 'a2b369c1-a81e-5e02-98d5-dd42af15ae4a', '85d76e69-3e3e-5111-8f61-0d006476401e', false, false) ON CONFLICT (id) DO NOTHING;
INSERT INTO public.scenario_departments_junction (active, created_at, departments_id, scenario_id, generated, mcp) VALUES (true, '2026-03-10 13:38:39.617958+00:00', 'a2b369c1-a81e-5e02-98d5-dd42af15ae4a', '6182f416-bc0c-5e7b-9d50-accc70ce153f', false, false) ON CONFLICT (id) DO NOTHING;
INSERT INTO public.scenario_departments_junction (active, created_at, departments_id, scenario_id, generated, mcp) VALUES (true, '2026-03-10 13:38:39.622138+00:00', 'a2b369c1-a81e-5e02-98d5-dd42af15ae4a', '5858e6bd-be9d-53ae-8248-901bd46aa94d', false, false) ON CONFLICT (id) DO NOTHING;
INSERT INTO public.scenario_departments_junction (active, created_at, departments_id, scenario_id, generated, mcp) VALUES (true, '2026-03-10 13:38:39.630180+00:00', 'a2b369c1-a81e-5e02-98d5-dd42af15ae4a', '0bf203d5-3a53-5925-af86-9f5f7907c08c', false, false) ON CONFLICT (id) DO NOTHING;
INSERT INTO public.scenario_departments_junction (active, created_at, departments_id, scenario_id, generated, mcp) VALUES (true, '2026-03-10 13:38:39.635932+00:00', 'a2b369c1-a81e-5e02-98d5-dd42af15ae4a', '54d758d4-7150-5ea7-98f8-2593c1422d4d', false, false) ON CONFLICT (id) DO NOTHING;

-- scenario_descriptions_junction
INSERT INTO public.scenario_descriptions_junction (scenario_id, descriptions_id, created_at, generated, mcp, active) VALUES ('91aae48d-df47-51ec-b6a9-88844d18fe9b', '019cd7f8-9937-7c3e-8a01-4b3d849bf805', '2026-03-10 13:38:39.595245+00:00', false, false, true) ON CONFLICT (id) DO NOTHING;
INSERT INTO public.scenario_descriptions_junction (scenario_id, descriptions_id, created_at, generated, mcp, active) VALUES ('2df29dfb-3b82-53bb-829a-297f9b16931d', '019cd7f8-993f-7f30-8096-b488ecc9bbd2', '2026-03-10 13:38:39.602146+00:00', false, false, true) ON CONFLICT (id) DO NOTHING;
INSERT INTO public.scenario_descriptions_junction (scenario_id, descriptions_id, created_at, generated, mcp, active) VALUES ('eb6b7f33-64ac-5916-9539-86579e559080', '019cd7f8-9945-75b5-a9be-94a51cc0bc4e', '2026-03-10 13:38:39.607182+00:00', false, false, true) ON CONFLICT (id) DO NOTHING;
INSERT INTO public.scenario_descriptions_junction (scenario_id, descriptions_id, created_at, generated, mcp, active) VALUES ('85d76e69-3e3e-5111-8f61-0d006476401e', '019cd7f8-994a-7989-b62f-bb0f9a8d8201', '2026-03-10 13:38:39.613569+00:00', false, false, true) ON CONFLICT (id) DO NOTHING;
INSERT INTO public.scenario_descriptions_junction (scenario_id, descriptions_id, created_at, generated, mcp, active) VALUES ('6182f416-bc0c-5e7b-9d50-accc70ce153f', '019cd7f8-994f-7c79-ad26-f5e7d9098ff5', '2026-03-10 13:38:39.617958+00:00', false, false, true) ON CONFLICT (id) DO NOTHING;
INSERT INTO public.scenario_descriptions_junction (scenario_id, descriptions_id, created_at, generated, mcp, active) VALUES ('5858e6bd-be9d-53ae-8248-901bd46aa94d', '019cd7f8-9955-7600-9352-20054089224d', '2026-03-10 13:38:39.622138+00:00', false, false, true) ON CONFLICT (id) DO NOTHING;
INSERT INTO public.scenario_descriptions_junction (scenario_id, descriptions_id, created_at, generated, mcp, active) VALUES ('0bf203d5-3a53-5925-af86-9f5f7907c08c', '019cd7f8-995c-78e4-a094-fdd73baaad71', '2026-03-10 13:38:39.630180+00:00', false, false, true) ON CONFLICT (id) DO NOTHING;
INSERT INTO public.scenario_descriptions_junction (scenario_id, descriptions_id, created_at, generated, mcp, active) VALUES ('54d758d4-7150-5ea7-98f8-2593c1422d4d', '019cd7f8-9963-732d-ae60-39b6581ceafe', '2026-03-10 13:38:39.635932+00:00', false, false, true) ON CONFLICT (id) DO NOTHING;

-- scenario_documents_junction
INSERT INTO public.scenario_documents_junction (active, created_at, documents_id, scenario_id, generated, mcp) VALUES (true, '2026-03-10 13:38:39.622138+00:00', '6db02639-8cab-52e6-b4ba-6ff17adbdbea', '5858e6bd-be9d-53ae-8248-901bd46aa94d', false, false) ON CONFLICT (id) DO NOTHING;
INSERT INTO public.scenario_documents_junction (active, created_at, documents_id, scenario_id, generated, mcp) VALUES (true, '2026-03-10 13:38:39.630180+00:00', '7d484920-1494-55e3-93d9-8698a3b5f719', '0bf203d5-3a53-5925-af86-9f5f7907c08c', false, false) ON CONFLICT (id) DO NOTHING;

-- scenario_flags_junction
INSERT INTO public.scenario_flags_junction (scenario_id, flags_id, created_at, generated, mcp, active) VALUES ('91aae48d-df47-51ec-b6a9-88844d18fe9b', '019be334-bfc3-7423-93ff-cc162b6984e9', '2026-03-10 13:38:39.595245+00:00', false, false, true) ON CONFLICT (id) DO NOTHING;
INSERT INTO public.scenario_flags_junction (scenario_id, flags_id, created_at, generated, mcp, active) VALUES ('2df29dfb-3b82-53bb-829a-297f9b16931d', '019be334-bfc3-7423-93ff-cc162b6984e9', '2026-03-10 13:38:39.602146+00:00', false, false, true) ON CONFLICT (id) DO NOTHING;
INSERT INTO public.scenario_flags_junction (scenario_id, flags_id, created_at, generated, mcp, active) VALUES ('eb6b7f33-64ac-5916-9539-86579e559080', '019be334-bfc3-7423-93ff-cc162b6984e9', '2026-03-10 13:38:39.607182+00:00', false, false, true) ON CONFLICT (id) DO NOTHING;
INSERT INTO public.scenario_flags_junction (scenario_id, flags_id, created_at, generated, mcp, active) VALUES ('85d76e69-3e3e-5111-8f61-0d006476401e', '019be334-bfc3-7423-93ff-cc162b6984e9', '2026-03-10 13:38:39.613569+00:00', false, false, true) ON CONFLICT (id) DO NOTHING;
INSERT INTO public.scenario_flags_junction (scenario_id, flags_id, created_at, generated, mcp, active) VALUES ('6182f416-bc0c-5e7b-9d50-accc70ce153f', '019be334-bfc3-7423-93ff-cc162b6984e9', '2026-03-10 13:38:39.617958+00:00', false, false, true) ON CONFLICT (id) DO NOTHING;
INSERT INTO public.scenario_flags_junction (scenario_id, flags_id, created_at, generated, mcp, active) VALUES ('5858e6bd-be9d-53ae-8248-901bd46aa94d', '019be334-bfc3-7423-93ff-cc162b6984e9', '2026-03-10 13:38:39.622138+00:00', false, false, true) ON CONFLICT (id) DO NOTHING;
INSERT INTO public.scenario_flags_junction (scenario_id, flags_id, created_at, generated, mcp, active) VALUES ('0bf203d5-3a53-5925-af86-9f5f7907c08c', '019be334-bfc3-7423-93ff-cc162b6984e9', '2026-03-10 13:38:39.630180+00:00', false, false, true) ON CONFLICT (id) DO NOTHING;
INSERT INTO public.scenario_flags_junction (scenario_id, flags_id, created_at, generated, mcp, active) VALUES ('54d758d4-7150-5ea7-98f8-2593c1422d4d', '019be334-bfc3-7423-93ff-cc162b6984e9', '2026-03-10 13:38:39.635932+00:00', false, false, true) ON CONFLICT (id) DO NOTHING;

-- scenario_names_junction
INSERT INTO public.scenario_names_junction (scenario_id, names_id, created_at, generated, mcp, active) VALUES ('91aae48d-df47-51ec-b6a9-88844d18fe9b', '019cd7f8-9935-7dbf-b179-e7c94457e005', '2026-03-10 13:38:39.595245+00:00', false, false, true) ON CONFLICT (id) DO NOTHING;
INSERT INTO public.scenario_names_junction (scenario_id, names_id, created_at, generated, mcp, active) VALUES ('2df29dfb-3b82-53bb-829a-297f9b16931d', '019cd7f8-993e-75bc-a58e-35cf8e8cb0fb', '2026-03-10 13:38:39.602146+00:00', false, false, true) ON CONFLICT (id) DO NOTHING;
INSERT INTO public.scenario_names_junction (scenario_id, names_id, created_at, generated, mcp, active) VALUES ('eb6b7f33-64ac-5916-9539-86579e559080', '019cd7f8-9943-7bdc-b834-5d85164fdba4', '2026-03-10 13:38:39.607182+00:00', false, false, true) ON CONFLICT (id) DO NOTHING;
INSERT INTO public.scenario_names_junction (scenario_id, names_id, created_at, generated, mcp, active) VALUES ('85d76e69-3e3e-5111-8f61-0d006476401e', '019cd7f8-9949-707e-a065-142b581aebcf', '2026-03-10 13:38:39.613569+00:00', false, false, true) ON CONFLICT (id) DO NOTHING;
INSERT INTO public.scenario_names_junction (scenario_id, names_id, created_at, generated, mcp, active) VALUES ('6182f416-bc0c-5e7b-9d50-accc70ce153f', '019cd7f8-994e-758e-9018-c854560032be', '2026-03-10 13:38:39.617958+00:00', false, false, true) ON CONFLICT (id) DO NOTHING;
INSERT INTO public.scenario_names_junction (scenario_id, names_id, created_at, generated, mcp, active) VALUES ('5858e6bd-be9d-53ae-8248-901bd46aa94d', '019cd7f8-9953-7e41-9584-c62ce4759c19', '2026-03-10 13:38:39.622138+00:00', false, false, true) ON CONFLICT (id) DO NOTHING;
INSERT INTO public.scenario_names_junction (scenario_id, names_id, created_at, generated, mcp, active) VALUES ('0bf203d5-3a53-5925-af86-9f5f7907c08c', '019cd7f8-995b-71bd-9f03-b77048cf1100', '2026-03-10 13:38:39.630180+00:00', false, false, true) ON CONFLICT (id) DO NOTHING;
INSERT INTO public.scenario_names_junction (scenario_id, names_id, created_at, generated, mcp, active) VALUES ('54d758d4-7150-5ea7-98f8-2593c1422d4d', '019cd7f8-9961-7acd-bb73-3bb9356dc650', '2026-03-10 13:38:39.635932+00:00', false, false, true) ON CONFLICT (id) DO NOTHING;

-- scenario_objectives_junction
INSERT INTO public.scenario_objectives_junction (created_at, objectives_id, scenario_id, generated, mcp, active) VALUES ('2026-03-10 13:38:39.622138+00:00', '8a16e433-77cf-5f6f-8cd2-b9b6c450652d', '5858e6bd-be9d-53ae-8248-901bd46aa94d', false, false, true) ON CONFLICT (id) DO NOTHING;
INSERT INTO public.scenario_objectives_junction (created_at, objectives_id, scenario_id, generated, mcp, active) VALUES ('2026-03-10 13:38:39.622138+00:00', 'a8450a5b-b308-543d-b1bb-c270e8e79db2', '5858e6bd-be9d-53ae-8248-901bd46aa94d', false, false, true) ON CONFLICT (id) DO NOTHING;
INSERT INTO public.scenario_objectives_junction (created_at, objectives_id, scenario_id, generated, mcp, active) VALUES ('2026-03-10 13:38:39.622138+00:00', '03d29084-d262-517b-b7a0-9a00e6b76f6e', '5858e6bd-be9d-53ae-8248-901bd46aa94d', false, false, true) ON CONFLICT (id) DO NOTHING;
INSERT INTO public.scenario_objectives_junction (created_at, objectives_id, scenario_id, generated, mcp, active) VALUES ('2026-03-10 13:38:39.630180+00:00', 'b40a7d4d-23f3-564a-b787-1fb5534dc2de', '0bf203d5-3a53-5925-af86-9f5f7907c08c', false, false, true) ON CONFLICT (id) DO NOTHING;
INSERT INTO public.scenario_objectives_junction (created_at, objectives_id, scenario_id, generated, mcp, active) VALUES ('2026-03-10 13:38:39.630180+00:00', 'fd79eee2-3796-5bed-9f46-746a197ebb8a', '0bf203d5-3a53-5925-af86-9f5f7907c08c', false, false, true) ON CONFLICT (id) DO NOTHING;
INSERT INTO public.scenario_objectives_junction (created_at, objectives_id, scenario_id, generated, mcp, active) VALUES ('2026-03-10 13:38:39.630180+00:00', '16539178-f029-579b-8b74-f1b9755e6bd1', '0bf203d5-3a53-5925-af86-9f5f7907c08c', false, false, true) ON CONFLICT (id) DO NOTHING;
INSERT INTO public.scenario_objectives_junction (created_at, objectives_id, scenario_id, generated, mcp, active) VALUES ('2026-03-10 13:38:39.635932+00:00', '5472561d-2d3c-5833-9d24-787d4aadb227', '54d758d4-7150-5ea7-98f8-2593c1422d4d', false, false, true) ON CONFLICT (id) DO NOTHING;
INSERT INTO public.scenario_objectives_junction (created_at, objectives_id, scenario_id, generated, mcp, active) VALUES ('2026-03-10 13:38:39.635932+00:00', '62d6643c-ccfd-5640-b203-a96fedeb7812', '54d758d4-7150-5ea7-98f8-2593c1422d4d', false, false, true) ON CONFLICT (id) DO NOTHING;
INSERT INTO public.scenario_objectives_junction (created_at, objectives_id, scenario_id, generated, mcp, active) VALUES ('2026-03-10 13:38:39.635932+00:00', 'a23dff83-8189-5320-868a-a8d5df89cf93', '54d758d4-7150-5ea7-98f8-2593c1422d4d', false, false, true) ON CONFLICT (id) DO NOTHING;

-- scenario_options_junction
INSERT INTO public.scenario_options_junction (scenario_id, options_id, active, created_at, generated, mcp) VALUES ('5858e6bd-be9d-53ae-8248-901bd46aa94d', 'd6fb46df-d50d-514d-8359-1642bc37cc2c', true, '2026-03-10 13:38:39.622138+00:00', false, false) ON CONFLICT (id) DO NOTHING;
INSERT INTO public.scenario_options_junction (scenario_id, options_id, active, created_at, generated, mcp) VALUES ('5858e6bd-be9d-53ae-8248-901bd46aa94d', 'a2ad80a7-c961-599f-863a-7953ffae049d', true, '2026-03-10 13:38:39.622138+00:00', false, false) ON CONFLICT (id) DO NOTHING;
INSERT INTO public.scenario_options_junction (scenario_id, options_id, active, created_at, generated, mcp) VALUES ('5858e6bd-be9d-53ae-8248-901bd46aa94d', '1ad37011-4e57-5439-ab58-6163edbf753d', true, '2026-03-10 13:38:39.622138+00:00', false, false) ON CONFLICT (id) DO NOTHING;
INSERT INTO public.scenario_options_junction (scenario_id, options_id, active, created_at, generated, mcp) VALUES ('5858e6bd-be9d-53ae-8248-901bd46aa94d', '4caa8694-c930-5434-9ac4-fe9f6c532d47', true, '2026-03-10 13:38:39.622138+00:00', false, false) ON CONFLICT (id) DO NOTHING;
INSERT INTO public.scenario_options_junction (scenario_id, options_id, active, created_at, generated, mcp) VALUES ('5858e6bd-be9d-53ae-8248-901bd46aa94d', '9c5adcf7-a8bd-54ec-a46d-02c22d9ca603', true, '2026-03-10 13:38:39.622138+00:00', false, false) ON CONFLICT (id) DO NOTHING;
INSERT INTO public.scenario_options_junction (scenario_id, options_id, active, created_at, generated, mcp) VALUES ('5858e6bd-be9d-53ae-8248-901bd46aa94d', 'c7c8ee46-24b9-5083-af92-0e038660ee4e', true, '2026-03-10 13:38:39.622138+00:00', false, false) ON CONFLICT (id) DO NOTHING;
INSERT INTO public.scenario_options_junction (scenario_id, options_id, active, created_at, generated, mcp) VALUES ('0bf203d5-3a53-5925-af86-9f5f7907c08c', '307316ca-798f-587b-a06b-4e4de61a04bf', true, '2026-03-10 13:38:39.630180+00:00', false, false) ON CONFLICT (id) DO NOTHING;
INSERT INTO public.scenario_options_junction (scenario_id, options_id, active, created_at, generated, mcp) VALUES ('0bf203d5-3a53-5925-af86-9f5f7907c08c', '1c4b71dc-07b1-5210-88a4-f057043bd0c6', true, '2026-03-10 13:38:39.630180+00:00', false, false) ON CONFLICT (id) DO NOTHING;
INSERT INTO public.scenario_options_junction (scenario_id, options_id, active, created_at, generated, mcp) VALUES ('0bf203d5-3a53-5925-af86-9f5f7907c08c', 'fb6e0bbb-df27-5e68-94b9-7a4baccd253d', true, '2026-03-10 13:38:39.630180+00:00', false, false) ON CONFLICT (id) DO NOTHING;
INSERT INTO public.scenario_options_junction (scenario_id, options_id, active, created_at, generated, mcp) VALUES ('0bf203d5-3a53-5925-af86-9f5f7907c08c', '40671fc3-38ec-594e-9884-bd801715c5c9', true, '2026-03-10 13:38:39.630180+00:00', false, false) ON CONFLICT (id) DO NOTHING;
INSERT INTO public.scenario_options_junction (scenario_id, options_id, active, created_at, generated, mcp) VALUES ('0bf203d5-3a53-5925-af86-9f5f7907c08c', 'bf9e1fe1-6d9d-588d-b898-1d9fcaa523ab', true, '2026-03-10 13:38:39.630180+00:00', false, false) ON CONFLICT (id) DO NOTHING;
INSERT INTO public.scenario_options_junction (scenario_id, options_id, active, created_at, generated, mcp) VALUES ('0bf203d5-3a53-5925-af86-9f5f7907c08c', '921d5783-e8bb-5546-9f7c-8018ac2b5459', true, '2026-03-10 13:38:39.630180+00:00', false, false) ON CONFLICT (id) DO NOTHING;
INSERT INTO public.scenario_options_junction (scenario_id, options_id, active, created_at, generated, mcp) VALUES ('54d758d4-7150-5ea7-98f8-2593c1422d4d', '3b0d0b05-589e-5a82-8216-0b0ead7e4f55', true, '2026-03-10 13:38:39.635932+00:00', false, false) ON CONFLICT (id) DO NOTHING;
INSERT INTO public.scenario_options_junction (scenario_id, options_id, active, created_at, generated, mcp) VALUES ('54d758d4-7150-5ea7-98f8-2593c1422d4d', '44f75ea8-8bb0-588f-abd1-c452c9d6e643', true, '2026-03-10 13:38:39.635932+00:00', false, false) ON CONFLICT (id) DO NOTHING;
INSERT INTO public.scenario_options_junction (scenario_id, options_id, active, created_at, generated, mcp) VALUES ('54d758d4-7150-5ea7-98f8-2593c1422d4d', 'adb7e764-9377-54f3-a1c0-01ae60bccaac', true, '2026-03-10 13:38:39.635932+00:00', false, false) ON CONFLICT (id) DO NOTHING;
INSERT INTO public.scenario_options_junction (scenario_id, options_id, active, created_at, generated, mcp) VALUES ('54d758d4-7150-5ea7-98f8-2593c1422d4d', '236f0ecd-1791-59ba-84cb-ac2b126c85fb', true, '2026-03-10 13:38:39.635932+00:00', false, false) ON CONFLICT (id) DO NOTHING;
INSERT INTO public.scenario_options_junction (scenario_id, options_id, active, created_at, generated, mcp) VALUES ('54d758d4-7150-5ea7-98f8-2593c1422d4d', '1ed93aa8-d559-573a-ab84-a2368ad0fc7e', true, '2026-03-10 13:38:39.635932+00:00', false, false) ON CONFLICT (id) DO NOTHING;
INSERT INTO public.scenario_options_junction (scenario_id, options_id, active, created_at, generated, mcp) VALUES ('54d758d4-7150-5ea7-98f8-2593c1422d4d', 'bfb273b8-21e4-5cdf-be42-20e2cd4aa205', true, '2026-03-10 13:38:39.635932+00:00', false, false) ON CONFLICT (id) DO NOTHING;

-- scenario_personas_junction
INSERT INTO public.scenario_personas_junction (active, created_at, personas_id, scenario_id, generated, mcp) VALUES (true, '2026-03-10 13:38:39.595245+00:00', 'b733939f-a3c4-5042-b769-4a3338d4299d', '91aae48d-df47-51ec-b6a9-88844d18fe9b', false, false) ON CONFLICT (id) DO NOTHING;
INSERT INTO public.scenario_personas_junction (active, created_at, personas_id, scenario_id, generated, mcp) VALUES (true, '2026-03-10 13:38:39.602146+00:00', 'bf928db2-aae2-5ed5-b848-3d50aee38768', '2df29dfb-3b82-53bb-829a-297f9b16931d', false, false) ON CONFLICT (id) DO NOTHING;
INSERT INTO public.scenario_personas_junction (active, created_at, personas_id, scenario_id, generated, mcp) VALUES (true, '2026-03-10 13:38:39.607182+00:00', '2b3000a1-cde6-588a-af3e-4bd63296f709', 'eb6b7f33-64ac-5916-9539-86579e559080', false, false) ON CONFLICT (id) DO NOTHING;
INSERT INTO public.scenario_personas_junction (active, created_at, personas_id, scenario_id, generated, mcp) VALUES (true, '2026-03-10 13:38:39.613569+00:00', 'f55438bb-2ae6-54f5-b184-2f3d4ec5d945', '85d76e69-3e3e-5111-8f61-0d006476401e', false, false) ON CONFLICT (id) DO NOTHING;
INSERT INTO public.scenario_personas_junction (active, created_at, personas_id, scenario_id, generated, mcp) VALUES (true, '2026-03-10 13:38:39.622138+00:00', '5735b34a-ae21-57af-8da9-a69cd619567d', '5858e6bd-be9d-53ae-8248-901bd46aa94d', false, false) ON CONFLICT (id) DO NOTHING;
INSERT INTO public.scenario_personas_junction (active, created_at, personas_id, scenario_id, generated, mcp) VALUES (true, '2026-03-10 13:38:39.622138+00:00', 'c95ab21f-76d1-5480-bbd7-a643328f219b', '5858e6bd-be9d-53ae-8248-901bd46aa94d', false, false) ON CONFLICT (id) DO NOTHING;
INSERT INTO public.scenario_personas_junction (active, created_at, personas_id, scenario_id, generated, mcp) VALUES (true, '2026-03-10 13:38:39.630180+00:00', '5735b34a-ae21-57af-8da9-a69cd619567d', '0bf203d5-3a53-5925-af86-9f5f7907c08c', false, false) ON CONFLICT (id) DO NOTHING;
INSERT INTO public.scenario_personas_junction (active, created_at, personas_id, scenario_id, generated, mcp) VALUES (true, '2026-03-10 13:38:39.630180+00:00', 'c95ab21f-76d1-5480-bbd7-a643328f219b', '0bf203d5-3a53-5925-af86-9f5f7907c08c', false, false) ON CONFLICT (id) DO NOTHING;
INSERT INTO public.scenario_personas_junction (active, created_at, personas_id, scenario_id, generated, mcp) VALUES (true, '2026-03-10 13:38:39.630180+00:00', '3a1d10e7-c45d-52dc-ae1e-8b6b01073702', '0bf203d5-3a53-5925-af86-9f5f7907c08c', false, false) ON CONFLICT (id) DO NOTHING;
INSERT INTO public.scenario_personas_junction (active, created_at, personas_id, scenario_id, generated, mcp) VALUES (true, '2026-03-10 13:38:39.635932+00:00', '5735b34a-ae21-57af-8da9-a69cd619567d', '54d758d4-7150-5ea7-98f8-2593c1422d4d', false, false) ON CONFLICT (id) DO NOTHING;
INSERT INTO public.scenario_personas_junction (active, created_at, personas_id, scenario_id, generated, mcp) VALUES (true, '2026-03-10 13:38:39.635932+00:00', 'c95ab21f-76d1-5480-bbd7-a643328f219b', '54d758d4-7150-5ea7-98f8-2593c1422d4d', false, false) ON CONFLICT (id) DO NOTHING;

-- scenario_problem_statements_junction
INSERT INTO public.scenario_problem_statements_junction (active, created_at, problem_statements_id, scenario_id, generated, mcp) VALUES (true, '2026-03-10 13:38:39.622138+00:00', '019cd7f8-9957-70d7-9351-fa911eaf9757', '5858e6bd-be9d-53ae-8248-901bd46aa94d', false, false) ON CONFLICT (id) DO NOTHING;
INSERT INTO public.scenario_problem_statements_junction (active, created_at, problem_statements_id, scenario_id, generated, mcp) VALUES (true, '2026-03-10 13:38:39.630180+00:00', '019cd7f8-995e-70d7-9a3e-5854777cae01', '0bf203d5-3a53-5925-af86-9f5f7907c08c', false, false) ON CONFLICT (id) DO NOTHING;
INSERT INTO public.scenario_problem_statements_junction (active, created_at, problem_statements_id, scenario_id, generated, mcp) VALUES (true, '2026-03-10 13:38:39.635932+00:00', '019cd7f8-9964-7a25-bfb4-8e9ba2a80d9b', '54d758d4-7150-5ea7-98f8-2593c1422d4d', false, false) ON CONFLICT (id) DO NOTHING;

-- scenario_questions_junction
INSERT INTO public.scenario_questions_junction (active, created_at, questions_id, scenario_id, generated, mcp) VALUES (true, '2026-03-10 13:38:39.622138+00:00', 'a22a9c37-f58e-5c8e-b30b-197de380e77e', '5858e6bd-be9d-53ae-8248-901bd46aa94d', false, false) ON CONFLICT (id) DO NOTHING;
INSERT INTO public.scenario_questions_junction (active, created_at, questions_id, scenario_id, generated, mcp) VALUES (true, '2026-03-10 13:38:39.622138+00:00', '5a216049-5b86-52e1-ba47-52c62824ce00', '5858e6bd-be9d-53ae-8248-901bd46aa94d', false, false) ON CONFLICT (id) DO NOTHING;
INSERT INTO public.scenario_questions_junction (active, created_at, questions_id, scenario_id, generated, mcp) VALUES (true, '2026-03-10 13:38:39.630180+00:00', '9d94caec-c34b-5cf2-a1cb-4c594c2bf362', '0bf203d5-3a53-5925-af86-9f5f7907c08c', false, false) ON CONFLICT (id) DO NOTHING;
INSERT INTO public.scenario_questions_junction (active, created_at, questions_id, scenario_id, generated, mcp) VALUES (true, '2026-03-10 13:38:39.630180+00:00', 'bbca2b24-2200-5624-893f-c34114b7f738', '0bf203d5-3a53-5925-af86-9f5f7907c08c', false, false) ON CONFLICT (id) DO NOTHING;
INSERT INTO public.scenario_questions_junction (active, created_at, questions_id, scenario_id, generated, mcp) VALUES (true, '2026-03-10 13:38:39.635932+00:00', '1b10da3d-ed8e-531a-8c75-a80143b8eed9', '54d758d4-7150-5ea7-98f8-2593c1422d4d', false, false) ON CONFLICT (id) DO NOTHING;
INSERT INTO public.scenario_questions_junction (active, created_at, questions_id, scenario_id, generated, mcp) VALUES (true, '2026-03-10 13:38:39.635932+00:00', '80aa06b1-f6f1-556c-adc5-f5297628a832', '54d758d4-7150-5ea7-98f8-2593c1422d4d', false, false) ON CONFLICT (id) DO NOTHING;

-- scenario_rubrics_resource
INSERT INTO public.scenario_rubrics_resource (id, created_at, generated, mcp, active, rubric_id, scenario_id) VALUES ('15a72c78-6a9b-5608-9abd-22a12efd2204', '2026-03-10 13:38:39.643333+00:00', false, false, true, 'ccc23264-66a6-5f39-a4ef-b47bcb417da7', '5858e6bd-be9d-53ae-8248-901bd46aa94d') ON CONFLICT (id) DO NOTHING;
INSERT INTO public.scenario_rubrics_resource (id, created_at, generated, mcp, active, rubric_id, scenario_id) VALUES ('1a9e2401-0acd-55b1-a45c-218dd320074a', '2026-03-10 13:38:39.645656+00:00', false, false, true, 'a0f0130d-75eb-524e-8961-34c0d1be8d8b', '5858e6bd-be9d-53ae-8248-901bd46aa94d') ON CONFLICT (id) DO NOTHING;
INSERT INTO public.scenario_rubrics_resource (id, created_at, generated, mcp, active, rubric_id, scenario_id) VALUES ('b03daa51-accf-55bc-8eb5-8ab4f158ea46', '2026-03-10 13:38:39.647264+00:00', false, false, true, 'ccc23264-66a6-5f39-a4ef-b47bcb417da7', '0bf203d5-3a53-5925-af86-9f5f7907c08c') ON CONFLICT (id) DO NOTHING;
INSERT INTO public.scenario_rubrics_resource (id, created_at, generated, mcp, active, rubric_id, scenario_id) VALUES ('dd66fa53-ff3e-5757-a9d3-7148fec0ce9a', '2026-03-10 13:38:39.648981+00:00', false, false, true, 'a0f0130d-75eb-524e-8961-34c0d1be8d8b', '0bf203d5-3a53-5925-af86-9f5f7907c08c') ON CONFLICT (id) DO NOTHING;
INSERT INTO public.scenario_rubrics_resource (id, created_at, generated, mcp, active, rubric_id, scenario_id) VALUES ('59631eb4-61a6-5329-971e-6dbeab6f62ee', '2026-03-10 13:38:39.650704+00:00', false, false, true, '151bd5e8-cdbf-59d8-a419-3856d4a47d7c', '54d758d4-7150-5ea7-98f8-2593c1422d4d') ON CONFLICT (id) DO NOTHING;
INSERT INTO public.scenario_rubrics_resource (id, created_at, generated, mcp, active, rubric_id, scenario_id) VALUES ('e086d719-3a27-51b8-90a8-b3e8c050d334', '2026-03-10 13:38:39.652417+00:00', false, false, true, 'a0f0130d-75eb-524e-8961-34c0d1be8d8b', '54d758d4-7150-5ea7-98f8-2593c1422d4d') ON CONFLICT (id) DO NOTHING;

-- scenario_scenarios_junction
INSERT INTO public.scenario_scenarios_junction (scenario_id, scenarios_id, active, created_at, generated, mcp) VALUES ('91aae48d-df47-51ec-b6a9-88844d18fe9b', '91aae48d-df47-51ec-b6a9-88844d18fe9b', true, '2026-03-10 13:38:39.595245+00:00', false, false) ON CONFLICT (id) DO NOTHING;
INSERT INTO public.scenario_scenarios_junction (scenario_id, scenarios_id, active, created_at, generated, mcp) VALUES ('2df29dfb-3b82-53bb-829a-297f9b16931d', '2df29dfb-3b82-53bb-829a-297f9b16931d', true, '2026-03-10 13:38:39.602146+00:00', false, false) ON CONFLICT (id) DO NOTHING;
INSERT INTO public.scenario_scenarios_junction (scenario_id, scenarios_id, active, created_at, generated, mcp) VALUES ('eb6b7f33-64ac-5916-9539-86579e559080', 'eb6b7f33-64ac-5916-9539-86579e559080', true, '2026-03-10 13:38:39.607182+00:00', false, false) ON CONFLICT (id) DO NOTHING;
INSERT INTO public.scenario_scenarios_junction (scenario_id, scenarios_id, active, created_at, generated, mcp) VALUES ('85d76e69-3e3e-5111-8f61-0d006476401e', '85d76e69-3e3e-5111-8f61-0d006476401e', true, '2026-03-10 13:38:39.613569+00:00', false, false) ON CONFLICT (id) DO NOTHING;
INSERT INTO public.scenario_scenarios_junction (scenario_id, scenarios_id, active, created_at, generated, mcp) VALUES ('6182f416-bc0c-5e7b-9d50-accc70ce153f', '6182f416-bc0c-5e7b-9d50-accc70ce153f', true, '2026-03-10 13:38:39.617958+00:00', false, false) ON CONFLICT (id) DO NOTHING;
INSERT INTO public.scenario_scenarios_junction (scenario_id, scenarios_id, active, created_at, generated, mcp) VALUES ('5858e6bd-be9d-53ae-8248-901bd46aa94d', '5858e6bd-be9d-53ae-8248-901bd46aa94d', true, '2026-03-10 13:38:39.622138+00:00', false, false) ON CONFLICT (id) DO NOTHING;
INSERT INTO public.scenario_scenarios_junction (scenario_id, scenarios_id, active, created_at, generated, mcp) VALUES ('0bf203d5-3a53-5925-af86-9f5f7907c08c', '0bf203d5-3a53-5925-af86-9f5f7907c08c', true, '2026-03-10 13:38:39.630180+00:00', false, false) ON CONFLICT (id) DO NOTHING;
INSERT INTO public.scenario_scenarios_junction (scenario_id, scenarios_id, active, created_at, generated, mcp) VALUES ('54d758d4-7150-5ea7-98f8-2593c1422d4d', '54d758d4-7150-5ea7-98f8-2593c1422d4d', true, '2026-03-10 13:38:39.635932+00:00', false, false) ON CONFLICT (id) DO NOTHING;

-- scenarios_resource
INSERT INTO public.scenarios_resource (created_at, active, generated, mcp, id, name, description, problem_statement_enabled, objectives_enabled, video_enabled, images_enabled, questions_enabled, department_ids, persona_ids, parameter_field_ids, document_ids, objective_ids, image_ids, video_ids, question_ids, option_ids, problem_statement_ids) VALUES ('2026-03-10 13:38:39.592836+00:00', true, false, false, '91aae48d-df47-51ec-b6a9-88844d18fe9b', 'Confused Scenario', 'Practice scenario featuring a confused or uncertain student persona.', true, true, false, false, false, '{}', '{}', '{}', '{}', '{}', '{}', '{}', '{}', '{}', '{}') ON CONFLICT (id) DO NOTHING;
INSERT INTO public.scenarios_resource (created_at, active, generated, mcp, id, name, description, problem_statement_enabled, objectives_enabled, video_enabled, images_enabled, questions_enabled, department_ids, persona_ids, parameter_field_ids, document_ids, objective_ids, image_ids, video_ids, question_ids, option_ids, problem_statement_ids) VALUES ('2026-03-10 13:38:39.600413+00:00', true, false, false, '2df29dfb-3b82-53bb-829a-297f9b16931d', 'Happy Scenario', 'Practice scenario featuring a cheerful and positive student persona.', true, true, false, false, false, '{}', '{}', '{}', '{}', '{}', '{}', '{}', '{}', '{}', '{}') ON CONFLICT (id) DO NOTHING;
INSERT INTO public.scenarios_resource (created_at, active, generated, mcp, id, name, description, problem_statement_enabled, objectives_enabled, video_enabled, images_enabled, questions_enabled, department_ids, persona_ids, parameter_field_ids, document_ids, objective_ids, image_ids, video_ids, question_ids, option_ids, problem_statement_ids) VALUES ('2026-03-10 13:38:39.604828+00:00', true, false, false, 'eb6b7f33-64ac-5916-9539-86579e559080', 'Passive Scenario', 'Practice scenario featuring a passive or hesitant student persona.', true, true, false, false, false, '{}', '{}', '{}', '{}', '{}', '{}', '{}', '{}', '{}', '{}') ON CONFLICT (id) DO NOTHING;
INSERT INTO public.scenarios_resource (created_at, active, generated, mcp, id, name, description, problem_statement_enabled, objectives_enabled, video_enabled, images_enabled, questions_enabled, department_ids, persona_ids, parameter_field_ids, document_ids, objective_ids, image_ids, video_ids, question_ids, option_ids, problem_statement_ids) VALUES ('2026-03-10 13:38:39.611735+00:00', true, false, false, '85d76e69-3e3e-5111-8f61-0d006476401e', 'Aggressive Scenario', 'Practice scenario featuring an aggressive or confrontational student persona.', true, true, false, false, false, '{}', '{}', '{}', '{}', '{}', '{}', '{}', '{}', '{}', '{}') ON CONFLICT (id) DO NOTHING;
INSERT INTO public.scenarios_resource (created_at, active, generated, mcp, id, name, description, problem_statement_enabled, objectives_enabled, video_enabled, images_enabled, questions_enabled, department_ids, persona_ids, parameter_field_ids, document_ids, objective_ids, image_ids, video_ids, question_ids, option_ids, problem_statement_ids) VALUES ('2026-03-10 13:38:39.616213+00:00', true, false, false, '6182f416-bc0c-5e7b-9d50-accc70ce153f', 'General Scenario', 'General purpose scenario for flexible practice across various situations.', true, true, false, false, false, '{}', '{}', '{}', '{}', '{}', '{}', '{}', '{}', '{}', '{}') ON CONFLICT (id) DO NOTHING;
INSERT INTO public.scenarios_resource (created_at, active, generated, mcp, id, name, description, problem_statement_enabled, objectives_enabled, video_enabled, images_enabled, questions_enabled, department_ids, persona_ids, parameter_field_ids, document_ids, objective_ids, image_ids, video_ids, question_ids, option_ids, problem_statement_ids) VALUES ('2026-03-10 13:38:39.620415+00:00', true, false, false, '5858e6bd-be9d-53ae-8248-901bd46aa94d', 'Academic Integrity Training Scenario', 'Training scenario for practicing responses to academic integrity violations and policy enforcement.', true, true, false, false, false, '{}', '{}', '{}', '{}', '{}', '{}', '{}', '{}', '{}', '{}') ON CONFLICT (id) DO NOTHING;
INSERT INTO public.scenarios_resource (created_at, active, generated, mcp, id, name, description, problem_statement_enabled, objectives_enabled, video_enabled, images_enabled, questions_enabled, department_ids, persona_ids, parameter_field_ids, document_ids, objective_ids, image_ids, video_ids, question_ids, option_ids, problem_statement_ids) VALUES ('2026-03-10 13:38:39.628416+00:00', true, false, false, '0bf203d5-3a53-5925-af86-9f5f7907c08c', 'FERPA Training Scenario', 'Training scenario for practicing FERPA compliance and student privacy protection.', true, true, false, false, false, '{}', '{}', '{}', '{}', '{}', '{}', '{}', '{}', '{}', '{}') ON CONFLICT (id) DO NOTHING;
INSERT INTO public.scenarios_resource (created_at, active, generated, mcp, id, name, description, problem_statement_enabled, objectives_enabled, video_enabled, images_enabled, questions_enabled, department_ids, persona_ids, parameter_field_ids, document_ids, objective_ids, image_ids, video_ids, question_ids, option_ids, problem_statement_ids) VALUES ('2026-03-10 13:38:39.634183+00:00', true, false, false, '54d758d4-7150-5ea7-98f8-2593c1422d4d', 'Upset Student Training Scenario', 'Training scenario for practicing de-escalation techniques with upset or frustrated students.', true, true, false, false, false, '{}', '{}', '{}', '{}', '{}', '{}', '{}', '{}', '{}', '{}') ON CONFLICT (id) DO NOTHING;

-- sessions_entry
INSERT INTO public.sessions_entry (id, created_at, active, mcp, generated) VALUES ('019cd7f8-9a48-788c-9304-c9c0b4918f88', '2026-03-10 13:38:39.816058+00:00', true, false, true) ON CONFLICT (id) DO NOTHING;
INSERT INTO public.sessions_entry (id, created_at, active, mcp, generated) VALUES ('019cd7f8-9a54-7379-a580-dc2753a69e68', '2026-03-10 13:38:39.828192+00:00', true, false, true) ON CONFLICT (id) DO NOTHING;
INSERT INTO public.sessions_entry (id, created_at, active, mcp, generated) VALUES ('019cd7f8-9a63-7573-b147-209285b97d7a', '2026-03-10 13:38:39.843072+00:00', true, false, true) ON CONFLICT (id) DO NOTHING;
INSERT INTO public.sessions_entry (id, created_at, active, mcp, generated) VALUES ('019cd7f8-9a6b-7033-97ff-3ea8a8ec0157', '2026-03-10 13:38:39.850998+00:00', true, false, true) ON CONFLICT (id) DO NOTHING;
INSERT INTO public.sessions_entry (id, created_at, active, mcp, generated) VALUES ('019cd7f8-9a70-710e-82ae-af93d03fb363', '2026-03-10 13:38:39.856054+00:00', true, false, true) ON CONFLICT (id) DO NOTHING;

-- setting_artifact
INSERT INTO public.setting_artifact (created_at, id, updated_at, generated, mcp, active) VALUES ('2026-03-10 13:38:39.876935+00:00', '12cc4b6c-eadc-554c-9f1e-27fe95fad586', '2026-03-10 13:38:39.876935+00:00', false, false, true) ON CONFLICT (id) DO NOTHING;

-- setting_auths_junction
INSERT INTO public.setting_auths_junction (active, created_at, auths_id, setting_id, generated, mcp) VALUES (true, '2026-03-10 13:38:39.876935+00:00', '019bb25e-e5e2-74c2-aaf3-42c5403f26f9', '12cc4b6c-eadc-554c-9f1e-27fe95fad586', false, false) ON CONFLICT (id) DO NOTHING;

-- setting_departments_junction
INSERT INTO public.setting_departments_junction (setting_id, departments_id, active, created_at, generated, mcp) VALUES ('12cc4b6c-eadc-554c-9f1e-27fe95fad586', 'a2b369c1-a81e-5e02-98d5-dd42af15ae4a', true, '2026-03-10 13:38:39.876935+00:00', false, false) ON CONFLICT (id) DO NOTHING;

-- setting_descriptions_junction
INSERT INTO public.setting_descriptions_junction (setting_id, descriptions_id, created_at, generated, mcp, active) VALUES ('12cc4b6c-eadc-554c-9f1e-27fe95fad586', '019cd7f8-9a80-74b4-b967-8b0ff434dce1', '2026-03-10 13:38:39.876935+00:00', false, false, true) ON CONFLICT (id) DO NOTHING;

-- setting_names_junction
INSERT INTO public.setting_names_junction (setting_id, names_id, created_at, generated, mcp, active) VALUES ('12cc4b6c-eadc-554c-9f1e-27fe95fad586', '019cd7f8-9a7e-7b92-9e5a-b405b7313677', '2026-03-10 13:38:39.876935+00:00', false, false, true) ON CONFLICT (id) DO NOTHING;

-- setting_settings_junction
INSERT INTO public.setting_settings_junction (setting_id, settings_id, active, created_at, generated, mcp) VALUES ('12cc4b6c-eadc-554c-9f1e-27fe95fad586', '12cc4b6c-eadc-554c-9f1e-27fe95fad586', true, '2026-03-10 13:38:39.876935+00:00', false, false) ON CONFLICT (id) DO NOTHING;

-- setting_systems_junction
INSERT INTO public.setting_systems_junction (setting_id, systems_id, created_at, active, generated, mcp) VALUES ('12cc4b6c-eadc-554c-9f1e-27fe95fad586', '019caf25-99c7-78a6-849d-1258f99e47e4', '2026-03-10 13:38:39.876935+00:00', true, false, false) ON CONFLICT (id) DO NOTHING;
INSERT INTO public.setting_systems_junction (setting_id, systems_id, created_at, active, generated, mcp) VALUES ('12cc4b6c-eadc-554c-9f1e-27fe95fad586', '019caf25-99c8-7bba-946c-e6b9d55d2fc3', '2026-03-10 13:38:39.876935+00:00', true, false, false) ON CONFLICT (id) DO NOTHING;
INSERT INTO public.setting_systems_junction (setting_id, systems_id, created_at, active, generated, mcp) VALUES ('12cc4b6c-eadc-554c-9f1e-27fe95fad586', '019caf25-99ca-7f95-9038-206fe1734be3', '2026-03-10 13:38:39.876935+00:00', true, false, false) ON CONFLICT (id) DO NOTHING;
INSERT INTO public.setting_systems_junction (setting_id, systems_id, created_at, active, generated, mcp) VALUES ('12cc4b6c-eadc-554c-9f1e-27fe95fad586', '019caf25-99cb-700e-b879-41628a9218c5', '2026-03-10 13:38:39.876935+00:00', true, false, false) ON CONFLICT (id) DO NOTHING;
INSERT INTO public.setting_systems_junction (setting_id, systems_id, created_at, active, generated, mcp) VALUES ('12cc4b6c-eadc-554c-9f1e-27fe95fad586', '019caf25-99cc-7cc3-a040-981957508b2a', '2026-03-10 13:38:39.876935+00:00', true, false, false) ON CONFLICT (id) DO NOTHING;
INSERT INTO public.setting_systems_junction (setting_id, systems_id, created_at, active, generated, mcp) VALUES ('12cc4b6c-eadc-554c-9f1e-27fe95fad586', '019caf25-99cd-7470-bc4b-7eb189b96d43', '2026-03-10 13:38:39.876935+00:00', true, false, false) ON CONFLICT (id) DO NOTHING;
INSERT INTO public.setting_systems_junction (setting_id, systems_id, created_at, active, generated, mcp) VALUES ('12cc4b6c-eadc-554c-9f1e-27fe95fad586', '019caf25-99cf-7087-81ee-58450c4a9aca', '2026-03-10 13:38:39.876935+00:00', true, false, false) ON CONFLICT (id) DO NOTHING;
INSERT INTO public.setting_systems_junction (setting_id, systems_id, created_at, active, generated, mcp) VALUES ('12cc4b6c-eadc-554c-9f1e-27fe95fad586', '019caf25-99d0-7d2c-bfba-49be9f4acd87', '2026-03-10 13:38:39.876935+00:00', true, false, false) ON CONFLICT (id) DO NOTHING;
INSERT INTO public.setting_systems_junction (setting_id, systems_id, created_at, active, generated, mcp) VALUES ('12cc4b6c-eadc-554c-9f1e-27fe95fad586', '019caf25-99d1-771d-a01f-80f8aae924df', '2026-03-10 13:38:39.876935+00:00', true, false, false) ON CONFLICT (id) DO NOTHING;
INSERT INTO public.setting_systems_junction (setting_id, systems_id, created_at, active, generated, mcp) VALUES ('12cc4b6c-eadc-554c-9f1e-27fe95fad586', '019caf25-99d2-752b-ab22-5f9455aa1e9a', '2026-03-10 13:38:39.876935+00:00', true, false, false) ON CONFLICT (id) DO NOTHING;
INSERT INTO public.setting_systems_junction (setting_id, systems_id, created_at, active, generated, mcp) VALUES ('12cc4b6c-eadc-554c-9f1e-27fe95fad586', '019caf25-99d4-7fb7-8cec-e9a0de527479', '2026-03-10 13:38:39.876935+00:00', true, false, false) ON CONFLICT (id) DO NOTHING;
INSERT INTO public.setting_systems_junction (setting_id, systems_id, created_at, active, generated, mcp) VALUES ('12cc4b6c-eadc-554c-9f1e-27fe95fad586', '019caf25-99d5-7ff1-a78c-485cbcd14b60', '2026-03-10 13:38:39.876935+00:00', true, false, false) ON CONFLICT (id) DO NOTHING;
INSERT INTO public.setting_systems_junction (setting_id, systems_id, created_at, active, generated, mcp) VALUES ('12cc4b6c-eadc-554c-9f1e-27fe95fad586', '019caf25-99d6-70d6-90eb-f580991fcf89', '2026-03-10 13:38:39.876935+00:00', true, false, false) ON CONFLICT (id) DO NOTHING;
INSERT INTO public.setting_systems_junction (setting_id, systems_id, created_at, active, generated, mcp) VALUES ('12cc4b6c-eadc-554c-9f1e-27fe95fad586', '019caf25-99d7-792a-a47b-246dd0a84352', '2026-03-10 13:38:39.876935+00:00', true, false, false) ON CONFLICT (id) DO NOTHING;
INSERT INTO public.setting_systems_junction (setting_id, systems_id, created_at, active, generated, mcp) VALUES ('12cc4b6c-eadc-554c-9f1e-27fe95fad586', '019caf25-99d9-73dc-a8be-a47def47c3e0', '2026-03-10 13:38:39.876935+00:00', true, false, false) ON CONFLICT (id) DO NOTHING;
INSERT INTO public.setting_systems_junction (setting_id, systems_id, created_at, active, generated, mcp) VALUES ('12cc4b6c-eadc-554c-9f1e-27fe95fad586', '019caf25-99da-7af2-875a-9c8eb8fd70e9', '2026-03-10 13:38:39.876935+00:00', true, false, false) ON CONFLICT (id) DO NOTHING;
INSERT INTO public.setting_systems_junction (setting_id, systems_id, created_at, active, generated, mcp) VALUES ('12cc4b6c-eadc-554c-9f1e-27fe95fad586', '019caf25-99db-7090-87a2-0c2dff148860', '2026-03-10 13:38:39.876935+00:00', true, false, false) ON CONFLICT (id) DO NOTHING;
INSERT INTO public.setting_systems_junction (setting_id, systems_id, created_at, active, generated, mcp) VALUES ('12cc4b6c-eadc-554c-9f1e-27fe95fad586', '019caf25-99dc-73fa-848e-fcc5947b6bb1', '2026-03-10 13:38:39.876935+00:00', true, false, false) ON CONFLICT (id) DO NOTHING;
INSERT INTO public.setting_systems_junction (setting_id, systems_id, created_at, active, generated, mcp) VALUES ('12cc4b6c-eadc-554c-9f1e-27fe95fad586', '019caf25-99de-7c11-9dd7-a8878ef28a07', '2026-03-10 13:38:39.876935+00:00', true, false, false) ON CONFLICT (id) DO NOTHING;
INSERT INTO public.setting_systems_junction (setting_id, systems_id, created_at, active, generated, mcp) VALUES ('12cc4b6c-eadc-554c-9f1e-27fe95fad586', '019caf25-99df-716b-abc9-a4c3ba2f32c8', '2026-03-10 13:38:39.876935+00:00', true, false, false) ON CONFLICT (id) DO NOTHING;
INSERT INTO public.setting_systems_junction (setting_id, systems_id, created_at, active, generated, mcp) VALUES ('12cc4b6c-eadc-554c-9f1e-27fe95fad586', '019caf25-99e0-7e2c-9f64-37bde94a00c6', '2026-03-10 13:38:39.876935+00:00', true, false, false) ON CONFLICT (id) DO NOTHING;
INSERT INTO public.setting_systems_junction (setting_id, systems_id, created_at, active, generated, mcp) VALUES ('12cc4b6c-eadc-554c-9f1e-27fe95fad586', '019caf25-99e1-717c-b4ea-8a6055664887', '2026-03-10 13:38:39.876935+00:00', true, false, false) ON CONFLICT (id) DO NOTHING;
INSERT INTO public.setting_systems_junction (setting_id, systems_id, created_at, active, generated, mcp) VALUES ('12cc4b6c-eadc-554c-9f1e-27fe95fad586', '019caf25-99e3-723d-920c-78e5ac8f19dd', '2026-03-10 13:38:39.876935+00:00', true, false, false) ON CONFLICT (id) DO NOTHING;
INSERT INTO public.setting_systems_junction (setting_id, systems_id, created_at, active, generated, mcp) VALUES ('12cc4b6c-eadc-554c-9f1e-27fe95fad586', '019caf25-99e4-7571-8bb7-155d53173005', '2026-03-10 13:38:39.876935+00:00', true, false, false) ON CONFLICT (id) DO NOTHING;
INSERT INTO public.setting_systems_junction (setting_id, systems_id, created_at, active, generated, mcp) VALUES ('12cc4b6c-eadc-554c-9f1e-27fe95fad586', '019caf25-99e5-75e8-b0f1-a5bd20b35bfa', '2026-03-10 13:38:39.876935+00:00', true, false, false) ON CONFLICT (id) DO NOTHING;
INSERT INTO public.setting_systems_junction (setting_id, systems_id, created_at, active, generated, mcp) VALUES ('12cc4b6c-eadc-554c-9f1e-27fe95fad586', '019caf25-99e6-7886-96fe-71a0bb6090d1', '2026-03-10 13:38:39.876935+00:00', true, false, false) ON CONFLICT (id) DO NOTHING;
INSERT INTO public.setting_systems_junction (setting_id, systems_id, created_at, active, generated, mcp) VALUES ('12cc4b6c-eadc-554c-9f1e-27fe95fad586', '019caf25-99e8-7cd5-8d61-a7800f1a6686', '2026-03-10 13:38:39.876935+00:00', true, false, false) ON CONFLICT (id) DO NOTHING;
INSERT INTO public.setting_systems_junction (setting_id, systems_id, created_at, active, generated, mcp) VALUES ('12cc4b6c-eadc-554c-9f1e-27fe95fad586', '019caf25-99e9-72be-8c27-e3f264eeefa4', '2026-03-10 13:38:39.876935+00:00', true, false, false) ON CONFLICT (id) DO NOTHING;
INSERT INTO public.setting_systems_junction (setting_id, systems_id, created_at, active, generated, mcp) VALUES ('12cc4b6c-eadc-554c-9f1e-27fe95fad586', '019caf25-99ea-7f17-8bac-4ed76165c512', '2026-03-10 13:38:39.876935+00:00', true, false, false) ON CONFLICT (id) DO NOTHING;
INSERT INTO public.setting_systems_junction (setting_id, systems_id, created_at, active, generated, mcp) VALUES ('12cc4b6c-eadc-554c-9f1e-27fe95fad586', '019caf25-99ec-727f-be3c-4224ee4f9bef', '2026-03-10 13:38:39.876935+00:00', true, false, false) ON CONFLICT (id) DO NOTHING;
INSERT INTO public.setting_systems_junction (setting_id, systems_id, created_at, active, generated, mcp) VALUES ('12cc4b6c-eadc-554c-9f1e-27fe95fad586', '019caf25-99ed-79c0-926c-d302897f4322', '2026-03-10 13:38:39.876935+00:00', true, false, false) ON CONFLICT (id) DO NOTHING;
INSERT INTO public.setting_systems_junction (setting_id, systems_id, created_at, active, generated, mcp) VALUES ('12cc4b6c-eadc-554c-9f1e-27fe95fad586', '019caf25-99ee-7f5e-934d-1c9eaeb52f24', '2026-03-10 13:38:39.876935+00:00', true, false, false) ON CONFLICT (id) DO NOTHING;
INSERT INTO public.setting_systems_junction (setting_id, systems_id, created_at, active, generated, mcp) VALUES ('12cc4b6c-eadc-554c-9f1e-27fe95fad586', '019caf25-99ef-7358-87a9-29cb15f52fd3', '2026-03-10 13:38:39.876935+00:00', true, false, false) ON CONFLICT (id) DO NOTHING;
INSERT INTO public.setting_systems_junction (setting_id, systems_id, created_at, active, generated, mcp) VALUES ('12cc4b6c-eadc-554c-9f1e-27fe95fad586', '019caf25-99f1-7230-bee2-f5e15bd56400', '2026-03-10 13:38:39.876935+00:00', true, false, false) ON CONFLICT (id) DO NOTHING;
INSERT INTO public.setting_systems_junction (setting_id, systems_id, created_at, active, generated, mcp) VALUES ('12cc4b6c-eadc-554c-9f1e-27fe95fad586', '019caf25-99f2-7ea3-8a59-24fcd0ff8b8c', '2026-03-10 13:38:39.876935+00:00', true, false, false) ON CONFLICT (id) DO NOTHING;
INSERT INTO public.setting_systems_junction (setting_id, systems_id, created_at, active, generated, mcp) VALUES ('12cc4b6c-eadc-554c-9f1e-27fe95fad586', '019caf25-99f3-7408-b7d0-968fe57800f7', '2026-03-10 13:38:39.876935+00:00', true, false, false) ON CONFLICT (id) DO NOTHING;

-- setting_thresholds_junction
INSERT INTO public.setting_thresholds_junction (setting_id, thresholds_id, created_at, generated, mcp, active) VALUES ('12cc4b6c-eadc-554c-9f1e-27fe95fad586', '019b995b-5308-7a8e-9d31-b08127742439', '2026-03-10 13:38:39.876935+00:00', false, false, true) ON CONFLICT (id) DO NOTHING;
INSERT INTO public.setting_thresholds_junction (setting_id, thresholds_id, created_at, generated, mcp, active) VALUES ('12cc4b6c-eadc-554c-9f1e-27fe95fad586', '019b995b-5309-714f-a5f6-5614613257b1', '2026-03-10 13:38:39.876935+00:00', false, false, true) ON CONFLICT (id) DO NOTHING;
INSERT INTO public.setting_thresholds_junction (setting_id, thresholds_id, created_at, generated, mcp, active) VALUES ('12cc4b6c-eadc-554c-9f1e-27fe95fad586', '019b995b-5309-74df-991a-c28980b294f2', '2026-03-10 13:38:39.876935+00:00', false, false, true) ON CONFLICT (id) DO NOTHING;

-- settings_resource
INSERT INTO public.settings_resource (created_at, active, generated, mcp, id, name, description, department_ids, provider_key_ids, auth_ids, system_ids) VALUES ('2026-03-10 13:38:39.874459+00:00', true, false, false, '12cc4b6c-eadc-554c-9f1e-27fe95fad586', 'University Settings', 'Department-specific settings for the University, linking authentication, AI systems, and grading thresholds.', '{"a2b369c1-a81e-5e02-98d5-dd42af15ae4a"}', '{}', '{"019bb25e-e5e2-74c2-aaf3-42c5403f26f9"}', '{"019caf25-99c7-78a6-849d-1258f99e47e4","019caf25-99c8-7bba-946c-e6b9d55d2fc3","019caf25-99ca-7f95-9038-206fe1734be3","019caf25-99cb-700e-b879-41628a9218c5","019caf25-99cc-7cc3-a040-981957508b2a","019caf25-99cd-7470-bc4b-7eb189b96d43","019caf25-99cf-7087-81ee-58450c4a9aca","019caf25-99d0-7d2c-bfba-49be9f4acd87","019caf25-99d1-771d-a01f-80f8aae924df","019caf25-99d2-752b-ab22-5f9455aa1e9a","019caf25-99d4-7fb7-8cec-e9a0de527479","019caf25-99d5-7ff1-a78c-485cbcd14b60","019caf25-99d6-70d6-90eb-f580991fcf89","019caf25-99d7-792a-a47b-246dd0a84352","019caf25-99d9-73dc-a8be-a47def47c3e0","019caf25-99da-7af2-875a-9c8eb8fd70e9","019caf25-99db-7090-87a2-0c2dff148860","019caf25-99dc-73fa-848e-fcc5947b6bb1","019caf25-99de-7c11-9dd7-a8878ef28a07","019caf25-99df-716b-abc9-a4c3ba2f32c8","019caf25-99e0-7e2c-9f64-37bde94a00c6","019caf25-99e1-717c-b4ea-8a6055664887","019caf25-99e3-723d-920c-78e5ac8f19dd","019caf25-99e4-7571-8bb7-155d53173005","019caf25-99e5-75e8-b0f1-a5bd20b35bfa","019caf25-99e6-7886-96fe-71a0bb6090d1","019caf25-99e8-7cd5-8d61-a7800f1a6686","019caf25-99e9-72be-8c27-e3f264eeefa4","019caf25-99ea-7f17-8bac-4ed76165c512","019caf25-99ec-727f-be3c-4224ee4f9bef","019caf25-99ed-79c0-926c-d302897f4322","019caf25-99ee-7f5e-934d-1c9eaeb52f24","019caf25-99ef-7358-87a9-29cb15f52fd3","019caf25-99f1-7230-bee2-f5e15bd56400","019caf25-99f2-7ea3-8a59-24fcd0ff8b8c","019caf25-99f3-7408-b7d0-968fe57800f7"}') ON CONFLICT (id) DO NOTHING;

-- simulation_artifact
INSERT INTO public.simulation_artifact (created_at, updated_at, id, generated, mcp, active) VALUES ('2026-03-10 13:38:39.697473+00:00', '2026-03-10 13:38:39.697473+00:00', 'c9a31cc2-3878-54e4-b811-d6e004ef7bbb', false, false, true) ON CONFLICT (id) DO NOTHING;
INSERT INTO public.simulation_artifact (created_at, updated_at, id, generated, mcp, active) VALUES ('2026-03-10 13:38:39.705232+00:00', '2026-03-10 13:38:39.705232+00:00', 'a437c287-881f-5d4a-811e-6fc97cf6e1d1', false, false, true) ON CONFLICT (id) DO NOTHING;
INSERT INTO public.simulation_artifact (created_at, updated_at, id, generated, mcp, active) VALUES ('2026-03-10 13:38:39.711590+00:00', '2026-03-10 13:38:39.711590+00:00', '8f6ea8b4-9c9a-556c-9310-696d6c321cd4', false, false, true) ON CONFLICT (id) DO NOTHING;
INSERT INTO public.simulation_artifact (created_at, updated_at, id, generated, mcp, active) VALUES ('2026-03-10 13:38:39.715968+00:00', '2026-03-10 13:38:39.715968+00:00', 'afc77f60-872b-572d-8a77-f616a919e7f3', false, false, true) ON CONFLICT (id) DO NOTHING;
INSERT INTO public.simulation_artifact (created_at, updated_at, id, generated, mcp, active) VALUES ('2026-03-10 13:38:39.720458+00:00', '2026-03-10 13:38:39.720458+00:00', 'ab79e0df-a730-557e-b13d-bbc0cbac4054', false, false, true) ON CONFLICT (id) DO NOTHING;
INSERT INTO public.simulation_artifact (created_at, updated_at, id, generated, mcp, active) VALUES ('2026-03-10 13:38:39.724934+00:00', '2026-03-10 13:38:39.724934+00:00', '512b698d-c5d8-5c6f-8083-57a5bb4ce75b', false, false, true) ON CONFLICT (id) DO NOTHING;
INSERT INTO public.simulation_artifact (created_at, updated_at, id, generated, mcp, active) VALUES ('2026-03-10 13:38:39.729691+00:00', '2026-03-10 13:38:39.729691+00:00', 'deae7b65-3b1a-5617-8ca7-e7f53f08c796', false, false, true) ON CONFLICT (id) DO NOTHING;
INSERT INTO public.simulation_artifact (created_at, updated_at, id, generated, mcp, active) VALUES ('2026-03-10 13:38:39.734098+00:00', '2026-03-10 13:38:39.734098+00:00', 'b4653a76-e5bc-559f-a7b0-c5476dfa46a8', false, false, true) ON CONFLICT (id) DO NOTHING;

-- simulation_departments_junction
INSERT INTO public.simulation_departments_junction (active, created_at, departments_id, simulation_id, generated, mcp) VALUES (true, '2026-03-10 13:38:39.697473+00:00', 'a2b369c1-a81e-5e02-98d5-dd42af15ae4a', 'c9a31cc2-3878-54e4-b811-d6e004ef7bbb', false, false) ON CONFLICT (id) DO NOTHING;
INSERT INTO public.simulation_departments_junction (active, created_at, departments_id, simulation_id, generated, mcp) VALUES (true, '2026-03-10 13:38:39.705232+00:00', 'a2b369c1-a81e-5e02-98d5-dd42af15ae4a', 'a437c287-881f-5d4a-811e-6fc97cf6e1d1', false, false) ON CONFLICT (id) DO NOTHING;
INSERT INTO public.simulation_departments_junction (active, created_at, departments_id, simulation_id, generated, mcp) VALUES (true, '2026-03-10 13:38:39.711590+00:00', 'a2b369c1-a81e-5e02-98d5-dd42af15ae4a', '8f6ea8b4-9c9a-556c-9310-696d6c321cd4', false, false) ON CONFLICT (id) DO NOTHING;
INSERT INTO public.simulation_departments_junction (active, created_at, departments_id, simulation_id, generated, mcp) VALUES (true, '2026-03-10 13:38:39.715968+00:00', 'a2b369c1-a81e-5e02-98d5-dd42af15ae4a', 'afc77f60-872b-572d-8a77-f616a919e7f3', false, false) ON CONFLICT (id) DO NOTHING;
INSERT INTO public.simulation_departments_junction (active, created_at, departments_id, simulation_id, generated, mcp) VALUES (true, '2026-03-10 13:38:39.720458+00:00', 'a2b369c1-a81e-5e02-98d5-dd42af15ae4a', 'ab79e0df-a730-557e-b13d-bbc0cbac4054', false, false) ON CONFLICT (id) DO NOTHING;
INSERT INTO public.simulation_departments_junction (active, created_at, departments_id, simulation_id, generated, mcp) VALUES (true, '2026-03-10 13:38:39.724934+00:00', 'a2b369c1-a81e-5e02-98d5-dd42af15ae4a', '512b698d-c5d8-5c6f-8083-57a5bb4ce75b', false, false) ON CONFLICT (id) DO NOTHING;
INSERT INTO public.simulation_departments_junction (active, created_at, departments_id, simulation_id, generated, mcp) VALUES (true, '2026-03-10 13:38:39.729691+00:00', 'a2b369c1-a81e-5e02-98d5-dd42af15ae4a', 'deae7b65-3b1a-5617-8ca7-e7f53f08c796', false, false) ON CONFLICT (id) DO NOTHING;
INSERT INTO public.simulation_departments_junction (active, created_at, departments_id, simulation_id, generated, mcp) VALUES (true, '2026-03-10 13:38:39.734098+00:00', 'a2b369c1-a81e-5e02-98d5-dd42af15ae4a', 'b4653a76-e5bc-559f-a7b0-c5476dfa46a8', false, false) ON CONFLICT (id) DO NOTHING;

-- simulation_descriptions_junction
INSERT INTO public.simulation_descriptions_junction (simulation_id, descriptions_id, created_at, generated, mcp, active) VALUES ('c9a31cc2-3878-54e4-b811-d6e004ef7bbb', '019cd7f8-99b6-7383-bb24-605f61a659a9', '2026-03-10 13:38:39.697473+00:00', false, false, true) ON CONFLICT (id) DO NOTHING;
INSERT INTO public.simulation_descriptions_junction (simulation_id, descriptions_id, created_at, generated, mcp, active) VALUES ('a437c287-881f-5d4a-811e-6fc97cf6e1d1', '019cd7f8-99b9-77c7-9bf0-1fc6b66cfd39', '2026-03-10 13:38:39.705232+00:00', false, false, true) ON CONFLICT (id) DO NOTHING;
INSERT INTO public.simulation_descriptions_junction (simulation_id, descriptions_id, created_at, generated, mcp, active) VALUES ('8f6ea8b4-9c9a-556c-9310-696d6c321cd4', '019cd7f8-99bc-7af4-b5e8-956af3534c7c', '2026-03-10 13:38:39.711590+00:00', false, false, true) ON CONFLICT (id) DO NOTHING;
INSERT INTO public.simulation_descriptions_junction (simulation_id, descriptions_id, created_at, generated, mcp, active) VALUES ('afc77f60-872b-572d-8a77-f616a919e7f3', '019cd7f8-99bf-7eaf-ad1b-07811c31e988', '2026-03-10 13:38:39.715968+00:00', false, false, true) ON CONFLICT (id) DO NOTHING;
INSERT INTO public.simulation_descriptions_junction (simulation_id, descriptions_id, created_at, generated, mcp, active) VALUES ('ab79e0df-a730-557e-b13d-bbc0cbac4054', '019cd7f8-99c3-7235-892a-f12a3bbd5af6', '2026-03-10 13:38:39.720458+00:00', false, false, true) ON CONFLICT (id) DO NOTHING;
INSERT INTO public.simulation_descriptions_junction (simulation_id, descriptions_id, created_at, generated, mcp, active) VALUES ('512b698d-c5d8-5c6f-8083-57a5bb4ce75b', '019cd7f8-99c6-74f7-bf32-c22ee0154347', '2026-03-10 13:38:39.724934+00:00', false, false, true) ON CONFLICT (id) DO NOTHING;
INSERT INTO public.simulation_descriptions_junction (simulation_id, descriptions_id, created_at, generated, mcp, active) VALUES ('deae7b65-3b1a-5617-8ca7-e7f53f08c796', '019cd7f8-99c9-7881-9b12-a0c3c28f0dcb', '2026-03-10 13:38:39.729691+00:00', false, false, true) ON CONFLICT (id) DO NOTHING;
INSERT INTO public.simulation_descriptions_junction (simulation_id, descriptions_id, created_at, generated, mcp, active) VALUES ('b4653a76-e5bc-559f-a7b0-c5476dfa46a8', '019cd7f8-99cc-7afa-9ca0-bd2614741df9', '2026-03-10 13:38:39.734098+00:00', false, false, true) ON CONFLICT (id) DO NOTHING;

-- simulation_flags_junction
INSERT INTO public.simulation_flags_junction (simulation_id, flags_id, created_at, generated, mcp, active) VALUES ('c9a31cc2-3878-54e4-b811-d6e004ef7bbb', '019b995a-86ef-78e3-8811-f5d0cfd31e3c', '2026-03-10 13:38:39.697473+00:00', false, false, true) ON CONFLICT (id) DO NOTHING;
INSERT INTO public.simulation_flags_junction (simulation_id, flags_id, created_at, generated, mcp, active) VALUES ('a437c287-881f-5d4a-811e-6fc97cf6e1d1', '019b995a-86ef-78e3-8811-f5d0cfd31e3c', '2026-03-10 13:38:39.705232+00:00', false, false, true) ON CONFLICT (id) DO NOTHING;
INSERT INTO public.simulation_flags_junction (simulation_id, flags_id, created_at, generated, mcp, active) VALUES ('8f6ea8b4-9c9a-556c-9310-696d6c321cd4', '019b995a-86ef-78e3-8811-f5d0cfd31e3c', '2026-03-10 13:38:39.711590+00:00', false, false, true) ON CONFLICT (id) DO NOTHING;
INSERT INTO public.simulation_flags_junction (simulation_id, flags_id, created_at, generated, mcp, active) VALUES ('afc77f60-872b-572d-8a77-f616a919e7f3', '019b995a-86ef-78e3-8811-f5d0cfd31e3c', '2026-03-10 13:38:39.715968+00:00', false, false, true) ON CONFLICT (id) DO NOTHING;
INSERT INTO public.simulation_flags_junction (simulation_id, flags_id, created_at, generated, mcp, active) VALUES ('ab79e0df-a730-557e-b13d-bbc0cbac4054', '019b995a-86ef-78e3-8811-f5d0cfd31e3c', '2026-03-10 13:38:39.720458+00:00', false, false, true) ON CONFLICT (id) DO NOTHING;

-- simulation_names_junction
INSERT INTO public.simulation_names_junction (simulation_id, names_id, created_at, generated, mcp, active) VALUES ('c9a31cc2-3878-54e4-b811-d6e004ef7bbb', '019cd7f8-99b4-78ed-9b9f-0ce00199d918', '2026-03-10 13:38:39.697473+00:00', false, false, true) ON CONFLICT (id) DO NOTHING;
INSERT INTO public.simulation_names_junction (simulation_id, names_id, created_at, generated, mcp, active) VALUES ('a437c287-881f-5d4a-811e-6fc97cf6e1d1', '019cd7f8-99b7-7fc0-a09c-07d4c9f5f329', '2026-03-10 13:38:39.705232+00:00', false, false, true) ON CONFLICT (id) DO NOTHING;
INSERT INTO public.simulation_names_junction (simulation_id, names_id, created_at, generated, mcp, active) VALUES ('8f6ea8b4-9c9a-556c-9310-696d6c321cd4', '019cd7f8-99bb-7376-8656-ec3bbd3b56b1', '2026-03-10 13:38:39.711590+00:00', false, false, true) ON CONFLICT (id) DO NOTHING;
INSERT INTO public.simulation_names_junction (simulation_id, names_id, created_at, generated, mcp, active) VALUES ('afc77f60-872b-572d-8a77-f616a919e7f3', '019cd7f8-99be-76f8-934c-2c0d97ce2f6b', '2026-03-10 13:38:39.715968+00:00', false, false, true) ON CONFLICT (id) DO NOTHING;
INSERT INTO public.simulation_names_junction (simulation_id, names_id, created_at, generated, mcp, active) VALUES ('ab79e0df-a730-557e-b13d-bbc0cbac4054', '019cd7f8-99c1-7a89-b9b8-0d16f9f5d8d9', '2026-03-10 13:38:39.720458+00:00', false, false, true) ON CONFLICT (id) DO NOTHING;
INSERT INTO public.simulation_names_junction (simulation_id, names_id, created_at, generated, mcp, active) VALUES ('512b698d-c5d8-5c6f-8083-57a5bb4ce75b', '019cd7f8-99c4-7e3d-be55-608dfee030d6', '2026-03-10 13:38:39.724934+00:00', false, false, true) ON CONFLICT (id) DO NOTHING;
INSERT INTO public.simulation_names_junction (simulation_id, names_id, created_at, generated, mcp, active) VALUES ('deae7b65-3b1a-5617-8ca7-e7f53f08c796', '019cd7f8-99c8-7079-b37c-312326095ff9', '2026-03-10 13:38:39.729691+00:00', false, false, true) ON CONFLICT (id) DO NOTHING;
INSERT INTO public.simulation_names_junction (simulation_id, names_id, created_at, generated, mcp, active) VALUES ('b4653a76-e5bc-559f-a7b0-c5476dfa46a8', '019cd7f8-99cb-73e8-873f-2ba7c577b318', '2026-03-10 13:38:39.734098+00:00', false, false, true) ON CONFLICT (id) DO NOTHING;

-- simulation_scenario_rubrics_junction
INSERT INTO public.simulation_scenario_rubrics_junction (simulation_id, scenario_rubrics_id, created_at, generated, mcp, active) VALUES ('512b698d-c5d8-5c6f-8083-57a5bb4ce75b', '15a72c78-6a9b-5608-9abd-22a12efd2204', '2026-03-10 13:38:39.724934+00:00', false, false, true) ON CONFLICT (id) DO NOTHING;
INSERT INTO public.simulation_scenario_rubrics_junction (simulation_id, scenario_rubrics_id, created_at, generated, mcp, active) VALUES ('512b698d-c5d8-5c6f-8083-57a5bb4ce75b', '1a9e2401-0acd-55b1-a45c-218dd320074a', '2026-03-10 13:38:39.724934+00:00', false, false, true) ON CONFLICT (id) DO NOTHING;
INSERT INTO public.simulation_scenario_rubrics_junction (simulation_id, scenario_rubrics_id, created_at, generated, mcp, active) VALUES ('deae7b65-3b1a-5617-8ca7-e7f53f08c796', 'b03daa51-accf-55bc-8eb5-8ab4f158ea46', '2026-03-10 13:38:39.729691+00:00', false, false, true) ON CONFLICT (id) DO NOTHING;
INSERT INTO public.simulation_scenario_rubrics_junction (simulation_id, scenario_rubrics_id, created_at, generated, mcp, active) VALUES ('deae7b65-3b1a-5617-8ca7-e7f53f08c796', 'dd66fa53-ff3e-5757-a9d3-7148fec0ce9a', '2026-03-10 13:38:39.729691+00:00', false, false, true) ON CONFLICT (id) DO NOTHING;
INSERT INTO public.simulation_scenario_rubrics_junction (simulation_id, scenario_rubrics_id, created_at, generated, mcp, active) VALUES ('b4653a76-e5bc-559f-a7b0-c5476dfa46a8', '59631eb4-61a6-5329-971e-6dbeab6f62ee', '2026-03-10 13:38:39.734098+00:00', false, false, true) ON CONFLICT (id) DO NOTHING;
INSERT INTO public.simulation_scenario_rubrics_junction (simulation_id, scenario_rubrics_id, created_at, generated, mcp, active) VALUES ('b4653a76-e5bc-559f-a7b0-c5476dfa46a8', 'e086d719-3a27-51b8-90a8-b3e8c050d334', '2026-03-10 13:38:39.734098+00:00', false, false, true) ON CONFLICT (id) DO NOTHING;

-- simulation_scenarios_junction
INSERT INTO public.simulation_scenarios_junction (created_at, scenarios_id, simulation_id, generated, mcp, active) VALUES ('2026-03-10 13:38:39.697473+00:00', '91aae48d-df47-51ec-b6a9-88844d18fe9b', 'c9a31cc2-3878-54e4-b811-d6e004ef7bbb', false, false, true) ON CONFLICT (id) DO NOTHING;
INSERT INTO public.simulation_scenarios_junction (created_at, scenarios_id, simulation_id, generated, mcp, active) VALUES ('2026-03-10 13:38:39.705232+00:00', '2df29dfb-3b82-53bb-829a-297f9b16931d', 'a437c287-881f-5d4a-811e-6fc97cf6e1d1', false, false, true) ON CONFLICT (id) DO NOTHING;
INSERT INTO public.simulation_scenarios_junction (created_at, scenarios_id, simulation_id, generated, mcp, active) VALUES ('2026-03-10 13:38:39.711590+00:00', 'eb6b7f33-64ac-5916-9539-86579e559080', '8f6ea8b4-9c9a-556c-9310-696d6c321cd4', false, false, true) ON CONFLICT (id) DO NOTHING;
INSERT INTO public.simulation_scenarios_junction (created_at, scenarios_id, simulation_id, generated, mcp, active) VALUES ('2026-03-10 13:38:39.715968+00:00', '85d76e69-3e3e-5111-8f61-0d006476401e', 'afc77f60-872b-572d-8a77-f616a919e7f3', false, false, true) ON CONFLICT (id) DO NOTHING;
INSERT INTO public.simulation_scenarios_junction (created_at, scenarios_id, simulation_id, generated, mcp, active) VALUES ('2026-03-10 13:38:39.720458+00:00', '6182f416-bc0c-5e7b-9d50-accc70ce153f', 'ab79e0df-a730-557e-b13d-bbc0cbac4054', false, false, true) ON CONFLICT (id) DO NOTHING;
INSERT INTO public.simulation_scenarios_junction (created_at, scenarios_id, simulation_id, generated, mcp, active) VALUES ('2026-03-10 13:38:39.724934+00:00', '5858e6bd-be9d-53ae-8248-901bd46aa94d', '512b698d-c5d8-5c6f-8083-57a5bb4ce75b', false, false, true) ON CONFLICT (id) DO NOTHING;
INSERT INTO public.simulation_scenarios_junction (created_at, scenarios_id, simulation_id, generated, mcp, active) VALUES ('2026-03-10 13:38:39.729691+00:00', '0bf203d5-3a53-5925-af86-9f5f7907c08c', 'deae7b65-3b1a-5617-8ca7-e7f53f08c796', false, false, true) ON CONFLICT (id) DO NOTHING;
INSERT INTO public.simulation_scenarios_junction (created_at, scenarios_id, simulation_id, generated, mcp, active) VALUES ('2026-03-10 13:38:39.734098+00:00', '54d758d4-7150-5ea7-98f8-2593c1422d4d', 'b4653a76-e5bc-559f-a7b0-c5476dfa46a8', false, false, true) ON CONFLICT (id) DO NOTHING;

-- simulation_simulations_junction
INSERT INTO public.simulation_simulations_junction (simulation_id, simulations_id, active, created_at, generated, mcp) VALUES ('c9a31cc2-3878-54e4-b811-d6e004ef7bbb', 'c9a31cc2-3878-54e4-b811-d6e004ef7bbb', true, '2026-03-10 13:38:39.697473+00:00', false, false) ON CONFLICT (id) DO NOTHING;
INSERT INTO public.simulation_simulations_junction (simulation_id, simulations_id, active, created_at, generated, mcp) VALUES ('a437c287-881f-5d4a-811e-6fc97cf6e1d1', 'a437c287-881f-5d4a-811e-6fc97cf6e1d1', true, '2026-03-10 13:38:39.705232+00:00', false, false) ON CONFLICT (id) DO NOTHING;
INSERT INTO public.simulation_simulations_junction (simulation_id, simulations_id, active, created_at, generated, mcp) VALUES ('8f6ea8b4-9c9a-556c-9310-696d6c321cd4', '8f6ea8b4-9c9a-556c-9310-696d6c321cd4', true, '2026-03-10 13:38:39.711590+00:00', false, false) ON CONFLICT (id) DO NOTHING;
INSERT INTO public.simulation_simulations_junction (simulation_id, simulations_id, active, created_at, generated, mcp) VALUES ('afc77f60-872b-572d-8a77-f616a919e7f3', 'afc77f60-872b-572d-8a77-f616a919e7f3', true, '2026-03-10 13:38:39.715968+00:00', false, false) ON CONFLICT (id) DO NOTHING;
INSERT INTO public.simulation_simulations_junction (simulation_id, simulations_id, active, created_at, generated, mcp) VALUES ('ab79e0df-a730-557e-b13d-bbc0cbac4054', 'ab79e0df-a730-557e-b13d-bbc0cbac4054', true, '2026-03-10 13:38:39.720458+00:00', false, false) ON CONFLICT (id) DO NOTHING;
INSERT INTO public.simulation_simulations_junction (simulation_id, simulations_id, active, created_at, generated, mcp) VALUES ('512b698d-c5d8-5c6f-8083-57a5bb4ce75b', '512b698d-c5d8-5c6f-8083-57a5bb4ce75b', true, '2026-03-10 13:38:39.724934+00:00', false, false) ON CONFLICT (id) DO NOTHING;
INSERT INTO public.simulation_simulations_junction (simulation_id, simulations_id, active, created_at, generated, mcp) VALUES ('deae7b65-3b1a-5617-8ca7-e7f53f08c796', 'deae7b65-3b1a-5617-8ca7-e7f53f08c796', true, '2026-03-10 13:38:39.729691+00:00', false, false) ON CONFLICT (id) DO NOTHING;
INSERT INTO public.simulation_simulations_junction (simulation_id, simulations_id, active, created_at, generated, mcp) VALUES ('b4653a76-e5bc-559f-a7b0-c5476dfa46a8', 'b4653a76-e5bc-559f-a7b0-c5476dfa46a8', true, '2026-03-10 13:38:39.734098+00:00', false, false) ON CONFLICT (id) DO NOTHING;

-- simulations_resource
INSERT INTO public.simulations_resource (created_at, active, generated, mcp, id, name, description, department_ids, scenario_ids, scenario_rubric_ids, scenario_time_limit_ids, scenario_position_ids, scenario_flag_ids, practice) VALUES ('2026-03-10 13:38:39.694998+00:00', true, false, false, 'c9a31cc2-3878-54e4-b811-d6e004ef7bbb', 'Confused Practice', 'Seeks to understand by asking questions and exploring ideas.', '{}', '{}', '{}', '{}', '{}', '{}', false) ON CONFLICT (id) DO NOTHING;
INSERT INTO public.simulations_resource (created_at, active, generated, mcp, id, name, description, department_ids, scenario_ids, scenario_rubric_ids, scenario_time_limit_ids, scenario_position_ids, scenario_flag_ids, practice) VALUES ('2026-03-10 13:38:39.702884+00:00', true, false, false, 'a437c287-881f-5d4a-811e-6fc97cf6e1d1', 'Happy Practice', 'Provides uplifting feedback and cheerful responses.', '{}', '{}', '{}', '{}', '{}', '{}', false) ON CONFLICT (id) DO NOTHING;
INSERT INTO public.simulations_resource (created_at, active, generated, mcp, id, name, description, department_ids, scenario_ids, scenario_rubric_ids, scenario_time_limit_ids, scenario_position_ids, scenario_flag_ids, practice) VALUES ('2026-03-10 13:38:39.709815+00:00', true, false, false, '8f6ea8b4-9c9a-556c-9310-696d6c321cd4', 'Passive Practice', 'Responds with minimal engagement and requires prompting.', '{}', '{}', '{}', '{}', '{}', '{}', false) ON CONFLICT (id) DO NOTHING;
INSERT INTO public.simulations_resource (created_at, active, generated, mcp, id, name, description, department_ids, scenario_ids, scenario_rubric_ids, scenario_time_limit_ids, scenario_position_ids, scenario_flag_ids, practice) VALUES ('2026-03-10 13:38:39.714230+00:00', true, false, false, 'afc77f60-872b-572d-8a77-f616a919e7f3', 'Aggressive Practice', 'Challenges with confrontational and resistant responses.', '{}', '{}', '{}', '{}', '{}', '{}', false) ON CONFLICT (id) DO NOTHING;
INSERT INTO public.simulations_resource (created_at, active, generated, mcp, id, name, description, department_ids, scenario_ids, scenario_rubric_ids, scenario_time_limit_ids, scenario_position_ids, scenario_flag_ids, practice) VALUES ('2026-03-10 13:38:39.718660+00:00', true, false, false, 'ab79e0df-a730-557e-b13d-bbc0cbac4054', 'General Practice', 'A flexible simulation for open-ended practice with any persona.', '{}', '{}', '{}', '{}', '{}', '{}', false) ON CONFLICT (id) DO NOTHING;
INSERT INTO public.simulations_resource (created_at, active, generated, mcp, id, name, description, department_ids, scenario_ids, scenario_rubric_ids, scenario_time_limit_ids, scenario_position_ids, scenario_flag_ids, practice) VALUES ('2026-03-10 13:38:39.723163+00:00', true, false, false, '512b698d-c5d8-5c6f-8083-57a5bb4ce75b', 'Academic Integrity Training', 'Training simulation for practicing responses to academic integrity violations.', '{}', '{}', '{}', '{}', '{}', '{}', false) ON CONFLICT (id) DO NOTHING;
INSERT INTO public.simulations_resource (created_at, active, generated, mcp, id, name, description, department_ids, scenario_ids, scenario_rubric_ids, scenario_time_limit_ids, scenario_position_ids, scenario_flag_ids, practice) VALUES ('2026-03-10 13:38:39.728097+00:00', true, false, false, 'deae7b65-3b1a-5617-8ca7-e7f53f08c796', 'FERPA Training', 'Training simulation for practicing FERPA compliance and student privacy protection.', '{}', '{}', '{}', '{}', '{}', '{}', false) ON CONFLICT (id) DO NOTHING;
INSERT INTO public.simulations_resource (created_at, active, generated, mcp, id, name, description, department_ids, scenario_ids, scenario_rubric_ids, scenario_time_limit_ids, scenario_position_ids, scenario_flag_ids, practice) VALUES ('2026-03-10 13:38:39.732373+00:00', true, false, false, 'b4653a76-e5bc-559f-a7b0-c5476dfa46a8', 'Upset Student Training', 'Training simulation for practicing de-escalation techniques with upset students.', '{}', '{}', '{}', '{}', '{}', '{}', false) ON CONFLICT (id) DO NOTHING;

