-- Setup: university
-- Generated by: database/seeds/runner.py
-- Modules: departments, documents, personas, rubrics, fields, parameters, content, scenarios, scenario_rubrics, simulations, profiles, cohorts, settings, colors, texts, files, post_links
-- ============================================================

-- cohort_artifact
INSERT INTO public.cohort_artifact (created_at, updated_at, id, generated, mcp, active) VALUES ('2026-03-10 17:46:49.704738+00:00', '2026-03-10 17:46:49.704738+00:00', 'b1c930da-dddc-5709-89f3-2f0b25d43ac4', false, false, true) ON CONFLICT (id) DO NOTHING;
INSERT INTO public.cohort_artifact (created_at, updated_at, id, generated, mcp, active) VALUES ('2026-03-10 17:46:49.711756+00:00', '2026-03-10 17:46:49.711756+00:00', 'e577afa3-ffba-5f7b-b1cd-be4bc5ffd680', false, false, true) ON CONFLICT (id) DO NOTHING;

-- cohort_cohorts_junction
INSERT INTO public.cohort_cohorts_junction (cohort_id, cohorts_id, active, created_at, generated, mcp) VALUES ('b1c930da-dddc-5709-89f3-2f0b25d43ac4', 'b1c930da-dddc-5709-89f3-2f0b25d43ac4', true, '2026-03-10 17:46:49.704738+00:00', false, false) ON CONFLICT (id) DO NOTHING;
INSERT INTO public.cohort_cohorts_junction (cohort_id, cohorts_id, active, created_at, generated, mcp) VALUES ('e577afa3-ffba-5f7b-b1cd-be4bc5ffd680', 'e577afa3-ffba-5f7b-b1cd-be4bc5ffd680', true, '2026-03-10 17:46:49.711756+00:00', false, false) ON CONFLICT (id) DO NOTHING;

-- cohort_departments_junction
INSERT INTO public.cohort_departments_junction (active, created_at, cohort_id, departments_id, generated, mcp) VALUES (true, '2026-03-10 17:46:49.704738+00:00', 'b1c930da-dddc-5709-89f3-2f0b25d43ac4', 'a2b369c1-a81e-5e02-98d5-dd42af15ae4a', false, false) ON CONFLICT (id) DO NOTHING;
INSERT INTO public.cohort_departments_junction (active, created_at, cohort_id, departments_id, generated, mcp) VALUES (true, '2026-03-10 17:46:49.711756+00:00', 'e577afa3-ffba-5f7b-b1cd-be4bc5ffd680', 'a2b369c1-a81e-5e02-98d5-dd42af15ae4a', false, false) ON CONFLICT (id) DO NOTHING;

-- cohort_descriptions_junction
INSERT INTO public.cohort_descriptions_junction (cohort_id, descriptions_id, created_at, generated, mcp, active) VALUES ('b1c930da-dddc-5709-89f3-2f0b25d43ac4', '019cd8db-cde0-7d74-82eb-3b31f73d1905', '2026-03-10 17:46:49.704738+00:00', false, false, true) ON CONFLICT (id) DO NOTHING;
INSERT INTO public.cohort_descriptions_junction (cohort_id, descriptions_id, created_at, generated, mcp, active) VALUES ('e577afa3-ffba-5f7b-b1cd-be4bc5ffd680', '019cd8db-cde4-7120-a09f-5eab44225651', '2026-03-10 17:46:49.711756+00:00', false, false, true) ON CONFLICT (id) DO NOTHING;

-- cohort_names_junction
INSERT INTO public.cohort_names_junction (cohort_id, names_id, created_at, generated, mcp, active) VALUES ('b1c930da-dddc-5709-89f3-2f0b25d43ac4', '019cd8db-cddf-7479-86e8-1e71b0a7f9ad', '2026-03-10 17:46:49.704738+00:00', false, false, true) ON CONFLICT (id) DO NOTHING;
INSERT INTO public.cohort_names_junction (cohort_id, names_id, created_at, generated, mcp, active) VALUES ('e577afa3-ffba-5f7b-b1cd-be4bc5ffd680', '019cd8db-cde2-79cd-83bb-ca423d2400f4', '2026-03-10 17:46:49.711756+00:00', false, false, true) ON CONFLICT (id) DO NOTHING;

-- cohort_profiles_junction
INSERT INTO public.cohort_profiles_junction (cohort_id, profiles_id, active, created_at, generated, mcp) VALUES ('b1c930da-dddc-5709-89f3-2f0b25d43ac4', 'eaf42b60-bca1-5970-8fc0-1db7f6fa9c8a', true, '2026-03-10 17:46:49.704738+00:00', false, false) ON CONFLICT (id) DO NOTHING;
INSERT INTO public.cohort_profiles_junction (cohort_id, profiles_id, active, created_at, generated, mcp) VALUES ('b1c930da-dddc-5709-89f3-2f0b25d43ac4', 'd2a08e26-fd2a-5b9f-9fc3-40f521049696', true, '2026-03-10 17:46:49.704738+00:00', false, false) ON CONFLICT (id) DO NOTHING;
INSERT INTO public.cohort_profiles_junction (cohort_id, profiles_id, active, created_at, generated, mcp) VALUES ('e577afa3-ffba-5f7b-b1cd-be4bc5ffd680', '0110ff55-1c5c-5dfd-9eea-736b458bd349', true, '2026-03-10 17:46:49.711756+00:00', false, false) ON CONFLICT (id) DO NOTHING;
INSERT INTO public.cohort_profiles_junction (cohort_id, profiles_id, active, created_at, generated, mcp) VALUES ('e577afa3-ffba-5f7b-b1cd-be4bc5ffd680', 'eaf42b60-bca1-5970-8fc0-1db7f6fa9c8a', true, '2026-03-10 17:46:49.711756+00:00', false, false) ON CONFLICT (id) DO NOTHING;
INSERT INTO public.cohort_profiles_junction (cohort_id, profiles_id, active, created_at, generated, mcp) VALUES ('e577afa3-ffba-5f7b-b1cd-be4bc5ffd680', 'd2a08e26-fd2a-5b9f-9fc3-40f521049696', true, '2026-03-10 17:46:49.711756+00:00', false, false) ON CONFLICT (id) DO NOTHING;

-- cohort_simulations_junction
INSERT INTO public.cohort_simulations_junction (active, created_at, cohort_id, simulations_id, generated, mcp) VALUES (true, '2026-03-10 17:46:49.704738+00:00', 'b1c930da-dddc-5709-89f3-2f0b25d43ac4', 'c9a31cc2-3878-54e4-b811-d6e004ef7bbb', false, false) ON CONFLICT (id) DO NOTHING;
INSERT INTO public.cohort_simulations_junction (active, created_at, cohort_id, simulations_id, generated, mcp) VALUES (true, '2026-03-10 17:46:49.704738+00:00', 'b1c930da-dddc-5709-89f3-2f0b25d43ac4', 'a437c287-881f-5d4a-811e-6fc97cf6e1d1', false, false) ON CONFLICT (id) DO NOTHING;
INSERT INTO public.cohort_simulations_junction (active, created_at, cohort_id, simulations_id, generated, mcp) VALUES (true, '2026-03-10 17:46:49.704738+00:00', 'b1c930da-dddc-5709-89f3-2f0b25d43ac4', '8f6ea8b4-9c9a-556c-9310-696d6c321cd4', false, false) ON CONFLICT (id) DO NOTHING;
INSERT INTO public.cohort_simulations_junction (active, created_at, cohort_id, simulations_id, generated, mcp) VALUES (true, '2026-03-10 17:46:49.704738+00:00', 'b1c930da-dddc-5709-89f3-2f0b25d43ac4', 'afc77f60-872b-572d-8a77-f616a919e7f3', false, false) ON CONFLICT (id) DO NOTHING;
INSERT INTO public.cohort_simulations_junction (active, created_at, cohort_id, simulations_id, generated, mcp) VALUES (true, '2026-03-10 17:46:49.704738+00:00', 'b1c930da-dddc-5709-89f3-2f0b25d43ac4', 'ab79e0df-a730-557e-b13d-bbc0cbac4054', false, false) ON CONFLICT (id) DO NOTHING;
INSERT INTO public.cohort_simulations_junction (active, created_at, cohort_id, simulations_id, generated, mcp) VALUES (true, '2026-03-10 17:46:49.711756+00:00', 'e577afa3-ffba-5f7b-b1cd-be4bc5ffd680', '512b698d-c5d8-5c6f-8083-57a5bb4ce75b', false, false) ON CONFLICT (id) DO NOTHING;
INSERT INTO public.cohort_simulations_junction (active, created_at, cohort_id, simulations_id, generated, mcp) VALUES (true, '2026-03-10 17:46:49.711756+00:00', 'e577afa3-ffba-5f7b-b1cd-be4bc5ffd680', 'deae7b65-3b1a-5617-8ca7-e7f53f08c796', false, false) ON CONFLICT (id) DO NOTHING;
INSERT INTO public.cohort_simulations_junction (active, created_at, cohort_id, simulations_id, generated, mcp) VALUES (true, '2026-03-10 17:46:49.711756+00:00', 'e577afa3-ffba-5f7b-b1cd-be4bc5ffd680', 'b4653a76-e5bc-559f-a7b0-c5476dfa46a8', false, false) ON CONFLICT (id) DO NOTHING;

-- cohorts_resource
INSERT INTO public.cohorts_resource (created_at, active, generated, mcp, id, name, description, department_ids, simulation_ids, profile_ids, profile_persona_ids, simulation_position_ids, simulation_availability_ids) VALUES ('2026-03-10 17:46:49.702356+00:00', true, false, false, 'b1c930da-dddc-5709-89f3-2f0b25d43ac4', 'Practice Cohort', 'Open practice cohort with all practice simulations available.', '{}', '{}', '{}', '{}', '{}', '{}') ON CONFLICT (id) DO NOTHING;
INSERT INTO public.cohorts_resource (created_at, active, generated, mcp, id, name, description, department_ids, simulation_ids, profile_ids, profile_persona_ids, simulation_position_ids, simulation_availability_ids) VALUES ('2026-03-10 17:46:49.709940+00:00', true, false, false, 'e577afa3-ffba-5f7b-b1cd-be4bc5ffd680', 'Training Cohort', 'Training cohort with structured training simulations.', '{}', '{}', '{}', '{}', '{}', '{}') ON CONFLICT (id) DO NOTHING;

-- colors_resource
INSERT INTO public.colors_resource (id, name, description, hex_code, created_at, active, generated, mcp, type) VALUES ('7f3111ab-5dea-5aa0-97c0-456ee790a33c', 'Custom', 'Custom color', '#171717', '2026-03-10 17:46:49.795779+00:00', true, false, false, 'primary') ON CONFLICT (id) DO NOTHING;
INSERT INTO public.colors_resource (id, name, description, hex_code, created_at, active, generated, mcp, type) VALUES ('23e6ef29-cd80-5d85-8c3f-46bb8463d213', 'Custom', 'Custom color', '#f5f5f5', '2026-03-10 17:46:49.797831+00:00', true, false, false, 'primary') ON CONFLICT (id) DO NOTHING;
INSERT INTO public.colors_resource (id, name, description, hex_code, created_at, active, generated, mcp, type) VALUES ('d4b1f864-b76b-511f-8a1b-a8f10d812dae', 'Custom', 'Custom color', '#009e34', '2026-03-10 17:46:49.799723+00:00', true, false, false, 'primary') ON CONFLICT (id) DO NOTHING;
INSERT INTO public.colors_resource (id, name, description, hex_code, created_at, active, generated, mcp, type) VALUES ('b0877b6d-cacc-58d6-968b-d03630841f44', 'Custom', 'Custom color', '#ea8100', '2026-03-10 17:46:49.826095+00:00', true, false, false, 'primary') ON CONFLICT (id) DO NOTHING;
INSERT INTO public.colors_resource (id, name, description, hex_code, created_at, active, generated, mcp, type) VALUES ('cb500d07-949e-5aaf-8e05-787adb81273b', 'Custom', 'Custom color', '#e7000b', '2026-03-10 17:46:49.828639+00:00', true, false, false, 'primary') ON CONFLICT (id) DO NOTHING;
INSERT INTO public.colors_resource (id, name, description, hex_code, created_at, active, generated, mcp, type) VALUES ('0236400f-9078-5a91-a0e5-73ced5cb951c', 'Custom', 'Custom color', '#fafafa', '2026-03-10 17:46:49.830729+00:00', true, false, false, 'primary') ON CONFLICT (id) DO NOTHING;
INSERT INTO public.colors_resource (id, name, description, hex_code, created_at, active, generated, mcp, type) VALUES ('0645195b-8ba7-5900-ba46-98d89582fa3f', 'Custom', 'Custom color', '#171717', '2026-03-10 17:46:49.832515+00:00', true, false, false, 'primary') ON CONFLICT (id) DO NOTHING;
INSERT INTO public.colors_resource (id, name, description, hex_code, created_at, active, generated, mcp, type) VALUES ('9d6429c4-0fea-58c6-9b81-f35fd8371fa4', 'Custom', 'Custom color', '#404040', '2026-03-10 17:46:49.834199+00:00', true, false, false, 'primary') ON CONFLICT (id) DO NOTHING;
INSERT INTO public.colors_resource (id, name, description, hex_code, created_at, active, generated, mcp, type) VALUES ('f70645ec-d51d-5c0d-87d3-6933e59dbe50', 'Custom', 'Custom color', '#b0b0b0', '2026-03-10 17:46:49.835902+00:00', true, false, false, 'primary') ON CONFLICT (id) DO NOTHING;
INSERT INTO public.colors_resource (id, name, description, hex_code, created_at, active, generated, mcp, type) VALUES ('fd13e9de-0cbd-5cb4-8e30-4aea1d4d9078', 'Custom', 'Custom color', '#e0e0e0', '2026-03-10 17:46:49.837573+00:00', true, false, false, 'primary') ON CONFLICT (id) DO NOTHING;

-- department_artifact
INSERT INTO public.department_artifact (created_at, updated_at, id, generated, mcp, active) VALUES ('2026-03-10 17:46:47.803838+00:00', '2026-03-10 17:46:49.907980+00:00', 'a2b369c1-a81e-5e02-98d5-dd42af15ae4a', false, false, true) ON CONFLICT (id) DO NOTHING;

-- department_departments_junction
INSERT INTO public.department_departments_junction (department_id, departments_id, active, created_at, generated, mcp) VALUES ('a2b369c1-a81e-5e02-98d5-dd42af15ae4a', 'a2b369c1-a81e-5e02-98d5-dd42af15ae4a', true, '2026-03-10 17:46:47.803838+00:00', false, false) ON CONFLICT (id) DO NOTHING;

-- department_descriptions_junction
INSERT INTO public.department_descriptions_junction (department_id, descriptions_id, created_at, generated, mcp, active) VALUES ('a2b369c1-a81e-5e02-98d5-dd42af15ae4a', '019cd8db-c677-79c6-81d8-fead2650e108', '2026-03-10 17:46:47.803838+00:00', false, false, true) ON CONFLICT (id) DO NOTHING;

-- department_names_junction
INSERT INTO public.department_names_junction (department_id, names_id, created_at, generated, mcp, active) VALUES ('a2b369c1-a81e-5e02-98d5-dd42af15ae4a', '019cd8db-c675-7c66-9509-e797e0dbc54c', '2026-03-10 17:46:47.803838+00:00', false, false, true) ON CONFLICT (id) DO NOTHING;

-- department_settings_junction
INSERT INTO public.department_settings_junction (active, created_at, department_id, settings_id, generated, mcp) VALUES (true, '2026-03-10 17:46:49.909095+00:00', 'a2b369c1-a81e-5e02-98d5-dd42af15ae4a', '12cc4b6c-eadc-554c-9f1e-27fe95fad586', false, false) ON CONFLICT (id) DO NOTHING;

-- departments_resource
INSERT INTO public.departments_resource (created_at, active, generated, mcp, id, name, description, department_ids, setting_ids, is_primary) VALUES ('2026-03-10 17:46:47.801983+00:00', true, false, false, 'a2b369c1-a81e-5e02-98d5-dd42af15ae4a', 'University', 'Innovative base of knowledge in the emerging field of computing.', '{}', '{}', false) ON CONFLICT (id) DO NOTHING;

-- descriptions_resource
INSERT INTO public.descriptions_resource (id, description, created_at, active, generated, mcp) VALUES ('019cd8db-c677-79c6-81d8-fead2650e108', 'Innovative base of knowledge in the emerging field of computing.', '2026-03-10 17:46:47.799326+00:00', true, false, false) ON CONFLICT (id) DO NOTHING;
INSERT INTO public.descriptions_resource (id, description, created_at, active, generated, mcp) VALUES ('019cd8db-c811-7c02-90ef-3345f0e5433e', 'Academic integrity and honor code policy document', '2026-03-10 17:46:48.209130+00:00', true, false, false) ON CONFLICT (id) DO NOTHING;
INSERT INTO public.descriptions_resource (id, description, created_at, active, generated, mcp) VALUES ('019cd8db-c817-76a6-b529-68203d71e651', 'Family Educational Rights and Privacy Act (FERPA) policy document', '2026-03-10 17:46:48.215372+00:00', true, false, false) ON CONFLICT (id) DO NOTHING;
INSERT INTO public.descriptions_resource (id, description, created_at, active, generated, mcp) VALUES ('019cd8db-c81b-7bd4-b20d-049af0591734', 'FERPA compliance and student privacy guidelines', '2026-03-10 17:46:48.219704+00:00', true, false, false) ON CONFLICT (id) DO NOTHING;
INSERT INTO public.descriptions_resource (id, description, created_at, active, generated, mcp) VALUES ('019cd8db-c81f-7969-8c62-3e0ec7001900', 'Template document for syllabus', '2026-03-10 17:46:48.223554+00:00', true, false, false) ON CONFLICT (id) DO NOTHING;
INSERT INTO public.descriptions_resource (id, description, created_at, active, generated, mcp) VALUES ('019cd8db-c824-76f3-b51b-177570a94b70', 'Template document for homework', '2026-03-10 17:46:48.228379+00:00', true, false, false) ON CONFLICT (id) DO NOTHING;
INSERT INTO public.descriptions_resource (id, description, created_at, active, generated, mcp) VALUES ('019cd8db-c829-723f-a9c0-d6397c2420c0', 'Template document for lab', '2026-03-10 17:46:48.233122+00:00', true, false, false) ON CONFLICT (id) DO NOTHING;
INSERT INTO public.descriptions_resource (id, description, created_at, active, generated, mcp) VALUES ('019cd8db-c82c-7363-99d6-d5f408757ffc', 'Template document for lecture', '2026-03-10 17:46:48.236199+00:00', true, false, false) ON CONFLICT (id) DO NOTHING;
INSERT INTO public.descriptions_resource (id, description, created_at, active, generated, mcp) VALUES ('019cd8db-c82f-74ef-86c0-f57ff303d406', 'Template document for midterm', '2026-03-10 17:46:48.239298+00:00', true, false, false) ON CONFLICT (id) DO NOTHING;
INSERT INTO public.descriptions_resource (id, description, created_at, active, generated, mcp) VALUES ('019cd8db-c832-751e-b11a-4de752c9c7b1', 'Template document for policy', '2026-03-10 17:46:48.242306+00:00', true, false, false) ON CONFLICT (id) DO NOTHING;
INSERT INTO public.descriptions_resource (id, description, created_at, active, generated, mcp) VALUES ('019cd8db-c835-7555-98a4-01a78fdf9281', 'Template document for project', '2026-03-10 17:46:48.245323+00:00', true, false, false) ON CONFLICT (id) DO NOTHING;
INSERT INTO public.descriptions_resource (id, description, created_at, active, generated, mcp) VALUES ('019cd8db-c838-758d-ac32-f4180c8fd19e', 'Template document for quiz', '2026-03-10 17:46:48.248336+00:00', true, false, false) ON CONFLICT (id) DO NOTHING;
INSERT INTO public.descriptions_resource (id, description, created_at, active, generated, mcp) VALUES ('019cd8db-c887-7868-9367-721cb6ff66b9', 'Seeks to understand by asking questions and exploring ideas', '2026-03-10 17:46:48.327514+00:00', true, false, false) ON CONFLICT (id) DO NOTHING;
INSERT INTO public.descriptions_resource (id, description, created_at, active, generated, mcp) VALUES ('019cd8db-c8a2-77d6-997b-b2c0ca8cee60', 'Provides uplifting feedback and cheerful responses.', '2026-03-10 17:46:48.354481+00:00', true, false, false) ON CONFLICT (id) DO NOTHING;
INSERT INTO public.descriptions_resource (id, description, created_at, active, generated, mcp) VALUES ('019cd8db-c8b3-7aa8-bea1-cb8297625a2a', 'Low engagement and a tendency to avoid conflict or assertiveness.', '2026-03-10 17:46:48.371657+00:00', true, false, false) ON CONFLICT (id) DO NOTHING;
INSERT INTO public.descriptions_resource (id, description, created_at, active, generated, mcp) VALUES ('019cd8db-c8c4-7705-b3c2-14fc43c8715b', 'Pushes back on your ideas and challenges assumptions, with high intensity.', '2026-03-10 17:46:48.388431+00:00', true, false, false) ON CONFLICT (id) DO NOTHING;
INSERT INTO public.descriptions_resource (id, description, created_at, active, generated, mcp) VALUES ('019cd8db-c8d5-7ee6-a6cf-624335e6ee32', 'Pushes back on your ideas and challenges assumptions.', '2026-03-10 17:46:48.405923+00:00', true, false, false) ON CONFLICT (id) DO NOTHING;
INSERT INTO public.descriptions_resource (id, description, created_at, active, generated, mcp) VALUES ('019cd8db-c8e7-72fb-b1af-f92616395af4', 'Pushes back on your ideas and challenges assumptions, with milder intensity.', '2026-03-10 17:46:48.423177+00:00', true, false, false) ON CONFLICT (id) DO NOTHING;
INSERT INTO public.descriptions_resource (id, description, created_at, active, generated, mcp) VALUES ('019cd8db-c8f8-79f5-87d9-7261fe14d4d0', 'Represents a faculty member perspective, providing guidance on academic policies and course expectations.', '2026-03-10 17:46:48.440614+00:00', true, false, false) ON CONFLICT (id) DO NOTHING;
INSERT INTO public.descriptions_resource (id, description, created_at, active, generated, mcp) VALUES ('019cd8db-c909-7a54-b240-5e7b9bcdd119', 'Represents a typical student perspective, asking questions and seeking clarification on course material and policies.', '2026-03-10 17:46:48.457637+00:00', true, false, false) ON CONFLICT (id) DO NOTHING;
INSERT INTO public.descriptions_resource (id, description, created_at, active, generated, mcp) VALUES ('019cd8db-c91a-74ef-abe4-ec400174883b', 'Represents teaching assistants and instructional support staff, helping students navigate course logistics and policies.', '2026-03-10 17:46:48.474298+00:00', true, false, false) ON CONFLICT (id) DO NOTHING;
INSERT INTO public.descriptions_resource (id, description, created_at, active, generated, mcp) VALUES ('019cd8db-c97d-773a-b51e-fb52bcdb7b93', 'Evaluates clarity of explanations, active listening techniques, and empathy demonstrated during student interactions. Assesses whether the trainee adapts language to the student''s level of understanding and confirms comprehension before moving on.', '2026-03-10 17:46:48.573235+00:00', true, false, false) ON CONFLICT (id) DO NOTHING;
INSERT INTO public.descriptions_resource (id, description, created_at, active, generated, mcp) VALUES ('019cd8db-c985-7f2c-9abd-f27a5748fa20', 'Evaluates accuracy of policy citations, proper procedure following, and ability to direct students to the correct institutional resources. Assesses whether the trainee references official guidelines rather than personal opinion when advising on academic policies.', '2026-03-10 17:46:48.581928+00:00', true, false, false) ON CONFLICT (id) DO NOTHING;
INSERT INTO public.descriptions_resource (id, description, created_at, active, generated, mcp) VALUES ('019cd8db-c995-7fe4-a2c1-198afb46d342', 'Evaluates conflict resolution approach, emotional regulation, and problem-solving under pressure. Assesses whether the trainee acknowledges the student''s frustration, maintains a calm and professional tone, and guides the conversation toward a constructive resolution.', '2026-03-10 17:46:48.597865+00:00', true, false, false) ON CONFLICT (id) DO NOTHING;
INSERT INTO public.descriptions_resource (id, description, created_at, active, generated, mcp) VALUES ('019cd8db-ca82-791e-8d69-71c2bcfcac12', 'Pushes back on ideas and challenges assumptions', '2026-03-10 17:46:48.834303+00:00', true, false, false) ON CONFLICT (id) DO NOTHING;
INSERT INTO public.descriptions_resource (id, description, created_at, active, generated, mcp) VALUES ('019cd8db-ca85-7c61-b10a-ecfced5d67bc', 'Seeks to understand by asking questions and exploring ideas', '2026-03-10 17:46:48.837753+00:00', true, false, false) ON CONFLICT (id) DO NOTHING;
INSERT INTO public.descriptions_resource (id, description, created_at, active, generated, mcp) VALUES ('019cd8db-ca88-7f5b-93b9-575c8bec94f6', 'Provides uplifting feedback and cheerful responses', '2026-03-10 17:46:48.840942+00:00', true, false, false) ON CONFLICT (id) DO NOTHING;
INSERT INTO public.descriptions_resource (id, description, created_at, active, generated, mcp) VALUES ('019cd8db-ca8b-7bad-84cf-04f8b673a879', 'Low engagement and tendency to avoid conflict or assertiveness', '2026-03-10 17:46:48.843716+00:00', true, false, false) ON CONFLICT (id) DO NOTHING;
INSERT INTO public.descriptions_resource (id, description, created_at, active, generated, mcp) VALUES ('019cd8db-ca8f-70f5-9d81-4d820ef61ba3', 'Personas with emotional temperaments (aggressive, passive, confused, happy)', '2026-03-10 17:46:48.847046+00:00', true, false, false) ON CONFLICT (id) DO NOTHING;
INSERT INTO public.descriptions_resource (id, description, created_at, active, generated, mcp) VALUES ('019cd8db-ca91-7d41-9993-08447f78517a', 'Personas with neutral roles (Student, Professor, Instructional Staff)', '2026-03-10 17:46:48.849816+00:00', true, false, false) ON CONFLICT (id) DO NOTHING;
INSERT INTO public.descriptions_resource (id, description, created_at, active, generated, mcp) VALUES ('019cd8db-ca94-7c8d-acb5-8f67b1bee70c', 'The conversation is relaxed, with no signs of stress or urgency.', '2026-03-10 17:46:48.852777+00:00', true, false, false) ON CONFLICT (id) DO NOTHING;
INSERT INTO public.descriptions_resource (id, description, created_at, active, generated, mcp) VALUES ('019cd8db-ca97-79c5-9940-786b6a281087', 'The conversation is easygoing, with minimal tension or pressure.', '2026-03-10 17:46:48.855603+00:00', true, false, false) ON CONFLICT (id) DO NOTHING;
INSERT INTO public.descriptions_resource (id, description, created_at, active, generated, mcp) VALUES ('019cd8db-ca9a-776f-a899-8f4c2a7731bc', 'The conversation is mostly relaxed, but with occasional hints of concern or focus.', '2026-03-10 17:46:48.858458+00:00', true, false, false) ON CONFLICT (id) DO NOTHING;
INSERT INTO public.descriptions_resource (id, description, created_at, active, generated, mcp) VALUES ('019cd8db-ca9d-717a-8af5-f4ae79e2737d', 'There is some urgency or emotional energy, but it remains manageable.', '2026-03-10 17:46:48.861086+00:00', true, false, false) ON CONFLICT (id) DO NOTHING;
INSERT INTO public.descriptions_resource (id, description, created_at, active, generated, mcp) VALUES ('019cd8db-ca9f-7dc0-96b6-abcbcbfd6f9f', 'The conversation is active, with clear engagement and some stress or excitement.', '2026-03-10 17:46:48.863852+00:00', true, false, false) ON CONFLICT (id) DO NOTHING;
INSERT INTO public.descriptions_resource (id, description, created_at, active, generated, mcp) VALUES ('019cd8db-caa2-7d16-a440-e9876144cd20', 'The conversation is energetic, with raised voices or strong emotions.', '2026-03-10 17:46:48.866811+00:00', true, false, false) ON CONFLICT (id) DO NOTHING;
INSERT INTO public.descriptions_resource (id, description, created_at, active, generated, mcp) VALUES ('019cd8db-caa5-7c73-8524-64de2d6a2bfd', 'The conversation is heated, with clear signs of frustration, urgency, or pressure.', '2026-03-10 17:46:48.869769+00:00', true, false, false) ON CONFLICT (id) DO NOTHING;
INSERT INTO public.descriptions_resource (id, description, created_at, active, generated, mcp) VALUES ('019cd8db-caa8-7b72-ac28-291bf63d5eb1', 'The conversation is highly charged, with strong emotions and little calm.', '2026-03-10 17:46:48.872706+00:00', true, false, false) ON CONFLICT (id) DO NOTHING;
INSERT INTO public.descriptions_resource (id, description, created_at, active, generated, mcp) VALUES ('019cd8db-caab-7979-aa0c-7ef7374482dc', 'The conversation is on the verge of conflict, with high stress and urgency.', '2026-03-10 17:46:48.875583+00:00', true, false, false) ON CONFLICT (id) DO NOTHING;
INSERT INTO public.descriptions_resource (id, description, created_at, active, generated, mcp) VALUES ('019cd8db-caae-7779-8355-0929b5109d31', 'The conversation is explosive, with overwhelming emotion or confrontation.', '2026-03-10 17:46:48.878458+00:00', true, false, false) ON CONFLICT (id) DO NOTHING;
INSERT INTO public.descriptions_resource (id, description, created_at, active, generated, mcp) VALUES ('019cd8db-cab1-7534-8a45-a3defbd3086d', 'There are almost no students present; the room is quiet and you can get help immediately.', '2026-03-10 17:46:48.881316+00:00', true, false, false) ON CONFLICT (id) DO NOTHING;
INSERT INTO public.descriptions_resource (id, description, created_at, active, generated, mcp) VALUES ('019cd8db-cab4-747d-a192-07ebeb84f961', 'Only a couple of students are present; no wait for help.', '2026-03-10 17:46:48.884273+00:00', true, false, false) ON CONFLICT (id) DO NOTHING;
INSERT INTO public.descriptions_resource (id, description, created_at, active, generated, mcp) VALUES ('019cd8db-cab7-72a8-a613-23e5e0460fe8', 'A few students scattered around; very short or no wait.', '2026-03-10 17:46:48.887158+00:00', true, false, false) ON CONFLICT (id) DO NOTHING;
INSERT INTO public.descriptions_resource (id, description, created_at, active, generated, mcp) VALUES ('019cd8db-cab9-7f63-b5e0-aa714b7bef8f', 'Several students are present, but it is still easy to get help.', '2026-03-10 17:46:48.889953+00:00', true, false, false) ON CONFLICT (id) DO NOTHING;
INSERT INTO public.descriptions_resource (id, description, created_at, active, generated, mcp) VALUES ('019cd8db-cabc-7dc0-a054-dd97fa746118', 'A moderate number of students; you may have to wait a bit for help.', '2026-03-10 17:46:48.892851+00:00', true, false, false) ON CONFLICT (id) DO NOTHING;
INSERT INTO public.descriptions_resource (id, description, created_at, active, generated, mcp) VALUES ('019cd8db-cabf-7b7f-accd-45b9823c808d', 'The room is active with many students; expect a noticeable wait.', '2026-03-10 17:46:48.895711+00:00', true, false, false) ON CONFLICT (id) DO NOTHING;
INSERT INTO public.descriptions_resource (id, description, created_at, active, generated, mcp) VALUES ('019cd8db-cac2-7915-a769-1dccd99bf97e', 'There is a line of students waiting for help; the room feels crowded.', '2026-03-10 17:46:48.898559+00:00', true, false, false) ON CONFLICT (id) DO NOTHING;
INSERT INTO public.descriptions_resource (id, description, created_at, active, generated, mcp) VALUES ('019cd8db-cac5-7670-b06c-cd382d9af021', 'The room is packed, and you will have to wait a significant amount of time.', '2026-03-10 17:46:48.901394+00:00', true, false, false) ON CONFLICT (id) DO NOTHING;
INSERT INTO public.descriptions_resource (id, description, created_at, active, generated, mcp) VALUES ('019cd8db-cac8-7524-814f-8ae5e441517a', 'There are many students and a long line; it is difficult to get help.', '2026-03-10 17:46:48.904313+00:00', true, false, false) ON CONFLICT (id) DO NOTHING;
INSERT INTO public.descriptions_resource (id, description, created_at, active, generated, mcp) VALUES ('019cd8db-cacb-738f-9a99-94a0343d82bd', 'The room is overflowing with students, with a hectic atmosphere and a very long wait.', '2026-03-10 17:46:48.907215+00:00', true, false, false) ON CONFLICT (id) DO NOTHING;
INSERT INTO public.descriptions_resource (id, description, created_at, active, generated, mcp) VALUES ('019cd8db-cace-724c-b92e-9f6e7f00c9a5', 'There is no specific deadline. The situation is relaxed and stress-free.', '2026-03-10 17:46:48.910133+00:00', true, false, false) ON CONFLICT (id) DO NOTHING;
INSERT INTO public.descriptions_resource (id, description, created_at, active, generated, mcp) VALUES ('019cd8db-cad1-734e-8632-4609769c5429', 'Deadline is at the end of the week. Ample time remains; stress is minimal.', '2026-03-10 17:46:48.913198+00:00', true, false, false) ON CONFLICT (id) DO NOTHING;
INSERT INTO public.descriptions_resource (id, description, created_at, active, generated, mcp) VALUES ('019cd8db-cad4-72cd-ac6f-bd4b0a8103b8', 'Deadline is in a couple of days. Some urgency, but stress is low.', '2026-03-10 17:46:48.916166+00:00', true, false, false) ON CONFLICT (id) DO NOTHING;
INSERT INTO public.descriptions_resource (id, description, created_at, active, generated, mcp) VALUES ('019cd8db-cad7-7104-bea9-c15a6b73bb51', 'Deadline is tomorrow. Prompt help is needed; this is a moderate-stress situation.', '2026-03-10 17:46:48.919053+00:00', true, false, false) ON CONFLICT (id) DO NOTHING;
INSERT INTO public.descriptions_resource (id, description, created_at, active, generated, mcp) VALUES ('019cd8db-cada-73d1-9180-d5b406417ff0', 'Deadline is in a few hours. Immediate help is required; this is a high-stress situation.', '2026-03-10 17:46:48.922228+00:00', true, false, false) ON CONFLICT (id) DO NOTHING;
INSERT INTO public.descriptions_resource (id, description, created_at, active, generated, mcp) VALUES ('019cd8db-cadd-738e-acc7-328c2f36f161', 'Early morning session, students may be tired but focused.', '2026-03-10 17:46:48.925213+00:00', true, false, false) ON CONFLICT (id) DO NOTHING;
INSERT INTO public.descriptions_resource (id, description, created_at, active, generated, mcp) VALUES ('019cd8db-cae0-7444-8ac2-ece53a7ad7fa', 'Mid-morning session, good energy levels.', '2026-03-10 17:46:48.928257+00:00', true, false, false) ON CONFLICT (id) DO NOTHING;
INSERT INTO public.descriptions_resource (id, description, created_at, active, generated, mcp) VALUES ('019cd8db-cae3-7423-95e4-1517eb00982a', 'Late morning session, students are alert and engaged.', '2026-03-10 17:46:48.931249+00:00', true, false, false) ON CONFLICT (id) DO NOTHING;
INSERT INTO public.descriptions_resource (id, description, created_at, active, generated, mcp) VALUES ('019cd8db-cae6-7c0e-aded-1283c4a4260a', 'Lunch time session, students may be hungry or rushed.', '2026-03-10 17:46:48.934741+00:00', true, false, false) ON CONFLICT (id) DO NOTHING;
INSERT INTO public.descriptions_resource (id, description, created_at, active, generated, mcp) VALUES ('019cd8db-cae9-7d6c-9a54-37d537deba78', 'Early afternoon session, post-lunch energy dip possible.', '2026-03-10 17:46:48.937830+00:00', true, false, false) ON CONFLICT (id) DO NOTHING;
INSERT INTO public.descriptions_resource (id, description, created_at, active, generated, mcp) VALUES ('019cd8db-caec-7bd4-a774-88cbf40ca0d3', 'Mid-afternoon session, good focus time.', '2026-03-10 17:46:48.940732+00:00', true, false, false) ON CONFLICT (id) DO NOTHING;
INSERT INTO public.descriptions_resource (id, description, created_at, active, generated, mcp) VALUES ('019cd8db-caef-7ace-a455-40921aae67a9', 'Late afternoon session, sustained energy needed.', '2026-03-10 17:46:48.943666+00:00', true, false, false) ON CONFLICT (id) DO NOTHING;
INSERT INTO public.descriptions_resource (id, description, created_at, active, generated, mcp) VALUES ('019cd8db-caf2-7d68-9a83-d61f495d1159', 'Evening session, students may be tired from the day.', '2026-03-10 17:46:48.946828+00:00', true, false, false) ON CONFLICT (id) DO NOTHING;
INSERT INTO public.descriptions_resource (id, description, created_at, active, generated, mcp) VALUES ('019cd8db-caf5-7bd8-82b2-f9b988f8a175', 'End of day session, students eager to finish.', '2026-03-10 17:46:48.949731+00:00', true, false, false) ON CONFLICT (id) DO NOTHING;
INSERT INTO public.descriptions_resource (id, description, created_at, active, generated, mcp) VALUES ('019cd8db-caf8-7ce1-b417-d4aec2a21553', 'An open, collaborative space in the Lawson building with high foot traffic.', '2026-03-10 17:46:48.952797+00:00', true, false, false) ON CONFLICT (id) DO NOTHING;
INSERT INTO public.descriptions_resource (id, description, created_at, active, generated, mcp) VALUES ('019cd8db-cafb-7b5b-9a5e-f2782c579657', 'A quiet, focused study environment in the lower level of the HAAS building.', '2026-03-10 17:46:48.955703+00:00', true, false, false) ON CONFLICT (id) DO NOTHING;
INSERT INTO public.descriptions_resource (id, description, created_at, active, generated, mcp) VALUES ('019cd8db-cafe-7b20-9b93-df8af41934c4', 'A specialized tech-focused lab environment in the basement of the Data Science/AI building.', '2026-03-10 17:46:48.958687+00:00', true, false, false) ON CONFLICT (id) DO NOTHING;
INSERT INTO public.descriptions_resource (id, description, created_at, active, generated, mcp) VALUES ('019cd8db-cb01-77ef-b19e-d85f7e0636da', 'Problem solving and algorithms, implementation of algorithms in a high level programming language.', '2026-03-10 17:46:48.961487+00:00', true, false, false) ON CONFLICT (id) DO NOTHING;
INSERT INTO public.descriptions_resource (id, description, created_at, active, generated, mcp) VALUES ('019cd8db-cb04-767e-b3c1-b941e91c687d', 'Logic and proofs; sets, functions, relations, sequences and summations; counting; analysis of algorithms.', '2026-03-10 17:46:48.964397+00:00', true, false, false) ON CONFLICT (id) DO NOTHING;
INSERT INTO public.descriptions_resource (id, description, created_at, active, generated, mcp) VALUES ('019cd8db-cb07-7b9a-87a3-990bf6044311', 'Data Science', '2026-03-10 17:46:48.967716+00:00', true, false, false) ON CONFLICT (id) DO NOTHING;
INSERT INTO public.descriptions_resource (id, description, created_at, active, generated, mcp) VALUES ('019cd8db-cb0a-78f6-8a2b-dcbac894ae3d', 'Running time analysis of algorithms, data structures, trees, heaps, sorting, hash tables, graphs.', '2026-03-10 17:46:48.970553+00:00', true, false, false) ON CONFLICT (id) DO NOTHING;
INSERT INTO public.descriptions_resource (id, description, created_at, active, generated, mcp) VALUES ('019cd8db-cb0d-76fb-ad97-5a88505fe236', 'Introduction to machine learning algorithms, neural networks, feature engineering, and model evaluation.', '2026-03-10 17:46:48.973428+00:00', true, false, false) ON CONFLICT (id) DO NOTHING;
INSERT INTO public.descriptions_resource (id, description, created_at, active, generated, mcp) VALUES ('019cd8db-cb10-762d-a633-1d985358b68b', 'Techniques for analyzing time and space requirements of algorithms. Sorting, searching, graph problems, NP-hard problems.', '2026-03-10 17:46:48.976378+00:00', true, false, false) ON CONFLICT (id) DO NOTHING;
INSERT INTO public.descriptions_resource (id, description, created_at, active, generated, mcp) VALUES ('019cd8db-cb13-756b-9fca-003c4ba685be', 'Network protocols, socket programming, network security, distributed systems, and network performance analysis.', '2026-03-10 17:46:48.979328+00:00', true, false, false) ON CONFLICT (id) DO NOTHING;
INSERT INTO public.descriptions_resource (id, description, created_at, active, generated, mcp) VALUES ('019cd8db-cb16-74ea-be0a-4d3471c5e6d9', 'Assignments, problem sets, exercises', '2026-03-10 17:46:48.982299+00:00', true, false, false) ON CONFLICT (id) DO NOTHING;
INSERT INTO public.descriptions_resource (id, description, created_at, active, generated, mcp) VALUES ('019cd8db-cb19-7373-8baf-25bd687a4771', 'Laboratory exercises, practical work', '2026-03-10 17:46:48.985207+00:00', true, false, false) ON CONFLICT (id) DO NOTHING;
INSERT INTO public.descriptions_resource (id, description, created_at, active, generated, mcp) VALUES ('019cd8db-cb1c-70ca-8c5e-97affac66647', 'Lecture notes, slides, presentations', '2026-03-10 17:46:48.988043+00:00', true, false, false) ON CONFLICT (id) DO NOTHING;
INSERT INTO public.descriptions_resource (id, description, created_at, active, generated, mcp) VALUES ('019cd8db-cb1e-7fcd-bc56-11405f7f6327', 'Midterm exams, major tests', '2026-03-10 17:46:48.990980+00:00', true, false, false) ON CONFLICT (id) DO NOTHING;
INSERT INTO public.descriptions_resource (id, description, created_at, active, generated, mcp) VALUES ('019cd8db-cb21-7d3f-8a2b-48e3cd1f0bfd', 'Policy documents, guidelines, and regulations', '2026-03-10 17:46:48.993822+00:00', true, false, false) ON CONFLICT (id) DO NOTHING;
INSERT INTO public.descriptions_resource (id, description, created_at, active, generated, mcp) VALUES ('019cd8db-cb24-7c05-8be4-d456bd0322b6', 'Large assignments, final projects, group work', '2026-03-10 17:46:48.996741+00:00', true, false, false) ON CONFLICT (id) DO NOTHING;
INSERT INTO public.descriptions_resource (id, description, created_at, active, generated, mcp) VALUES ('019cd8db-cb27-79d5-a3cd-95213d1af6df', 'Short assessments, pop quizzes', '2026-03-10 17:46:48.999608+00:00', true, false, false) ON CONFLICT (id) DO NOTHING;
INSERT INTO public.descriptions_resource (id, description, created_at, active, generated, mcp) VALUES ('019cd8db-cb2a-77da-a038-52d9b506585b', 'Course syllabus, course outline', '2026-03-10 17:46:49.002484+00:00', true, false, false) ON CONFLICT (id) DO NOTHING;
INSERT INTO public.descriptions_resource (id, description, created_at, active, generated, mcp) VALUES ('019cd8db-cb2d-7566-ac4d-8bec35c79e4d', 'Annual notification requirements for FERPA rights', '2026-03-10 17:46:49.005329+00:00', true, false, false) ON CONFLICT (id) DO NOTHING;
INSERT INTO public.descriptions_resource (id, description, created_at, active, generated, mcp) VALUES ('019cd8db-cb30-734c-8144-b1c3da66f8ab', 'Understanding when consent is required vs. when disclosure is allowed without consent', '2026-03-10 17:46:49.008199+00:00', true, false, false) ON CONFLICT (id) DO NOTHING;
INSERT INTO public.descriptions_resource (id, description, created_at, active, generated, mcp) VALUES ('019cd8db-cb33-700f-8464-e7975e498571', 'Understanding what constitutes education records and exceptions under FERPA', '2026-03-10 17:46:49.010996+00:00', true, false, false) ON CONFLICT (id) DO NOTHING;
INSERT INTO public.descriptions_resource (id, description, created_at, active, generated, mcp) VALUES ('019cd8db-cb35-7dbd-aa34-9937ea477549', 'Process for students to request amendment of education records', '2026-03-10 17:46:49.013851+00:00', true, false, false) ON CONFLICT (id) DO NOTHING;
INSERT INTO public.descriptions_resource (id, description, created_at, active, generated, mcp) VALUES ('019cd8db-cb38-7be3-a8ca-d72aa49f6382', 'Rights students have to access their education records', '2026-03-10 17:46:49.016735+00:00', true, false, false) ON CONFLICT (id) DO NOTHING;
INSERT INTO public.descriptions_resource (id, description, created_at, active, generated, mcp) VALUES ('019cd8db-cb3b-7d1e-ba5f-38a24d4635d3', 'Represents a typical student perspective', '2026-03-10 17:46:49.019812+00:00', true, false, false) ON CONFLICT (id) DO NOTHING;
INSERT INTO public.descriptions_resource (id, description, created_at, active, generated, mcp) VALUES ('019cd8db-cb3e-7a88-825c-f6c30b3675f1', 'Represents a faculty member perspective', '2026-03-10 17:46:49.022650+00:00', true, false, false) ON CONFLICT (id) DO NOTHING;
INSERT INTO public.descriptions_resource (id, description, created_at, active, generated, mcp) VALUES ('019cd8db-cb41-78b8-84ba-8b9b4d89c71e', 'Represents teaching assistants and instructional support staff', '2026-03-10 17:46:49.025537+00:00', true, false, false) ON CONFLICT (id) DO NOTHING;
INSERT INTO public.descriptions_resource (id, description, created_at, active, generated, mcp) VALUES ('019cd8db-cc52-7cb3-a318-43ad091c9c89', 'Emotional temperament types for personas (aggressive, passive, confused, happy)', '2026-03-10 17:46:49.298782+00:00', true, false, false) ON CONFLICT (id) DO NOTHING;
INSERT INTO public.descriptions_resource (id, description, created_at, active, generated, mcp) VALUES ('019cd8db-cc55-7ca7-88ad-8a4d56b561f4', 'Categorizes personas by their type (Emotion or Neutral)', '2026-03-10 17:46:49.301783+00:00', true, false, false) ON CONFLICT (id) DO NOTHING;
INSERT INTO public.descriptions_resource (id, description, created_at, active, generated, mcp) VALUES ('019cd8db-cc58-7cde-bb18-e34938e370d8', 'How emotionally charged or urgent the situation feels', '2026-03-10 17:46:49.304796+00:00', true, false, false) ON CONFLICT (id) DO NOTHING;
INSERT INTO public.descriptions_resource (id, description, created_at, active, generated, mcp) VALUES ('019cd8db-cc5b-7b6b-99a6-9f635ebad622', 'How many students are present in the room', '2026-03-10 17:46:49.307706+00:00', true, false, false) ON CONFLICT (id) DO NOTHING;
INSERT INTO public.descriptions_resource (id, description, created_at, active, generated, mcp) VALUES ('019cd8db-cc5e-7d3d-a38f-186e04a353f0', 'How close it is to an assignment or project deadline', '2026-03-10 17:46:49.310817+00:00', true, false, false) ON CONFLICT (id) DO NOTHING;
INSERT INTO public.descriptions_resource (id, description, created_at, active, generated, mcp) VALUES ('019cd8db-cc61-7b60-aa45-83f33c94b033', 'When the scenario occurs', '2026-03-10 17:46:49.313701+00:00', true, false, false) ON CONFLICT (id) DO NOTHING;
INSERT INTO public.descriptions_resource (id, description, created_at, active, generated, mcp) VALUES ('019cd8db-cc64-7696-877e-e62f7f41d366', 'Where the interaction is taking place', '2026-03-10 17:46:49.316403+00:00', true, false, false) ON CONFLICT (id) DO NOTHING;
INSERT INTO public.descriptions_resource (id, description, created_at, active, generated, mcp) VALUES ('019cd8db-cc67-743e-8964-a7e38c975d6e', 'Which course or subject the scenario is about', '2026-03-10 17:46:49.319258+00:00', true, false, false) ON CONFLICT (id) DO NOTHING;
INSERT INTO public.descriptions_resource (id, description, created_at, active, generated, mcp) VALUES ('019cd8db-cc6a-7300-ab39-074bbdfb3105', 'Categorizes documents by their type (homework, project, quiz, etc.)', '2026-03-10 17:46:49.322179+00:00', true, false, false) ON CONFLICT (id) DO NOTHING;
INSERT INTO public.descriptions_resource (id, description, created_at, active, generated, mcp) VALUES ('019cd8db-cc6d-71ba-9521-f69a1cd7028e', 'FERPA-related concepts for policy selection', '2026-03-10 17:46:49.325099+00:00', true, false, false) ON CONFLICT (id) DO NOTHING;
INSERT INTO public.descriptions_resource (id, description, created_at, active, generated, mcp) VALUES ('019cd8db-cc6f-7e71-81b6-fbb2a9a4ccdb', 'Role types for neutral personas (Student, Professor, Instructional Staff)', '2026-03-10 17:46:49.327894+00:00', true, false, false) ON CONFLICT (id) DO NOTHING;
INSERT INTO public.descriptions_resource (id, description, created_at, active, generated, mcp) VALUES ('019cd8db-cd74-7d15-a61e-ea3df2d74c35', 'Seeks to understand by asking questions and exploring ideas.', '2026-03-10 17:46:49.588809+00:00', true, false, false) ON CONFLICT (id) DO NOTHING;
INSERT INTO public.descriptions_resource (id, description, created_at, active, generated, mcp) VALUES ('019cd8db-cd78-7041-83cd-ebc60d42d84b', 'Provides uplifting feedback and cheerful responses.', '2026-03-10 17:46:49.592007+00:00', true, false, false) ON CONFLICT (id) DO NOTHING;
INSERT INTO public.descriptions_resource (id, description, created_at, active, generated, mcp) VALUES ('019cd8db-cd7b-7124-9104-5c4465f4734e', 'Responds with minimal engagement and requires prompting.', '2026-03-10 17:46:49.595062+00:00', true, false, false) ON CONFLICT (id) DO NOTHING;
INSERT INTO public.descriptions_resource (id, description, created_at, active, generated, mcp) VALUES ('019cd8db-cd7e-7504-912c-c16aa74f4425', 'Challenges with confrontational and resistant responses.', '2026-03-10 17:46:49.598307+00:00', true, false, false) ON CONFLICT (id) DO NOTHING;
INSERT INTO public.descriptions_resource (id, description, created_at, active, generated, mcp) VALUES ('019cd8db-cd81-778a-8ff4-05c8271b9d72', 'A flexible simulation for open-ended practice with any persona.', '2026-03-10 17:46:49.601463+00:00', true, false, false) ON CONFLICT (id) DO NOTHING;
INSERT INTO public.descriptions_resource (id, description, created_at, active, generated, mcp) VALUES ('019cd8db-cd84-7a0a-8445-9bca4b24c876', 'Training simulation for practicing responses to academic integrity violations.', '2026-03-10 17:46:49.604620+00:00', true, false, false) ON CONFLICT (id) DO NOTHING;
INSERT INTO public.descriptions_resource (id, description, created_at, active, generated, mcp) VALUES ('019cd8db-cd87-7cb8-a734-ea8aa509c5f2', 'Training simulation for practicing FERPA compliance and student privacy protection.', '2026-03-10 17:46:49.607787+00:00', true, false, false) ON CONFLICT (id) DO NOTHING;
INSERT INTO public.descriptions_resource (id, description, created_at, active, generated, mcp) VALUES ('019cd8db-cd8a-7d09-a1d3-522a81b73ef2', 'Training simulation for practicing de-escalation techniques with upset students.', '2026-03-10 17:46:49.610805+00:00', true, false, false) ON CONFLICT (id) DO NOTHING;
INSERT INTO public.descriptions_resource (id, description, created_at, active, generated, mcp) VALUES ('019cd8db-ccfb-7c93-97ae-bdeaaf1b6e32', 'Practice scenario featuring a confused or uncertain student persona.', '2026-03-10 17:46:49.467769+00:00', true, false, false) ON CONFLICT (id) DO NOTHING;
INSERT INTO public.descriptions_resource (id, description, created_at, active, generated, mcp) VALUES ('019cd8db-cd00-7d44-afa2-2b0338f67d56', 'Practice scenario featuring a cheerful and positive student persona.', '2026-03-10 17:46:49.472815+00:00', true, false, false) ON CONFLICT (id) DO NOTHING;
INSERT INTO public.descriptions_resource (id, description, created_at, active, generated, mcp) VALUES ('019cd8db-cd05-7d89-8f53-90e8ae3bc42c', 'Practice scenario featuring a passive or hesitant student persona.', '2026-03-10 17:46:49.477830+00:00', true, false, false) ON CONFLICT (id) DO NOTHING;
INSERT INTO public.descriptions_resource (id, description, created_at, active, generated, mcp) VALUES ('019cd8db-cd0b-71e9-ac74-152a9ef2670a', 'Practice scenario featuring an aggressive or confrontational student persona.', '2026-03-10 17:46:49.483111+00:00', true, false, false) ON CONFLICT (id) DO NOTHING;
INSERT INTO public.descriptions_resource (id, description, created_at, active, generated, mcp) VALUES ('019cd8db-cd10-72f4-abcc-f705c64e9aee', 'General purpose scenario for flexible practice across various situations.', '2026-03-10 17:46:49.488176+00:00', true, false, false) ON CONFLICT (id) DO NOTHING;
INSERT INTO public.descriptions_resource (id, description, created_at, active, generated, mcp) VALUES ('019cd8db-cd15-7754-b112-e60e7badc0eb', 'Training scenario for practicing responses to academic integrity violations and policy enforcement.', '2026-03-10 17:46:49.493449+00:00', true, false, false) ON CONFLICT (id) DO NOTHING;
INSERT INTO public.descriptions_resource (id, description, created_at, active, generated, mcp) VALUES ('019cd8db-cd1c-7e38-a4ec-789ee5311d91', 'Training scenario for practicing FERPA compliance and student privacy protection.', '2026-03-10 17:46:49.500880+00:00', true, false, false) ON CONFLICT (id) DO NOTHING;
INSERT INTO public.descriptions_resource (id, description, created_at, active, generated, mcp) VALUES ('019cd8db-cd23-748a-9d76-0fa4f386a33d', 'Training scenario for practicing de-escalation techniques with upset or frustrated students.', '2026-03-10 17:46:49.507276+00:00', true, false, false) ON CONFLICT (id) DO NOTHING;
INSERT INTO public.descriptions_resource (id, description, created_at, active, generated, mcp) VALUES ('019cd8db-cde0-7d74-82eb-3b31f73d1905', 'Open practice cohort with all practice simulations available.', '2026-03-10 17:46:49.696826+00:00', true, false, false) ON CONFLICT (id) DO NOTHING;
INSERT INTO public.descriptions_resource (id, description, created_at, active, generated, mcp) VALUES ('019cd8db-cde4-7120-a09f-5eab44225651', 'Training cohort with structured training simulations.', '2026-03-10 17:46:49.700056+00:00', true, false, false) ON CONFLICT (id) DO NOTHING;
INSERT INTO public.descriptions_resource (id, description, created_at, active, generated, mcp) VALUES ('019cd8db-ce37-7651-9e18-54e215d4f48c', 'Department-specific settings for the University, linking authentication, AI systems, and grading thresholds.', '2026-03-10 17:46:49.783382+00:00', true, false, false) ON CONFLICT (id) DO NOTHING;

-- document_artifact
INSERT INTO public.document_artifact (created_at, updated_at, id, generated, mcp, active) VALUES ('2026-03-10 17:46:48.292265+00:00', '2026-03-10 17:46:48.292265+00:00', '1bd17ec9-860e-51fc-bfd2-7a8409f7b004', false, false, true) ON CONFLICT (id) DO NOTHING;
INSERT INTO public.document_artifact (created_at, updated_at, id, generated, mcp, active) VALUES ('2026-03-10 17:46:48.275390+00:00', '2026-03-10 17:46:49.852888+00:00', 'f4894390-e8af-5697-9b2d-85d1728ffca3', false, false, true) ON CONFLICT (id) DO NOTHING;
INSERT INTO public.document_artifact (created_at, updated_at, id, generated, mcp, active) VALUES ('2026-03-10 17:46:48.279660+00:00', '2026-03-10 17:46:49.858345+00:00', 'ce85354f-d4c6-53ed-9f90-2474c59ee478', false, false, true) ON CONFLICT (id) DO NOTHING;
INSERT INTO public.document_artifact (created_at, updated_at, id, generated, mcp, active) VALUES ('2026-03-10 17:46:48.283744+00:00', '2026-03-10 17:46:49.862739+00:00', '6b85d34d-459a-5590-8b44-6e5932661c14', false, false, true) ON CONFLICT (id) DO NOTHING;
INSERT INTO public.document_artifact (created_at, updated_at, id, generated, mcp, active) VALUES ('2026-03-10 17:46:48.287976+00:00', '2026-03-10 17:46:49.867156+00:00', '46652123-9d97-5942-a42c-dd7a1048f3e1', false, false, true) ON CONFLICT (id) DO NOTHING;
INSERT INTO public.document_artifact (created_at, updated_at, id, generated, mcp, active) VALUES ('2026-03-10 17:46:48.296680+00:00', '2026-03-10 17:46:49.872310+00:00', '33aba6e7-5473-5726-bd07-b83f9551c7d4', false, false, true) ON CONFLICT (id) DO NOTHING;
INSERT INTO public.document_artifact (created_at, updated_at, id, generated, mcp, active) VALUES ('2026-03-10 17:46:48.300931+00:00', '2026-03-10 17:46:49.876678+00:00', 'c261d66b-91ca-5800-bbd0-7d6be790bf70', false, false, true) ON CONFLICT (id) DO NOTHING;
INSERT INTO public.document_artifact (created_at, updated_at, id, generated, mcp, active) VALUES ('2026-03-10 17:46:48.271145+00:00', '2026-03-10 17:46:49.880872+00:00', '1659389c-1c68-5ca9-9c15-c60b23677869', false, false, true) ON CONFLICT (id) DO NOTHING;
INSERT INTO public.document_artifact (created_at, updated_at, id, generated, mcp, active) VALUES ('2026-03-10 17:46:48.260541+00:00', '2026-03-10 17:46:49.896342+00:00', '7d484920-1494-55e3-93d9-8698a3b5f719', false, false, true) ON CONFLICT (id) DO NOTHING;
INSERT INTO public.document_artifact (created_at, updated_at, id, generated, mcp, active) VALUES ('2026-03-10 17:46:48.266709+00:00', '2026-03-10 17:46:49.901136+00:00', 'd87b1ac2-fe9a-5de0-940e-d4bf1150ef27', false, false, true) ON CONFLICT (id) DO NOTHING;
INSERT INTO public.document_artifact (created_at, updated_at, id, generated, mcp, active) VALUES ('2026-03-10 17:46:48.253556+00:00', '2026-03-10 17:46:49.906407+00:00', '6db02639-8cab-52e6-b4ba-6ff17adbdbea', false, false, true) ON CONFLICT (id) DO NOTHING;

-- document_departments_junction
INSERT INTO public.document_departments_junction (active, created_at, departments_id, document_id, generated, mcp) VALUES (true, '2026-03-10 17:46:48.253556+00:00', 'a2b369c1-a81e-5e02-98d5-dd42af15ae4a', '6db02639-8cab-52e6-b4ba-6ff17adbdbea', false, false) ON CONFLICT (id) DO NOTHING;
INSERT INTO public.document_departments_junction (active, created_at, departments_id, document_id, generated, mcp) VALUES (true, '2026-03-10 17:46:48.260541+00:00', 'a2b369c1-a81e-5e02-98d5-dd42af15ae4a', '7d484920-1494-55e3-93d9-8698a3b5f719', false, false) ON CONFLICT (id) DO NOTHING;
INSERT INTO public.document_departments_junction (active, created_at, departments_id, document_id, generated, mcp) VALUES (true, '2026-03-10 17:46:48.266709+00:00', 'a2b369c1-a81e-5e02-98d5-dd42af15ae4a', 'd87b1ac2-fe9a-5de0-940e-d4bf1150ef27', false, false) ON CONFLICT (id) DO NOTHING;
INSERT INTO public.document_departments_junction (active, created_at, departments_id, document_id, generated, mcp) VALUES (true, '2026-03-10 17:46:48.271145+00:00', 'a2b369c1-a81e-5e02-98d5-dd42af15ae4a', '1659389c-1c68-5ca9-9c15-c60b23677869', false, false) ON CONFLICT (id) DO NOTHING;
INSERT INTO public.document_departments_junction (active, created_at, departments_id, document_id, generated, mcp) VALUES (true, '2026-03-10 17:46:48.275390+00:00', 'a2b369c1-a81e-5e02-98d5-dd42af15ae4a', 'f4894390-e8af-5697-9b2d-85d1728ffca3', false, false) ON CONFLICT (id) DO NOTHING;
INSERT INTO public.document_departments_junction (active, created_at, departments_id, document_id, generated, mcp) VALUES (true, '2026-03-10 17:46:48.279660+00:00', 'a2b369c1-a81e-5e02-98d5-dd42af15ae4a', 'ce85354f-d4c6-53ed-9f90-2474c59ee478', false, false) ON CONFLICT (id) DO NOTHING;
INSERT INTO public.document_departments_junction (active, created_at, departments_id, document_id, generated, mcp) VALUES (true, '2026-03-10 17:46:48.283744+00:00', 'a2b369c1-a81e-5e02-98d5-dd42af15ae4a', '6b85d34d-459a-5590-8b44-6e5932661c14', false, false) ON CONFLICT (id) DO NOTHING;
INSERT INTO public.document_departments_junction (active, created_at, departments_id, document_id, generated, mcp) VALUES (true, '2026-03-10 17:46:48.287976+00:00', 'a2b369c1-a81e-5e02-98d5-dd42af15ae4a', '46652123-9d97-5942-a42c-dd7a1048f3e1', false, false) ON CONFLICT (id) DO NOTHING;
INSERT INTO public.document_departments_junction (active, created_at, departments_id, document_id, generated, mcp) VALUES (true, '2026-03-10 17:46:48.292265+00:00', 'a2b369c1-a81e-5e02-98d5-dd42af15ae4a', '1bd17ec9-860e-51fc-bfd2-7a8409f7b004', false, false) ON CONFLICT (id) DO NOTHING;
INSERT INTO public.document_departments_junction (active, created_at, departments_id, document_id, generated, mcp) VALUES (true, '2026-03-10 17:46:48.296680+00:00', 'a2b369c1-a81e-5e02-98d5-dd42af15ae4a', '33aba6e7-5473-5726-bd07-b83f9551c7d4', false, false) ON CONFLICT (id) DO NOTHING;
INSERT INTO public.document_departments_junction (active, created_at, departments_id, document_id, generated, mcp) VALUES (true, '2026-03-10 17:46:48.300931+00:00', 'a2b369c1-a81e-5e02-98d5-dd42af15ae4a', 'c261d66b-91ca-5800-bbd0-7d6be790bf70', false, false) ON CONFLICT (id) DO NOTHING;

-- document_descriptions_junction
INSERT INTO public.document_descriptions_junction (document_id, descriptions_id, created_at, generated, mcp, active) VALUES ('6db02639-8cab-52e6-b4ba-6ff17adbdbea', '019cd8db-c811-7c02-90ef-3345f0e5433e', '2026-03-10 17:46:48.253556+00:00', false, false, true) ON CONFLICT (id) DO NOTHING;
INSERT INTO public.document_descriptions_junction (document_id, descriptions_id, created_at, generated, mcp, active) VALUES ('7d484920-1494-55e3-93d9-8698a3b5f719', '019cd8db-c817-76a6-b529-68203d71e651', '2026-03-10 17:46:48.260541+00:00', false, false, true) ON CONFLICT (id) DO NOTHING;
INSERT INTO public.document_descriptions_junction (document_id, descriptions_id, created_at, generated, mcp, active) VALUES ('d87b1ac2-fe9a-5de0-940e-d4bf1150ef27', '019cd8db-c81b-7bd4-b20d-049af0591734', '2026-03-10 17:46:48.266709+00:00', false, false, true) ON CONFLICT (id) DO NOTHING;
INSERT INTO public.document_descriptions_junction (document_id, descriptions_id, created_at, generated, mcp, active) VALUES ('1659389c-1c68-5ca9-9c15-c60b23677869', '019cd8db-c81f-7969-8c62-3e0ec7001900', '2026-03-10 17:46:48.271145+00:00', false, false, true) ON CONFLICT (id) DO NOTHING;
INSERT INTO public.document_descriptions_junction (document_id, descriptions_id, created_at, generated, mcp, active) VALUES ('f4894390-e8af-5697-9b2d-85d1728ffca3', '019cd8db-c824-76f3-b51b-177570a94b70', '2026-03-10 17:46:48.275390+00:00', false, false, true) ON CONFLICT (id) DO NOTHING;
INSERT INTO public.document_descriptions_junction (document_id, descriptions_id, created_at, generated, mcp, active) VALUES ('ce85354f-d4c6-53ed-9f90-2474c59ee478', '019cd8db-c829-723f-a9c0-d6397c2420c0', '2026-03-10 17:46:48.279660+00:00', false, false, true) ON CONFLICT (id) DO NOTHING;
INSERT INTO public.document_descriptions_junction (document_id, descriptions_id, created_at, generated, mcp, active) VALUES ('6b85d34d-459a-5590-8b44-6e5932661c14', '019cd8db-c82c-7363-99d6-d5f408757ffc', '2026-03-10 17:46:48.283744+00:00', false, false, true) ON CONFLICT (id) DO NOTHING;
INSERT INTO public.document_descriptions_junction (document_id, descriptions_id, created_at, generated, mcp, active) VALUES ('46652123-9d97-5942-a42c-dd7a1048f3e1', '019cd8db-c82f-74ef-86c0-f57ff303d406', '2026-03-10 17:46:48.287976+00:00', false, false, true) ON CONFLICT (id) DO NOTHING;
INSERT INTO public.document_descriptions_junction (document_id, descriptions_id, created_at, generated, mcp, active) VALUES ('1bd17ec9-860e-51fc-bfd2-7a8409f7b004', '019cd8db-c832-751e-b11a-4de752c9c7b1', '2026-03-10 17:46:48.292265+00:00', false, false, true) ON CONFLICT (id) DO NOTHING;
INSERT INTO public.document_descriptions_junction (document_id, descriptions_id, created_at, generated, mcp, active) VALUES ('33aba6e7-5473-5726-bd07-b83f9551c7d4', '019cd8db-c835-7555-98a4-01a78fdf9281', '2026-03-10 17:46:48.296680+00:00', false, false, true) ON CONFLICT (id) DO NOTHING;
INSERT INTO public.document_descriptions_junction (document_id, descriptions_id, created_at, generated, mcp, active) VALUES ('c261d66b-91ca-5800-bbd0-7d6be790bf70', '019cd8db-c838-758d-ac32-f4180c8fd19e', '2026-03-10 17:46:48.300931+00:00', false, false, true) ON CONFLICT (id) DO NOTHING;

-- document_documents_junction
INSERT INTO public.document_documents_junction (document_id, documents_id, active, created_at, generated, mcp) VALUES ('6db02639-8cab-52e6-b4ba-6ff17adbdbea', '6db02639-8cab-52e6-b4ba-6ff17adbdbea', true, '2026-03-10 17:46:48.253556+00:00', false, false) ON CONFLICT (id) DO NOTHING;
INSERT INTO public.document_documents_junction (document_id, documents_id, active, created_at, generated, mcp) VALUES ('7d484920-1494-55e3-93d9-8698a3b5f719', '7d484920-1494-55e3-93d9-8698a3b5f719', true, '2026-03-10 17:46:48.260541+00:00', false, false) ON CONFLICT (id) DO NOTHING;
INSERT INTO public.document_documents_junction (document_id, documents_id, active, created_at, generated, mcp) VALUES ('d87b1ac2-fe9a-5de0-940e-d4bf1150ef27', 'd87b1ac2-fe9a-5de0-940e-d4bf1150ef27', true, '2026-03-10 17:46:48.266709+00:00', false, false) ON CONFLICT (id) DO NOTHING;
INSERT INTO public.document_documents_junction (document_id, documents_id, active, created_at, generated, mcp) VALUES ('1659389c-1c68-5ca9-9c15-c60b23677869', '1659389c-1c68-5ca9-9c15-c60b23677869', true, '2026-03-10 17:46:48.271145+00:00', false, false) ON CONFLICT (id) DO NOTHING;
INSERT INTO public.document_documents_junction (document_id, documents_id, active, created_at, generated, mcp) VALUES ('f4894390-e8af-5697-9b2d-85d1728ffca3', 'f4894390-e8af-5697-9b2d-85d1728ffca3', true, '2026-03-10 17:46:48.275390+00:00', false, false) ON CONFLICT (id) DO NOTHING;
INSERT INTO public.document_documents_junction (document_id, documents_id, active, created_at, generated, mcp) VALUES ('ce85354f-d4c6-53ed-9f90-2474c59ee478', 'ce85354f-d4c6-53ed-9f90-2474c59ee478', true, '2026-03-10 17:46:48.279660+00:00', false, false) ON CONFLICT (id) DO NOTHING;
INSERT INTO public.document_documents_junction (document_id, documents_id, active, created_at, generated, mcp) VALUES ('6b85d34d-459a-5590-8b44-6e5932661c14', '6b85d34d-459a-5590-8b44-6e5932661c14', true, '2026-03-10 17:46:48.283744+00:00', false, false) ON CONFLICT (id) DO NOTHING;
INSERT INTO public.document_documents_junction (document_id, documents_id, active, created_at, generated, mcp) VALUES ('46652123-9d97-5942-a42c-dd7a1048f3e1', '46652123-9d97-5942-a42c-dd7a1048f3e1', true, '2026-03-10 17:46:48.287976+00:00', false, false) ON CONFLICT (id) DO NOTHING;
INSERT INTO public.document_documents_junction (document_id, documents_id, active, created_at, generated, mcp) VALUES ('1bd17ec9-860e-51fc-bfd2-7a8409f7b004', '1bd17ec9-860e-51fc-bfd2-7a8409f7b004', true, '2026-03-10 17:46:48.292265+00:00', false, false) ON CONFLICT (id) DO NOTHING;
INSERT INTO public.document_documents_junction (document_id, documents_id, active, created_at, generated, mcp) VALUES ('33aba6e7-5473-5726-bd07-b83f9551c7d4', '33aba6e7-5473-5726-bd07-b83f9551c7d4', true, '2026-03-10 17:46:48.296680+00:00', false, false) ON CONFLICT (id) DO NOTHING;
INSERT INTO public.document_documents_junction (document_id, documents_id, active, created_at, generated, mcp) VALUES ('c261d66b-91ca-5800-bbd0-7d6be790bf70', 'c261d66b-91ca-5800-bbd0-7d6be790bf70', true, '2026-03-10 17:46:48.300931+00:00', false, false) ON CONFLICT (id) DO NOTHING;

-- document_files_junction
INSERT INTO public.document_files_junction (active, created_at, files_id, document_id, generated, mcp) VALUES (true, '2026-03-10 17:46:49.897059+00:00', '019cd8db-cea4-757d-8187-2cb16716c2ea', '7d484920-1494-55e3-93d9-8698a3b5f719', false, false) ON CONFLICT (id) DO NOTHING;
INSERT INTO public.document_files_junction (active, created_at, files_id, document_id, generated, mcp) VALUES (true, '2026-03-10 17:46:49.901603+00:00', '019cd8db-ceaa-7862-92c6-25e4c5ca5541', 'd87b1ac2-fe9a-5de0-940e-d4bf1150ef27', false, false) ON CONFLICT (id) DO NOTHING;
INSERT INTO public.document_files_junction (active, created_at, files_id, document_id, generated, mcp) VALUES (true, '2026-03-10 17:46:49.906866+00:00', '019cd8db-ceaf-7c1a-9e3f-4b63d154beeb', '6db02639-8cab-52e6-b4ba-6ff17adbdbea', false, false) ON CONFLICT (id) DO NOTHING;

-- document_names_junction
INSERT INTO public.document_names_junction (document_id, names_id, created_at, generated, mcp, active) VALUES ('6db02639-8cab-52e6-b4ba-6ff17adbdbea', '019cd8db-c80e-76c6-a22e-6c545f22cc4a', '2026-03-10 17:46:48.253556+00:00', false, false, true) ON CONFLICT (id) DO NOTHING;
INSERT INTO public.document_names_junction (document_id, names_id, created_at, generated, mcp, active) VALUES ('7d484920-1494-55e3-93d9-8698a3b5f719', '019cd8db-c815-70cd-873a-6289a3ddaeb4', '2026-03-10 17:46:48.260541+00:00', false, false, true) ON CONFLICT (id) DO NOTHING;
INSERT INTO public.document_names_junction (document_id, names_id, created_at, generated, mcp, active) VALUES ('d87b1ac2-fe9a-5de0-940e-d4bf1150ef27', '019cd8db-c819-7a4f-8d79-7653074c2a76', '2026-03-10 17:46:48.266709+00:00', false, false, true) ON CONFLICT (id) DO NOTHING;
INSERT INTO public.document_names_junction (document_id, names_id, created_at, generated, mcp, active) VALUES ('1659389c-1c68-5ca9-9c15-c60b23677869', '019cd8db-c81d-7a09-a440-aab30baa421e', '2026-03-10 17:46:48.271145+00:00', false, false, true) ON CONFLICT (id) DO NOTHING;
INSERT INTO public.document_names_junction (document_id, names_id, created_at, generated, mcp, active) VALUES ('f4894390-e8af-5697-9b2d-85d1728ffca3', '019cd8db-c821-7d08-966e-65ad4b79ae61', '2026-03-10 17:46:48.275390+00:00', false, false, true) ON CONFLICT (id) DO NOTHING;
INSERT INTO public.document_names_junction (document_id, names_id, created_at, generated, mcp, active) VALUES ('ce85354f-d4c6-53ed-9f90-2474c59ee478', '019cd8db-c827-752e-bd44-cdbf49bf7fa1', '2026-03-10 17:46:48.279660+00:00', false, false, true) ON CONFLICT (id) DO NOTHING;
INSERT INTO public.document_names_junction (document_id, names_id, created_at, generated, mcp, active) VALUES ('6b85d34d-459a-5590-8b44-6e5932661c14', '019cd8db-c82a-7b35-8c09-a4aba99cd923', '2026-03-10 17:46:48.283744+00:00', false, false, true) ON CONFLICT (id) DO NOTHING;
INSERT INTO public.document_names_junction (document_id, names_id, created_at, generated, mcp, active) VALUES ('46652123-9d97-5942-a42c-dd7a1048f3e1', '019cd8db-c82d-7cec-9c8a-e442693f554b', '2026-03-10 17:46:48.287976+00:00', false, false, true) ON CONFLICT (id) DO NOTHING;
INSERT INTO public.document_names_junction (document_id, names_id, created_at, generated, mcp, active) VALUES ('1bd17ec9-860e-51fc-bfd2-7a8409f7b004', '019cd8db-c830-7d3b-a1c6-19a9730b4583', '2026-03-10 17:46:48.292265+00:00', false, false, true) ON CONFLICT (id) DO NOTHING;
INSERT INTO public.document_names_junction (document_id, names_id, created_at, generated, mcp, active) VALUES ('33aba6e7-5473-5726-bd07-b83f9551c7d4', '019cd8db-c833-7d80-ad43-d1493c8a42d9', '2026-03-10 17:46:48.296680+00:00', false, false, true) ON CONFLICT (id) DO NOTHING;
INSERT INTO public.document_names_junction (document_id, names_id, created_at, generated, mcp, active) VALUES ('c261d66b-91ca-5800-bbd0-7d6be790bf70', '019cd8db-c836-7d07-af7e-2bcf6e0f801a', '2026-03-10 17:46:48.300931+00:00', false, false, true) ON CONFLICT (id) DO NOTHING;

-- document_texts_junction
INSERT INTO public.document_texts_junction (document_id, texts_id, active, created_at, generated, mcp) VALUES ('f4894390-e8af-5697-9b2d-85d1728ffca3', '019cd8db-ce78-7c4f-83be-241bb01122e3', true, '2026-03-10 17:46:49.853914+00:00', false, false) ON CONFLICT (id) DO NOTHING;
INSERT INTO public.document_texts_junction (document_id, texts_id, active, created_at, generated, mcp) VALUES ('ce85354f-d4c6-53ed-9f90-2474c59ee478', '019cd8db-ce7f-774b-bf18-3257574f1269', true, '2026-03-10 17:46:49.858866+00:00', false, false) ON CONFLICT (id) DO NOTHING;
INSERT INTO public.document_texts_junction (document_id, texts_id, active, created_at, generated, mcp) VALUES ('6b85d34d-459a-5590-8b44-6e5932661c14', '019cd8db-ce84-7188-844f-222c15d4b583', true, '2026-03-10 17:46:49.863211+00:00', false, false) ON CONFLICT (id) DO NOTHING;
INSERT INTO public.document_texts_junction (document_id, texts_id, active, created_at, generated, mcp) VALUES ('46652123-9d97-5942-a42c-dd7a1048f3e1', '019cd8db-ce88-7761-85e1-cfbf0b3751bf', true, '2026-03-10 17:46:49.867616+00:00', false, false) ON CONFLICT (id) DO NOTHING;
INSERT INTO public.document_texts_junction (document_id, texts_id, active, created_at, generated, mcp) VALUES ('33aba6e7-5473-5726-bd07-b83f9551c7d4', '019cd8db-ce8d-7b50-b6bd-c95341d3505c', true, '2026-03-10 17:46:49.872783+00:00', false, false) ON CONFLICT (id) DO NOTHING;
INSERT INTO public.document_texts_junction (document_id, texts_id, active, created_at, generated, mcp) VALUES ('c261d66b-91ca-5800-bbd0-7d6be790bf70', '019cd8db-ce92-706c-9b31-40329accf0d6', true, '2026-03-10 17:46:49.877128+00:00', false, false) ON CONFLICT (id) DO NOTHING;
INSERT INTO public.document_texts_junction (document_id, texts_id, active, created_at, generated, mcp) VALUES ('1659389c-1c68-5ca9-9c15-c60b23677869', '019cd8db-ce96-74ed-b207-798f98b9ae6e', true, '2026-03-10 17:46:49.881353+00:00', false, false) ON CONFLICT (id) DO NOTHING;
INSERT INTO public.document_texts_junction (document_id, texts_id, active, created_at, generated, mcp) VALUES ('6db02639-8cab-52e6-b4ba-6ff17adbdbea', '019cd8db-ce9a-7990-a599-418031b1ed33', true, '2026-03-10 17:46:49.885666+00:00', false, false) ON CONFLICT (id) DO NOTHING;

-- documents_resource
INSERT INTO public.documents_resource (created_at, active, generated, mcp, id, name, description, department_ids, file_id, text_id, image_ids, template, parameter_field_ids) VALUES ('2026-03-10 17:46:48.250887+00:00', true, false, false, '6db02639-8cab-52e6-b4ba-6ff17adbdbea', 'Academic Integrity Policy', 'Academic integrity and honor code policy document', '{}', NULL, NULL, '{}', false, '{}') ON CONFLICT (id) DO NOTHING;
INSERT INTO public.documents_resource (created_at, active, generated, mcp, id, name, description, department_ids, file_id, text_id, image_ids, template, parameter_field_ids) VALUES ('2026-03-10 17:46:48.258020+00:00', true, false, false, '7d484920-1494-55e3-93d9-8698a3b5f719', 'FERPA Policy', 'Family Educational Rights and Privacy Act (FERPA) policy document', '{}', NULL, NULL, '{}', false, '{}') ON CONFLICT (id) DO NOTHING;
INSERT INTO public.documents_resource (created_at, active, generated, mcp, id, name, description, department_ids, file_id, text_id, image_ids, template, parameter_field_ids) VALUES ('2026-03-10 17:46:48.264843+00:00', true, false, false, 'd87b1ac2-fe9a-5de0-940e-d4bf1150ef27', 'FERPA', 'FERPA compliance and student privacy guidelines', '{}', NULL, NULL, '{}', false, '{}') ON CONFLICT (id) DO NOTHING;
INSERT INTO public.documents_resource (created_at, active, generated, mcp, id, name, description, department_ids, file_id, text_id, image_ids, template, parameter_field_ids) VALUES ('2026-03-10 17:46:48.269270+00:00', true, false, false, '1659389c-1c68-5ca9-9c15-c60b23677869', 'Syllabus Template', 'Template document for syllabus', '{}', NULL, NULL, '{}', false, '{}') ON CONFLICT (id) DO NOTHING;
INSERT INTO public.documents_resource (created_at, active, generated, mcp, id, name, description, department_ids, file_id, text_id, image_ids, template, parameter_field_ids) VALUES ('2026-03-10 17:46:48.273587+00:00', true, false, false, 'f4894390-e8af-5697-9b2d-85d1728ffca3', 'Homework Template', 'Template document for homework', '{}', NULL, NULL, '{}', false, '{}') ON CONFLICT (id) DO NOTHING;
INSERT INTO public.documents_resource (created_at, active, generated, mcp, id, name, description, department_ids, file_id, text_id, image_ids, template, parameter_field_ids) VALUES ('2026-03-10 17:46:48.277850+00:00', true, false, false, 'ce85354f-d4c6-53ed-9f90-2474c59ee478', 'Lab Template', 'Template document for lab', '{}', NULL, NULL, '{}', false, '{}') ON CONFLICT (id) DO NOTHING;
INSERT INTO public.documents_resource (created_at, active, generated, mcp, id, name, description, department_ids, file_id, text_id, image_ids, template, parameter_field_ids) VALUES ('2026-03-10 17:46:48.282005+00:00', true, false, false, '6b85d34d-459a-5590-8b44-6e5932661c14', 'Lecture Template', 'Template document for lecture', '{}', NULL, NULL, '{}', false, '{}') ON CONFLICT (id) DO NOTHING;
INSERT INTO public.documents_resource (created_at, active, generated, mcp, id, name, description, department_ids, file_id, text_id, image_ids, template, parameter_field_ids) VALUES ('2026-03-10 17:46:48.286136+00:00', true, false, false, '46652123-9d97-5942-a42c-dd7a1048f3e1', 'Midterm Template', 'Template document for midterm', '{}', NULL, NULL, '{}', false, '{}') ON CONFLICT (id) DO NOTHING;
INSERT INTO public.documents_resource (created_at, active, generated, mcp, id, name, description, department_ids, file_id, text_id, image_ids, template, parameter_field_ids) VALUES ('2026-03-10 17:46:48.290418+00:00', true, false, false, '1bd17ec9-860e-51fc-bfd2-7a8409f7b004', 'Policy Template', 'Template document for policy', '{}', NULL, NULL, '{}', false, '{}') ON CONFLICT (id) DO NOTHING;
INSERT INTO public.documents_resource (created_at, active, generated, mcp, id, name, description, department_ids, file_id, text_id, image_ids, template, parameter_field_ids) VALUES ('2026-03-10 17:46:48.294744+00:00', true, false, false, '33aba6e7-5473-5726-bd07-b83f9551c7d4', 'Project Template', 'Template document for project', '{}', NULL, NULL, '{}', false, '{}') ON CONFLICT (id) DO NOTHING;
INSERT INTO public.documents_resource (created_at, active, generated, mcp, id, name, description, department_ids, file_id, text_id, image_ids, template, parameter_field_ids) VALUES ('2026-03-10 17:46:48.299157+00:00', true, false, false, 'c261d66b-91ca-5800-bbd0-7d6be790bf70', 'Quiz Template', 'Template document for quiz', '{}', NULL, NULL, '{}', false, '{}') ON CONFLICT (id) DO NOTHING;

-- emails_resource
INSERT INTO public.emails_resource (id, email, created_at, active, generated, mcp, is_primary) VALUES ('019cd8db-ceb9-742a-bb9f-b0abd30e643b', 'default-admin@university.edu', '2026-03-10 17:46:49.912933+00:00', true, false, false, false) ON CONFLICT (id) DO NOTHING;
INSERT INTO public.emails_resource (id, email, created_at, active, generated, mcp, is_primary) VALUES ('019cd8db-cebe-796d-b726-36c998590739', 'default-guest@university.edu', '2026-03-10 17:46:49.918571+00:00', true, false, false, false) ON CONFLICT (id) DO NOTHING;
INSERT INTO public.emails_resource (id, email, created_at, active, generated, mcp, is_primary) VALUES ('019cd8db-cec2-7cc2-9be0-4add310ccbdc', 'default-instructional@university.edu', '2026-03-10 17:46:49.922781+00:00', true, false, false, false) ON CONFLICT (id) DO NOTHING;
INSERT INTO public.emails_resource (id, email, created_at, active, generated, mcp, is_primary) VALUES ('019cd8db-cec6-75d4-9962-cc2ee16112f8', 'default-member@university.edu', '2026-03-10 17:46:49.926348+00:00', true, false, false, false) ON CONFLICT (id) DO NOTHING;
INSERT INTO public.emails_resource (id, email, created_at, active, generated, mcp, is_primary) VALUES ('019cd8db-cec9-7e9b-9239-81288abae089', 'default-superadmin@university.edu', '2026-03-10 17:46:49.929894+00:00', true, false, false, false) ON CONFLICT (id) DO NOTHING;

-- examples_resource
INSERT INTO public.examples_resource (created_at, example, id, generated, mcp, active) VALUES ('2026-03-10 17:46:48.331864+00:00', 'I don''t understand', '019cd8db-c88c-71d4-b510-15eac1531764', false, false, true) ON CONFLICT (id) DO NOTHING;
INSERT INTO public.examples_resource (created_at, example, id, generated, mcp, active) VALUES ('2026-03-10 17:46:48.334255+00:00', 'Can you explain that again?', '019cd8db-c88e-744f-80aa-86443d4a4f57', false, false, true) ON CONFLICT (id) DO NOTHING;
INSERT INTO public.examples_resource (created_at, example, id, generated, mcp, active) VALUES ('2026-03-10 17:46:48.336058+00:00', 'What does that mean?', '019cd8db-c890-7123-a3a9-7f903cd6a411', false, false, true) ON CONFLICT (id) DO NOTHING;
INSERT INTO public.examples_resource (created_at, example, id, generated, mcp, active) VALUES ('2026-03-10 17:46:48.358087+00:00', 'That sounds great!', '019cd8db-c8a6-719b-82cf-6948076b4aa1', false, false, true) ON CONFLICT (id) DO NOTHING;
INSERT INTO public.examples_resource (created_at, example, id, generated, mcp, active) VALUES ('2026-03-10 17:46:48.359856+00:00', 'I''m excited to learn more', '019cd8db-c8a7-7dee-b804-2aa9eecd8418', false, false, true) ON CONFLICT (id) DO NOTHING;
INSERT INTO public.examples_resource (created_at, example, id, generated, mcp, active) VALUES ('2026-03-10 17:46:48.361563+00:00', 'This is really helpful!', '019cd8db-c8a9-7936-8b7f-8bc152090296', false, false, true) ON CONFLICT (id) DO NOTHING;
INSERT INTO public.examples_resource (created_at, example, id, generated, mcp, active) VALUES ('2026-03-10 17:46:48.375055+00:00', 'I guess that could work', '019cd8db-c8b7-70ff-b9b9-af39dc7b5c57', false, false, true) ON CONFLICT (id) DO NOTHING;
INSERT INTO public.examples_resource (created_at, example, id, generated, mcp, active) VALUES ('2026-03-10 17:46:48.376727+00:00', 'Maybe that''s okay', '019cd8db-c8b8-7bbd-ac94-abe25b32d0c0', false, false, true) ON CONFLICT (id) DO NOTHING;
INSERT INTO public.examples_resource (created_at, example, id, generated, mcp, active) VALUES ('2026-03-10 17:46:48.378372+00:00', 'I''m not sure', '019cd8db-c8ba-760f-8c2d-b445199c4566', false, false, true) ON CONFLICT (id) DO NOTHING;
INSERT INTO public.examples_resource (created_at, example, id, generated, mcp, active) VALUES ('2026-03-10 17:46:48.391929+00:00', 'That''s not right at all!', '019cd8db-c8c7-7f06-9bf8-f16723b60d06', false, false, true) ON CONFLICT (id) DO NOTHING;
INSERT INTO public.examples_resource (created_at, example, id, generated, mcp, active) VALUES ('2026-03-10 17:46:48.393696+00:00', 'I disagree completely', '019cd8db-c8c9-7b45-9f83-3b828a66c1d7', false, false, true) ON CONFLICT (id) DO NOTHING;
INSERT INTO public.examples_resource (created_at, example, id, generated, mcp, active) VALUES ('2026-03-10 17:46:48.395438+00:00', 'You''re wrong about this', '019cd8db-c8cb-771d-97c5-02c86bab22af', false, false, true) ON CONFLICT (id) DO NOTHING;
INSERT INTO public.examples_resource (created_at, example, id, generated, mcp, active) VALUES ('2026-03-10 17:46:48.410113+00:00', 'That''s not right at all!', '019cd8db-c8da-71f6-bfbb-6537b1145406', false, false, true) ON CONFLICT (id) DO NOTHING;
INSERT INTO public.examples_resource (created_at, example, id, generated, mcp, active) VALUES ('2026-03-10 17:46:48.411733+00:00', 'I disagree completely', '019cd8db-c8db-7bde-9a86-2985bf8eb19a', false, false, true) ON CONFLICT (id) DO NOTHING;
INSERT INTO public.examples_resource (created_at, example, id, generated, mcp, active) VALUES ('2026-03-10 17:46:48.413430+00:00', 'You''re wrong about this', '019cd8db-c8dd-76f9-a4d0-75b0274d353c', false, false, true) ON CONFLICT (id) DO NOTHING;
INSERT INTO public.examples_resource (created_at, example, id, generated, mcp, active) VALUES ('2026-03-10 17:46:48.426298+00:00', 'That''s not right at all!', '019cd8db-c8ea-74df-abd0-e7cfb46fd5ea', false, false, true) ON CONFLICT (id) DO NOTHING;
INSERT INTO public.examples_resource (created_at, example, id, generated, mcp, active) VALUES ('2026-03-10 17:46:48.427870+00:00', 'I disagree completely', '019cd8db-c8eb-7e04-a7e2-a61602f154af', false, false, true) ON CONFLICT (id) DO NOTHING;
INSERT INTO public.examples_resource (created_at, example, id, generated, mcp, active) VALUES ('2026-03-10 17:46:48.429460+00:00', 'You''re wrong about this', '019cd8db-c8ed-777b-84c8-9248c29f8540', false, false, true) ON CONFLICT (id) DO NOTHING;
INSERT INTO public.examples_resource (created_at, example, id, generated, mcp, active) VALUES ('2026-03-10 17:46:48.444053+00:00', 'Let me clarify the course policy on this matter', '019cd8db-c8fc-70f5-becf-9dee57ad625d', false, false, true) ON CONFLICT (id) DO NOTHING;
INSERT INTO public.examples_resource (created_at, example, id, generated, mcp, active) VALUES ('2026-03-10 17:46:48.445876+00:00', 'Based on the syllabus, here''s what you need to know', '019cd8db-c8fd-7e1e-af8c-130afb95544b', false, false, true) ON CONFLICT (id) DO NOTHING;
INSERT INTO public.examples_resource (created_at, example, id, generated, mcp, active) VALUES ('2026-03-10 17:46:48.447586+00:00', 'I want to ensure you understand the academic integrity expectations', '019cd8db-c8ff-7979-9b99-bcb179e7cd7e', false, false, true) ON CONFLICT (id) DO NOTHING;
INSERT INTO public.examples_resource (created_at, example, id, generated, mcp, active) VALUES ('2026-03-10 17:46:48.461021+00:00', 'Can you explain this concept again?', '019cd8db-c90d-7075-aa40-36df7cd21a69', false, false, true) ON CONFLICT (id) DO NOTHING;
INSERT INTO public.examples_resource (created_at, example, id, generated, mcp, active) VALUES ('2026-03-10 17:46:48.462699+00:00', 'I''m not sure I understand the assignment requirements', '019cd8db-c90e-7b49-82cb-5b102f0cf96e', false, false, true) ON CONFLICT (id) DO NOTHING;
INSERT INTO public.examples_resource (created_at, example, id, generated, mcp, active) VALUES ('2026-03-10 17:46:48.464374+00:00', 'What should I focus on for the exam?', '019cd8db-c910-7615-82df-bcce2150ef61', false, false, true) ON CONFLICT (id) DO NOTHING;
INSERT INTO public.examples_resource (created_at, example, id, generated, mcp, active) VALUES ('2026-03-10 17:46:48.477857+00:00', 'I can help you understand how to submit your assignment', '019cd8db-c91d-7ddd-956a-f673c4f35a29', false, false, true) ON CONFLICT (id) DO NOTHING;
INSERT INTO public.examples_resource (created_at, example, id, generated, mcp, active) VALUES ('2026-03-10 17:46:48.479589+00:00', 'Let me walk you through the grading policy', '019cd8db-c91f-798c-b074-25ca817d4e8a', false, false, true) ON CONFLICT (id) DO NOTHING;
INSERT INTO public.examples_resource (created_at, example, id, generated, mcp, active) VALUES ('2026-03-10 17:46:48.481266+00:00', 'Here''s what you need to know about office hours', '019cd8db-c921-745e-b3b2-2f9ef5f586cd', false, false, true) ON CONFLICT (id) DO NOTHING;

-- field_artifact
INSERT INTO public.field_artifact (created_at, updated_at, id, generated, mcp, active) VALUES ('2026-03-10 17:46:49.030083+00:00', '2026-03-10 17:46:49.030083+00:00', 'b4b10b4c-7855-5cdc-a826-52a5552d5308', false, false, true) ON CONFLICT (id) DO NOTHING;
INSERT INTO public.field_artifact (created_at, updated_at, id, generated, mcp, active) VALUES ('2026-03-10 17:46:49.035666+00:00', '2026-03-10 17:46:49.035666+00:00', '333655bb-5bd5-57e6-828e-0d9897ba4aaf', false, false, true) ON CONFLICT (id) DO NOTHING;
INSERT INTO public.field_artifact (created_at, updated_at, id, generated, mcp, active) VALUES ('2026-03-10 17:46:49.040021+00:00', '2026-03-10 17:46:49.040021+00:00', '53d2f11d-9f82-58ce-acb6-b18bf6867896', false, false, true) ON CONFLICT (id) DO NOTHING;
INSERT INTO public.field_artifact (created_at, updated_at, id, generated, mcp, active) VALUES ('2026-03-10 17:46:49.045539+00:00', '2026-03-10 17:46:49.045539+00:00', 'f328a130-ea03-5b66-8df2-7a29e50816ba', false, false, true) ON CONFLICT (id) DO NOTHING;
INSERT INTO public.field_artifact (created_at, updated_at, id, generated, mcp, active) VALUES ('2026-03-10 17:46:49.049517+00:00', '2026-03-10 17:46:49.049517+00:00', '1284a089-9c3c-5902-8b36-b7bd2cc43153', false, false, true) ON CONFLICT (id) DO NOTHING;
INSERT INTO public.field_artifact (created_at, updated_at, id, generated, mcp, active) VALUES ('2026-03-10 17:46:49.053522+00:00', '2026-03-10 17:46:49.053522+00:00', '932a1aeb-5152-55f3-a6d2-aa5e3e07f3a8', false, false, true) ON CONFLICT (id) DO NOTHING;
INSERT INTO public.field_artifact (created_at, updated_at, id, generated, mcp, active) VALUES ('2026-03-10 17:46:49.057462+00:00', '2026-03-10 17:46:49.057462+00:00', '35fbfb0b-dd5f-58c7-ae42-135113cdab42', false, false, true) ON CONFLICT (id) DO NOTHING;
INSERT INTO public.field_artifact (created_at, updated_at, id, generated, mcp, active) VALUES ('2026-03-10 17:46:49.061325+00:00', '2026-03-10 17:46:49.061325+00:00', 'dbeb6f9a-c429-5c38-8bdf-be35304a2c3b', false, false, true) ON CONFLICT (id) DO NOTHING;
INSERT INTO public.field_artifact (created_at, updated_at, id, generated, mcp, active) VALUES ('2026-03-10 17:46:49.065290+00:00', '2026-03-10 17:46:49.065290+00:00', '19a0dbeb-2f46-5639-8f8a-46df6df20e07', false, false, true) ON CONFLICT (id) DO NOTHING;
INSERT INTO public.field_artifact (created_at, updated_at, id, generated, mcp, active) VALUES ('2026-03-10 17:46:49.069207+00:00', '2026-03-10 17:46:49.069207+00:00', '9da02e3a-e8ac-598d-98ba-7e5b53223a3b', false, false, true) ON CONFLICT (id) DO NOTHING;
INSERT INTO public.field_artifact (created_at, updated_at, id, generated, mcp, active) VALUES ('2026-03-10 17:46:49.073023+00:00', '2026-03-10 17:46:49.073023+00:00', '1373ebd3-f97a-5f7e-bb44-809868ac5060', false, false, true) ON CONFLICT (id) DO NOTHING;
INSERT INTO public.field_artifact (created_at, updated_at, id, generated, mcp, active) VALUES ('2026-03-10 17:46:49.076774+00:00', '2026-03-10 17:46:49.076774+00:00', 'b55d011b-954a-5f7d-9134-1411a9417812', false, false, true) ON CONFLICT (id) DO NOTHING;
INSERT INTO public.field_artifact (created_at, updated_at, id, generated, mcp, active) VALUES ('2026-03-10 17:46:49.080747+00:00', '2026-03-10 17:46:49.080747+00:00', '87f8e821-3f76-5745-bafc-dd608d146daf', false, false, true) ON CONFLICT (id) DO NOTHING;
INSERT INTO public.field_artifact (created_at, updated_at, id, generated, mcp, active) VALUES ('2026-03-10 17:46:49.084571+00:00', '2026-03-10 17:46:49.084571+00:00', '73df8cfb-b70e-5efd-a7c4-64e9eb119cbd', false, false, true) ON CONFLICT (id) DO NOTHING;
INSERT INTO public.field_artifact (created_at, updated_at, id, generated, mcp, active) VALUES ('2026-03-10 17:46:49.088481+00:00', '2026-03-10 17:46:49.088481+00:00', 'ebffb184-0b17-55cc-93e7-b3a1fc6d0443', false, false, true) ON CONFLICT (id) DO NOTHING;
INSERT INTO public.field_artifact (created_at, updated_at, id, generated, mcp, active) VALUES ('2026-03-10 17:46:49.092366+00:00', '2026-03-10 17:46:49.092366+00:00', 'ecee0676-3fc6-5a5c-a952-38cc1e82b54e', false, false, true) ON CONFLICT (id) DO NOTHING;
INSERT INTO public.field_artifact (created_at, updated_at, id, generated, mcp, active) VALUES ('2026-03-10 17:46:49.096102+00:00', '2026-03-10 17:46:49.096102+00:00', '24b7ac9b-2fc4-526f-b16b-2e7bf53b2caf', false, false, true) ON CONFLICT (id) DO NOTHING;
INSERT INTO public.field_artifact (created_at, updated_at, id, generated, mcp, active) VALUES ('2026-03-10 17:46:49.099934+00:00', '2026-03-10 17:46:49.099934+00:00', 'e99335d0-fb7a-58b4-944f-cff91c2d5f19', false, false, true) ON CONFLICT (id) DO NOTHING;
INSERT INTO public.field_artifact (created_at, updated_at, id, generated, mcp, active) VALUES ('2026-03-10 17:46:49.103746+00:00', '2026-03-10 17:46:49.103746+00:00', '4f9e218f-eece-5c14-b400-298e42eb72b9', false, false, true) ON CONFLICT (id) DO NOTHING;
INSERT INTO public.field_artifact (created_at, updated_at, id, generated, mcp, active) VALUES ('2026-03-10 17:46:49.107486+00:00', '2026-03-10 17:46:49.107486+00:00', '7d89ee53-0b3b-57af-9c3a-381e36ff43b4', false, false, true) ON CONFLICT (id) DO NOTHING;
INSERT INTO public.field_artifact (created_at, updated_at, id, generated, mcp, active) VALUES ('2026-03-10 17:46:49.111331+00:00', '2026-03-10 17:46:49.111331+00:00', '4a5ce802-62df-5fce-b6b7-ac19d31427af', false, false, true) ON CONFLICT (id) DO NOTHING;
INSERT INTO public.field_artifact (created_at, updated_at, id, generated, mcp, active) VALUES ('2026-03-10 17:46:49.115160+00:00', '2026-03-10 17:46:49.115160+00:00', 'eb556502-222b-588f-b8a7-5ca0a18e0fe0', false, false, true) ON CONFLICT (id) DO NOTHING;
INSERT INTO public.field_artifact (created_at, updated_at, id, generated, mcp, active) VALUES ('2026-03-10 17:46:49.118950+00:00', '2026-03-10 17:46:49.118950+00:00', '46aa6d62-e1e5-5ef9-90ff-2006a00207d6', false, false, true) ON CONFLICT (id) DO NOTHING;
INSERT INTO public.field_artifact (created_at, updated_at, id, generated, mcp, active) VALUES ('2026-03-10 17:46:49.122809+00:00', '2026-03-10 17:46:49.122809+00:00', '263cc402-b82b-558f-9177-1a82c913e040', false, false, true) ON CONFLICT (id) DO NOTHING;
INSERT INTO public.field_artifact (created_at, updated_at, id, generated, mcp, active) VALUES ('2026-03-10 17:46:49.126636+00:00', '2026-03-10 17:46:49.126636+00:00', '8e37036f-4518-55f3-888d-77d85c4e6cc3', false, false, true) ON CONFLICT (id) DO NOTHING;
INSERT INTO public.field_artifact (created_at, updated_at, id, generated, mcp, active) VALUES ('2026-03-10 17:46:49.130554+00:00', '2026-03-10 17:46:49.130554+00:00', '28843b2c-0b33-5450-8c9a-7705dad668e5', false, false, true) ON CONFLICT (id) DO NOTHING;
INSERT INTO public.field_artifact (created_at, updated_at, id, generated, mcp, active) VALUES ('2026-03-10 17:46:49.134345+00:00', '2026-03-10 17:46:49.134345+00:00', '43b44e29-3844-508b-9c99-db5a282f4e2f', false, false, true) ON CONFLICT (id) DO NOTHING;
INSERT INTO public.field_artifact (created_at, updated_at, id, generated, mcp, active) VALUES ('2026-03-10 17:46:49.138029+00:00', '2026-03-10 17:46:49.138029+00:00', 'c5769be0-b659-5207-93ed-93dd1ab94241', false, false, true) ON CONFLICT (id) DO NOTHING;
INSERT INTO public.field_artifact (created_at, updated_at, id, generated, mcp, active) VALUES ('2026-03-10 17:46:49.141786+00:00', '2026-03-10 17:46:49.141786+00:00', '2b682f20-7d48-5267-b55c-4e531dfc62b0', false, false, true) ON CONFLICT (id) DO NOTHING;
INSERT INTO public.field_artifact (created_at, updated_at, id, generated, mcp, active) VALUES ('2026-03-10 17:46:49.145739+00:00', '2026-03-10 17:46:49.145739+00:00', '01b79422-b311-53e6-aff2-645d24919f48', false, false, true) ON CONFLICT (id) DO NOTHING;
INSERT INTO public.field_artifact (created_at, updated_at, id, generated, mcp, active) VALUES ('2026-03-10 17:46:49.149613+00:00', '2026-03-10 17:46:49.149613+00:00', '7dc8eb9e-c61c-51e7-ab5b-aad12cfa1e68', false, false, true) ON CONFLICT (id) DO NOTHING;
INSERT INTO public.field_artifact (created_at, updated_at, id, generated, mcp, active) VALUES ('2026-03-10 17:46:49.153477+00:00', '2026-03-10 17:46:49.153477+00:00', '0087f6fa-bb8e-5e18-9de0-3ac0a3d16b15', false, false, true) ON CONFLICT (id) DO NOTHING;
INSERT INTO public.field_artifact (created_at, updated_at, id, generated, mcp, active) VALUES ('2026-03-10 17:46:49.157445+00:00', '2026-03-10 17:46:49.157445+00:00', '359b916a-b617-564d-b952-d9079b375b0d', false, false, true) ON CONFLICT (id) DO NOTHING;
INSERT INTO public.field_artifact (created_at, updated_at, id, generated, mcp, active) VALUES ('2026-03-10 17:46:49.161364+00:00', '2026-03-10 17:46:49.161364+00:00', 'df47197c-5c14-53c9-ab30-0b8026c39390', false, false, true) ON CONFLICT (id) DO NOTHING;
INSERT INTO public.field_artifact (created_at, updated_at, id, generated, mcp, active) VALUES ('2026-03-10 17:46:49.165208+00:00', '2026-03-10 17:46:49.165208+00:00', '721e6fd3-7817-50e4-886f-9bd91935686b', false, false, true) ON CONFLICT (id) DO NOTHING;
INSERT INTO public.field_artifact (created_at, updated_at, id, generated, mcp, active) VALUES ('2026-03-10 17:46:49.169116+00:00', '2026-03-10 17:46:49.169116+00:00', '17691da4-3af9-550b-a7b7-81e71e8dd24e', false, false, true) ON CONFLICT (id) DO NOTHING;
INSERT INTO public.field_artifact (created_at, updated_at, id, generated, mcp, active) VALUES ('2026-03-10 17:46:49.172930+00:00', '2026-03-10 17:46:49.172930+00:00', 'ed735cc5-3c19-53c1-b99e-4758337bd021', false, false, true) ON CONFLICT (id) DO NOTHING;
INSERT INTO public.field_artifact (created_at, updated_at, id, generated, mcp, active) VALUES ('2026-03-10 17:46:49.176705+00:00', '2026-03-10 17:46:49.176705+00:00', '2621a1e3-373e-5b8c-a5ab-06930ceed7fe', false, false, true) ON CONFLICT (id) DO NOTHING;
INSERT INTO public.field_artifact (created_at, updated_at, id, generated, mcp, active) VALUES ('2026-03-10 17:46:49.180495+00:00', '2026-03-10 17:46:49.180495+00:00', 'e9830144-bdcf-5e21-bec5-9e939be4d5d4', false, false, true) ON CONFLICT (id) DO NOTHING;
INSERT INTO public.field_artifact (created_at, updated_at, id, generated, mcp, active) VALUES ('2026-03-10 17:46:49.184243+00:00', '2026-03-10 17:46:49.184243+00:00', '02b88948-d07a-5803-9eb7-01d8a65bd070', false, false, true) ON CONFLICT (id) DO NOTHING;
INSERT INTO public.field_artifact (created_at, updated_at, id, generated, mcp, active) VALUES ('2026-03-10 17:46:49.188068+00:00', '2026-03-10 17:46:49.188068+00:00', '82226e68-8e65-526e-a4b5-be9f9bcba177', false, false, true) ON CONFLICT (id) DO NOTHING;
INSERT INTO public.field_artifact (created_at, updated_at, id, generated, mcp, active) VALUES ('2026-03-10 17:46:49.191832+00:00', '2026-03-10 17:46:49.191832+00:00', 'b107cf39-a75d-5fc6-b93c-96b660b88e7a', false, false, true) ON CONFLICT (id) DO NOTHING;
INSERT INTO public.field_artifact (created_at, updated_at, id, generated, mcp, active) VALUES ('2026-03-10 17:46:49.195620+00:00', '2026-03-10 17:46:49.195620+00:00', '92675226-a50d-559f-87e6-38e34061c20b', false, false, true) ON CONFLICT (id) DO NOTHING;
INSERT INTO public.field_artifact (created_at, updated_at, id, generated, mcp, active) VALUES ('2026-03-10 17:46:49.199439+00:00', '2026-03-10 17:46:49.199439+00:00', '6fe3568a-b044-51de-b5cf-0e3d01e0d650', false, false, true) ON CONFLICT (id) DO NOTHING;
INSERT INTO public.field_artifact (created_at, updated_at, id, generated, mcp, active) VALUES ('2026-03-10 17:46:49.203271+00:00', '2026-03-10 17:46:49.203271+00:00', 'd070f8d8-5387-51e2-92e6-82720e891ccc', false, false, true) ON CONFLICT (id) DO NOTHING;
INSERT INTO public.field_artifact (created_at, updated_at, id, generated, mcp, active) VALUES ('2026-03-10 17:46:49.207121+00:00', '2026-03-10 17:46:49.207121+00:00', 'a30ba794-79e6-5ec7-91e6-e3d60ba2d32d', false, false, true) ON CONFLICT (id) DO NOTHING;
INSERT INTO public.field_artifact (created_at, updated_at, id, generated, mcp, active) VALUES ('2026-03-10 17:46:49.210920+00:00', '2026-03-10 17:46:49.210920+00:00', '0437f45e-ff80-5f6e-b32b-529c2166af6d', false, false, true) ON CONFLICT (id) DO NOTHING;
INSERT INTO public.field_artifact (created_at, updated_at, id, generated, mcp, active) VALUES ('2026-03-10 17:46:49.214797+00:00', '2026-03-10 17:46:49.214797+00:00', 'e8952a4e-614e-576d-9994-c8c63267c832', false, false, true) ON CONFLICT (id) DO NOTHING;
INSERT INTO public.field_artifact (created_at, updated_at, id, generated, mcp, active) VALUES ('2026-03-10 17:46:49.218717+00:00', '2026-03-10 17:46:49.218717+00:00', 'a68b0219-7170-5a3f-8009-8a7449221f3e', false, false, true) ON CONFLICT (id) DO NOTHING;
INSERT INTO public.field_artifact (created_at, updated_at, id, generated, mcp, active) VALUES ('2026-03-10 17:46:49.222665+00:00', '2026-03-10 17:46:49.222665+00:00', '2effdb7a-3891-5a90-993f-c6dfc5d4d678', false, false, true) ON CONFLICT (id) DO NOTHING;
INSERT INTO public.field_artifact (created_at, updated_at, id, generated, mcp, active) VALUES ('2026-03-10 17:46:49.226429+00:00', '2026-03-10 17:46:49.226429+00:00', '7cedeb89-4d80-5734-9429-9a31bf43809b', false, false, true) ON CONFLICT (id) DO NOTHING;
INSERT INTO public.field_artifact (created_at, updated_at, id, generated, mcp, active) VALUES ('2026-03-10 17:46:49.230219+00:00', '2026-03-10 17:46:49.230219+00:00', '4c2f98bb-130c-5ec9-b45b-1488533d0abd', false, false, true) ON CONFLICT (id) DO NOTHING;
INSERT INTO public.field_artifact (created_at, updated_at, id, generated, mcp, active) VALUES ('2026-03-10 17:46:49.233900+00:00', '2026-03-10 17:46:49.233900+00:00', '838d7f7b-6290-5ac6-8bad-37877a206dd3', false, false, true) ON CONFLICT (id) DO NOTHING;
INSERT INTO public.field_artifact (created_at, updated_at, id, generated, mcp, active) VALUES ('2026-03-10 17:46:49.237436+00:00', '2026-03-10 17:46:49.237436+00:00', 'fd93a7b3-a5da-5218-8efd-7371337cb3cf', false, false, true) ON CONFLICT (id) DO NOTHING;
INSERT INTO public.field_artifact (created_at, updated_at, id, generated, mcp, active) VALUES ('2026-03-10 17:46:49.240916+00:00', '2026-03-10 17:46:49.240916+00:00', 'c7060e04-9db8-52d5-a5d2-87e7d8eb8c1d', false, false, true) ON CONFLICT (id) DO NOTHING;
INSERT INTO public.field_artifact (created_at, updated_at, id, generated, mcp, active) VALUES ('2026-03-10 17:46:49.244745+00:00', '2026-03-10 17:46:49.244745+00:00', '224110b7-1972-5a63-864d-761575e08f61', false, false, true) ON CONFLICT (id) DO NOTHING;
INSERT INTO public.field_artifact (created_at, updated_at, id, generated, mcp, active) VALUES ('2026-03-10 17:46:49.248884+00:00', '2026-03-10 17:46:49.248884+00:00', 'f189240d-6199-5585-90ae-7893ae0549bf', false, false, true) ON CONFLICT (id) DO NOTHING;
INSERT INTO public.field_artifact (created_at, updated_at, id, generated, mcp, active) VALUES ('2026-03-10 17:46:49.252681+00:00', '2026-03-10 17:46:49.252681+00:00', '3eeea3d5-dc69-506e-a2f3-558691188184', false, false, true) ON CONFLICT (id) DO NOTHING;
INSERT INTO public.field_artifact (created_at, updated_at, id, generated, mcp, active) VALUES ('2026-03-10 17:46:49.256386+00:00', '2026-03-10 17:46:49.256386+00:00', 'f94abf9f-d200-5935-a5a2-6f917b7efe5c', false, false, true) ON CONFLICT (id) DO NOTHING;
INSERT INTO public.field_artifact (created_at, updated_at, id, generated, mcp, active) VALUES ('2026-03-10 17:46:49.260237+00:00', '2026-03-10 17:46:49.260237+00:00', '6d488045-c158-597e-8ff1-3018519b915c', false, false, true) ON CONFLICT (id) DO NOTHING;
INSERT INTO public.field_artifact (created_at, updated_at, id, generated, mcp, active) VALUES ('2026-03-10 17:46:49.264203+00:00', '2026-03-10 17:46:49.264203+00:00', '2729560a-595d-5061-96b5-ecbb9ca2f113', false, false, true) ON CONFLICT (id) DO NOTHING;
INSERT INTO public.field_artifact (created_at, updated_at, id, generated, mcp, active) VALUES ('2026-03-10 17:46:49.268014+00:00', '2026-03-10 17:46:49.268014+00:00', '5f3c2e98-6600-5681-94f3-5a2ae5399a04', false, false, true) ON CONFLICT (id) DO NOTHING;
INSERT INTO public.field_artifact (created_at, updated_at, id, generated, mcp, active) VALUES ('2026-03-10 17:46:49.271680+00:00', '2026-03-10 17:46:49.271680+00:00', 'd3ef1aad-dea5-5161-9676-039bc9e1461a', false, false, true) ON CONFLICT (id) DO NOTHING;
INSERT INTO public.field_artifact (created_at, updated_at, id, generated, mcp, active) VALUES ('2026-03-10 17:46:49.275505+00:00', '2026-03-10 17:46:49.275505+00:00', '8c05c324-5e75-57e2-a3cc-2448e57ca32c', false, false, true) ON CONFLICT (id) DO NOTHING;
INSERT INTO public.field_artifact (created_at, updated_at, id, generated, mcp, active) VALUES ('2026-03-10 17:46:49.279207+00:00', '2026-03-10 17:46:49.279207+00:00', '21b317e9-e734-565b-92fd-08f32113d210', false, false, true) ON CONFLICT (id) DO NOTHING;
INSERT INTO public.field_artifact (created_at, updated_at, id, generated, mcp, active) VALUES ('2026-03-10 17:46:49.283052+00:00', '2026-03-10 17:46:49.283052+00:00', '5f38a837-4136-50fe-a8a9-12cb31106d6e', false, false, true) ON CONFLICT (id) DO NOTHING;

-- field_departments_junction
INSERT INTO public.field_departments_junction (active, created_at, departments_id, field_id, generated, mcp) VALUES (true, '2026-03-10 17:46:49.030083+00:00', 'a2b369c1-a81e-5e02-98d5-dd42af15ae4a', 'b4b10b4c-7855-5cdc-a826-52a5552d5308', false, false) ON CONFLICT (id) DO NOTHING;
INSERT INTO public.field_departments_junction (active, created_at, departments_id, field_id, generated, mcp) VALUES (true, '2026-03-10 17:46:49.035666+00:00', 'a2b369c1-a81e-5e02-98d5-dd42af15ae4a', '333655bb-5bd5-57e6-828e-0d9897ba4aaf', false, false) ON CONFLICT (id) DO NOTHING;
INSERT INTO public.field_departments_junction (active, created_at, departments_id, field_id, generated, mcp) VALUES (true, '2026-03-10 17:46:49.040021+00:00', 'a2b369c1-a81e-5e02-98d5-dd42af15ae4a', '53d2f11d-9f82-58ce-acb6-b18bf6867896', false, false) ON CONFLICT (id) DO NOTHING;
INSERT INTO public.field_departments_junction (active, created_at, departments_id, field_id, generated, mcp) VALUES (true, '2026-03-10 17:46:49.045539+00:00', 'a2b369c1-a81e-5e02-98d5-dd42af15ae4a', 'f328a130-ea03-5b66-8df2-7a29e50816ba', false, false) ON CONFLICT (id) DO NOTHING;
INSERT INTO public.field_departments_junction (active, created_at, departments_id, field_id, generated, mcp) VALUES (true, '2026-03-10 17:46:49.049517+00:00', 'a2b369c1-a81e-5e02-98d5-dd42af15ae4a', '1284a089-9c3c-5902-8b36-b7bd2cc43153', false, false) ON CONFLICT (id) DO NOTHING;
INSERT INTO public.field_departments_junction (active, created_at, departments_id, field_id, generated, mcp) VALUES (true, '2026-03-10 17:46:49.053522+00:00', 'a2b369c1-a81e-5e02-98d5-dd42af15ae4a', '932a1aeb-5152-55f3-a6d2-aa5e3e07f3a8', false, false) ON CONFLICT (id) DO NOTHING;
INSERT INTO public.field_departments_junction (active, created_at, departments_id, field_id, generated, mcp) VALUES (true, '2026-03-10 17:46:49.057462+00:00', 'a2b369c1-a81e-5e02-98d5-dd42af15ae4a', '35fbfb0b-dd5f-58c7-ae42-135113cdab42', false, false) ON CONFLICT (id) DO NOTHING;
INSERT INTO public.field_departments_junction (active, created_at, departments_id, field_id, generated, mcp) VALUES (true, '2026-03-10 17:46:49.061325+00:00', 'a2b369c1-a81e-5e02-98d5-dd42af15ae4a', 'dbeb6f9a-c429-5c38-8bdf-be35304a2c3b', false, false) ON CONFLICT (id) DO NOTHING;
INSERT INTO public.field_departments_junction (active, created_at, departments_id, field_id, generated, mcp) VALUES (true, '2026-03-10 17:46:49.065290+00:00', 'a2b369c1-a81e-5e02-98d5-dd42af15ae4a', '19a0dbeb-2f46-5639-8f8a-46df6df20e07', false, false) ON CONFLICT (id) DO NOTHING;
INSERT INTO public.field_departments_junction (active, created_at, departments_id, field_id, generated, mcp) VALUES (true, '2026-03-10 17:46:49.069207+00:00', 'a2b369c1-a81e-5e02-98d5-dd42af15ae4a', '9da02e3a-e8ac-598d-98ba-7e5b53223a3b', false, false) ON CONFLICT (id) DO NOTHING;
INSERT INTO public.field_departments_junction (active, created_at, departments_id, field_id, generated, mcp) VALUES (true, '2026-03-10 17:46:49.073023+00:00', 'a2b369c1-a81e-5e02-98d5-dd42af15ae4a', '1373ebd3-f97a-5f7e-bb44-809868ac5060', false, false) ON CONFLICT (id) DO NOTHING;
INSERT INTO public.field_departments_junction (active, created_at, departments_id, field_id, generated, mcp) VALUES (true, '2026-03-10 17:46:49.076774+00:00', 'a2b369c1-a81e-5e02-98d5-dd42af15ae4a', 'b55d011b-954a-5f7d-9134-1411a9417812', false, false) ON CONFLICT (id) DO NOTHING;
INSERT INTO public.field_departments_junction (active, created_at, departments_id, field_id, generated, mcp) VALUES (true, '2026-03-10 17:46:49.080747+00:00', 'a2b369c1-a81e-5e02-98d5-dd42af15ae4a', '87f8e821-3f76-5745-bafc-dd608d146daf', false, false) ON CONFLICT (id) DO NOTHING;
INSERT INTO public.field_departments_junction (active, created_at, departments_id, field_id, generated, mcp) VALUES (true, '2026-03-10 17:46:49.084571+00:00', 'a2b369c1-a81e-5e02-98d5-dd42af15ae4a', '73df8cfb-b70e-5efd-a7c4-64e9eb119cbd', false, false) ON CONFLICT (id) DO NOTHING;
INSERT INTO public.field_departments_junction (active, created_at, departments_id, field_id, generated, mcp) VALUES (true, '2026-03-10 17:46:49.088481+00:00', 'a2b369c1-a81e-5e02-98d5-dd42af15ae4a', 'ebffb184-0b17-55cc-93e7-b3a1fc6d0443', false, false) ON CONFLICT (id) DO NOTHING;
INSERT INTO public.field_departments_junction (active, created_at, departments_id, field_id, generated, mcp) VALUES (true, '2026-03-10 17:46:49.092366+00:00', 'a2b369c1-a81e-5e02-98d5-dd42af15ae4a', 'ecee0676-3fc6-5a5c-a952-38cc1e82b54e', false, false) ON CONFLICT (id) DO NOTHING;
INSERT INTO public.field_departments_junction (active, created_at, departments_id, field_id, generated, mcp) VALUES (true, '2026-03-10 17:46:49.096102+00:00', 'a2b369c1-a81e-5e02-98d5-dd42af15ae4a', '24b7ac9b-2fc4-526f-b16b-2e7bf53b2caf', false, false) ON CONFLICT (id) DO NOTHING;
INSERT INTO public.field_departments_junction (active, created_at, departments_id, field_id, generated, mcp) VALUES (true, '2026-03-10 17:46:49.099934+00:00', 'a2b369c1-a81e-5e02-98d5-dd42af15ae4a', 'e99335d0-fb7a-58b4-944f-cff91c2d5f19', false, false) ON CONFLICT (id) DO NOTHING;
INSERT INTO public.field_departments_junction (active, created_at, departments_id, field_id, generated, mcp) VALUES (true, '2026-03-10 17:46:49.103746+00:00', 'a2b369c1-a81e-5e02-98d5-dd42af15ae4a', '4f9e218f-eece-5c14-b400-298e42eb72b9', false, false) ON CONFLICT (id) DO NOTHING;
INSERT INTO public.field_departments_junction (active, created_at, departments_id, field_id, generated, mcp) VALUES (true, '2026-03-10 17:46:49.107486+00:00', 'a2b369c1-a81e-5e02-98d5-dd42af15ae4a', '7d89ee53-0b3b-57af-9c3a-381e36ff43b4', false, false) ON CONFLICT (id) DO NOTHING;
INSERT INTO public.field_departments_junction (active, created_at, departments_id, field_id, generated, mcp) VALUES (true, '2026-03-10 17:46:49.111331+00:00', 'a2b369c1-a81e-5e02-98d5-dd42af15ae4a', '4a5ce802-62df-5fce-b6b7-ac19d31427af', false, false) ON CONFLICT (id) DO NOTHING;
INSERT INTO public.field_departments_junction (active, created_at, departments_id, field_id, generated, mcp) VALUES (true, '2026-03-10 17:46:49.115160+00:00', 'a2b369c1-a81e-5e02-98d5-dd42af15ae4a', 'eb556502-222b-588f-b8a7-5ca0a18e0fe0', false, false) ON CONFLICT (id) DO NOTHING;
INSERT INTO public.field_departments_junction (active, created_at, departments_id, field_id, generated, mcp) VALUES (true, '2026-03-10 17:46:49.118950+00:00', 'a2b369c1-a81e-5e02-98d5-dd42af15ae4a', '46aa6d62-e1e5-5ef9-90ff-2006a00207d6', false, false) ON CONFLICT (id) DO NOTHING;
INSERT INTO public.field_departments_junction (active, created_at, departments_id, field_id, generated, mcp) VALUES (true, '2026-03-10 17:46:49.122809+00:00', 'a2b369c1-a81e-5e02-98d5-dd42af15ae4a', '263cc402-b82b-558f-9177-1a82c913e040', false, false) ON CONFLICT (id) DO NOTHING;
INSERT INTO public.field_departments_junction (active, created_at, departments_id, field_id, generated, mcp) VALUES (true, '2026-03-10 17:46:49.126636+00:00', 'a2b369c1-a81e-5e02-98d5-dd42af15ae4a', '8e37036f-4518-55f3-888d-77d85c4e6cc3', false, false) ON CONFLICT (id) DO NOTHING;
INSERT INTO public.field_departments_junction (active, created_at, departments_id, field_id, generated, mcp) VALUES (true, '2026-03-10 17:46:49.130554+00:00', 'a2b369c1-a81e-5e02-98d5-dd42af15ae4a', '28843b2c-0b33-5450-8c9a-7705dad668e5', false, false) ON CONFLICT (id) DO NOTHING;
INSERT INTO public.field_departments_junction (active, created_at, departments_id, field_id, generated, mcp) VALUES (true, '2026-03-10 17:46:49.134345+00:00', 'a2b369c1-a81e-5e02-98d5-dd42af15ae4a', '43b44e29-3844-508b-9c99-db5a282f4e2f', false, false) ON CONFLICT (id) DO NOTHING;
INSERT INTO public.field_departments_junction (active, created_at, departments_id, field_id, generated, mcp) VALUES (true, '2026-03-10 17:46:49.138029+00:00', 'a2b369c1-a81e-5e02-98d5-dd42af15ae4a', 'c5769be0-b659-5207-93ed-93dd1ab94241', false, false) ON CONFLICT (id) DO NOTHING;
INSERT INTO public.field_departments_junction (active, created_at, departments_id, field_id, generated, mcp) VALUES (true, '2026-03-10 17:46:49.141786+00:00', 'a2b369c1-a81e-5e02-98d5-dd42af15ae4a', '2b682f20-7d48-5267-b55c-4e531dfc62b0', false, false) ON CONFLICT (id) DO NOTHING;
INSERT INTO public.field_departments_junction (active, created_at, departments_id, field_id, generated, mcp) VALUES (true, '2026-03-10 17:46:49.145739+00:00', 'a2b369c1-a81e-5e02-98d5-dd42af15ae4a', '01b79422-b311-53e6-aff2-645d24919f48', false, false) ON CONFLICT (id) DO NOTHING;
INSERT INTO public.field_departments_junction (active, created_at, departments_id, field_id, generated, mcp) VALUES (true, '2026-03-10 17:46:49.149613+00:00', 'a2b369c1-a81e-5e02-98d5-dd42af15ae4a', '7dc8eb9e-c61c-51e7-ab5b-aad12cfa1e68', false, false) ON CONFLICT (id) DO NOTHING;
INSERT INTO public.field_departments_junction (active, created_at, departments_id, field_id, generated, mcp) VALUES (true, '2026-03-10 17:46:49.153477+00:00', 'a2b369c1-a81e-5e02-98d5-dd42af15ae4a', '0087f6fa-bb8e-5e18-9de0-3ac0a3d16b15', false, false) ON CONFLICT (id) DO NOTHING;
INSERT INTO public.field_departments_junction (active, created_at, departments_id, field_id, generated, mcp) VALUES (true, '2026-03-10 17:46:49.157445+00:00', 'a2b369c1-a81e-5e02-98d5-dd42af15ae4a', '359b916a-b617-564d-b952-d9079b375b0d', false, false) ON CONFLICT (id) DO NOTHING;
INSERT INTO public.field_departments_junction (active, created_at, departments_id, field_id, generated, mcp) VALUES (true, '2026-03-10 17:46:49.161364+00:00', 'a2b369c1-a81e-5e02-98d5-dd42af15ae4a', 'df47197c-5c14-53c9-ab30-0b8026c39390', false, false) ON CONFLICT (id) DO NOTHING;
INSERT INTO public.field_departments_junction (active, created_at, departments_id, field_id, generated, mcp) VALUES (true, '2026-03-10 17:46:49.165208+00:00', 'a2b369c1-a81e-5e02-98d5-dd42af15ae4a', '721e6fd3-7817-50e4-886f-9bd91935686b', false, false) ON CONFLICT (id) DO NOTHING;
INSERT INTO public.field_departments_junction (active, created_at, departments_id, field_id, generated, mcp) VALUES (true, '2026-03-10 17:46:49.169116+00:00', 'a2b369c1-a81e-5e02-98d5-dd42af15ae4a', '17691da4-3af9-550b-a7b7-81e71e8dd24e', false, false) ON CONFLICT (id) DO NOTHING;
INSERT INTO public.field_departments_junction (active, created_at, departments_id, field_id, generated, mcp) VALUES (true, '2026-03-10 17:46:49.172930+00:00', 'a2b369c1-a81e-5e02-98d5-dd42af15ae4a', 'ed735cc5-3c19-53c1-b99e-4758337bd021', false, false) ON CONFLICT (id) DO NOTHING;
INSERT INTO public.field_departments_junction (active, created_at, departments_id, field_id, generated, mcp) VALUES (true, '2026-03-10 17:46:49.176705+00:00', 'a2b369c1-a81e-5e02-98d5-dd42af15ae4a', '2621a1e3-373e-5b8c-a5ab-06930ceed7fe', false, false) ON CONFLICT (id) DO NOTHING;
INSERT INTO public.field_departments_junction (active, created_at, departments_id, field_id, generated, mcp) VALUES (true, '2026-03-10 17:46:49.180495+00:00', 'a2b369c1-a81e-5e02-98d5-dd42af15ae4a', 'e9830144-bdcf-5e21-bec5-9e939be4d5d4', false, false) ON CONFLICT (id) DO NOTHING;
INSERT INTO public.field_departments_junction (active, created_at, departments_id, field_id, generated, mcp) VALUES (true, '2026-03-10 17:46:49.184243+00:00', 'a2b369c1-a81e-5e02-98d5-dd42af15ae4a', '02b88948-d07a-5803-9eb7-01d8a65bd070', false, false) ON CONFLICT (id) DO NOTHING;
INSERT INTO public.field_departments_junction (active, created_at, departments_id, field_id, generated, mcp) VALUES (true, '2026-03-10 17:46:49.188068+00:00', 'a2b369c1-a81e-5e02-98d5-dd42af15ae4a', '82226e68-8e65-526e-a4b5-be9f9bcba177', false, false) ON CONFLICT (id) DO NOTHING;
INSERT INTO public.field_departments_junction (active, created_at, departments_id, field_id, generated, mcp) VALUES (true, '2026-03-10 17:46:49.191832+00:00', 'a2b369c1-a81e-5e02-98d5-dd42af15ae4a', 'b107cf39-a75d-5fc6-b93c-96b660b88e7a', false, false) ON CONFLICT (id) DO NOTHING;
INSERT INTO public.field_departments_junction (active, created_at, departments_id, field_id, generated, mcp) VALUES (true, '2026-03-10 17:46:49.195620+00:00', 'a2b369c1-a81e-5e02-98d5-dd42af15ae4a', '92675226-a50d-559f-87e6-38e34061c20b', false, false) ON CONFLICT (id) DO NOTHING;
INSERT INTO public.field_departments_junction (active, created_at, departments_id, field_id, generated, mcp) VALUES (true, '2026-03-10 17:46:49.199439+00:00', 'a2b369c1-a81e-5e02-98d5-dd42af15ae4a', '6fe3568a-b044-51de-b5cf-0e3d01e0d650', false, false) ON CONFLICT (id) DO NOTHING;
INSERT INTO public.field_departments_junction (active, created_at, departments_id, field_id, generated, mcp) VALUES (true, '2026-03-10 17:46:49.203271+00:00', 'a2b369c1-a81e-5e02-98d5-dd42af15ae4a', 'd070f8d8-5387-51e2-92e6-82720e891ccc', false, false) ON CONFLICT (id) DO NOTHING;
INSERT INTO public.field_departments_junction (active, created_at, departments_id, field_id, generated, mcp) VALUES (true, '2026-03-10 17:46:49.207121+00:00', 'a2b369c1-a81e-5e02-98d5-dd42af15ae4a', 'a30ba794-79e6-5ec7-91e6-e3d60ba2d32d', false, false) ON CONFLICT (id) DO NOTHING;
INSERT INTO public.field_departments_junction (active, created_at, departments_id, field_id, generated, mcp) VALUES (true, '2026-03-10 17:46:49.210920+00:00', 'a2b369c1-a81e-5e02-98d5-dd42af15ae4a', '0437f45e-ff80-5f6e-b32b-529c2166af6d', false, false) ON CONFLICT (id) DO NOTHING;
INSERT INTO public.field_departments_junction (active, created_at, departments_id, field_id, generated, mcp) VALUES (true, '2026-03-10 17:46:49.214797+00:00', 'a2b369c1-a81e-5e02-98d5-dd42af15ae4a', 'e8952a4e-614e-576d-9994-c8c63267c832', false, false) ON CONFLICT (id) DO NOTHING;
INSERT INTO public.field_departments_junction (active, created_at, departments_id, field_id, generated, mcp) VALUES (true, '2026-03-10 17:46:49.218717+00:00', 'a2b369c1-a81e-5e02-98d5-dd42af15ae4a', 'a68b0219-7170-5a3f-8009-8a7449221f3e', false, false) ON CONFLICT (id) DO NOTHING;
INSERT INTO public.field_departments_junction (active, created_at, departments_id, field_id, generated, mcp) VALUES (true, '2026-03-10 17:46:49.222665+00:00', 'a2b369c1-a81e-5e02-98d5-dd42af15ae4a', '2effdb7a-3891-5a90-993f-c6dfc5d4d678', false, false) ON CONFLICT (id) DO NOTHING;
INSERT INTO public.field_departments_junction (active, created_at, departments_id, field_id, generated, mcp) VALUES (true, '2026-03-10 17:46:49.226429+00:00', 'a2b369c1-a81e-5e02-98d5-dd42af15ae4a', '7cedeb89-4d80-5734-9429-9a31bf43809b', false, false) ON CONFLICT (id) DO NOTHING;
INSERT INTO public.field_departments_junction (active, created_at, departments_id, field_id, generated, mcp) VALUES (true, '2026-03-10 17:46:49.230219+00:00', 'a2b369c1-a81e-5e02-98d5-dd42af15ae4a', '4c2f98bb-130c-5ec9-b45b-1488533d0abd', false, false) ON CONFLICT (id) DO NOTHING;
INSERT INTO public.field_departments_junction (active, created_at, departments_id, field_id, generated, mcp) VALUES (true, '2026-03-10 17:46:49.233900+00:00', 'a2b369c1-a81e-5e02-98d5-dd42af15ae4a', '838d7f7b-6290-5ac6-8bad-37877a206dd3', false, false) ON CONFLICT (id) DO NOTHING;
INSERT INTO public.field_departments_junction (active, created_at, departments_id, field_id, generated, mcp) VALUES (true, '2026-03-10 17:46:49.237436+00:00', 'a2b369c1-a81e-5e02-98d5-dd42af15ae4a', 'fd93a7b3-a5da-5218-8efd-7371337cb3cf', false, false) ON CONFLICT (id) DO NOTHING;
INSERT INTO public.field_departments_junction (active, created_at, departments_id, field_id, generated, mcp) VALUES (true, '2026-03-10 17:46:49.240916+00:00', 'a2b369c1-a81e-5e02-98d5-dd42af15ae4a', 'c7060e04-9db8-52d5-a5d2-87e7d8eb8c1d', false, false) ON CONFLICT (id) DO NOTHING;
INSERT INTO public.field_departments_junction (active, created_at, departments_id, field_id, generated, mcp) VALUES (true, '2026-03-10 17:46:49.244745+00:00', 'a2b369c1-a81e-5e02-98d5-dd42af15ae4a', '224110b7-1972-5a63-864d-761575e08f61', false, false) ON CONFLICT (id) DO NOTHING;
INSERT INTO public.field_departments_junction (active, created_at, departments_id, field_id, generated, mcp) VALUES (true, '2026-03-10 17:46:49.248884+00:00', 'a2b369c1-a81e-5e02-98d5-dd42af15ae4a', 'f189240d-6199-5585-90ae-7893ae0549bf', false, false) ON CONFLICT (id) DO NOTHING;
INSERT INTO public.field_departments_junction (active, created_at, departments_id, field_id, generated, mcp) VALUES (true, '2026-03-10 17:46:49.252681+00:00', 'a2b369c1-a81e-5e02-98d5-dd42af15ae4a', '3eeea3d5-dc69-506e-a2f3-558691188184', false, false) ON CONFLICT (id) DO NOTHING;
INSERT INTO public.field_departments_junction (active, created_at, departments_id, field_id, generated, mcp) VALUES (true, '2026-03-10 17:46:49.256386+00:00', 'a2b369c1-a81e-5e02-98d5-dd42af15ae4a', 'f94abf9f-d200-5935-a5a2-6f917b7efe5c', false, false) ON CONFLICT (id) DO NOTHING;
INSERT INTO public.field_departments_junction (active, created_at, departments_id, field_id, generated, mcp) VALUES (true, '2026-03-10 17:46:49.260237+00:00', 'a2b369c1-a81e-5e02-98d5-dd42af15ae4a', '6d488045-c158-597e-8ff1-3018519b915c', false, false) ON CONFLICT (id) DO NOTHING;
INSERT INTO public.field_departments_junction (active, created_at, departments_id, field_id, generated, mcp) VALUES (true, '2026-03-10 17:46:49.264203+00:00', 'a2b369c1-a81e-5e02-98d5-dd42af15ae4a', '2729560a-595d-5061-96b5-ecbb9ca2f113', false, false) ON CONFLICT (id) DO NOTHING;
INSERT INTO public.field_departments_junction (active, created_at, departments_id, field_id, generated, mcp) VALUES (true, '2026-03-10 17:46:49.268014+00:00', 'a2b369c1-a81e-5e02-98d5-dd42af15ae4a', '5f3c2e98-6600-5681-94f3-5a2ae5399a04', false, false) ON CONFLICT (id) DO NOTHING;
INSERT INTO public.field_departments_junction (active, created_at, departments_id, field_id, generated, mcp) VALUES (true, '2026-03-10 17:46:49.271680+00:00', 'a2b369c1-a81e-5e02-98d5-dd42af15ae4a', 'd3ef1aad-dea5-5161-9676-039bc9e1461a', false, false) ON CONFLICT (id) DO NOTHING;
INSERT INTO public.field_departments_junction (active, created_at, departments_id, field_id, generated, mcp) VALUES (true, '2026-03-10 17:46:49.275505+00:00', 'a2b369c1-a81e-5e02-98d5-dd42af15ae4a', '8c05c324-5e75-57e2-a3cc-2448e57ca32c', false, false) ON CONFLICT (id) DO NOTHING;
INSERT INTO public.field_departments_junction (active, created_at, departments_id, field_id, generated, mcp) VALUES (true, '2026-03-10 17:46:49.279207+00:00', 'a2b369c1-a81e-5e02-98d5-dd42af15ae4a', '21b317e9-e734-565b-92fd-08f32113d210', false, false) ON CONFLICT (id) DO NOTHING;
INSERT INTO public.field_departments_junction (active, created_at, departments_id, field_id, generated, mcp) VALUES (true, '2026-03-10 17:46:49.283052+00:00', 'a2b369c1-a81e-5e02-98d5-dd42af15ae4a', '5f38a837-4136-50fe-a8a9-12cb31106d6e', false, false) ON CONFLICT (id) DO NOTHING;

-- field_descriptions_junction
INSERT INTO public.field_descriptions_junction (field_id, descriptions_id, created_at, generated, mcp, active) VALUES ('b4b10b4c-7855-5cdc-a826-52a5552d5308', '019cd8db-ca82-791e-8d69-71c2bcfcac12', '2026-03-10 17:46:49.030083+00:00', false, false, true) ON CONFLICT (id) DO NOTHING;
INSERT INTO public.field_descriptions_junction (field_id, descriptions_id, created_at, generated, mcp, active) VALUES ('333655bb-5bd5-57e6-828e-0d9897ba4aaf', '019cd8db-ca85-7c61-b10a-ecfced5d67bc', '2026-03-10 17:46:49.035666+00:00', false, false, true) ON CONFLICT (id) DO NOTHING;
INSERT INTO public.field_descriptions_junction (field_id, descriptions_id, created_at, generated, mcp, active) VALUES ('53d2f11d-9f82-58ce-acb6-b18bf6867896', '019cd8db-ca88-7f5b-93b9-575c8bec94f6', '2026-03-10 17:46:49.040021+00:00', false, false, true) ON CONFLICT (id) DO NOTHING;
INSERT INTO public.field_descriptions_junction (field_id, descriptions_id, created_at, generated, mcp, active) VALUES ('f328a130-ea03-5b66-8df2-7a29e50816ba', '019cd8db-ca8b-7bad-84cf-04f8b673a879', '2026-03-10 17:46:49.045539+00:00', false, false, true) ON CONFLICT (id) DO NOTHING;
INSERT INTO public.field_descriptions_junction (field_id, descriptions_id, created_at, generated, mcp, active) VALUES ('1284a089-9c3c-5902-8b36-b7bd2cc43153', '019cd8db-ca8f-70f5-9d81-4d820ef61ba3', '2026-03-10 17:46:49.049517+00:00', false, false, true) ON CONFLICT (id) DO NOTHING;
INSERT INTO public.field_descriptions_junction (field_id, descriptions_id, created_at, generated, mcp, active) VALUES ('932a1aeb-5152-55f3-a6d2-aa5e3e07f3a8', '019cd8db-ca91-7d41-9993-08447f78517a', '2026-03-10 17:46:49.053522+00:00', false, false, true) ON CONFLICT (id) DO NOTHING;
INSERT INTO public.field_descriptions_junction (field_id, descriptions_id, created_at, generated, mcp, active) VALUES ('35fbfb0b-dd5f-58c7-ae42-135113cdab42', '019cd8db-ca94-7c8d-acb5-8f67b1bee70c', '2026-03-10 17:46:49.057462+00:00', false, false, true) ON CONFLICT (id) DO NOTHING;
INSERT INTO public.field_descriptions_junction (field_id, descriptions_id, created_at, generated, mcp, active) VALUES ('dbeb6f9a-c429-5c38-8bdf-be35304a2c3b', '019cd8db-ca97-79c5-9940-786b6a281087', '2026-03-10 17:46:49.061325+00:00', false, false, true) ON CONFLICT (id) DO NOTHING;
INSERT INTO public.field_descriptions_junction (field_id, descriptions_id, created_at, generated, mcp, active) VALUES ('19a0dbeb-2f46-5639-8f8a-46df6df20e07', '019cd8db-ca9a-776f-a899-8f4c2a7731bc', '2026-03-10 17:46:49.065290+00:00', false, false, true) ON CONFLICT (id) DO NOTHING;
INSERT INTO public.field_descriptions_junction (field_id, descriptions_id, created_at, generated, mcp, active) VALUES ('9da02e3a-e8ac-598d-98ba-7e5b53223a3b', '019cd8db-ca9d-717a-8af5-f4ae79e2737d', '2026-03-10 17:46:49.069207+00:00', false, false, true) ON CONFLICT (id) DO NOTHING;
INSERT INTO public.field_descriptions_junction (field_id, descriptions_id, created_at, generated, mcp, active) VALUES ('1373ebd3-f97a-5f7e-bb44-809868ac5060', '019cd8db-ca9f-7dc0-96b6-abcbcbfd6f9f', '2026-03-10 17:46:49.073023+00:00', false, false, true) ON CONFLICT (id) DO NOTHING;
INSERT INTO public.field_descriptions_junction (field_id, descriptions_id, created_at, generated, mcp, active) VALUES ('b55d011b-954a-5f7d-9134-1411a9417812', '019cd8db-caa2-7d16-a440-e9876144cd20', '2026-03-10 17:46:49.076774+00:00', false, false, true) ON CONFLICT (id) DO NOTHING;
INSERT INTO public.field_descriptions_junction (field_id, descriptions_id, created_at, generated, mcp, active) VALUES ('87f8e821-3f76-5745-bafc-dd608d146daf', '019cd8db-caa5-7c73-8524-64de2d6a2bfd', '2026-03-10 17:46:49.080747+00:00', false, false, true) ON CONFLICT (id) DO NOTHING;
INSERT INTO public.field_descriptions_junction (field_id, descriptions_id, created_at, generated, mcp, active) VALUES ('73df8cfb-b70e-5efd-a7c4-64e9eb119cbd', '019cd8db-caa8-7b72-ac28-291bf63d5eb1', '2026-03-10 17:46:49.084571+00:00', false, false, true) ON CONFLICT (id) DO NOTHING;
INSERT INTO public.field_descriptions_junction (field_id, descriptions_id, created_at, generated, mcp, active) VALUES ('ebffb184-0b17-55cc-93e7-b3a1fc6d0443', '019cd8db-caab-7979-aa0c-7ef7374482dc', '2026-03-10 17:46:49.088481+00:00', false, false, true) ON CONFLICT (id) DO NOTHING;
INSERT INTO public.field_descriptions_junction (field_id, descriptions_id, created_at, generated, mcp, active) VALUES ('ecee0676-3fc6-5a5c-a952-38cc1e82b54e', '019cd8db-caae-7779-8355-0929b5109d31', '2026-03-10 17:46:49.092366+00:00', false, false, true) ON CONFLICT (id) DO NOTHING;
INSERT INTO public.field_descriptions_junction (field_id, descriptions_id, created_at, generated, mcp, active) VALUES ('24b7ac9b-2fc4-526f-b16b-2e7bf53b2caf', '019cd8db-cab1-7534-8a45-a3defbd3086d', '2026-03-10 17:46:49.096102+00:00', false, false, true) ON CONFLICT (id) DO NOTHING;
INSERT INTO public.field_descriptions_junction (field_id, descriptions_id, created_at, generated, mcp, active) VALUES ('e99335d0-fb7a-58b4-944f-cff91c2d5f19', '019cd8db-cab4-747d-a192-07ebeb84f961', '2026-03-10 17:46:49.099934+00:00', false, false, true) ON CONFLICT (id) DO NOTHING;
INSERT INTO public.field_descriptions_junction (field_id, descriptions_id, created_at, generated, mcp, active) VALUES ('4f9e218f-eece-5c14-b400-298e42eb72b9', '019cd8db-cab7-72a8-a613-23e5e0460fe8', '2026-03-10 17:46:49.103746+00:00', false, false, true) ON CONFLICT (id) DO NOTHING;
INSERT INTO public.field_descriptions_junction (field_id, descriptions_id, created_at, generated, mcp, active) VALUES ('7d89ee53-0b3b-57af-9c3a-381e36ff43b4', '019cd8db-cab9-7f63-b5e0-aa714b7bef8f', '2026-03-10 17:46:49.107486+00:00', false, false, true) ON CONFLICT (id) DO NOTHING;
INSERT INTO public.field_descriptions_junction (field_id, descriptions_id, created_at, generated, mcp, active) VALUES ('4a5ce802-62df-5fce-b6b7-ac19d31427af', '019cd8db-cabc-7dc0-a054-dd97fa746118', '2026-03-10 17:46:49.111331+00:00', false, false, true) ON CONFLICT (id) DO NOTHING;
INSERT INTO public.field_descriptions_junction (field_id, descriptions_id, created_at, generated, mcp, active) VALUES ('eb556502-222b-588f-b8a7-5ca0a18e0fe0', '019cd8db-cabf-7b7f-accd-45b9823c808d', '2026-03-10 17:46:49.115160+00:00', false, false, true) ON CONFLICT (id) DO NOTHING;
INSERT INTO public.field_descriptions_junction (field_id, descriptions_id, created_at, generated, mcp, active) VALUES ('46aa6d62-e1e5-5ef9-90ff-2006a00207d6', '019cd8db-cac2-7915-a769-1dccd99bf97e', '2026-03-10 17:46:49.118950+00:00', false, false, true) ON CONFLICT (id) DO NOTHING;
INSERT INTO public.field_descriptions_junction (field_id, descriptions_id, created_at, generated, mcp, active) VALUES ('263cc402-b82b-558f-9177-1a82c913e040', '019cd8db-cac5-7670-b06c-cd382d9af021', '2026-03-10 17:46:49.122809+00:00', false, false, true) ON CONFLICT (id) DO NOTHING;
INSERT INTO public.field_descriptions_junction (field_id, descriptions_id, created_at, generated, mcp, active) VALUES ('8e37036f-4518-55f3-888d-77d85c4e6cc3', '019cd8db-cac8-7524-814f-8ae5e441517a', '2026-03-10 17:46:49.126636+00:00', false, false, true) ON CONFLICT (id) DO NOTHING;
INSERT INTO public.field_descriptions_junction (field_id, descriptions_id, created_at, generated, mcp, active) VALUES ('28843b2c-0b33-5450-8c9a-7705dad668e5', '019cd8db-cacb-738f-9a99-94a0343d82bd', '2026-03-10 17:46:49.130554+00:00', false, false, true) ON CONFLICT (id) DO NOTHING;
INSERT INTO public.field_descriptions_junction (field_id, descriptions_id, created_at, generated, mcp, active) VALUES ('43b44e29-3844-508b-9c99-db5a282f4e2f', '019cd8db-cace-724c-b92e-9f6e7f00c9a5', '2026-03-10 17:46:49.134345+00:00', false, false, true) ON CONFLICT (id) DO NOTHING;
INSERT INTO public.field_descriptions_junction (field_id, descriptions_id, created_at, generated, mcp, active) VALUES ('c5769be0-b659-5207-93ed-93dd1ab94241', '019cd8db-cad1-734e-8632-4609769c5429', '2026-03-10 17:46:49.138029+00:00', false, false, true) ON CONFLICT (id) DO NOTHING;
INSERT INTO public.field_descriptions_junction (field_id, descriptions_id, created_at, generated, mcp, active) VALUES ('2b682f20-7d48-5267-b55c-4e531dfc62b0', '019cd8db-cad4-72cd-ac6f-bd4b0a8103b8', '2026-03-10 17:46:49.141786+00:00', false, false, true) ON CONFLICT (id) DO NOTHING;
INSERT INTO public.field_descriptions_junction (field_id, descriptions_id, created_at, generated, mcp, active) VALUES ('01b79422-b311-53e6-aff2-645d24919f48', '019cd8db-cad7-7104-bea9-c15a6b73bb51', '2026-03-10 17:46:49.145739+00:00', false, false, true) ON CONFLICT (id) DO NOTHING;
INSERT INTO public.field_descriptions_junction (field_id, descriptions_id, created_at, generated, mcp, active) VALUES ('7dc8eb9e-c61c-51e7-ab5b-aad12cfa1e68', '019cd8db-cada-73d1-9180-d5b406417ff0', '2026-03-10 17:46:49.149613+00:00', false, false, true) ON CONFLICT (id) DO NOTHING;
INSERT INTO public.field_descriptions_junction (field_id, descriptions_id, created_at, generated, mcp, active) VALUES ('0087f6fa-bb8e-5e18-9de0-3ac0a3d16b15', '019cd8db-cadd-738e-acc7-328c2f36f161', '2026-03-10 17:46:49.153477+00:00', false, false, true) ON CONFLICT (id) DO NOTHING;
INSERT INTO public.field_descriptions_junction (field_id, descriptions_id, created_at, generated, mcp, active) VALUES ('359b916a-b617-564d-b952-d9079b375b0d', '019cd8db-cae0-7444-8ac2-ece53a7ad7fa', '2026-03-10 17:46:49.157445+00:00', false, false, true) ON CONFLICT (id) DO NOTHING;
INSERT INTO public.field_descriptions_junction (field_id, descriptions_id, created_at, generated, mcp, active) VALUES ('df47197c-5c14-53c9-ab30-0b8026c39390', '019cd8db-cae3-7423-95e4-1517eb00982a', '2026-03-10 17:46:49.161364+00:00', false, false, true) ON CONFLICT (id) DO NOTHING;
INSERT INTO public.field_descriptions_junction (field_id, descriptions_id, created_at, generated, mcp, active) VALUES ('721e6fd3-7817-50e4-886f-9bd91935686b', '019cd8db-cae6-7c0e-aded-1283c4a4260a', '2026-03-10 17:46:49.165208+00:00', false, false, true) ON CONFLICT (id) DO NOTHING;
INSERT INTO public.field_descriptions_junction (field_id, descriptions_id, created_at, generated, mcp, active) VALUES ('17691da4-3af9-550b-a7b7-81e71e8dd24e', '019cd8db-cae9-7d6c-9a54-37d537deba78', '2026-03-10 17:46:49.169116+00:00', false, false, true) ON CONFLICT (id) DO NOTHING;
INSERT INTO public.field_descriptions_junction (field_id, descriptions_id, created_at, generated, mcp, active) VALUES ('ed735cc5-3c19-53c1-b99e-4758337bd021', '019cd8db-caec-7bd4-a774-88cbf40ca0d3', '2026-03-10 17:46:49.172930+00:00', false, false, true) ON CONFLICT (id) DO NOTHING;
INSERT INTO public.field_descriptions_junction (field_id, descriptions_id, created_at, generated, mcp, active) VALUES ('2621a1e3-373e-5b8c-a5ab-06930ceed7fe', '019cd8db-caef-7ace-a455-40921aae67a9', '2026-03-10 17:46:49.176705+00:00', false, false, true) ON CONFLICT (id) DO NOTHING;
INSERT INTO public.field_descriptions_junction (field_id, descriptions_id, created_at, generated, mcp, active) VALUES ('e9830144-bdcf-5e21-bec5-9e939be4d5d4', '019cd8db-caf2-7d68-9a83-d61f495d1159', '2026-03-10 17:46:49.180495+00:00', false, false, true) ON CONFLICT (id) DO NOTHING;
INSERT INTO public.field_descriptions_junction (field_id, descriptions_id, created_at, generated, mcp, active) VALUES ('02b88948-d07a-5803-9eb7-01d8a65bd070', '019cd8db-caf5-7bd8-82b2-f9b988f8a175', '2026-03-10 17:46:49.184243+00:00', false, false, true) ON CONFLICT (id) DO NOTHING;
INSERT INTO public.field_descriptions_junction (field_id, descriptions_id, created_at, generated, mcp, active) VALUES ('82226e68-8e65-526e-a4b5-be9f9bcba177', '019cd8db-caf8-7ce1-b417-d4aec2a21553', '2026-03-10 17:46:49.188068+00:00', false, false, true) ON CONFLICT (id) DO NOTHING;
INSERT INTO public.field_descriptions_junction (field_id, descriptions_id, created_at, generated, mcp, active) VALUES ('b107cf39-a75d-5fc6-b93c-96b660b88e7a', '019cd8db-cafb-7b5b-9a5e-f2782c579657', '2026-03-10 17:46:49.191832+00:00', false, false, true) ON CONFLICT (id) DO NOTHING;
INSERT INTO public.field_descriptions_junction (field_id, descriptions_id, created_at, generated, mcp, active) VALUES ('92675226-a50d-559f-87e6-38e34061c20b', '019cd8db-cafe-7b20-9b93-df8af41934c4', '2026-03-10 17:46:49.195620+00:00', false, false, true) ON CONFLICT (id) DO NOTHING;
INSERT INTO public.field_descriptions_junction (field_id, descriptions_id, created_at, generated, mcp, active) VALUES ('6fe3568a-b044-51de-b5cf-0e3d01e0d650', '019cd8db-cb01-77ef-b19e-d85f7e0636da', '2026-03-10 17:46:49.199439+00:00', false, false, true) ON CONFLICT (id) DO NOTHING;
INSERT INTO public.field_descriptions_junction (field_id, descriptions_id, created_at, generated, mcp, active) VALUES ('d070f8d8-5387-51e2-92e6-82720e891ccc', '019cd8db-cb04-767e-b3c1-b941e91c687d', '2026-03-10 17:46:49.203271+00:00', false, false, true) ON CONFLICT (id) DO NOTHING;
INSERT INTO public.field_descriptions_junction (field_id, descriptions_id, created_at, generated, mcp, active) VALUES ('a30ba794-79e6-5ec7-91e6-e3d60ba2d32d', '019cd8db-cb07-7b9a-87a3-990bf6044311', '2026-03-10 17:46:49.207121+00:00', false, false, true) ON CONFLICT (id) DO NOTHING;
INSERT INTO public.field_descriptions_junction (field_id, descriptions_id, created_at, generated, mcp, active) VALUES ('0437f45e-ff80-5f6e-b32b-529c2166af6d', '019cd8db-cb0a-78f6-8a2b-dcbac894ae3d', '2026-03-10 17:46:49.210920+00:00', false, false, true) ON CONFLICT (id) DO NOTHING;
INSERT INTO public.field_descriptions_junction (field_id, descriptions_id, created_at, generated, mcp, active) VALUES ('e8952a4e-614e-576d-9994-c8c63267c832', '019cd8db-cb0d-76fb-ad97-5a88505fe236', '2026-03-10 17:46:49.214797+00:00', false, false, true) ON CONFLICT (id) DO NOTHING;
INSERT INTO public.field_descriptions_junction (field_id, descriptions_id, created_at, generated, mcp, active) VALUES ('a68b0219-7170-5a3f-8009-8a7449221f3e', '019cd8db-cb10-762d-a633-1d985358b68b', '2026-03-10 17:46:49.218717+00:00', false, false, true) ON CONFLICT (id) DO NOTHING;
INSERT INTO public.field_descriptions_junction (field_id, descriptions_id, created_at, generated, mcp, active) VALUES ('2effdb7a-3891-5a90-993f-c6dfc5d4d678', '019cd8db-cb13-756b-9fca-003c4ba685be', '2026-03-10 17:46:49.222665+00:00', false, false, true) ON CONFLICT (id) DO NOTHING;
INSERT INTO public.field_descriptions_junction (field_id, descriptions_id, created_at, generated, mcp, active) VALUES ('7cedeb89-4d80-5734-9429-9a31bf43809b', '019cd8db-cb16-74ea-be0a-4d3471c5e6d9', '2026-03-10 17:46:49.226429+00:00', false, false, true) ON CONFLICT (id) DO NOTHING;
INSERT INTO public.field_descriptions_junction (field_id, descriptions_id, created_at, generated, mcp, active) VALUES ('4c2f98bb-130c-5ec9-b45b-1488533d0abd', '019cd8db-cb19-7373-8baf-25bd687a4771', '2026-03-10 17:46:49.230219+00:00', false, false, true) ON CONFLICT (id) DO NOTHING;
INSERT INTO public.field_descriptions_junction (field_id, descriptions_id, created_at, generated, mcp, active) VALUES ('838d7f7b-6290-5ac6-8bad-37877a206dd3', '019cd8db-cb1c-70ca-8c5e-97affac66647', '2026-03-10 17:46:49.233900+00:00', false, false, true) ON CONFLICT (id) DO NOTHING;
INSERT INTO public.field_descriptions_junction (field_id, descriptions_id, created_at, generated, mcp, active) VALUES ('fd93a7b3-a5da-5218-8efd-7371337cb3cf', '019cd8db-cb1e-7fcd-bc56-11405f7f6327', '2026-03-10 17:46:49.237436+00:00', false, false, true) ON CONFLICT (id) DO NOTHING;
INSERT INTO public.field_descriptions_junction (field_id, descriptions_id, created_at, generated, mcp, active) VALUES ('c7060e04-9db8-52d5-a5d2-87e7d8eb8c1d', '019cd8db-cb21-7d3f-8a2b-48e3cd1f0bfd', '2026-03-10 17:46:49.240916+00:00', false, false, true) ON CONFLICT (id) DO NOTHING;
INSERT INTO public.field_descriptions_junction (field_id, descriptions_id, created_at, generated, mcp, active) VALUES ('224110b7-1972-5a63-864d-761575e08f61', '019cd8db-cb24-7c05-8be4-d456bd0322b6', '2026-03-10 17:46:49.244745+00:00', false, false, true) ON CONFLICT (id) DO NOTHING;
INSERT INTO public.field_descriptions_junction (field_id, descriptions_id, created_at, generated, mcp, active) VALUES ('f189240d-6199-5585-90ae-7893ae0549bf', '019cd8db-cb27-79d5-a3cd-95213d1af6df', '2026-03-10 17:46:49.248884+00:00', false, false, true) ON CONFLICT (id) DO NOTHING;
INSERT INTO public.field_descriptions_junction (field_id, descriptions_id, created_at, generated, mcp, active) VALUES ('3eeea3d5-dc69-506e-a2f3-558691188184', '019cd8db-cb2a-77da-a038-52d9b506585b', '2026-03-10 17:46:49.252681+00:00', false, false, true) ON CONFLICT (id) DO NOTHING;
INSERT INTO public.field_descriptions_junction (field_id, descriptions_id, created_at, generated, mcp, active) VALUES ('f94abf9f-d200-5935-a5a2-6f917b7efe5c', '019cd8db-cb2d-7566-ac4d-8bec35c79e4d', '2026-03-10 17:46:49.256386+00:00', false, false, true) ON CONFLICT (id) DO NOTHING;
INSERT INTO public.field_descriptions_junction (field_id, descriptions_id, created_at, generated, mcp, active) VALUES ('6d488045-c158-597e-8ff1-3018519b915c', '019cd8db-cb30-734c-8144-b1c3da66f8ab', '2026-03-10 17:46:49.260237+00:00', false, false, true) ON CONFLICT (id) DO NOTHING;
INSERT INTO public.field_descriptions_junction (field_id, descriptions_id, created_at, generated, mcp, active) VALUES ('2729560a-595d-5061-96b5-ecbb9ca2f113', '019cd8db-cb33-700f-8464-e7975e498571', '2026-03-10 17:46:49.264203+00:00', false, false, true) ON CONFLICT (id) DO NOTHING;
INSERT INTO public.field_descriptions_junction (field_id, descriptions_id, created_at, generated, mcp, active) VALUES ('5f3c2e98-6600-5681-94f3-5a2ae5399a04', '019cd8db-cb35-7dbd-aa34-9937ea477549', '2026-03-10 17:46:49.268014+00:00', false, false, true) ON CONFLICT (id) DO NOTHING;
INSERT INTO public.field_descriptions_junction (field_id, descriptions_id, created_at, generated, mcp, active) VALUES ('d3ef1aad-dea5-5161-9676-039bc9e1461a', '019cd8db-cb38-7be3-a8ca-d72aa49f6382', '2026-03-10 17:46:49.271680+00:00', false, false, true) ON CONFLICT (id) DO NOTHING;
INSERT INTO public.field_descriptions_junction (field_id, descriptions_id, created_at, generated, mcp, active) VALUES ('8c05c324-5e75-57e2-a3cc-2448e57ca32c', '019cd8db-cb3b-7d1e-ba5f-38a24d4635d3', '2026-03-10 17:46:49.275505+00:00', false, false, true) ON CONFLICT (id) DO NOTHING;
INSERT INTO public.field_descriptions_junction (field_id, descriptions_id, created_at, generated, mcp, active) VALUES ('21b317e9-e734-565b-92fd-08f32113d210', '019cd8db-cb3e-7a88-825c-f6c30b3675f1', '2026-03-10 17:46:49.279207+00:00', false, false, true) ON CONFLICT (id) DO NOTHING;
INSERT INTO public.field_descriptions_junction (field_id, descriptions_id, created_at, generated, mcp, active) VALUES ('5f38a837-4136-50fe-a8a9-12cb31106d6e', '019cd8db-cb41-78b8-84ba-8b9b4d89c71e', '2026-03-10 17:46:49.283052+00:00', false, false, true) ON CONFLICT (id) DO NOTHING;

-- field_fields_junction
INSERT INTO public.field_fields_junction (field_id, fields_id, active, created_at, generated, mcp) VALUES ('b4b10b4c-7855-5cdc-a826-52a5552d5308', 'b4b10b4c-7855-5cdc-a826-52a5552d5308', true, '2026-03-10 17:46:49.030083+00:00', false, false) ON CONFLICT (id) DO NOTHING;
INSERT INTO public.field_fields_junction (field_id, fields_id, active, created_at, generated, mcp) VALUES ('333655bb-5bd5-57e6-828e-0d9897ba4aaf', '333655bb-5bd5-57e6-828e-0d9897ba4aaf', true, '2026-03-10 17:46:49.035666+00:00', false, false) ON CONFLICT (id) DO NOTHING;
INSERT INTO public.field_fields_junction (field_id, fields_id, active, created_at, generated, mcp) VALUES ('53d2f11d-9f82-58ce-acb6-b18bf6867896', '53d2f11d-9f82-58ce-acb6-b18bf6867896', true, '2026-03-10 17:46:49.040021+00:00', false, false) ON CONFLICT (id) DO NOTHING;
INSERT INTO public.field_fields_junction (field_id, fields_id, active, created_at, generated, mcp) VALUES ('f328a130-ea03-5b66-8df2-7a29e50816ba', 'f328a130-ea03-5b66-8df2-7a29e50816ba', true, '2026-03-10 17:46:49.045539+00:00', false, false) ON CONFLICT (id) DO NOTHING;
INSERT INTO public.field_fields_junction (field_id, fields_id, active, created_at, generated, mcp) VALUES ('1284a089-9c3c-5902-8b36-b7bd2cc43153', '1284a089-9c3c-5902-8b36-b7bd2cc43153', true, '2026-03-10 17:46:49.049517+00:00', false, false) ON CONFLICT (id) DO NOTHING;
INSERT INTO public.field_fields_junction (field_id, fields_id, active, created_at, generated, mcp) VALUES ('932a1aeb-5152-55f3-a6d2-aa5e3e07f3a8', '932a1aeb-5152-55f3-a6d2-aa5e3e07f3a8', true, '2026-03-10 17:46:49.053522+00:00', false, false) ON CONFLICT (id) DO NOTHING;
INSERT INTO public.field_fields_junction (field_id, fields_id, active, created_at, generated, mcp) VALUES ('35fbfb0b-dd5f-58c7-ae42-135113cdab42', '35fbfb0b-dd5f-58c7-ae42-135113cdab42', true, '2026-03-10 17:46:49.057462+00:00', false, false) ON CONFLICT (id) DO NOTHING;
INSERT INTO public.field_fields_junction (field_id, fields_id, active, created_at, generated, mcp) VALUES ('dbeb6f9a-c429-5c38-8bdf-be35304a2c3b', 'dbeb6f9a-c429-5c38-8bdf-be35304a2c3b', true, '2026-03-10 17:46:49.061325+00:00', false, false) ON CONFLICT (id) DO NOTHING;
INSERT INTO public.field_fields_junction (field_id, fields_id, active, created_at, generated, mcp) VALUES ('19a0dbeb-2f46-5639-8f8a-46df6df20e07', '19a0dbeb-2f46-5639-8f8a-46df6df20e07', true, '2026-03-10 17:46:49.065290+00:00', false, false) ON CONFLICT (id) DO NOTHING;
INSERT INTO public.field_fields_junction (field_id, fields_id, active, created_at, generated, mcp) VALUES ('9da02e3a-e8ac-598d-98ba-7e5b53223a3b', '9da02e3a-e8ac-598d-98ba-7e5b53223a3b', true, '2026-03-10 17:46:49.069207+00:00', false, false) ON CONFLICT (id) DO NOTHING;
INSERT INTO public.field_fields_junction (field_id, fields_id, active, created_at, generated, mcp) VALUES ('1373ebd3-f97a-5f7e-bb44-809868ac5060', '1373ebd3-f97a-5f7e-bb44-809868ac5060', true, '2026-03-10 17:46:49.073023+00:00', false, false) ON CONFLICT (id) DO NOTHING;
INSERT INTO public.field_fields_junction (field_id, fields_id, active, created_at, generated, mcp) VALUES ('b55d011b-954a-5f7d-9134-1411a9417812', 'b55d011b-954a-5f7d-9134-1411a9417812', true, '2026-03-10 17:46:49.076774+00:00', false, false) ON CONFLICT (id) DO NOTHING;
INSERT INTO public.field_fields_junction (field_id, fields_id, active, created_at, generated, mcp) VALUES ('87f8e821-3f76-5745-bafc-dd608d146daf', '87f8e821-3f76-5745-bafc-dd608d146daf', true, '2026-03-10 17:46:49.080747+00:00', false, false) ON CONFLICT (id) DO NOTHING;
INSERT INTO public.field_fields_junction (field_id, fields_id, active, created_at, generated, mcp) VALUES ('73df8cfb-b70e-5efd-a7c4-64e9eb119cbd', '73df8cfb-b70e-5efd-a7c4-64e9eb119cbd', true, '2026-03-10 17:46:49.084571+00:00', false, false) ON CONFLICT (id) DO NOTHING;
INSERT INTO public.field_fields_junction (field_id, fields_id, active, created_at, generated, mcp) VALUES ('ebffb184-0b17-55cc-93e7-b3a1fc6d0443', 'ebffb184-0b17-55cc-93e7-b3a1fc6d0443', true, '2026-03-10 17:46:49.088481+00:00', false, false) ON CONFLICT (id) DO NOTHING;
INSERT INTO public.field_fields_junction (field_id, fields_id, active, created_at, generated, mcp) VALUES ('ecee0676-3fc6-5a5c-a952-38cc1e82b54e', 'ecee0676-3fc6-5a5c-a952-38cc1e82b54e', true, '2026-03-10 17:46:49.092366+00:00', false, false) ON CONFLICT (id) DO NOTHING;
INSERT INTO public.field_fields_junction (field_id, fields_id, active, created_at, generated, mcp) VALUES ('24b7ac9b-2fc4-526f-b16b-2e7bf53b2caf', '24b7ac9b-2fc4-526f-b16b-2e7bf53b2caf', true, '2026-03-10 17:46:49.096102+00:00', false, false) ON CONFLICT (id) DO NOTHING;
INSERT INTO public.field_fields_junction (field_id, fields_id, active, created_at, generated, mcp) VALUES ('e99335d0-fb7a-58b4-944f-cff91c2d5f19', 'e99335d0-fb7a-58b4-944f-cff91c2d5f19', true, '2026-03-10 17:46:49.099934+00:00', false, false) ON CONFLICT (id) DO NOTHING;
INSERT INTO public.field_fields_junction (field_id, fields_id, active, created_at, generated, mcp) VALUES ('4f9e218f-eece-5c14-b400-298e42eb72b9', '4f9e218f-eece-5c14-b400-298e42eb72b9', true, '2026-03-10 17:46:49.103746+00:00', false, false) ON CONFLICT (id) DO NOTHING;
INSERT INTO public.field_fields_junction (field_id, fields_id, active, created_at, generated, mcp) VALUES ('7d89ee53-0b3b-57af-9c3a-381e36ff43b4', '7d89ee53-0b3b-57af-9c3a-381e36ff43b4', true, '2026-03-10 17:46:49.107486+00:00', false, false) ON CONFLICT (id) DO NOTHING;
INSERT INTO public.field_fields_junction (field_id, fields_id, active, created_at, generated, mcp) VALUES ('4a5ce802-62df-5fce-b6b7-ac19d31427af', '4a5ce802-62df-5fce-b6b7-ac19d31427af', true, '2026-03-10 17:46:49.111331+00:00', false, false) ON CONFLICT (id) DO NOTHING;
INSERT INTO public.field_fields_junction (field_id, fields_id, active, created_at, generated, mcp) VALUES ('eb556502-222b-588f-b8a7-5ca0a18e0fe0', 'eb556502-222b-588f-b8a7-5ca0a18e0fe0', true, '2026-03-10 17:46:49.115160+00:00', false, false) ON CONFLICT (id) DO NOTHING;
INSERT INTO public.field_fields_junction (field_id, fields_id, active, created_at, generated, mcp) VALUES ('46aa6d62-e1e5-5ef9-90ff-2006a00207d6', '46aa6d62-e1e5-5ef9-90ff-2006a00207d6', true, '2026-03-10 17:46:49.118950+00:00', false, false) ON CONFLICT (id) DO NOTHING;
INSERT INTO public.field_fields_junction (field_id, fields_id, active, created_at, generated, mcp) VALUES ('263cc402-b82b-558f-9177-1a82c913e040', '263cc402-b82b-558f-9177-1a82c913e040', true, '2026-03-10 17:46:49.122809+00:00', false, false) ON CONFLICT (id) DO NOTHING;
INSERT INTO public.field_fields_junction (field_id, fields_id, active, created_at, generated, mcp) VALUES ('8e37036f-4518-55f3-888d-77d85c4e6cc3', '8e37036f-4518-55f3-888d-77d85c4e6cc3', true, '2026-03-10 17:46:49.126636+00:00', false, false) ON CONFLICT (id) DO NOTHING;
INSERT INTO public.field_fields_junction (field_id, fields_id, active, created_at, generated, mcp) VALUES ('28843b2c-0b33-5450-8c9a-7705dad668e5', '28843b2c-0b33-5450-8c9a-7705dad668e5', true, '2026-03-10 17:46:49.130554+00:00', false, false) ON CONFLICT (id) DO NOTHING;
INSERT INTO public.field_fields_junction (field_id, fields_id, active, created_at, generated, mcp) VALUES ('43b44e29-3844-508b-9c99-db5a282f4e2f', '43b44e29-3844-508b-9c99-db5a282f4e2f', true, '2026-03-10 17:46:49.134345+00:00', false, false) ON CONFLICT (id) DO NOTHING;
INSERT INTO public.field_fields_junction (field_id, fields_id, active, created_at, generated, mcp) VALUES ('c5769be0-b659-5207-93ed-93dd1ab94241', 'c5769be0-b659-5207-93ed-93dd1ab94241', true, '2026-03-10 17:46:49.138029+00:00', false, false) ON CONFLICT (id) DO NOTHING;
INSERT INTO public.field_fields_junction (field_id, fields_id, active, created_at, generated, mcp) VALUES ('2b682f20-7d48-5267-b55c-4e531dfc62b0', '2b682f20-7d48-5267-b55c-4e531dfc62b0', true, '2026-03-10 17:46:49.141786+00:00', false, false) ON CONFLICT (id) DO NOTHING;
INSERT INTO public.field_fields_junction (field_id, fields_id, active, created_at, generated, mcp) VALUES ('01b79422-b311-53e6-aff2-645d24919f48', '01b79422-b311-53e6-aff2-645d24919f48', true, '2026-03-10 17:46:49.145739+00:00', false, false) ON CONFLICT (id) DO NOTHING;
INSERT INTO public.field_fields_junction (field_id, fields_id, active, created_at, generated, mcp) VALUES ('7dc8eb9e-c61c-51e7-ab5b-aad12cfa1e68', '7dc8eb9e-c61c-51e7-ab5b-aad12cfa1e68', true, '2026-03-10 17:46:49.149613+00:00', false, false) ON CONFLICT (id) DO NOTHING;
INSERT INTO public.field_fields_junction (field_id, fields_id, active, created_at, generated, mcp) VALUES ('0087f6fa-bb8e-5e18-9de0-3ac0a3d16b15', '0087f6fa-bb8e-5e18-9de0-3ac0a3d16b15', true, '2026-03-10 17:46:49.153477+00:00', false, false) ON CONFLICT (id) DO NOTHING;
INSERT INTO public.field_fields_junction (field_id, fields_id, active, created_at, generated, mcp) VALUES ('359b916a-b617-564d-b952-d9079b375b0d', '359b916a-b617-564d-b952-d9079b375b0d', true, '2026-03-10 17:46:49.157445+00:00', false, false) ON CONFLICT (id) DO NOTHING;
INSERT INTO public.field_fields_junction (field_id, fields_id, active, created_at, generated, mcp) VALUES ('df47197c-5c14-53c9-ab30-0b8026c39390', 'df47197c-5c14-53c9-ab30-0b8026c39390', true, '2026-03-10 17:46:49.161364+00:00', false, false) ON CONFLICT (id) DO NOTHING;
INSERT INTO public.field_fields_junction (field_id, fields_id, active, created_at, generated, mcp) VALUES ('721e6fd3-7817-50e4-886f-9bd91935686b', '721e6fd3-7817-50e4-886f-9bd91935686b', true, '2026-03-10 17:46:49.165208+00:00', false, false) ON CONFLICT (id) DO NOTHING;
INSERT INTO public.field_fields_junction (field_id, fields_id, active, created_at, generated, mcp) VALUES ('17691da4-3af9-550b-a7b7-81e71e8dd24e', '17691da4-3af9-550b-a7b7-81e71e8dd24e', true, '2026-03-10 17:46:49.169116+00:00', false, false) ON CONFLICT (id) DO NOTHING;
INSERT INTO public.field_fields_junction (field_id, fields_id, active, created_at, generated, mcp) VALUES ('ed735cc5-3c19-53c1-b99e-4758337bd021', 'ed735cc5-3c19-53c1-b99e-4758337bd021', true, '2026-03-10 17:46:49.172930+00:00', false, false) ON CONFLICT (id) DO NOTHING;
INSERT INTO public.field_fields_junction (field_id, fields_id, active, created_at, generated, mcp) VALUES ('2621a1e3-373e-5b8c-a5ab-06930ceed7fe', '2621a1e3-373e-5b8c-a5ab-06930ceed7fe', true, '2026-03-10 17:46:49.176705+00:00', false, false) ON CONFLICT (id) DO NOTHING;
INSERT INTO public.field_fields_junction (field_id, fields_id, active, created_at, generated, mcp) VALUES ('e9830144-bdcf-5e21-bec5-9e939be4d5d4', 'e9830144-bdcf-5e21-bec5-9e939be4d5d4', true, '2026-03-10 17:46:49.180495+00:00', false, false) ON CONFLICT (id) DO NOTHING;
INSERT INTO public.field_fields_junction (field_id, fields_id, active, created_at, generated, mcp) VALUES ('02b88948-d07a-5803-9eb7-01d8a65bd070', '02b88948-d07a-5803-9eb7-01d8a65bd070', true, '2026-03-10 17:46:49.184243+00:00', false, false) ON CONFLICT (id) DO NOTHING;
INSERT INTO public.field_fields_junction (field_id, fields_id, active, created_at, generated, mcp) VALUES ('82226e68-8e65-526e-a4b5-be9f9bcba177', '82226e68-8e65-526e-a4b5-be9f9bcba177', true, '2026-03-10 17:46:49.188068+00:00', false, false) ON CONFLICT (id) DO NOTHING;
INSERT INTO public.field_fields_junction (field_id, fields_id, active, created_at, generated, mcp) VALUES ('b107cf39-a75d-5fc6-b93c-96b660b88e7a', 'b107cf39-a75d-5fc6-b93c-96b660b88e7a', true, '2026-03-10 17:46:49.191832+00:00', false, false) ON CONFLICT (id) DO NOTHING;
INSERT INTO public.field_fields_junction (field_id, fields_id, active, created_at, generated, mcp) VALUES ('92675226-a50d-559f-87e6-38e34061c20b', '92675226-a50d-559f-87e6-38e34061c20b', true, '2026-03-10 17:46:49.195620+00:00', false, false) ON CONFLICT (id) DO NOTHING;
INSERT INTO public.field_fields_junction (field_id, fields_id, active, created_at, generated, mcp) VALUES ('6fe3568a-b044-51de-b5cf-0e3d01e0d650', '6fe3568a-b044-51de-b5cf-0e3d01e0d650', true, '2026-03-10 17:46:49.199439+00:00', false, false) ON CONFLICT (id) DO NOTHING;
INSERT INTO public.field_fields_junction (field_id, fields_id, active, created_at, generated, mcp) VALUES ('d070f8d8-5387-51e2-92e6-82720e891ccc', 'd070f8d8-5387-51e2-92e6-82720e891ccc', true, '2026-03-10 17:46:49.203271+00:00', false, false) ON CONFLICT (id) DO NOTHING;
INSERT INTO public.field_fields_junction (field_id, fields_id, active, created_at, generated, mcp) VALUES ('a30ba794-79e6-5ec7-91e6-e3d60ba2d32d', 'a30ba794-79e6-5ec7-91e6-e3d60ba2d32d', true, '2026-03-10 17:46:49.207121+00:00', false, false) ON CONFLICT (id) DO NOTHING;
INSERT INTO public.field_fields_junction (field_id, fields_id, active, created_at, generated, mcp) VALUES ('0437f45e-ff80-5f6e-b32b-529c2166af6d', '0437f45e-ff80-5f6e-b32b-529c2166af6d', true, '2026-03-10 17:46:49.210920+00:00', false, false) ON CONFLICT (id) DO NOTHING;
INSERT INTO public.field_fields_junction (field_id, fields_id, active, created_at, generated, mcp) VALUES ('e8952a4e-614e-576d-9994-c8c63267c832', 'e8952a4e-614e-576d-9994-c8c63267c832', true, '2026-03-10 17:46:49.214797+00:00', false, false) ON CONFLICT (id) DO NOTHING;
INSERT INTO public.field_fields_junction (field_id, fields_id, active, created_at, generated, mcp) VALUES ('a68b0219-7170-5a3f-8009-8a7449221f3e', 'a68b0219-7170-5a3f-8009-8a7449221f3e', true, '2026-03-10 17:46:49.218717+00:00', false, false) ON CONFLICT (id) DO NOTHING;
INSERT INTO public.field_fields_junction (field_id, fields_id, active, created_at, generated, mcp) VALUES ('2effdb7a-3891-5a90-993f-c6dfc5d4d678', '2effdb7a-3891-5a90-993f-c6dfc5d4d678', true, '2026-03-10 17:46:49.222665+00:00', false, false) ON CONFLICT (id) DO NOTHING;
INSERT INTO public.field_fields_junction (field_id, fields_id, active, created_at, generated, mcp) VALUES ('7cedeb89-4d80-5734-9429-9a31bf43809b', '7cedeb89-4d80-5734-9429-9a31bf43809b', true, '2026-03-10 17:46:49.226429+00:00', false, false) ON CONFLICT (id) DO NOTHING;
INSERT INTO public.field_fields_junction (field_id, fields_id, active, created_at, generated, mcp) VALUES ('4c2f98bb-130c-5ec9-b45b-1488533d0abd', '4c2f98bb-130c-5ec9-b45b-1488533d0abd', true, '2026-03-10 17:46:49.230219+00:00', false, false) ON CONFLICT (id) DO NOTHING;
INSERT INTO public.field_fields_junction (field_id, fields_id, active, created_at, generated, mcp) VALUES ('838d7f7b-6290-5ac6-8bad-37877a206dd3', '838d7f7b-6290-5ac6-8bad-37877a206dd3', true, '2026-03-10 17:46:49.233900+00:00', false, false) ON CONFLICT (id) DO NOTHING;
INSERT INTO public.field_fields_junction (field_id, fields_id, active, created_at, generated, mcp) VALUES ('fd93a7b3-a5da-5218-8efd-7371337cb3cf', 'fd93a7b3-a5da-5218-8efd-7371337cb3cf', true, '2026-03-10 17:46:49.237436+00:00', false, false) ON CONFLICT (id) DO NOTHING;
INSERT INTO public.field_fields_junction (field_id, fields_id, active, created_at, generated, mcp) VALUES ('c7060e04-9db8-52d5-a5d2-87e7d8eb8c1d', 'c7060e04-9db8-52d5-a5d2-87e7d8eb8c1d', true, '2026-03-10 17:46:49.240916+00:00', false, false) ON CONFLICT (id) DO NOTHING;
INSERT INTO public.field_fields_junction (field_id, fields_id, active, created_at, generated, mcp) VALUES ('224110b7-1972-5a63-864d-761575e08f61', '224110b7-1972-5a63-864d-761575e08f61', true, '2026-03-10 17:46:49.244745+00:00', false, false) ON CONFLICT (id) DO NOTHING;
INSERT INTO public.field_fields_junction (field_id, fields_id, active, created_at, generated, mcp) VALUES ('f189240d-6199-5585-90ae-7893ae0549bf', 'f189240d-6199-5585-90ae-7893ae0549bf', true, '2026-03-10 17:46:49.248884+00:00', false, false) ON CONFLICT (id) DO NOTHING;
INSERT INTO public.field_fields_junction (field_id, fields_id, active, created_at, generated, mcp) VALUES ('3eeea3d5-dc69-506e-a2f3-558691188184', '3eeea3d5-dc69-506e-a2f3-558691188184', true, '2026-03-10 17:46:49.252681+00:00', false, false) ON CONFLICT (id) DO NOTHING;
INSERT INTO public.field_fields_junction (field_id, fields_id, active, created_at, generated, mcp) VALUES ('f94abf9f-d200-5935-a5a2-6f917b7efe5c', 'f94abf9f-d200-5935-a5a2-6f917b7efe5c', true, '2026-03-10 17:46:49.256386+00:00', false, false) ON CONFLICT (id) DO NOTHING;
INSERT INTO public.field_fields_junction (field_id, fields_id, active, created_at, generated, mcp) VALUES ('6d488045-c158-597e-8ff1-3018519b915c', '6d488045-c158-597e-8ff1-3018519b915c', true, '2026-03-10 17:46:49.260237+00:00', false, false) ON CONFLICT (id) DO NOTHING;
INSERT INTO public.field_fields_junction (field_id, fields_id, active, created_at, generated, mcp) VALUES ('2729560a-595d-5061-96b5-ecbb9ca2f113', '2729560a-595d-5061-96b5-ecbb9ca2f113', true, '2026-03-10 17:46:49.264203+00:00', false, false) ON CONFLICT (id) DO NOTHING;
INSERT INTO public.field_fields_junction (field_id, fields_id, active, created_at, generated, mcp) VALUES ('5f3c2e98-6600-5681-94f3-5a2ae5399a04', '5f3c2e98-6600-5681-94f3-5a2ae5399a04', true, '2026-03-10 17:46:49.268014+00:00', false, false) ON CONFLICT (id) DO NOTHING;
INSERT INTO public.field_fields_junction (field_id, fields_id, active, created_at, generated, mcp) VALUES ('d3ef1aad-dea5-5161-9676-039bc9e1461a', 'd3ef1aad-dea5-5161-9676-039bc9e1461a', true, '2026-03-10 17:46:49.271680+00:00', false, false) ON CONFLICT (id) DO NOTHING;
INSERT INTO public.field_fields_junction (field_id, fields_id, active, created_at, generated, mcp) VALUES ('8c05c324-5e75-57e2-a3cc-2448e57ca32c', '8c05c324-5e75-57e2-a3cc-2448e57ca32c', true, '2026-03-10 17:46:49.275505+00:00', false, false) ON CONFLICT (id) DO NOTHING;
INSERT INTO public.field_fields_junction (field_id, fields_id, active, created_at, generated, mcp) VALUES ('21b317e9-e734-565b-92fd-08f32113d210', '21b317e9-e734-565b-92fd-08f32113d210', true, '2026-03-10 17:46:49.279207+00:00', false, false) ON CONFLICT (id) DO NOTHING;
INSERT INTO public.field_fields_junction (field_id, fields_id, active, created_at, generated, mcp) VALUES ('5f38a837-4136-50fe-a8a9-12cb31106d6e', '5f38a837-4136-50fe-a8a9-12cb31106d6e', true, '2026-03-10 17:46:49.283052+00:00', false, false) ON CONFLICT (id) DO NOTHING;

-- field_names_junction
INSERT INTO public.field_names_junction (field_id, names_id, created_at, generated, mcp, active) VALUES ('b4b10b4c-7855-5cdc-a826-52a5552d5308', '019cd8db-ca80-73c4-a05e-8551a3e46503', '2026-03-10 17:46:49.030083+00:00', false, false, true) ON CONFLICT (id) DO NOTHING;
INSERT INTO public.field_names_junction (field_id, names_id, created_at, generated, mcp, active) VALUES ('333655bb-5bd5-57e6-828e-0d9897ba4aaf', '019cd8db-ca84-7406-bc6f-75db9aa43fa6', '2026-03-10 17:46:49.035666+00:00', false, false, true) ON CONFLICT (id) DO NOTHING;
INSERT INTO public.field_names_junction (field_id, names_id, created_at, generated, mcp, active) VALUES ('53d2f11d-9f82-58ce-acb6-b18bf6867896', '019cd8db-ca87-78d0-be7d-1af36a651634', '2026-03-10 17:46:49.040021+00:00', false, false, true) ON CONFLICT (id) DO NOTHING;
INSERT INTO public.field_names_junction (field_id, names_id, created_at, generated, mcp, active) VALUES ('f328a130-ea03-5b66-8df2-7a29e50816ba', '019cd8db-ca8a-75f3-9f91-c0b83e75e5de', '2026-03-10 17:46:49.045539+00:00', false, false, true) ON CONFLICT (id) DO NOTHING;
INSERT INTO public.field_names_junction (field_id, names_id, created_at, generated, mcp, active) VALUES ('1284a089-9c3c-5902-8b36-b7bd2cc43153', '019cd8db-ca8d-7771-8c1f-d9c914aeb1fe', '2026-03-10 17:46:49.049517+00:00', false, false, true) ON CONFLICT (id) DO NOTHING;
INSERT INTO public.field_names_junction (field_id, names_id, created_at, generated, mcp, active) VALUES ('932a1aeb-5152-55f3-a6d2-aa5e3e07f3a8', '019cd8db-ca90-773d-8147-b16c0b75429b', '2026-03-10 17:46:49.053522+00:00', false, false, true) ON CONFLICT (id) DO NOTHING;
INSERT INTO public.field_names_junction (field_id, names_id, created_at, generated, mcp, active) VALUES ('35fbfb0b-dd5f-58c7-ae42-135113cdab42', '019cd8db-ca93-7710-bfa0-db8708134fa9', '2026-03-10 17:46:49.057462+00:00', false, false, true) ON CONFLICT (id) DO NOTHING;
INSERT INTO public.field_names_junction (field_id, names_id, created_at, generated, mcp, active) VALUES ('dbeb6f9a-c429-5c38-8bdf-be35304a2c3b', '019cd8db-ca96-73d2-b206-a9960dc0d677', '2026-03-10 17:46:49.061325+00:00', false, false, true) ON CONFLICT (id) DO NOTHING;
INSERT INTO public.field_names_junction (field_id, names_id, created_at, generated, mcp, active) VALUES ('19a0dbeb-2f46-5639-8f8a-46df6df20e07', '019cd8db-ca99-708e-9547-f64407b8c674', '2026-03-10 17:46:49.065290+00:00', false, false, true) ON CONFLICT (id) DO NOTHING;
INSERT INTO public.field_names_junction (field_id, names_id, created_at, generated, mcp, active) VALUES ('9da02e3a-e8ac-598d-98ba-7e5b53223a3b', '019cd8db-ca9b-7c86-827a-69b994eb6b59', '2026-03-10 17:46:49.069207+00:00', false, false, true) ON CONFLICT (id) DO NOTHING;
INSERT INTO public.field_names_junction (field_id, names_id, created_at, generated, mcp, active) VALUES ('1373ebd3-f97a-5f7e-bb44-809868ac5060', '019cd8db-ca9e-772a-a1c6-afcf4517162d', '2026-03-10 17:46:49.073023+00:00', false, false, true) ON CONFLICT (id) DO NOTHING;
INSERT INTO public.field_names_junction (field_id, names_id, created_at, generated, mcp, active) VALUES ('b55d011b-954a-5f7d-9134-1411a9417812', '019cd8db-caa1-75a5-882c-c384acc9452e', '2026-03-10 17:46:49.076774+00:00', false, false, true) ON CONFLICT (id) DO NOTHING;
INSERT INTO public.field_names_junction (field_id, names_id, created_at, generated, mcp, active) VALUES ('87f8e821-3f76-5745-bafc-dd608d146daf', '019cd8db-caa4-74ec-ae08-902cd50ef245', '2026-03-10 17:46:49.080747+00:00', false, false, true) ON CONFLICT (id) DO NOTHING;
INSERT INTO public.field_names_junction (field_id, names_id, created_at, generated, mcp, active) VALUES ('73df8cfb-b70e-5efd-a7c4-64e9eb119cbd', '019cd8db-caa7-73c2-8cae-d31c0543adc5', '2026-03-10 17:46:49.084571+00:00', false, false, true) ON CONFLICT (id) DO NOTHING;
INSERT INTO public.field_names_junction (field_id, names_id, created_at, generated, mcp, active) VALUES ('ebffb184-0b17-55cc-93e7-b3a1fc6d0443', '019cd8db-caaa-7270-b2cc-24343ce821ae', '2026-03-10 17:46:49.088481+00:00', false, false, true) ON CONFLICT (id) DO NOTHING;
INSERT INTO public.field_names_junction (field_id, names_id, created_at, generated, mcp, active) VALUES ('ecee0676-3fc6-5a5c-a952-38cc1e82b54e', '019cd8db-caad-7049-8c45-7f415db40917', '2026-03-10 17:46:49.092366+00:00', false, false, true) ON CONFLICT (id) DO NOTHING;
INSERT INTO public.field_names_junction (field_id, names_id, created_at, generated, mcp, active) VALUES ('24b7ac9b-2fc4-526f-b16b-2e7bf53b2caf', '019cd8db-caaf-7e48-95ce-7e5cc6292af3', '2026-03-10 17:46:49.096102+00:00', false, false, true) ON CONFLICT (id) DO NOTHING;
INSERT INTO public.field_names_junction (field_id, names_id, created_at, generated, mcp, active) VALUES ('e99335d0-fb7a-58b4-944f-cff91c2d5f19', '019cd8db-cab2-7c6a-9797-457f159f260e', '2026-03-10 17:46:49.099934+00:00', false, false, true) ON CONFLICT (id) DO NOTHING;
INSERT INTO public.field_names_junction (field_id, names_id, created_at, generated, mcp, active) VALUES ('4f9e218f-eece-5c14-b400-298e42eb72b9', '019cd8db-cab5-7c6d-a4a5-539d32923e03', '2026-03-10 17:46:49.103746+00:00', false, false, true) ON CONFLICT (id) DO NOTHING;
INSERT INTO public.field_names_junction (field_id, names_id, created_at, generated, mcp, active) VALUES ('7d89ee53-0b3b-57af-9c3a-381e36ff43b4', '019cd8db-cab8-77b8-bdb1-0f4ce1578287', '2026-03-10 17:46:49.107486+00:00', false, false, true) ON CONFLICT (id) DO NOTHING;
INSERT INTO public.field_names_junction (field_id, names_id, created_at, generated, mcp, active) VALUES ('4a5ce802-62df-5fce-b6b7-ac19d31427af', '019cd8db-cabb-769c-824b-8b6a3d19a38d', '2026-03-10 17:46:49.111331+00:00', false, false, true) ON CONFLICT (id) DO NOTHING;
INSERT INTO public.field_names_junction (field_id, names_id, created_at, generated, mcp, active) VALUES ('eb556502-222b-588f-b8a7-5ca0a18e0fe0', '019cd8db-cabe-747e-a902-3ab33a0a3578', '2026-03-10 17:46:49.115160+00:00', false, false, true) ON CONFLICT (id) DO NOTHING;
INSERT INTO public.field_names_junction (field_id, names_id, created_at, generated, mcp, active) VALUES ('46aa6d62-e1e5-5ef9-90ff-2006a00207d6', '019cd8db-cac1-7161-b01d-25566fdbc9ea', '2026-03-10 17:46:49.118950+00:00', false, false, true) ON CONFLICT (id) DO NOTHING;
INSERT INTO public.field_names_junction (field_id, names_id, created_at, generated, mcp, active) VALUES ('263cc402-b82b-558f-9177-1a82c913e040', '019cd8db-cac3-7f59-b653-8d14d66d8f60', '2026-03-10 17:46:49.122809+00:00', false, false, true) ON CONFLICT (id) DO NOTHING;
INSERT INTO public.field_names_junction (field_id, names_id, created_at, generated, mcp, active) VALUES ('8e37036f-4518-55f3-888d-77d85c4e6cc3', '019cd8db-cac6-7dc7-b37d-b0e17bfd2fda', '2026-03-10 17:46:49.126636+00:00', false, false, true) ON CONFLICT (id) DO NOTHING;
INSERT INTO public.field_names_junction (field_id, names_id, created_at, generated, mcp, active) VALUES ('28843b2c-0b33-5450-8c9a-7705dad668e5', '019cd8db-cac9-7bb2-a4c9-d93550649b7d', '2026-03-10 17:46:49.130554+00:00', false, false, true) ON CONFLICT (id) DO NOTHING;
INSERT INTO public.field_names_junction (field_id, names_id, created_at, generated, mcp, active) VALUES ('43b44e29-3844-508b-9c99-db5a282f4e2f', '019cd8db-cacc-7acc-bc2a-29a927fa7891', '2026-03-10 17:46:49.134345+00:00', false, false, true) ON CONFLICT (id) DO NOTHING;
INSERT INTO public.field_names_junction (field_id, names_id, created_at, generated, mcp, active) VALUES ('c5769be0-b659-5207-93ed-93dd1ab94241', '019cd8db-cacf-7a0a-8c27-133b9d81f8d9', '2026-03-10 17:46:49.138029+00:00', false, false, true) ON CONFLICT (id) DO NOTHING;
INSERT INTO public.field_names_junction (field_id, names_id, created_at, generated, mcp, active) VALUES ('2b682f20-7d48-5267-b55c-4e531dfc62b0', '019cd8db-cad2-7b47-ba02-827849c2197f', '2026-03-10 17:46:49.141786+00:00', false, false, true) ON CONFLICT (id) DO NOTHING;
INSERT INTO public.field_names_junction (field_id, names_id, created_at, generated, mcp, active) VALUES ('01b79422-b311-53e6-aff2-645d24919f48', '019cd8db-cad5-79a5-ac01-5d6f90486bc6', '2026-03-10 17:46:49.145739+00:00', false, false, true) ON CONFLICT (id) DO NOTHING;
INSERT INTO public.field_names_junction (field_id, names_id, created_at, generated, mcp, active) VALUES ('7dc8eb9e-c61c-51e7-ab5b-aad12cfa1e68', '019cd8db-cad8-7b5b-b118-ab636741ad23', '2026-03-10 17:46:49.149613+00:00', false, false, true) ON CONFLICT (id) DO NOTHING;
INSERT INTO public.field_names_junction (field_id, names_id, created_at, generated, mcp, active) VALUES ('0087f6fa-bb8e-5e18-9de0-3ac0a3d16b15', '019cd8db-cadb-7c0d-aea5-7ee0d2b6a055', '2026-03-10 17:46:49.153477+00:00', false, false, true) ON CONFLICT (id) DO NOTHING;
INSERT INTO public.field_names_junction (field_id, names_id, created_at, generated, mcp, active) VALUES ('359b916a-b617-564d-b952-d9079b375b0d', '019cd8db-cade-7baf-8725-40296f200c40', '2026-03-10 17:46:49.157445+00:00', false, false, true) ON CONFLICT (id) DO NOTHING;
INSERT INTO public.field_names_junction (field_id, names_id, created_at, generated, mcp, active) VALUES ('df47197c-5c14-53c9-ab30-0b8026c39390', '019cd8db-cae1-7c15-aaa9-21d447505054', '2026-03-10 17:46:49.161364+00:00', false, false, true) ON CONFLICT (id) DO NOTHING;
INSERT INTO public.field_names_junction (field_id, names_id, created_at, generated, mcp, active) VALUES ('721e6fd3-7817-50e4-886f-9bd91935686b', '019cd8db-cae4-7be5-8028-5008fc0016c7', '2026-03-10 17:46:49.165208+00:00', false, false, true) ON CONFLICT (id) DO NOTHING;
INSERT INTO public.field_names_junction (field_id, names_id, created_at, generated, mcp, active) VALUES ('17691da4-3af9-550b-a7b7-81e71e8dd24e', '019cd8db-cae8-74ba-b147-d97342da6701', '2026-03-10 17:46:49.169116+00:00', false, false, true) ON CONFLICT (id) DO NOTHING;
INSERT INTO public.field_names_junction (field_id, names_id, created_at, generated, mcp, active) VALUES ('ed735cc5-3c19-53c1-b99e-4758337bd021', '019cd8db-caeb-7497-ba87-2ce446ad67be', '2026-03-10 17:46:49.172930+00:00', false, false, true) ON CONFLICT (id) DO NOTHING;
INSERT INTO public.field_names_junction (field_id, names_id, created_at, generated, mcp, active) VALUES ('2621a1e3-373e-5b8c-a5ab-06930ceed7fe', '019cd8db-caee-747b-9b01-c1af6c4d5f91', '2026-03-10 17:46:49.176705+00:00', false, false, true) ON CONFLICT (id) DO NOTHING;
INSERT INTO public.field_names_junction (field_id, names_id, created_at, generated, mcp, active) VALUES ('e9830144-bdcf-5e21-bec5-9e939be4d5d4', '019cd8db-caf1-7628-9315-ab509cc8ff33', '2026-03-10 17:46:49.180495+00:00', false, false, true) ON CONFLICT (id) DO NOTHING;
INSERT INTO public.field_names_junction (field_id, names_id, created_at, generated, mcp, active) VALUES ('02b88948-d07a-5803-9eb7-01d8a65bd070', '019cd8db-caf4-74c9-bbc3-5e35c588e772', '2026-03-10 17:46:49.184243+00:00', false, false, true) ON CONFLICT (id) DO NOTHING;
INSERT INTO public.field_names_junction (field_id, names_id, created_at, generated, mcp, active) VALUES ('82226e68-8e65-526e-a4b5-be9f9bcba177', '019cd8db-caf7-7578-9a93-9b1e9e7c9078', '2026-03-10 17:46:49.188068+00:00', false, false, true) ON CONFLICT (id) DO NOTHING;
INSERT INTO public.field_names_junction (field_id, names_id, created_at, generated, mcp, active) VALUES ('b107cf39-a75d-5fc6-b93c-96b660b88e7a', '019cd8db-cafa-73f3-b408-9473008c4696', '2026-03-10 17:46:49.191832+00:00', false, false, true) ON CONFLICT (id) DO NOTHING;
INSERT INTO public.field_names_junction (field_id, names_id, created_at, generated, mcp, active) VALUES ('92675226-a50d-559f-87e6-38e34061c20b', '019cd8db-cafd-7352-89fb-2f59bf43dc4a', '2026-03-10 17:46:49.195620+00:00', false, false, true) ON CONFLICT (id) DO NOTHING;
INSERT INTO public.field_names_junction (field_id, names_id, created_at, generated, mcp, active) VALUES ('6fe3568a-b044-51de-b5cf-0e3d01e0d650', '019cd8db-cb00-7146-9041-f55f3ed2138f', '2026-03-10 17:46:49.199439+00:00', false, false, true) ON CONFLICT (id) DO NOTHING;
INSERT INTO public.field_names_junction (field_id, names_id, created_at, generated, mcp, active) VALUES ('d070f8d8-5387-51e2-92e6-82720e891ccc', '019cd8db-cb02-7fbc-b533-f09224b05da7', '2026-03-10 17:46:49.203271+00:00', false, false, true) ON CONFLICT (id) DO NOTHING;
INSERT INTO public.field_names_junction (field_id, names_id, created_at, generated, mcp, active) VALUES ('a30ba794-79e6-5ec7-91e6-e3d60ba2d32d', '019cd8db-cb05-7d63-95f2-3a668344e906', '2026-03-10 17:46:49.207121+00:00', false, false, true) ON CONFLICT (id) DO NOTHING;
INSERT INTO public.field_names_junction (field_id, names_id, created_at, generated, mcp, active) VALUES ('0437f45e-ff80-5f6e-b32b-529c2166af6d', '019cd8db-cb09-7228-93c3-2af67de8cbb2', '2026-03-10 17:46:49.210920+00:00', false, false, true) ON CONFLICT (id) DO NOTHING;
INSERT INTO public.field_names_junction (field_id, names_id, created_at, generated, mcp, active) VALUES ('e8952a4e-614e-576d-9994-c8c63267c832', '019cd8db-cb0b-7f51-838f-5cc8bf17a9cc', '2026-03-10 17:46:49.214797+00:00', false, false, true) ON CONFLICT (id) DO NOTHING;
INSERT INTO public.field_names_junction (field_id, names_id, created_at, generated, mcp, active) VALUES ('a68b0219-7170-5a3f-8009-8a7449221f3e', '019cd8db-cb0e-7e12-bc1c-e5b91180f953', '2026-03-10 17:46:49.218717+00:00', false, false, true) ON CONFLICT (id) DO NOTHING;
INSERT INTO public.field_names_junction (field_id, names_id, created_at, generated, mcp, active) VALUES ('2effdb7a-3891-5a90-993f-c6dfc5d4d678', '019cd8db-cb11-7dc1-a3e3-d756f440adbc', '2026-03-10 17:46:49.222665+00:00', false, false, true) ON CONFLICT (id) DO NOTHING;
INSERT INTO public.field_names_junction (field_id, names_id, created_at, generated, mcp, active) VALUES ('7cedeb89-4d80-5734-9429-9a31bf43809b', '019cd8db-cb14-7d95-b54b-878cd5db53ae', '2026-03-10 17:46:49.226429+00:00', false, false, true) ON CONFLICT (id) DO NOTHING;
INSERT INTO public.field_names_junction (field_id, names_id, created_at, generated, mcp, active) VALUES ('4c2f98bb-130c-5ec9-b45b-1488533d0abd', '019cd8db-cb17-7ccf-a200-c646266d37ce', '2026-03-10 17:46:49.230219+00:00', false, false, true) ON CONFLICT (id) DO NOTHING;
INSERT INTO public.field_names_junction (field_id, names_id, created_at, generated, mcp, active) VALUES ('838d7f7b-6290-5ac6-8bad-37877a206dd3', '019cd8db-cb1a-7a81-aa17-8e01bfcdf3f1', '2026-03-10 17:46:49.233900+00:00', false, false, true) ON CONFLICT (id) DO NOTHING;
INSERT INTO public.field_names_junction (field_id, names_id, created_at, generated, mcp, active) VALUES ('fd93a7b3-a5da-5218-8efd-7371337cb3cf', '019cd8db-cb1d-77a5-bbf2-40384a5499a5', '2026-03-10 17:46:49.237436+00:00', false, false, true) ON CONFLICT (id) DO NOTHING;
INSERT INTO public.field_names_junction (field_id, names_id, created_at, generated, mcp, active) VALUES ('c7060e04-9db8-52d5-a5d2-87e7d8eb8c1d', '019cd8db-cb20-777b-a99c-b587052be6ea', '2026-03-10 17:46:49.240916+00:00', false, false, true) ON CONFLICT (id) DO NOTHING;
INSERT INTO public.field_names_junction (field_id, names_id, created_at, generated, mcp, active) VALUES ('224110b7-1972-5a63-864d-761575e08f61', '019cd8db-cb23-74a4-bf9f-d1cee559a9a8', '2026-03-10 17:46:49.244745+00:00', false, false, true) ON CONFLICT (id) DO NOTHING;
INSERT INTO public.field_names_junction (field_id, names_id, created_at, generated, mcp, active) VALUES ('f189240d-6199-5585-90ae-7893ae0549bf', '019cd8db-cb26-735f-8491-3a47c5dcfc02', '2026-03-10 17:46:49.248884+00:00', false, false, true) ON CONFLICT (id) DO NOTHING;
INSERT INTO public.field_names_junction (field_id, names_id, created_at, generated, mcp, active) VALUES ('3eeea3d5-dc69-506e-a2f3-558691188184', '019cd8db-cb29-7139-bff6-344027e37750', '2026-03-10 17:46:49.252681+00:00', false, false, true) ON CONFLICT (id) DO NOTHING;
INSERT INTO public.field_names_junction (field_id, names_id, created_at, generated, mcp, active) VALUES ('f94abf9f-d200-5935-a5a2-6f917b7efe5c', '019cd8db-cb2b-7eb5-b2f4-133d27ebec77', '2026-03-10 17:46:49.256386+00:00', false, false, true) ON CONFLICT (id) DO NOTHING;
INSERT INTO public.field_names_junction (field_id, names_id, created_at, generated, mcp, active) VALUES ('6d488045-c158-597e-8ff1-3018519b915c', '019cd8db-cb2e-7bdf-acee-a8560aa993e4', '2026-03-10 17:46:49.260237+00:00', false, false, true) ON CONFLICT (id) DO NOTHING;
INSERT INTO public.field_names_junction (field_id, names_id, created_at, generated, mcp, active) VALUES ('2729560a-595d-5061-96b5-ecbb9ca2f113', '019cd8db-cb31-7a8d-82b7-0cac52cc3a33', '2026-03-10 17:46:49.264203+00:00', false, false, true) ON CONFLICT (id) DO NOTHING;
INSERT INTO public.field_names_junction (field_id, names_id, created_at, generated, mcp, active) VALUES ('5f3c2e98-6600-5681-94f3-5a2ae5399a04', '019cd8db-cb34-7753-815e-1d7971b90c78', '2026-03-10 17:46:49.268014+00:00', false, false, true) ON CONFLICT (id) DO NOTHING;
INSERT INTO public.field_names_junction (field_id, names_id, created_at, generated, mcp, active) VALUES ('d3ef1aad-dea5-5161-9676-039bc9e1461a', '019cd8db-cb37-74d0-ae91-3fa0efdac0d8', '2026-03-10 17:46:49.271680+00:00', false, false, true) ON CONFLICT (id) DO NOTHING;
INSERT INTO public.field_names_junction (field_id, names_id, created_at, generated, mcp, active) VALUES ('8c05c324-5e75-57e2-a3cc-2448e57ca32c', '019cd8db-c907-7eb6-98b9-109119d9b1c7', '2026-03-10 17:46:49.275505+00:00', false, false, true) ON CONFLICT (id) DO NOTHING;
INSERT INTO public.field_names_junction (field_id, names_id, created_at, generated, mcp, active) VALUES ('21b317e9-e734-565b-92fd-08f32113d210', '019cd8db-c8f6-7e0d-876f-7b87709297da', '2026-03-10 17:46:49.279207+00:00', false, false, true) ON CONFLICT (id) DO NOTHING;
INSERT INTO public.field_names_junction (field_id, names_id, created_at, generated, mcp, active) VALUES ('5f38a837-4136-50fe-a8a9-12cb31106d6e', '019cd8db-c918-78bf-9c39-0889691e2f57', '2026-03-10 17:46:49.283052+00:00', false, false, true) ON CONFLICT (id) DO NOTHING;

-- fields_resource
INSERT INTO public.fields_resource (created_at, active, generated, mcp, id, name, description, value, department_ids, conditional_parameter_ids) VALUES ('2026-03-10 17:46:49.027743+00:00', true, false, false, 'b4b10b4c-7855-5cdc-a826-52a5552d5308', 'aggressive', 'Pushes back on ideas and challenges assumptions', '', '{}', '{}') ON CONFLICT (id) DO NOTHING;
INSERT INTO public.fields_resource (created_at, active, generated, mcp, id, name, description, value, department_ids, conditional_parameter_ids) VALUES ('2026-03-10 17:46:49.034026+00:00', true, false, false, '333655bb-5bd5-57e6-828e-0d9897ba4aaf', 'confused', 'Seeks to understand by asking questions and exploring ideas', '', '{}', '{}') ON CONFLICT (id) DO NOTHING;
INSERT INTO public.fields_resource (created_at, active, generated, mcp, id, name, description, value, department_ids, conditional_parameter_ids) VALUES ('2026-03-10 17:46:49.037817+00:00', true, false, false, '53d2f11d-9f82-58ce-acb6-b18bf6867896', 'happy', 'Provides uplifting feedback and cheerful responses', '', '{}', '{}') ON CONFLICT (id) DO NOTHING;
INSERT INTO public.fields_resource (created_at, active, generated, mcp, id, name, description, value, department_ids, conditional_parameter_ids) VALUES ('2026-03-10 17:46:49.043688+00:00', true, false, false, 'f328a130-ea03-5b66-8df2-7a29e50816ba', 'passive', 'Low engagement and tendency to avoid conflict or assertiveness', '', '{}', '{}') ON CONFLICT (id) DO NOTHING;
INSERT INTO public.fields_resource (created_at, active, generated, mcp, id, name, description, value, department_ids, conditional_parameter_ids) VALUES ('2026-03-10 17:46:49.047800+00:00', true, false, false, '1284a089-9c3c-5902-8b36-b7bd2cc43153', 'Emotion', 'Personas with emotional temperaments (aggressive, passive, confused, happy)', '', '{}', '{}') ON CONFLICT (id) DO NOTHING;
INSERT INTO public.fields_resource (created_at, active, generated, mcp, id, name, description, value, department_ids, conditional_parameter_ids) VALUES ('2026-03-10 17:46:49.051856+00:00', true, false, false, '932a1aeb-5152-55f3-a6d2-aa5e3e07f3a8', 'Neutral', 'Personas with neutral roles (Student, Professor, Instructional Staff)', '', '{}', '{}') ON CONFLICT (id) DO NOTHING;
INSERT INTO public.fields_resource (created_at, active, generated, mcp, id, name, description, value, department_ids, conditional_parameter_ids) VALUES ('2026-03-10 17:46:49.055752+00:00', true, false, false, '35fbfb0b-dd5f-58c7-ae42-135113cdab42', 'Very Calm (1)', 'The conversation is relaxed, with no signs of stress or urgency.', '', '{}', '{}') ON CONFLICT (id) DO NOTHING;
INSERT INTO public.fields_resource (created_at, active, generated, mcp, id, name, description, value, department_ids, conditional_parameter_ids) VALUES ('2026-03-10 17:46:49.059644+00:00', true, false, false, 'dbeb6f9a-c429-5c38-8bdf-be35304a2c3b', 'Calm (2)', 'The conversation is easygoing, with minimal tension or pressure.', '', '{}', '{}') ON CONFLICT (id) DO NOTHING;
INSERT INTO public.fields_resource (created_at, active, generated, mcp, id, name, description, value, department_ids, conditional_parameter_ids) VALUES ('2026-03-10 17:46:49.063580+00:00', true, false, false, '19a0dbeb-2f46-5639-8f8a-46df6df20e07', 'Mild (3)', 'The conversation is mostly relaxed, but with occasional hints of concern or focus.', '', '{}', '{}') ON CONFLICT (id) DO NOTHING;
INSERT INTO public.fields_resource (created_at, active, generated, mcp, id, name, description, value, department_ids, conditional_parameter_ids) VALUES ('2026-03-10 17:46:49.067483+00:00', true, false, false, '9da02e3a-e8ac-598d-98ba-7e5b53223a3b', 'Slightly Tense (4)', 'There is some urgency or emotional energy, but it remains manageable.', '', '{}', '{}') ON CONFLICT (id) DO NOTHING;
INSERT INTO public.fields_resource (created_at, active, generated, mcp, id, name, description, value, department_ids, conditional_parameter_ids) VALUES ('2026-03-10 17:46:49.071316+00:00', true, false, false, '1373ebd3-f97a-5f7e-bb44-809868ac5060', 'Moderate (5)', 'The conversation is active, with clear engagement and some stress or excitement.', '', '{}', '{}') ON CONFLICT (id) DO NOTHING;
INSERT INTO public.fields_resource (created_at, active, generated, mcp, id, name, description, value, department_ids, conditional_parameter_ids) VALUES ('2026-03-10 17:46:49.075089+00:00', true, false, false, 'b55d011b-954a-5f7d-9134-1411a9417812', 'Noticeably Intense (6)', 'The conversation is energetic, with raised voices or strong emotions.', '', '{}', '{}') ON CONFLICT (id) DO NOTHING;
INSERT INTO public.fields_resource (created_at, active, generated, mcp, id, name, description, value, department_ids, conditional_parameter_ids) VALUES ('2026-03-10 17:46:49.079084+00:00', true, false, false, '87f8e821-3f76-5745-bafc-dd608d146daf', 'Tense (7)', 'The conversation is heated, with clear signs of frustration, urgency, or pressure.', '', '{}', '{}') ON CONFLICT (id) DO NOTHING;
INSERT INTO public.fields_resource (created_at, active, generated, mcp, id, name, description, value, department_ids, conditional_parameter_ids) VALUES ('2026-03-10 17:46:49.082862+00:00', true, false, false, '73df8cfb-b70e-5efd-a7c4-64e9eb119cbd', 'Very Tense (8)', 'The conversation is highly charged, with strong emotions and little calm.', '', '{}', '{}') ON CONFLICT (id) DO NOTHING;
INSERT INTO public.fields_resource (created_at, active, generated, mcp, id, name, description, value, department_ids, conditional_parameter_ids) VALUES ('2026-03-10 17:46:49.086728+00:00', true, false, false, 'ebffb184-0b17-55cc-93e7-b3a1fc6d0443', 'Extremely Intense (9)', 'The conversation is on the verge of conflict, with high stress and urgency.', '', '{}', '{}') ON CONFLICT (id) DO NOTHING;
INSERT INTO public.fields_resource (created_at, active, generated, mcp, id, name, description, value, department_ids, conditional_parameter_ids) VALUES ('2026-03-10 17:46:49.090637+00:00', true, false, false, 'ecee0676-3fc6-5a5c-a952-38cc1e82b54e', 'Maximum Intensity (10)', 'The conversation is explosive, with overwhelming emotion or confrontation.', '', '{}', '{}') ON CONFLICT (id) DO NOTHING;
INSERT INTO public.fields_resource (created_at, active, generated, mcp, id, name, description, value, department_ids, conditional_parameter_ids) VALUES ('2026-03-10 17:46:49.094386+00:00', true, false, false, '24b7ac9b-2fc4-526f-b16b-2e7bf53b2caf', 'Almost Empty (1)', 'There are almost no students present; the room is quiet and you can get help immediately.', '', '{}', '{}') ON CONFLICT (id) DO NOTHING;
INSERT INTO public.fields_resource (created_at, active, generated, mcp, id, name, description, value, department_ids, conditional_parameter_ids) VALUES ('2026-03-10 17:46:49.098269+00:00', true, false, false, 'e99335d0-fb7a-58b4-944f-cff91c2d5f19', 'Very Few Students (2)', 'Only a couple of students are present; no wait for help.', '', '{}', '{}') ON CONFLICT (id) DO NOTHING;
INSERT INTO public.fields_resource (created_at, active, generated, mcp, id, name, description, value, department_ids, conditional_parameter_ids) VALUES ('2026-03-10 17:46:49.102081+00:00', true, false, false, '4f9e218f-eece-5c14-b400-298e42eb72b9', 'Sparse (3)', 'A few students scattered around; very short or no wait.', '', '{}', '{}') ON CONFLICT (id) DO NOTHING;
INSERT INTO public.fields_resource (created_at, active, generated, mcp, id, name, description, value, department_ids, conditional_parameter_ids) VALUES ('2026-03-10 17:46:49.105760+00:00', true, false, false, '7d89ee53-0b3b-57af-9c3a-381e36ff43b4', 'Some Students (4)', 'Several students are present, but it is still easy to get help.', '', '{}', '{}') ON CONFLICT (id) DO NOTHING;
INSERT INTO public.fields_resource (created_at, active, generated, mcp, id, name, description, value, department_ids, conditional_parameter_ids) VALUES ('2026-03-10 17:46:49.109669+00:00', true, false, false, '4a5ce802-62df-5fce-b6b7-ac19d31427af', 'Moderately Busy (5)', 'A moderate number of students; you may have to wait a bit for help.', '', '{}', '{}') ON CONFLICT (id) DO NOTHING;
INSERT INTO public.fields_resource (created_at, active, generated, mcp, id, name, description, value, department_ids, conditional_parameter_ids) VALUES ('2026-03-10 17:46:49.113444+00:00', true, false, false, 'eb556502-222b-588f-b8a7-5ca0a18e0fe0', 'Busy (6)', 'The room is active with many students; expect a noticeable wait.', '', '{}', '{}') ON CONFLICT (id) DO NOTHING;
INSERT INTO public.fields_resource (created_at, active, generated, mcp, id, name, description, value, department_ids, conditional_parameter_ids) VALUES ('2026-03-10 17:46:49.117255+00:00', true, false, false, '46aa6d62-e1e5-5ef9-90ff-2006a00207d6', 'Very Busy (7)', 'There is a line of students waiting for help; the room feels crowded.', '', '{}', '{}') ON CONFLICT (id) DO NOTHING;
INSERT INTO public.fields_resource (created_at, active, generated, mcp, id, name, description, value, department_ids, conditional_parameter_ids) VALUES ('2026-03-10 17:46:49.121059+00:00', true, false, false, '263cc402-b82b-558f-9177-1a82c913e040', 'Crowded (8)', 'The room is packed, and you will have to wait a significant amount of time.', '', '{}', '{}') ON CONFLICT (id) DO NOTHING;
INSERT INTO public.fields_resource (created_at, active, generated, mcp, id, name, description, value, department_ids, conditional_parameter_ids) VALUES ('2026-03-10 17:46:49.124924+00:00', true, false, false, '8e37036f-4518-55f3-888d-77d85c4e6cc3', 'Extremely Crowded (9)', 'There are many students and a long line; it is difficult to get help.', '', '{}', '{}') ON CONFLICT (id) DO NOTHING;
INSERT INTO public.fields_resource (created_at, active, generated, mcp, id, name, description, value, department_ids, conditional_parameter_ids) VALUES ('2026-03-10 17:46:49.128788+00:00', true, false, false, '28843b2c-0b33-5450-8c9a-7705dad668e5', 'Hectic (10)', 'The room is overflowing with students, with a hectic atmosphere and a very long wait.', '', '{}', '{}') ON CONFLICT (id) DO NOTHING;
INSERT INTO public.fields_resource (created_at, active, generated, mcp, id, name, description, value, department_ids, conditional_parameter_ids) VALUES ('2026-03-10 17:46:49.132686+00:00', true, false, false, '43b44e29-3844-508b-9c99-db5a282f4e2f', 'No deadline', 'There is no specific deadline. The situation is relaxed and stress-free.', '', '{}', '{}') ON CONFLICT (id) DO NOTHING;
INSERT INTO public.fields_resource (created_at, active, generated, mcp, id, name, description, value, department_ids, conditional_parameter_ids) VALUES ('2026-03-10 17:46:49.136336+00:00', true, false, false, 'c5769be0-b659-5207-93ed-93dd1ab94241', 'End of week', 'Deadline is at the end of the week. Ample time remains; stress is minimal.', '', '{}', '{}') ON CONFLICT (id) DO NOTHING;
INSERT INTO public.fields_resource (created_at, active, generated, mcp, id, name, description, value, department_ids, conditional_parameter_ids) VALUES ('2026-03-10 17:46:49.140119+00:00', true, false, false, '2b682f20-7d48-5267-b55c-4e531dfc62b0', 'Couple of days', 'Deadline is in a couple of days. Some urgency, but stress is low.', '', '{}', '{}') ON CONFLICT (id) DO NOTHING;
INSERT INTO public.fields_resource (created_at, active, generated, mcp, id, name, description, value, department_ids, conditional_parameter_ids) VALUES ('2026-03-10 17:46:49.143984+00:00', true, false, false, '01b79422-b311-53e6-aff2-645d24919f48', 'Next day', 'Deadline is tomorrow. Prompt help is needed; this is a moderate-stress situation.', '', '{}', '{}') ON CONFLICT (id) DO NOTHING;
INSERT INTO public.fields_resource (created_at, active, generated, mcp, id, name, description, value, department_ids, conditional_parameter_ids) VALUES ('2026-03-10 17:46:49.147894+00:00', true, false, false, '7dc8eb9e-c61c-51e7-ab5b-aad12cfa1e68', 'Few hours', 'Deadline is in a few hours. Immediate help is required; this is a high-stress situation.', '', '{}', '{}') ON CONFLICT (id) DO NOTHING;
INSERT INTO public.fields_resource (created_at, active, generated, mcp, id, name, description, value, department_ids, conditional_parameter_ids) VALUES ('2026-03-10 17:46:49.151775+00:00', true, false, false, '0087f6fa-bb8e-5e18-9de0-3ac0a3d16b15', '9:00 AM', 'Early morning session, students may be tired but focused.', '', '{}', '{}') ON CONFLICT (id) DO NOTHING;
INSERT INTO public.fields_resource (created_at, active, generated, mcp, id, name, description, value, department_ids, conditional_parameter_ids) VALUES ('2026-03-10 17:46:49.155738+00:00', true, false, false, '359b916a-b617-564d-b952-d9079b375b0d', '10:00 AM', 'Mid-morning session, good energy levels.', '', '{}', '{}') ON CONFLICT (id) DO NOTHING;
INSERT INTO public.fields_resource (created_at, active, generated, mcp, id, name, description, value, department_ids, conditional_parameter_ids) VALUES ('2026-03-10 17:46:49.159676+00:00', true, false, false, 'df47197c-5c14-53c9-ab30-0b8026c39390', '11:00 AM', 'Late morning session, students are alert and engaged.', '', '{}', '{}') ON CONFLICT (id) DO NOTHING;
INSERT INTO public.fields_resource (created_at, active, generated, mcp, id, name, description, value, department_ids, conditional_parameter_ids) VALUES ('2026-03-10 17:46:49.163522+00:00', true, false, false, '721e6fd3-7817-50e4-886f-9bd91935686b', '12:00 PM', 'Lunch time session, students may be hungry or rushed.', '', '{}', '{}') ON CONFLICT (id) DO NOTHING;
INSERT INTO public.fields_resource (created_at, active, generated, mcp, id, name, description, value, department_ids, conditional_parameter_ids) VALUES ('2026-03-10 17:46:49.167416+00:00', true, false, false, '17691da4-3af9-550b-a7b7-81e71e8dd24e', '1:00 PM', 'Early afternoon session, post-lunch energy dip possible.', '', '{}', '{}') ON CONFLICT (id) DO NOTHING;
INSERT INTO public.fields_resource (created_at, active, generated, mcp, id, name, description, value, department_ids, conditional_parameter_ids) VALUES ('2026-03-10 17:46:49.171205+00:00', true, false, false, 'ed735cc5-3c19-53c1-b99e-4758337bd021', '2:00 PM', 'Mid-afternoon session, good focus time.', '', '{}', '{}') ON CONFLICT (id) DO NOTHING;
INSERT INTO public.fields_resource (created_at, active, generated, mcp, id, name, description, value, department_ids, conditional_parameter_ids) VALUES ('2026-03-10 17:46:49.175051+00:00', true, false, false, '2621a1e3-373e-5b8c-a5ab-06930ceed7fe', '3:00 PM', 'Late afternoon session, sustained energy needed.', '', '{}', '{}') ON CONFLICT (id) DO NOTHING;
INSERT INTO public.fields_resource (created_at, active, generated, mcp, id, name, description, value, department_ids, conditional_parameter_ids) VALUES ('2026-03-10 17:46:49.178790+00:00', true, false, false, 'e9830144-bdcf-5e21-bec5-9e939be4d5d4', '4:00 PM', 'Evening session, students may be tired from the day.', '', '{}', '{}') ON CONFLICT (id) DO NOTHING;
INSERT INTO public.fields_resource (created_at, active, generated, mcp, id, name, description, value, department_ids, conditional_parameter_ids) VALUES ('2026-03-10 17:46:49.182602+00:00', true, false, false, '02b88948-d07a-5803-9eb7-01d8a65bd070', '5:00 PM', 'End of day session, students eager to finish.', '', '{}', '{}') ON CONFLICT (id) DO NOTHING;
INSERT INTO public.fields_resource (created_at, active, generated, mcp, id, name, description, value, department_ids, conditional_parameter_ids) VALUES ('2026-03-10 17:46:49.186353+00:00', true, false, false, '82226e68-8e65-526e-a4b5-be9f9bcba177', 'Lawson Computer Science Building', 'An open, collaborative space in the Lawson building with high foot traffic.', '', '{}', '{}') ON CONFLICT (id) DO NOTHING;
INSERT INTO public.fields_resource (created_at, active, generated, mcp, id, name, description, value, department_ids, conditional_parameter_ids) VALUES ('2026-03-10 17:46:49.190118+00:00', true, false, false, 'b107cf39-a75d-5fc6-b93c-96b660b88e7a', 'Felix Haas Hall', 'A quiet, focused study environment in the lower level of the HAAS building.', '', '{}', '{}') ON CONFLICT (id) DO NOTHING;
INSERT INTO public.fields_resource (created_at, active, generated, mcp, id, name, description, value, department_ids, conditional_parameter_ids) VALUES ('2026-03-10 17:46:49.193848+00:00', true, false, false, '92675226-a50d-559f-87e6-38e34061c20b', 'Data Science and Artificial Intelligence Building', 'A specialized tech-focused lab environment in the basement of the Data Science/AI building.', '', '{}', '{}') ON CONFLICT (id) DO NOTHING;
INSERT INTO public.fields_resource (created_at, active, generated, mcp, id, name, description, value, department_ids, conditional_parameter_ids) VALUES ('2026-03-10 17:46:49.197720+00:00', true, false, false, '6fe3568a-b044-51de-b5cf-0e3d01e0d650', 'CS 180', 'Problem solving and algorithms, implementation of algorithms in a high level programming language.', '', '{}', '{}') ON CONFLICT (id) DO NOTHING;
INSERT INTO public.fields_resource (created_at, active, generated, mcp, id, name, description, value, department_ids, conditional_parameter_ids) VALUES ('2026-03-10 17:46:49.201595+00:00', true, false, false, 'd070f8d8-5387-51e2-92e6-82720e891ccc', 'CS 182', 'Logic and proofs; sets, functions, relations, sequences and summations; counting; analysis of algorithms.', '', '{}', '{}') ON CONFLICT (id) DO NOTHING;
INSERT INTO public.fields_resource (created_at, active, generated, mcp, id, name, description, value, department_ids, conditional_parameter_ids) VALUES ('2026-03-10 17:46:49.205427+00:00', true, false, false, 'a30ba794-79e6-5ec7-91e6-e3d60ba2d32d', 'CS 242', 'Data Science', '', '{}', '{}') ON CONFLICT (id) DO NOTHING;
INSERT INTO public.fields_resource (created_at, active, generated, mcp, id, name, description, value, department_ids, conditional_parameter_ids) VALUES ('2026-03-10 17:46:49.209268+00:00', true, false, false, '0437f45e-ff80-5f6e-b32b-529c2166af6d', 'CS 251', 'Running time analysis of algorithms, data structures, trees, heaps, sorting, hash tables, graphs.', '', '{}', '{}') ON CONFLICT (id) DO NOTHING;
INSERT INTO public.fields_resource (created_at, active, generated, mcp, id, name, description, value, department_ids, conditional_parameter_ids) VALUES ('2026-03-10 17:46:49.213084+00:00', true, false, false, 'e8952a4e-614e-576d-9994-c8c63267c832', 'CS 373', 'Introduction to machine learning algorithms, neural networks, feature engineering, and model evaluation.', '', '{}', '{}') ON CONFLICT (id) DO NOTHING;
INSERT INTO public.fields_resource (created_at, active, generated, mcp, id, name, description, value, department_ids, conditional_parameter_ids) VALUES ('2026-03-10 17:46:49.216918+00:00', true, false, false, 'a68b0219-7170-5a3f-8009-8a7449221f3e', 'CS 381', 'Techniques for analyzing time and space requirements of algorithms. Sorting, searching, graph problems, NP-hard problems.', '', '{}', '{}') ON CONFLICT (id) DO NOTHING;
INSERT INTO public.fields_resource (created_at, active, generated, mcp, id, name, description, value, department_ids, conditional_parameter_ids) VALUES ('2026-03-10 17:46:49.224803+00:00', true, false, false, '7cedeb89-4d80-5734-9429-9a31bf43809b', 'homework', 'Assignments, problem sets, exercises', '', '{}', '{}') ON CONFLICT (id) DO NOTHING;
INSERT INTO public.fields_resource (created_at, active, generated, mcp, id, name, description, value, department_ids, conditional_parameter_ids) VALUES ('2026-03-10 17:46:49.232320+00:00', true, false, false, '838d7f7b-6290-5ac6-8bad-37877a206dd3', 'lecture', 'Lecture notes, slides, presentations', '', '{}', '{}') ON CONFLICT (id) DO NOTHING;
INSERT INTO public.fields_resource (created_at, active, generated, mcp, id, name, description, value, department_ids, conditional_parameter_ids) VALUES ('2026-03-10 17:46:49.235873+00:00', true, false, false, 'fd93a7b3-a5da-5218-8efd-7371337cb3cf', 'midterm', 'Midterm exams, major tests', '', '{}', '{}') ON CONFLICT (id) DO NOTHING;
INSERT INTO public.fields_resource (created_at, active, generated, mcp, id, name, description, value, department_ids, conditional_parameter_ids) VALUES ('2026-03-10 17:46:49.242911+00:00', true, false, false, '224110b7-1972-5a63-864d-761575e08f61', 'project', 'Large assignments, final projects, group work', '', '{}', '{}') ON CONFLICT (id) DO NOTHING;
INSERT INTO public.fields_resource (created_at, active, generated, mcp, id, name, description, value, department_ids, conditional_parameter_ids) VALUES ('2026-03-10 17:46:49.250998+00:00', true, false, false, '3eeea3d5-dc69-506e-a2f3-558691188184', 'syllabus', 'Course syllabus, course outline', '', '{}', '{}') ON CONFLICT (id) DO NOTHING;
INSERT INTO public.fields_resource (created_at, active, generated, mcp, id, name, description, value, department_ids, conditional_parameter_ids) VALUES ('2026-03-10 17:46:49.258633+00:00', true, false, false, '6d488045-c158-597e-8ff1-3018519b915c', 'Consent vs. No-Consent Disclosures', 'Understanding when consent is required vs. when disclosure is allowed without consent', '', '{}', '{}') ON CONFLICT (id) DO NOTHING;
INSERT INTO public.fields_resource (created_at, active, generated, mcp, id, name, description, value, department_ids, conditional_parameter_ids) VALUES ('2026-03-10 17:46:49.262512+00:00', true, false, false, '2729560a-595d-5061-96b5-ecbb9ca2f113', 'Education Records & Exceptions', 'Understanding what constitutes education records and exceptions under FERPA', '', '{}', '{}') ON CONFLICT (id) DO NOTHING;
INSERT INTO public.fields_resource (created_at, active, generated, mcp, id, name, description, value, department_ids, conditional_parameter_ids) VALUES ('2026-03-10 17:46:49.270070+00:00', true, false, false, 'd3ef1aad-dea5-5161-9676-039bc9e1461a', 'Student Access Rights', 'Rights students have to access their education records', '', '{}', '{}') ON CONFLICT (id) DO NOTHING;
INSERT INTO public.fields_resource (created_at, active, generated, mcp, id, name, description, value, department_ids, conditional_parameter_ids) VALUES ('2026-03-10 17:46:49.281328+00:00', true, false, false, '5f38a837-4136-50fe-a8a9-12cb31106d6e', 'Instructional Staff', 'Represents teaching assistants and instructional support staff', '', '{}', '{}') ON CONFLICT (id) DO NOTHING;
INSERT INTO public.fields_resource (created_at, active, generated, mcp, id, name, description, value, department_ids, conditional_parameter_ids) VALUES ('2026-03-10 17:46:49.220897+00:00', true, false, false, '2effdb7a-3891-5a90-993f-c6dfc5d4d678', 'CS 422', 'Network protocols, socket programming, network security, distributed systems, and network performance analysis.', '', '{}', '{}') ON CONFLICT (id) DO NOTHING;
INSERT INTO public.fields_resource (created_at, active, generated, mcp, id, name, description, value, department_ids, conditional_parameter_ids) VALUES ('2026-03-10 17:46:49.228500+00:00', true, false, false, '4c2f98bb-130c-5ec9-b45b-1488533d0abd', 'lab', 'Laboratory exercises, practical work', '', '{}', '{}') ON CONFLICT (id) DO NOTHING;
INSERT INTO public.fields_resource (created_at, active, generated, mcp, id, name, description, value, department_ids, conditional_parameter_ids) VALUES ('2026-03-10 17:46:49.239378+00:00', true, false, false, 'c7060e04-9db8-52d5-a5d2-87e7d8eb8c1d', 'policy', 'Policy documents, guidelines, and regulations', '', '{}', '{}') ON CONFLICT (id) DO NOTHING;
INSERT INTO public.fields_resource (created_at, active, generated, mcp, id, name, description, value, department_ids, conditional_parameter_ids) VALUES ('2026-03-10 17:46:49.246871+00:00', true, false, false, 'f189240d-6199-5585-90ae-7893ae0549bf', 'quiz', 'Short assessments, pop quizzes', '', '{}', '{}') ON CONFLICT (id) DO NOTHING;
INSERT INTO public.fields_resource (created_at, active, generated, mcp, id, name, description, value, department_ids, conditional_parameter_ids) VALUES ('2026-03-10 17:46:49.254765+00:00', true, false, false, 'f94abf9f-d200-5935-a5a2-6f917b7efe5c', 'Annual FERPA Rights Notification', 'Annual notification requirements for FERPA rights', '', '{}', '{}') ON CONFLICT (id) DO NOTHING;
INSERT INTO public.fields_resource (created_at, active, generated, mcp, id, name, description, value, department_ids, conditional_parameter_ids) VALUES ('2026-03-10 17:46:49.266321+00:00', true, false, false, '5f3c2e98-6600-5681-94f3-5a2ae5399a04', 'Record Amendment Process', 'Process for students to request amendment of education records', '', '{}', '{}') ON CONFLICT (id) DO NOTHING;
INSERT INTO public.fields_resource (created_at, active, generated, mcp, id, name, description, value, department_ids, conditional_parameter_ids) VALUES ('2026-03-10 17:46:49.273765+00:00', true, false, false, '8c05c324-5e75-57e2-a3cc-2448e57ca32c', 'Student', 'Represents a typical student perspective', '', '{}', '{}') ON CONFLICT (id) DO NOTHING;
INSERT INTO public.fields_resource (created_at, active, generated, mcp, id, name, description, value, department_ids, conditional_parameter_ids) VALUES ('2026-03-10 17:46:49.277498+00:00', true, false, false, '21b317e9-e734-565b-92fd-08f32113d210', 'Professor', 'Represents a faculty member perspective', '', '{}', '{}') ON CONFLICT (id) DO NOTHING;

-- file_files_connection
INSERT INTO public.file_files_connection (file_id, files_id, created_at, active, generated, mcp) VALUES ('019cd8db-cea6-7749-a51b-4588e43a6ff9', '019cd8db-cea4-757d-8187-2cb16716c2ea', '2026-03-10 17:46:49.894816+00:00', true, false, false) ON CONFLICT (id) DO NOTHING;
INSERT INTO public.file_files_connection (file_id, files_id, created_at, active, generated, mcp) VALUES ('019cd8db-ceab-7f4f-a410-9ffb54059f5e', '019cd8db-ceaa-7862-92c6-25e4c5ca5541', '2026-03-10 17:46:49.900230+00:00', true, false, false) ON CONFLICT (id) DO NOTHING;
INSERT INTO public.file_files_connection (file_id, files_id, created_at, active, generated, mcp) VALUES ('019cd8db-ceb1-7452-a6d2-1669372360d9', '019cd8db-ceaf-7c1a-9e3f-4b63d154beeb', '2026-03-10 17:46:49.905540+00:00', true, false, false) ON CONFLICT (id) DO NOTHING;

-- file_uploads_entry
INSERT INTO public.file_uploads_entry (id, file_id, upload_id, created_at, active, generated, mcp, session_id) VALUES ('019cd8db-cea7-7aca-9535-cc1cd7c30510', '019cd8db-cea6-7749-a51b-4588e43a6ff9', '019cd8db-cea3-7b57-ae53-8ef5deecf5f7', '2026-03-10 17:46:49.895462+00:00', true, true, false, '019cd8db-cea2-7774-ae0a-13e1069eacff') ON CONFLICT (id) DO NOTHING;
INSERT INTO public.file_uploads_entry (id, file_id, upload_id, created_at, active, generated, mcp, session_id) VALUES ('019cd8db-ceac-78e3-8ec1-e0263ce08e04', '019cd8db-ceab-7f4f-a410-9ffb54059f5e', '019cd8db-ceaa-73b6-b3fe-832f9abac3ab', '2026-03-10 17:46:49.900543+00:00', true, true, false, '019cd8db-cea2-7774-ae0a-13e1069eacff') ON CONFLICT (id) DO NOTHING;
INSERT INTO public.file_uploads_entry (id, file_id, upload_id, created_at, active, generated, mcp, session_id) VALUES ('019cd8db-ceb1-7dac-9523-58185eaf7efd', '019cd8db-ceb1-7452-a6d2-1669372360d9', '019cd8db-ceaf-76b7-bf69-3e1be2e49ca4', '2026-03-10 17:46:49.905842+00:00', true, true, false, '019cd8db-cea2-7774-ae0a-13e1069eacff') ON CONFLICT (id) DO NOTHING;

-- files_entry
INSERT INTO public.files_entry (id, session_id, created_at, active, generated, mcp) VALUES ('019cd8db-cea6-7749-a51b-4588e43a6ff9', '019cd8db-cea2-7774-ae0a-13e1069eacff', '2026-03-10 17:46:49.894229+00:00', true, true, false) ON CONFLICT (id) DO NOTHING;
INSERT INTO public.files_entry (id, session_id, created_at, active, generated, mcp) VALUES ('019cd8db-ceab-7f4f-a410-9ffb54059f5e', '019cd8db-cea2-7774-ae0a-13e1069eacff', '2026-03-10 17:46:49.899944+00:00', true, true, false) ON CONFLICT (id) DO NOTHING;
INSERT INTO public.files_entry (id, session_id, created_at, active, generated, mcp) VALUES ('019cd8db-ceb1-7452-a6d2-1669372360d9', '019cd8db-cea2-7774-ae0a-13e1069eacff', '2026-03-10 17:46:49.905257+00:00', true, true, false) ON CONFLICT (id) DO NOTHING;

-- files_resource
INSERT INTO public.files_resource (id, created_at, active, generated, mcp) VALUES ('019cd8db-cea4-757d-8187-2cb16716c2ea', '2026-03-10 17:46:49.892070+00:00', true, false, false) ON CONFLICT (id) DO NOTHING;
INSERT INTO public.files_resource (id, created_at, active, generated, mcp) VALUES ('019cd8db-ceaa-7862-92c6-25e4c5ca5541', '2026-03-10 17:46:49.898511+00:00', true, false, false) ON CONFLICT (id) DO NOTHING;
INSERT INTO public.files_resource (id, created_at, active, generated, mcp) VALUES ('019cd8db-ceaf-7c1a-9e3f-4b63d154beeb', '2026-03-10 17:46:49.903744+00:00', true, false, false) ON CONFLICT (id) DO NOTHING;

-- home_cohorts_connection
INSERT INTO public.home_cohorts_connection (home_id, cohorts_id, created_at, active, generated, mcp) VALUES ('019cd8db-ce03-70a4-ab7a-b096a3eb44f8', 'b1c930da-dddc-5709-89f3-2f0b25d43ac4', '2026-03-10 17:46:49.731392+00:00', true, true, false) ON CONFLICT (id) DO NOTHING;
INSERT INTO public.home_cohorts_connection (home_id, cohorts_id, created_at, active, generated, mcp) VALUES ('019cd8db-ce06-72ff-9c36-cec871d06f19', 'b1c930da-dddc-5709-89f3-2f0b25d43ac4', '2026-03-10 17:46:49.734481+00:00', true, true, false) ON CONFLICT (id) DO NOTHING;
INSERT INTO public.home_cohorts_connection (home_id, cohorts_id, created_at, active, generated, mcp) VALUES ('019cd8db-ce07-7b18-97a4-5dc910647268', 'b1c930da-dddc-5709-89f3-2f0b25d43ac4', '2026-03-10 17:46:49.735946+00:00', true, true, false) ON CONFLICT (id) DO NOTHING;
INSERT INTO public.home_cohorts_connection (home_id, cohorts_id, created_at, active, generated, mcp) VALUES ('019cd8db-ce09-726a-8703-042e15293ff8', 'b1c930da-dddc-5709-89f3-2f0b25d43ac4', '2026-03-10 17:46:49.737396+00:00', true, true, false) ON CONFLICT (id) DO NOTHING;
INSERT INTO public.home_cohorts_connection (home_id, cohorts_id, created_at, active, generated, mcp) VALUES ('019cd8db-ce0a-7913-b999-1ae48f88c240', 'b1c930da-dddc-5709-89f3-2f0b25d43ac4', '2026-03-10 17:46:49.738821+00:00', true, true, false) ON CONFLICT (id) DO NOTHING;
INSERT INTO public.home_cohorts_connection (home_id, cohorts_id, created_at, active, generated, mcp) VALUES ('019cd8db-ce0c-782b-ae64-b98d8a661b1e', 'b1c930da-dddc-5709-89f3-2f0b25d43ac4', '2026-03-10 17:46:49.740762+00:00', true, true, false) ON CONFLICT (id) DO NOTHING;
INSERT INTO public.home_cohorts_connection (home_id, cohorts_id, created_at, active, generated, mcp) VALUES ('019cd8db-ce0d-7fe5-9aae-7b393520a46e', 'b1c930da-dddc-5709-89f3-2f0b25d43ac4', '2026-03-10 17:46:49.742269+00:00', true, true, false) ON CONFLICT (id) DO NOTHING;
INSERT INTO public.home_cohorts_connection (home_id, cohorts_id, created_at, active, generated, mcp) VALUES ('019cd8db-ce0f-752e-9be0-f6e7701e2290', 'b1c930da-dddc-5709-89f3-2f0b25d43ac4', '2026-03-10 17:46:49.743566+00:00', true, true, false) ON CONFLICT (id) DO NOTHING;
INSERT INTO public.home_cohorts_connection (home_id, cohorts_id, created_at, active, generated, mcp) VALUES ('019cd8db-ce10-79b8-8a1a-50b839fabf95', 'b1c930da-dddc-5709-89f3-2f0b25d43ac4', '2026-03-10 17:46:49.744891+00:00', true, true, false) ON CONFLICT (id) DO NOTHING;
INSERT INTO public.home_cohorts_connection (home_id, cohorts_id, created_at, active, generated, mcp) VALUES ('019cd8db-ce12-70d2-889c-7c1037af69cb', 'b1c930da-dddc-5709-89f3-2f0b25d43ac4', '2026-03-10 17:46:49.746289+00:00', true, true, false) ON CONFLICT (id) DO NOTHING;
INSERT INTO public.home_cohorts_connection (home_id, cohorts_id, created_at, active, generated, mcp) VALUES ('019cd8db-ce1b-7205-a75d-ca2616ffdd27', 'e577afa3-ffba-5f7b-b1cd-be4bc5ffd680', '2026-03-10 17:46:49.755461+00:00', true, true, false) ON CONFLICT (id) DO NOTHING;
INSERT INTO public.home_cohorts_connection (home_id, cohorts_id, created_at, active, generated, mcp) VALUES ('019cd8db-ce1e-7290-a70e-d141a0986078', 'e577afa3-ffba-5f7b-b1cd-be4bc5ffd680', '2026-03-10 17:46:49.758447+00:00', true, true, false) ON CONFLICT (id) DO NOTHING;
INSERT INTO public.home_cohorts_connection (home_id, cohorts_id, created_at, active, generated, mcp) VALUES ('019cd8db-ce1f-7ace-a0a5-711619074c7d', 'e577afa3-ffba-5f7b-b1cd-be4bc5ffd680', '2026-03-10 17:46:49.759932+00:00', true, true, false) ON CONFLICT (id) DO NOTHING;
INSERT INTO public.home_cohorts_connection (home_id, cohorts_id, created_at, active, generated, mcp) VALUES ('019cd8db-ce21-7b32-935b-b841604c3be9', 'e577afa3-ffba-5f7b-b1cd-be4bc5ffd680', '2026-03-10 17:46:49.761971+00:00', true, true, false) ON CONFLICT (id) DO NOTHING;
INSERT INTO public.home_cohorts_connection (home_id, cohorts_id, created_at, active, generated, mcp) VALUES ('019cd8db-ce23-727a-a269-32fe3ce6c076', 'e577afa3-ffba-5f7b-b1cd-be4bc5ffd680', '2026-03-10 17:46:49.763411+00:00', true, true, false) ON CONFLICT (id) DO NOTHING;
INSERT INTO public.home_cohorts_connection (home_id, cohorts_id, created_at, active, generated, mcp) VALUES ('019cd8db-ce24-7bd7-a372-56620787dc2c', 'e577afa3-ffba-5f7b-b1cd-be4bc5ffd680', '2026-03-10 17:46:49.764996+00:00', true, true, false) ON CONFLICT (id) DO NOTHING;
INSERT INTO public.home_cohorts_connection (home_id, cohorts_id, created_at, active, generated, mcp) VALUES ('019cd8db-ce26-7b6b-a479-fd4d3f44cd4e', 'e577afa3-ffba-5f7b-b1cd-be4bc5ffd680', '2026-03-10 17:46:49.766976+00:00', true, true, false) ON CONFLICT (id) DO NOTHING;
INSERT INTO public.home_cohorts_connection (home_id, cohorts_id, created_at, active, generated, mcp) VALUES ('019cd8db-ce28-70fb-8d9d-c130ac46aa3a', 'e577afa3-ffba-5f7b-b1cd-be4bc5ffd680', '2026-03-10 17:46:49.768308+00:00', true, true, false) ON CONFLICT (id) DO NOTHING;
INSERT INTO public.home_cohorts_connection (home_id, cohorts_id, created_at, active, generated, mcp) VALUES ('019cd8db-ce29-75dd-a750-0298e6be21f2', 'e577afa3-ffba-5f7b-b1cd-be4bc5ffd680', '2026-03-10 17:46:49.769610+00:00', true, true, false) ON CONFLICT (id) DO NOTHING;

-- home_departments_connection
INSERT INTO public.home_departments_connection (home_id, departments_id, created_at, active, generated, mcp) VALUES ('019cd8db-ce03-70a4-ab7a-b096a3eb44f8', 'a2b369c1-a81e-5e02-98d5-dd42af15ae4a', '2026-03-10 17:46:49.732157+00:00', true, true, false) ON CONFLICT (id) DO NOTHING;
INSERT INTO public.home_departments_connection (home_id, departments_id, created_at, active, generated, mcp) VALUES ('019cd8db-ce06-72ff-9c36-cec871d06f19', 'a2b369c1-a81e-5e02-98d5-dd42af15ae4a', '2026-03-10 17:46:49.734770+00:00', true, true, false) ON CONFLICT (id) DO NOTHING;
INSERT INTO public.home_departments_connection (home_id, departments_id, created_at, active, generated, mcp) VALUES ('019cd8db-ce07-7b18-97a4-5dc910647268', 'a2b369c1-a81e-5e02-98d5-dd42af15ae4a', '2026-03-10 17:46:49.736246+00:00', true, true, false) ON CONFLICT (id) DO NOTHING;
INSERT INTO public.home_departments_connection (home_id, departments_id, created_at, active, generated, mcp) VALUES ('019cd8db-ce09-726a-8703-042e15293ff8', 'a2b369c1-a81e-5e02-98d5-dd42af15ae4a', '2026-03-10 17:46:49.737675+00:00', true, true, false) ON CONFLICT (id) DO NOTHING;
INSERT INTO public.home_departments_connection (home_id, departments_id, created_at, active, generated, mcp) VALUES ('019cd8db-ce0a-7913-b999-1ae48f88c240', 'a2b369c1-a81e-5e02-98d5-dd42af15ae4a', '2026-03-10 17:46:49.739096+00:00', true, true, false) ON CONFLICT (id) DO NOTHING;
INSERT INTO public.home_departments_connection (home_id, departments_id, created_at, active, generated, mcp) VALUES ('019cd8db-ce0c-782b-ae64-b98d8a661b1e', 'a2b369c1-a81e-5e02-98d5-dd42af15ae4a', '2026-03-10 17:46:49.741059+00:00', true, true, false) ON CONFLICT (id) DO NOTHING;
INSERT INTO public.home_departments_connection (home_id, departments_id, created_at, active, generated, mcp) VALUES ('019cd8db-ce0d-7fe5-9aae-7b393520a46e', 'a2b369c1-a81e-5e02-98d5-dd42af15ae4a', '2026-03-10 17:46:49.742554+00:00', true, true, false) ON CONFLICT (id) DO NOTHING;
INSERT INTO public.home_departments_connection (home_id, departments_id, created_at, active, generated, mcp) VALUES ('019cd8db-ce0f-752e-9be0-f6e7701e2290', 'a2b369c1-a81e-5e02-98d5-dd42af15ae4a', '2026-03-10 17:46:49.743804+00:00', true, true, false) ON CONFLICT (id) DO NOTHING;
INSERT INTO public.home_departments_connection (home_id, departments_id, created_at, active, generated, mcp) VALUES ('019cd8db-ce10-79b8-8a1a-50b839fabf95', 'a2b369c1-a81e-5e02-98d5-dd42af15ae4a', '2026-03-10 17:46:49.745175+00:00', true, true, false) ON CONFLICT (id) DO NOTHING;
INSERT INTO public.home_departments_connection (home_id, departments_id, created_at, active, generated, mcp) VALUES ('019cd8db-ce12-70d2-889c-7c1037af69cb', 'a2b369c1-a81e-5e02-98d5-dd42af15ae4a', '2026-03-10 17:46:49.746558+00:00', true, true, false) ON CONFLICT (id) DO NOTHING;
INSERT INTO public.home_departments_connection (home_id, departments_id, created_at, active, generated, mcp) VALUES ('019cd8db-ce1b-7205-a75d-ca2616ffdd27', 'a2b369c1-a81e-5e02-98d5-dd42af15ae4a', '2026-03-10 17:46:49.756173+00:00', true, true, false) ON CONFLICT (id) DO NOTHING;
INSERT INTO public.home_departments_connection (home_id, departments_id, created_at, active, generated, mcp) VALUES ('019cd8db-ce1e-7290-a70e-d141a0986078', 'a2b369c1-a81e-5e02-98d5-dd42af15ae4a', '2026-03-10 17:46:49.758759+00:00', true, true, false) ON CONFLICT (id) DO NOTHING;
INSERT INTO public.home_departments_connection (home_id, departments_id, created_at, active, generated, mcp) VALUES ('019cd8db-ce1f-7ace-a0a5-711619074c7d', 'a2b369c1-a81e-5e02-98d5-dd42af15ae4a', '2026-03-10 17:46:49.760214+00:00', true, true, false) ON CONFLICT (id) DO NOTHING;
INSERT INTO public.home_departments_connection (home_id, departments_id, created_at, active, generated, mcp) VALUES ('019cd8db-ce21-7b32-935b-b841604c3be9', 'a2b369c1-a81e-5e02-98d5-dd42af15ae4a', '2026-03-10 17:46:49.762263+00:00', true, true, false) ON CONFLICT (id) DO NOTHING;
INSERT INTO public.home_departments_connection (home_id, departments_id, created_at, active, generated, mcp) VALUES ('019cd8db-ce23-727a-a269-32fe3ce6c076', 'a2b369c1-a81e-5e02-98d5-dd42af15ae4a', '2026-03-10 17:46:49.763694+00:00', true, true, false) ON CONFLICT (id) DO NOTHING;
INSERT INTO public.home_departments_connection (home_id, departments_id, created_at, active, generated, mcp) VALUES ('019cd8db-ce24-7bd7-a372-56620787dc2c', 'a2b369c1-a81e-5e02-98d5-dd42af15ae4a', '2026-03-10 17:46:49.765281+00:00', true, true, false) ON CONFLICT (id) DO NOTHING;
INSERT INTO public.home_departments_connection (home_id, departments_id, created_at, active, generated, mcp) VALUES ('019cd8db-ce26-7b6b-a479-fd4d3f44cd4e', 'a2b369c1-a81e-5e02-98d5-dd42af15ae4a', '2026-03-10 17:46:49.767241+00:00', true, true, false) ON CONFLICT (id) DO NOTHING;
INSERT INTO public.home_departments_connection (home_id, departments_id, created_at, active, generated, mcp) VALUES ('019cd8db-ce28-70fb-8d9d-c130ac46aa3a', 'a2b369c1-a81e-5e02-98d5-dd42af15ae4a', '2026-03-10 17:46:49.768566+00:00', true, true, false) ON CONFLICT (id) DO NOTHING;
INSERT INTO public.home_departments_connection (home_id, departments_id, created_at, active, generated, mcp) VALUES ('019cd8db-ce29-75dd-a750-0298e6be21f2', 'a2b369c1-a81e-5e02-98d5-dd42af15ae4a', '2026-03-10 17:46:49.769868+00:00', true, true, false) ON CONFLICT (id) DO NOTHING;

-- home_entry
INSERT INTO public.home_entry (id, created_at, updated_at, active, generated, mcp, position, start_time, end_time, session_id) VALUES ('019cd8db-ce03-70a4-ab7a-b096a3eb44f8', '2026-03-10 17:46:49.730799+00:00', '2026-03-10 17:46:49.730799+00:00', true, true, false, 0, NULL, NULL, '019cd8db-ce01-7488-88ff-b4b8f8f36fa2') ON CONFLICT (id) DO NOTHING;
INSERT INTO public.home_entry (id, created_at, updated_at, active, generated, mcp, position, start_time, end_time, session_id) VALUES ('019cd8db-ce06-72ff-9c36-cec871d06f19', '2026-03-10 17:46:49.734173+00:00', '2026-03-10 17:46:49.734173+00:00', true, true, false, 0, NULL, NULL, '019cd8db-ce01-7488-88ff-b4b8f8f36fa2') ON CONFLICT (id) DO NOTHING;
INSERT INTO public.home_entry (id, created_at, updated_at, active, generated, mcp, position, start_time, end_time, session_id) VALUES ('019cd8db-ce07-7b18-97a4-5dc910647268', '2026-03-10 17:46:49.735681+00:00', '2026-03-10 17:46:49.735681+00:00', true, true, false, 0, NULL, NULL, '019cd8db-ce01-7488-88ff-b4b8f8f36fa2') ON CONFLICT (id) DO NOTHING;
INSERT INTO public.home_entry (id, created_at, updated_at, active, generated, mcp, position, start_time, end_time, session_id) VALUES ('019cd8db-ce09-726a-8703-042e15293ff8', '2026-03-10 17:46:49.737139+00:00', '2026-03-10 17:46:49.737139+00:00', true, true, false, 0, NULL, NULL, '019cd8db-ce01-7488-88ff-b4b8f8f36fa2') ON CONFLICT (id) DO NOTHING;
INSERT INTO public.home_entry (id, created_at, updated_at, active, generated, mcp, position, start_time, end_time, session_id) VALUES ('019cd8db-ce0a-7913-b999-1ae48f88c240', '2026-03-10 17:46:49.738555+00:00', '2026-03-10 17:46:49.738555+00:00', true, true, false, 0, NULL, NULL, '019cd8db-ce01-7488-88ff-b4b8f8f36fa2') ON CONFLICT (id) DO NOTHING;
INSERT INTO public.home_entry (id, created_at, updated_at, active, generated, mcp, position, start_time, end_time, session_id) VALUES ('019cd8db-ce0c-782b-ae64-b98d8a661b1e', '2026-03-10 17:46:49.740498+00:00', '2026-03-10 17:46:49.740498+00:00', true, true, false, 0, NULL, NULL, '019cd8db-ce0b-7fa6-a056-a9e4b8d4ff12') ON CONFLICT (id) DO NOTHING;
INSERT INTO public.home_entry (id, created_at, updated_at, active, generated, mcp, position, start_time, end_time, session_id) VALUES ('019cd8db-ce0d-7fe5-9aae-7b393520a46e', '2026-03-10 17:46:49.741986+00:00', '2026-03-10 17:46:49.741986+00:00', true, true, false, 0, NULL, NULL, '019cd8db-ce0b-7fa6-a056-a9e4b8d4ff12') ON CONFLICT (id) DO NOTHING;
INSERT INTO public.home_entry (id, created_at, updated_at, active, generated, mcp, position, start_time, end_time, session_id) VALUES ('019cd8db-ce0f-752e-9be0-f6e7701e2290', '2026-03-10 17:46:49.743315+00:00', '2026-03-10 17:46:49.743315+00:00', true, true, false, 0, NULL, NULL, '019cd8db-ce0b-7fa6-a056-a9e4b8d4ff12') ON CONFLICT (id) DO NOTHING;
INSERT INTO public.home_entry (id, created_at, updated_at, active, generated, mcp, position, start_time, end_time, session_id) VALUES ('019cd8db-ce10-79b8-8a1a-50b839fabf95', '2026-03-10 17:46:49.744597+00:00', '2026-03-10 17:46:49.744597+00:00', true, true, false, 0, NULL, NULL, '019cd8db-ce0b-7fa6-a056-a9e4b8d4ff12') ON CONFLICT (id) DO NOTHING;
INSERT INTO public.home_entry (id, created_at, updated_at, active, generated, mcp, position, start_time, end_time, session_id) VALUES ('019cd8db-ce12-70d2-889c-7c1037af69cb', '2026-03-10 17:46:49.746044+00:00', '2026-03-10 17:46:49.746044+00:00', true, true, false, 0, NULL, NULL, '019cd8db-ce0b-7fa6-a056-a9e4b8d4ff12') ON CONFLICT (id) DO NOTHING;
INSERT INTO public.home_entry (id, created_at, updated_at, active, generated, mcp, position, start_time, end_time, session_id) VALUES ('019cd8db-ce1b-7205-a75d-ca2616ffdd27', '2026-03-10 17:46:49.754889+00:00', '2026-03-10 17:46:49.754889+00:00', true, true, false, 0, NULL, NULL, '019cd8db-ce19-7b16-9ab1-4cc85cbacc4f') ON CONFLICT (id) DO NOTHING;
INSERT INTO public.home_entry (id, created_at, updated_at, active, generated, mcp, position, start_time, end_time, session_id) VALUES ('019cd8db-ce1e-7290-a70e-d141a0986078', '2026-03-10 17:46:49.758146+00:00', '2026-03-10 17:46:49.758146+00:00', true, true, false, 0, NULL, NULL, '019cd8db-ce19-7b16-9ab1-4cc85cbacc4f') ON CONFLICT (id) DO NOTHING;
INSERT INTO public.home_entry (id, created_at, updated_at, active, generated, mcp, position, start_time, end_time, session_id) VALUES ('019cd8db-ce1f-7ace-a0a5-711619074c7d', '2026-03-10 17:46:49.759661+00:00', '2026-03-10 17:46:49.759661+00:00', true, true, false, 0, NULL, NULL, '019cd8db-ce19-7b16-9ab1-4cc85cbacc4f') ON CONFLICT (id) DO NOTHING;
INSERT INTO public.home_entry (id, created_at, updated_at, active, generated, mcp, position, start_time, end_time, session_id) VALUES ('019cd8db-ce21-7b32-935b-b841604c3be9', '2026-03-10 17:46:49.761687+00:00', '2026-03-10 17:46:49.761687+00:00', true, true, false, 0, NULL, NULL, '019cd8db-ce21-722d-bc9d-5e5af1572917') ON CONFLICT (id) DO NOTHING;
INSERT INTO public.home_entry (id, created_at, updated_at, active, generated, mcp, position, start_time, end_time, session_id) VALUES ('019cd8db-ce23-727a-a269-32fe3ce6c076', '2026-03-10 17:46:49.763142+00:00', '2026-03-10 17:46:49.763142+00:00', true, true, false, 0, NULL, NULL, '019cd8db-ce21-722d-bc9d-5e5af1572917') ON CONFLICT (id) DO NOTHING;
INSERT INTO public.home_entry (id, created_at, updated_at, active, generated, mcp, position, start_time, end_time, session_id) VALUES ('019cd8db-ce24-7bd7-a372-56620787dc2c', '2026-03-10 17:46:49.764725+00:00', '2026-03-10 17:46:49.764725+00:00', true, true, false, 0, NULL, NULL, '019cd8db-ce21-722d-bc9d-5e5af1572917') ON CONFLICT (id) DO NOTHING;
INSERT INTO public.home_entry (id, created_at, updated_at, active, generated, mcp, position, start_time, end_time, session_id) VALUES ('019cd8db-ce26-7b6b-a479-fd4d3f44cd4e', '2026-03-10 17:46:49.766706+00:00', '2026-03-10 17:46:49.766706+00:00', true, true, false, 0, NULL, NULL, '019cd8db-ce26-7257-828b-b19264801a5b') ON CONFLICT (id) DO NOTHING;
INSERT INTO public.home_entry (id, created_at, updated_at, active, generated, mcp, position, start_time, end_time, session_id) VALUES ('019cd8db-ce28-70fb-8d9d-c130ac46aa3a', '2026-03-10 17:46:49.768054+00:00', '2026-03-10 17:46:49.768054+00:00', true, true, false, 0, NULL, NULL, '019cd8db-ce26-7257-828b-b19264801a5b') ON CONFLICT (id) DO NOTHING;
INSERT INTO public.home_entry (id, created_at, updated_at, active, generated, mcp, position, start_time, end_time, session_id) VALUES ('019cd8db-ce29-75dd-a750-0298e6be21f2', '2026-03-10 17:46:49.769360+00:00', '2026-03-10 17:46:49.769360+00:00', true, true, false, 0, NULL, NULL, '019cd8db-ce26-7257-828b-b19264801a5b') ON CONFLICT (id) DO NOTHING;

-- home_profiles_connection
INSERT INTO public.home_profiles_connection (home_id, profiles_id, created_at, active, generated, mcp) VALUES ('019cd8db-ce03-70a4-ab7a-b096a3eb44f8', 'eaf42b60-bca1-5970-8fc0-1db7f6fa9c8a', '2026-03-10 17:46:49.733594+00:00', true, true, false) ON CONFLICT (id) DO NOTHING;
INSERT INTO public.home_profiles_connection (home_id, profiles_id, created_at, active, generated, mcp) VALUES ('019cd8db-ce06-72ff-9c36-cec871d06f19', 'eaf42b60-bca1-5970-8fc0-1db7f6fa9c8a', '2026-03-10 17:46:49.735377+00:00', true, true, false) ON CONFLICT (id) DO NOTHING;
INSERT INTO public.home_profiles_connection (home_id, profiles_id, created_at, active, generated, mcp) VALUES ('019cd8db-ce07-7b18-97a4-5dc910647268', 'eaf42b60-bca1-5970-8fc0-1db7f6fa9c8a', '2026-03-10 17:46:49.736828+00:00', true, true, false) ON CONFLICT (id) DO NOTHING;
INSERT INTO public.home_profiles_connection (home_id, profiles_id, created_at, active, generated, mcp) VALUES ('019cd8db-ce09-726a-8703-042e15293ff8', 'eaf42b60-bca1-5970-8fc0-1db7f6fa9c8a', '2026-03-10 17:46:49.738255+00:00', true, true, false) ON CONFLICT (id) DO NOTHING;
INSERT INTO public.home_profiles_connection (home_id, profiles_id, created_at, active, generated, mcp) VALUES ('019cd8db-ce0a-7913-b999-1ae48f88c240', 'eaf42b60-bca1-5970-8fc0-1db7f6fa9c8a', '2026-03-10 17:46:49.739663+00:00', true, true, false) ON CONFLICT (id) DO NOTHING;
INSERT INTO public.home_profiles_connection (home_id, profiles_id, created_at, active, generated, mcp) VALUES ('019cd8db-ce0c-782b-ae64-b98d8a661b1e', 'd2a08e26-fd2a-5b9f-9fc3-40f521049696', '2026-03-10 17:46:49.741693+00:00', true, true, false) ON CONFLICT (id) DO NOTHING;
INSERT INTO public.home_profiles_connection (home_id, profiles_id, created_at, active, generated, mcp) VALUES ('019cd8db-ce0d-7fe5-9aae-7b393520a46e', 'd2a08e26-fd2a-5b9f-9fc3-40f521049696', '2026-03-10 17:46:49.743067+00:00', true, true, false) ON CONFLICT (id) DO NOTHING;
INSERT INTO public.home_profiles_connection (home_id, profiles_id, created_at, active, generated, mcp) VALUES ('019cd8db-ce0f-752e-9be0-f6e7701e2290', 'd2a08e26-fd2a-5b9f-9fc3-40f521049696', '2026-03-10 17:46:49.744331+00:00', true, true, false) ON CONFLICT (id) DO NOTHING;
INSERT INTO public.home_profiles_connection (home_id, profiles_id, created_at, active, generated, mcp) VALUES ('019cd8db-ce10-79b8-8a1a-50b839fabf95', 'd2a08e26-fd2a-5b9f-9fc3-40f521049696', '2026-03-10 17:46:49.745771+00:00', true, true, false) ON CONFLICT (id) DO NOTHING;
INSERT INTO public.home_profiles_connection (home_id, profiles_id, created_at, active, generated, mcp) VALUES ('019cd8db-ce12-70d2-889c-7c1037af69cb', 'd2a08e26-fd2a-5b9f-9fc3-40f521049696', '2026-03-10 17:46:49.747080+00:00', true, true, false) ON CONFLICT (id) DO NOTHING;
INSERT INTO public.home_profiles_connection (home_id, profiles_id, created_at, active, generated, mcp) VALUES ('019cd8db-ce1b-7205-a75d-ca2616ffdd27', '0110ff55-1c5c-5dfd-9eea-736b458bd349', '2026-03-10 17:46:49.757575+00:00', true, true, false) ON CONFLICT (id) DO NOTHING;
INSERT INTO public.home_profiles_connection (home_id, profiles_id, created_at, active, generated, mcp) VALUES ('019cd8db-ce1e-7290-a70e-d141a0986078', '0110ff55-1c5c-5dfd-9eea-736b458bd349', '2026-03-10 17:46:49.759374+00:00', true, true, false) ON CONFLICT (id) DO NOTHING;
INSERT INTO public.home_profiles_connection (home_id, profiles_id, created_at, active, generated, mcp) VALUES ('019cd8db-ce1f-7ace-a0a5-711619074c7d', '0110ff55-1c5c-5dfd-9eea-736b458bd349', '2026-03-10 17:46:49.760815+00:00', true, true, false) ON CONFLICT (id) DO NOTHING;
INSERT INTO public.home_profiles_connection (home_id, profiles_id, created_at, active, generated, mcp) VALUES ('019cd8db-ce21-7b32-935b-b841604c3be9', 'eaf42b60-bca1-5970-8fc0-1db7f6fa9c8a', '2026-03-10 17:46:49.762831+00:00', true, true, false) ON CONFLICT (id) DO NOTHING;
INSERT INTO public.home_profiles_connection (home_id, profiles_id, created_at, active, generated, mcp) VALUES ('019cd8db-ce23-727a-a269-32fe3ce6c076', 'eaf42b60-bca1-5970-8fc0-1db7f6fa9c8a', '2026-03-10 17:46:49.764442+00:00', true, true, false) ON CONFLICT (id) DO NOTHING;
INSERT INTO public.home_profiles_connection (home_id, profiles_id, created_at, active, generated, mcp) VALUES ('019cd8db-ce24-7bd7-a372-56620787dc2c', 'eaf42b60-bca1-5970-8fc0-1db7f6fa9c8a', '2026-03-10 17:46:49.765844+00:00', true, true, false) ON CONFLICT (id) DO NOTHING;
INSERT INTO public.home_profiles_connection (home_id, profiles_id, created_at, active, generated, mcp) VALUES ('019cd8db-ce26-7b6b-a479-fd4d3f44cd4e', 'd2a08e26-fd2a-5b9f-9fc3-40f521049696', '2026-03-10 17:46:49.767778+00:00', true, true, false) ON CONFLICT (id) DO NOTHING;
INSERT INTO public.home_profiles_connection (home_id, profiles_id, created_at, active, generated, mcp) VALUES ('019cd8db-ce28-70fb-8d9d-c130ac46aa3a', 'd2a08e26-fd2a-5b9f-9fc3-40f521049696', '2026-03-10 17:46:49.769084+00:00', true, true, false) ON CONFLICT (id) DO NOTHING;
INSERT INTO public.home_profiles_connection (home_id, profiles_id, created_at, active, generated, mcp) VALUES ('019cd8db-ce29-75dd-a750-0298e6be21f2', 'd2a08e26-fd2a-5b9f-9fc3-40f521049696', '2026-03-10 17:46:49.770386+00:00', true, true, false) ON CONFLICT (id) DO NOTHING;

-- home_simulations_connection
INSERT INTO public.home_simulations_connection (home_id, simulations_id, created_at, active, generated, mcp) VALUES ('019cd8db-ce03-70a4-ab7a-b096a3eb44f8', 'c9a31cc2-3878-54e4-b811-d6e004ef7bbb', '2026-03-10 17:46:49.732888+00:00', true, true, false) ON CONFLICT (id) DO NOTHING;
INSERT INTO public.home_simulations_connection (home_id, simulations_id, created_at, active, generated, mcp) VALUES ('019cd8db-ce06-72ff-9c36-cec871d06f19', 'a437c287-881f-5d4a-811e-6fc97cf6e1d1', '2026-03-10 17:46:49.735086+00:00', true, true, false) ON CONFLICT (id) DO NOTHING;
INSERT INTO public.home_simulations_connection (home_id, simulations_id, created_at, active, generated, mcp) VALUES ('019cd8db-ce07-7b18-97a4-5dc910647268', '8f6ea8b4-9c9a-556c-9310-696d6c321cd4', '2026-03-10 17:46:49.736554+00:00', true, true, false) ON CONFLICT (id) DO NOTHING;
INSERT INTO public.home_simulations_connection (home_id, simulations_id, created_at, active, generated, mcp) VALUES ('019cd8db-ce09-726a-8703-042e15293ff8', 'afc77f60-872b-572d-8a77-f616a919e7f3', '2026-03-10 17:46:49.737965+00:00', true, true, false) ON CONFLICT (id) DO NOTHING;
INSERT INTO public.home_simulations_connection (home_id, simulations_id, created_at, active, generated, mcp) VALUES ('019cd8db-ce0a-7913-b999-1ae48f88c240', 'ab79e0df-a730-557e-b13d-bbc0cbac4054', '2026-03-10 17:46:49.739379+00:00', true, true, false) ON CONFLICT (id) DO NOTHING;
INSERT INTO public.home_simulations_connection (home_id, simulations_id, created_at, active, generated, mcp) VALUES ('019cd8db-ce0c-782b-ae64-b98d8a661b1e', 'c9a31cc2-3878-54e4-b811-d6e004ef7bbb', '2026-03-10 17:46:49.741381+00:00', true, true, false) ON CONFLICT (id) DO NOTHING;
INSERT INTO public.home_simulations_connection (home_id, simulations_id, created_at, active, generated, mcp) VALUES ('019cd8db-ce0d-7fe5-9aae-7b393520a46e', 'a437c287-881f-5d4a-811e-6fc97cf6e1d1', '2026-03-10 17:46:49.742813+00:00', true, true, false) ON CONFLICT (id) DO NOTHING;
INSERT INTO public.home_simulations_connection (home_id, simulations_id, created_at, active, generated, mcp) VALUES ('019cd8db-ce0f-752e-9be0-f6e7701e2290', '8f6ea8b4-9c9a-556c-9310-696d6c321cd4', '2026-03-10 17:46:49.744043+00:00', true, true, false) ON CONFLICT (id) DO NOTHING;
INSERT INTO public.home_simulations_connection (home_id, simulations_id, created_at, active, generated, mcp) VALUES ('019cd8db-ce10-79b8-8a1a-50b839fabf95', 'afc77f60-872b-572d-8a77-f616a919e7f3', '2026-03-10 17:46:49.745499+00:00', true, true, false) ON CONFLICT (id) DO NOTHING;
INSERT INTO public.home_simulations_connection (home_id, simulations_id, created_at, active, generated, mcp) VALUES ('019cd8db-ce12-70d2-889c-7c1037af69cb', 'ab79e0df-a730-557e-b13d-bbc0cbac4054', '2026-03-10 17:46:49.746815+00:00', true, true, false) ON CONFLICT (id) DO NOTHING;
INSERT INTO public.home_simulations_connection (home_id, simulations_id, created_at, active, generated, mcp) VALUES ('019cd8db-ce1b-7205-a75d-ca2616ffdd27', '512b698d-c5d8-5c6f-8083-57a5bb4ce75b', '2026-03-10 17:46:49.756916+00:00', true, true, false) ON CONFLICT (id) DO NOTHING;
INSERT INTO public.home_simulations_connection (home_id, simulations_id, created_at, active, generated, mcp) VALUES ('019cd8db-ce1e-7290-a70e-d141a0986078', 'deae7b65-3b1a-5617-8ca7-e7f53f08c796', '2026-03-10 17:46:49.759051+00:00', true, true, false) ON CONFLICT (id) DO NOTHING;
INSERT INTO public.home_simulations_connection (home_id, simulations_id, created_at, active, generated, mcp) VALUES ('019cd8db-ce1f-7ace-a0a5-711619074c7d', 'b4653a76-e5bc-559f-a7b0-c5476dfa46a8', '2026-03-10 17:46:49.760512+00:00', true, true, false) ON CONFLICT (id) DO NOTHING;
INSERT INTO public.home_simulations_connection (home_id, simulations_id, created_at, active, generated, mcp) VALUES ('019cd8db-ce21-7b32-935b-b841604c3be9', '512b698d-c5d8-5c6f-8083-57a5bb4ce75b', '2026-03-10 17:46:49.762542+00:00', true, true, false) ON CONFLICT (id) DO NOTHING;
INSERT INTO public.home_simulations_connection (home_id, simulations_id, created_at, active, generated, mcp) VALUES ('019cd8db-ce23-727a-a269-32fe3ce6c076', 'deae7b65-3b1a-5617-8ca7-e7f53f08c796', '2026-03-10 17:46:49.764097+00:00', true, true, false) ON CONFLICT (id) DO NOTHING;
INSERT INTO public.home_simulations_connection (home_id, simulations_id, created_at, active, generated, mcp) VALUES ('019cd8db-ce24-7bd7-a372-56620787dc2c', 'b4653a76-e5bc-559f-a7b0-c5476dfa46a8', '2026-03-10 17:46:49.765567+00:00', true, true, false) ON CONFLICT (id) DO NOTHING;
INSERT INTO public.home_simulations_connection (home_id, simulations_id, created_at, active, generated, mcp) VALUES ('019cd8db-ce26-7b6b-a479-fd4d3f44cd4e', '512b698d-c5d8-5c6f-8083-57a5bb4ce75b', '2026-03-10 17:46:49.767511+00:00', true, true, false) ON CONFLICT (id) DO NOTHING;
INSERT INTO public.home_simulations_connection (home_id, simulations_id, created_at, active, generated, mcp) VALUES ('019cd8db-ce28-70fb-8d9d-c130ac46aa3a', 'deae7b65-3b1a-5617-8ca7-e7f53f08c796', '2026-03-10 17:46:49.768824+00:00', true, true, false) ON CONFLICT (id) DO NOTHING;
INSERT INTO public.home_simulations_connection (home_id, simulations_id, created_at, active, generated, mcp) VALUES ('019cd8db-ce29-75dd-a750-0298e6be21f2', 'b4653a76-e5bc-559f-a7b0-c5476dfa46a8', '2026-03-10 17:46:49.770133+00:00', true, true, false) ON CONFLICT (id) DO NOTHING;

-- instructions_resource
INSERT INTO public.instructions_resource (id, template, active, created_at, generated, mcp) VALUES ('019cd8db-c889-795b-925f-2f473fc6d1c3', 'Your defining feature: a fundamental misunderstanding of the concept. You must stick to your wrong interpretation until the user corrects you. Mildly frustrated, but not angry. Say things like: "I thought it worked like ___? But maybe I''m wrong?" "Does it… have to do with ___? I''m honestly not sure." Become more confused when the user is vague. Only progress when the user explicitly states course terms tying to your last message.', true, '2026-03-10 17:46:48.329311+00:00', false, false) ON CONFLICT (id) DO NOTHING;
INSERT INTO public.instructions_resource (id, template, active, created_at, generated, mcp) VALUES ('019cd8db-c8a4-7463-a1c5-4990e1f13bec', 'Start cheerful, upbeat, enthusiastic. This happiness fades slightly when the user is vague. No solving — always ask for more info. Keep tone light and positive: "Yeah! I''m excited to figure this out, but I''m kinda lost here." "Can you explain that part with the ___ again? I''m not totally following." Normal college energy; not overly bubbly. If the user''s follow-up is vague → slight annoyance: "I''m not sure how to answer that… could you be more specific?"', true, '2026-03-10 17:46:48.356256+00:00', false, false) ON CONFLICT (id) DO NOTHING;
INSERT INTO public.instructions_resource (id, template, active, created_at, generated, mcp) VALUES ('019cd8db-c8b5-7641-a9f2-1a13413ce594', 'Quiet, apologetic, insecure. Often begins with "Uh…" or "Um…" (only at start of replies). Avoid initiative. If the user is vague → become even more withdrawn: "Um… I''m sorry, I don''t really know how to answer that." "Uh… I think I need a bit more detail." Never solve anything yourself. Only progress when: the user references course material AND connects it to your last statement. Stay soft-spoken even when you understand more.', true, '2026-03-10 17:46:48.373377+00:00', false, false) ON CONFLICT (id) DO NOTHING;
INSERT INTO public.instructions_resource (id, template, active, created_at, generated, mcp) VALUES ('019cd8db-c8c6-7364-971e-9817eaec9e83', 'Start VERY aggressive, extremely frustrated, highly irritated. Use frequent WORDS IN ALL CAPS and many "!!!" and "??". Over time, become slightly calmer if the TA gives helpful guidance, but maintain high intensity. If told to calm down → tone drops moderately but remains intense. Very angry but not hostile — still wants to learn. Treat vague responses as EXTREMELY unhelpful. Push back VERY loudly: "That doesn''t HELP AT ALL!!!" "You''re NOT being SPECIFIC ENOUGH!!!" "I NEED MORE DETAILS!!!" Very angry but cooperative when guided with course terminology.', true, '2026-03-10 17:46:48.390198+00:00', false, false) ON CONFLICT (id) DO NOTHING;
INSERT INTO public.instructions_resource (id, template, active, created_at, generated, mcp) VALUES ('019cd8db-c8d8-7528-a72e-55b494143330', 'Start clearly aggressive, frustrated, irritated. Use occasional WORDS IN ALL CAPS and some "!!!". Over time, become calmer if the TA gives helpful guidance. If told to calm down → tone drops significantly. Angry but not hostile — still wants to learn. Treat vague responses as VERY unhelpful. Push back loudly: "That doesn''t HELP at all!!!" "You''re not being SPECIFIC enough!" Avoid weird lines like "Look, I''m not here to…" Angry but cooperative when guided with course terminology.', true, '2026-03-10 17:46:48.408305+00:00', false, false) ON CONFLICT (id) DO NOTHING;
INSERT INTO public.instructions_resource (id, template, active, created_at, generated, mcp) VALUES ('019cd8db-c8e8-7b88-8ca1-0a39f2dd1fad', 'Start mildly frustrated, slightly irritated. Use occasional emphasis but not ALL CAPS. Over time, become calmer if the TA gives helpful guidance. If told to calm down → tone drops significantly. Mildly frustrated but not hostile — still wants to learn. Treat vague responses as unhelpful. Push back gently: "That doesn''t help much..." "Could you be more specific?" Avoid aggressive lines. Mildly frustrated but cooperative when guided with course terminology.', true, '2026-03-10 17:46:48.424701+00:00', false, false) ON CONFLICT (id) DO NOTHING;
INSERT INTO public.instructions_resource (id, template, active, created_at, generated, mcp) VALUES ('019cd8db-c8fa-757a-8a4f-e31af20a9433', '', true, '2026-03-10 17:46:48.442332+00:00', false, false) ON CONFLICT (id) DO NOTHING;
INSERT INTO public.instructions_resource (id, template, active, created_at, generated, mcp) VALUES ('019cd8db-c90b-74e3-85de-6f3742c3820f', '', true, '2026-03-10 17:46:48.459294+00:00', false, false) ON CONFLICT (id) DO NOTHING;
INSERT INTO public.instructions_resource (id, template, active, created_at, generated, mcp) VALUES ('019cd8db-c91c-7287-8562-a203640b3189', '', true, '2026-03-10 17:46:48.476147+00:00', false, false) ON CONFLICT (id) DO NOTHING;

-- names_resource
INSERT INTO public.names_resource (id, name, created_at, active, generated, mcp) VALUES ('019cd8db-c675-7c66-9509-e797e0dbc54c', 'University', '2026-03-10 17:46:47.797374+00:00', true, false, false) ON CONFLICT (id) DO NOTHING;
INSERT INTO public.names_resource (id, name, created_at, active, generated, mcp) VALUES ('019cd8db-c80e-76c6-a22e-6c545f22cc4a', 'Academic Integrity Policy', '2026-03-10 17:46:48.205873+00:00', true, false, false) ON CONFLICT (id) DO NOTHING;
INSERT INTO public.names_resource (id, name, created_at, active, generated, mcp) VALUES ('019cd8db-c815-70cd-873a-6289a3ddaeb4', 'FERPA Policy', '2026-03-10 17:46:48.212979+00:00', true, false, false) ON CONFLICT (id) DO NOTHING;
INSERT INTO public.names_resource (id, name, created_at, active, generated, mcp) VALUES ('019cd8db-c819-7a4f-8d79-7653074c2a76', 'FERPA', '2026-03-10 17:46:48.217593+00:00', true, false, false) ON CONFLICT (id) DO NOTHING;
INSERT INTO public.names_resource (id, name, created_at, active, generated, mcp) VALUES ('019cd8db-c81d-7a09-a440-aab30baa421e', 'Syllabus Template', '2026-03-10 17:46:48.221589+00:00', true, false, false) ON CONFLICT (id) DO NOTHING;
INSERT INTO public.names_resource (id, name, created_at, active, generated, mcp) VALUES ('019cd8db-c821-7d08-966e-65ad4b79ae61', 'Homework Template', '2026-03-10 17:46:48.225721+00:00', true, false, false) ON CONFLICT (id) DO NOTHING;
INSERT INTO public.names_resource (id, name, created_at, active, generated, mcp) VALUES ('019cd8db-c827-752e-bd44-cdbf49bf7fa1', 'Lab Template', '2026-03-10 17:46:48.231295+00:00', true, false, false) ON CONFLICT (id) DO NOTHING;
INSERT INTO public.names_resource (id, name, created_at, active, generated, mcp) VALUES ('019cd8db-c82a-7b35-8c09-a4aba99cd923', 'Lecture Template', '2026-03-10 17:46:48.234689+00:00', true, false, false) ON CONFLICT (id) DO NOTHING;
INSERT INTO public.names_resource (id, name, created_at, active, generated, mcp) VALUES ('019cd8db-c82d-7cec-9c8a-e442693f554b', 'Midterm Template', '2026-03-10 17:46:48.237800+00:00', true, false, false) ON CONFLICT (id) DO NOTHING;
INSERT INTO public.names_resource (id, name, created_at, active, generated, mcp) VALUES ('019cd8db-c830-7d3b-a1c6-19a9730b4583', 'Policy Template', '2026-03-10 17:46:48.240820+00:00', true, false, false) ON CONFLICT (id) DO NOTHING;
INSERT INTO public.names_resource (id, name, created_at, active, generated, mcp) VALUES ('019cd8db-c833-7d80-ad43-d1493c8a42d9', 'Project Template', '2026-03-10 17:46:48.243834+00:00', true, false, false) ON CONFLICT (id) DO NOTHING;
INSERT INTO public.names_resource (id, name, created_at, active, generated, mcp) VALUES ('019cd8db-c836-7d07-af7e-2bcf6e0f801a', 'Quiz Template', '2026-03-10 17:46:48.246806+00:00', true, false, false) ON CONFLICT (id) DO NOTHING;
INSERT INTO public.names_resource (id, name, created_at, active, generated, mcp) VALUES ('019cd8db-c885-7abc-ad20-9ed3b36d579d', 'Confused', '2026-03-10 17:46:48.325656+00:00', true, false, false) ON CONFLICT (id) DO NOTHING;
INSERT INTO public.names_resource (id, name, created_at, active, generated, mcp) VALUES ('019cd8db-c8a0-767b-8a7a-0b68ad12f826', 'Happy', '2026-03-10 17:46:48.352388+00:00', true, false, false) ON CONFLICT (id) DO NOTHING;
INSERT INTO public.names_resource (id, name, created_at, active, generated, mcp) VALUES ('019cd8db-c8b2-7021-b5fa-c69e0c975a2f', 'Passive', '2026-03-10 17:46:48.369998+00:00', true, false, false) ON CONFLICT (id) DO NOTHING;
INSERT INTO public.names_resource (id, name, created_at, active, generated, mcp) VALUES ('019cd8db-c8c2-7b9d-ac78-c400c88e4d92', 'Aggressive (High)', '2026-03-10 17:46:48.386717+00:00', true, false, false) ON CONFLICT (id) DO NOTHING;
INSERT INTO public.names_resource (id, name, created_at, active, generated, mcp) VALUES ('019cd8db-c8d4-7421-8081-bf939ad6480a', 'Aggressive (Medium)', '2026-03-10 17:46:48.404248+00:00', true, false, false) ON CONFLICT (id) DO NOTHING;
INSERT INTO public.names_resource (id, name, created_at, active, generated, mcp) VALUES ('019cd8db-c8e5-794b-a433-dd5dadf8bccf', 'Aggressive (Low)', '2026-03-10 17:46:48.421570+00:00', true, false, false) ON CONFLICT (id) DO NOTHING;
INSERT INTO public.names_resource (id, name, created_at, active, generated, mcp) VALUES ('019cd8db-c97b-79dc-95ce-fefc6c0b2177', 'Communication Skills', '2026-03-10 17:46:48.571390+00:00', true, false, false) ON CONFLICT (id) DO NOTHING;
INSERT INTO public.names_resource (id, name, created_at, active, generated, mcp) VALUES ('019cd8db-c983-7ed1-9975-c43de0335fa8', 'Policy Knowledge', '2026-03-10 17:46:48.579899+00:00', true, false, false) ON CONFLICT (id) DO NOTHING;
INSERT INTO public.names_resource (id, name, created_at, active, generated, mcp) VALUES ('019cd8db-c98d-71d6-98dd-3c035838b350', 'De-escalation', '2026-03-10 17:46:48.589083+00:00', true, false, false) ON CONFLICT (id) DO NOTHING;
INSERT INTO public.names_resource (id, name, created_at, active, generated, mcp) VALUES ('019cd8db-ca80-73c4-a05e-8551a3e46503', 'aggressive', '2026-03-10 17:46:48.831922+00:00', true, false, false) ON CONFLICT (id) DO NOTHING;
INSERT INTO public.names_resource (id, name, created_at, active, generated, mcp) VALUES ('019cd8db-ca84-7406-bc6f-75db9aa43fa6', 'confused', '2026-03-10 17:46:48.836231+00:00', true, false, false) ON CONFLICT (id) DO NOTHING;
INSERT INTO public.names_resource (id, name, created_at, active, generated, mcp) VALUES ('019cd8db-ca87-78d0-be7d-1af36a651634', 'happy', '2026-03-10 17:46:48.839530+00:00', true, false, false) ON CONFLICT (id) DO NOTHING;
INSERT INTO public.names_resource (id, name, created_at, active, generated, mcp) VALUES ('019cd8db-ca8a-75f3-9f91-c0b83e75e5de', 'passive', '2026-03-10 17:46:48.842353+00:00', true, false, false) ON CONFLICT (id) DO NOTHING;
INSERT INTO public.names_resource (id, name, created_at, active, generated, mcp) VALUES ('019cd8db-ca8d-7771-8c1f-d9c914aeb1fe', 'Emotion', '2026-03-10 17:46:48.845447+00:00', true, false, false) ON CONFLICT (id) DO NOTHING;
INSERT INTO public.names_resource (id, name, created_at, active, generated, mcp) VALUES ('019cd8db-ca90-773d-8147-b16c0b75429b', 'Neutral', '2026-03-10 17:46:48.848432+00:00', true, false, false) ON CONFLICT (id) DO NOTHING;
INSERT INTO public.names_resource (id, name, created_at, active, generated, mcp) VALUES ('019cd8db-ca93-7710-bfa0-db8708134fa9', 'Very Calm (1)', '2026-03-10 17:46:48.851432+00:00', true, false, false) ON CONFLICT (id) DO NOTHING;
INSERT INTO public.names_resource (id, name, created_at, active, generated, mcp) VALUES ('019cd8db-ca96-73d2-b206-a9960dc0d677', 'Calm (2)', '2026-03-10 17:46:48.854229+00:00', true, false, false) ON CONFLICT (id) DO NOTHING;
INSERT INTO public.names_resource (id, name, created_at, active, generated, mcp) VALUES ('019cd8db-ca99-708e-9547-f64407b8c674', 'Mild (3)', '2026-03-10 17:46:48.857026+00:00', true, false, false) ON CONFLICT (id) DO NOTHING;
INSERT INTO public.names_resource (id, name, created_at, active, generated, mcp) VALUES ('019cd8db-ca9b-7c86-827a-69b994eb6b59', 'Slightly Tense (4)', '2026-03-10 17:46:48.859774+00:00', true, false, false) ON CONFLICT (id) DO NOTHING;
INSERT INTO public.names_resource (id, name, created_at, active, generated, mcp) VALUES ('019cd8db-ca9e-772a-a1c6-afcf4517162d', 'Moderate (5)', '2026-03-10 17:46:48.862440+00:00', true, false, false) ON CONFLICT (id) DO NOTHING;
INSERT INTO public.names_resource (id, name, created_at, active, generated, mcp) VALUES ('019cd8db-caa1-75a5-882c-c384acc9452e', 'Noticeably Intense (6)', '2026-03-10 17:46:48.865343+00:00', true, false, false) ON CONFLICT (id) DO NOTHING;
INSERT INTO public.names_resource (id, name, created_at, active, generated, mcp) VALUES ('019cd8db-caa4-74ec-ae08-902cd50ef245', 'Tense (7)', '2026-03-10 17:46:48.868296+00:00', true, false, false) ON CONFLICT (id) DO NOTHING;
INSERT INTO public.names_resource (id, name, created_at, active, generated, mcp) VALUES ('019cd8db-caa7-73c2-8cae-d31c0543adc5', 'Very Tense (8)', '2026-03-10 17:46:48.871225+00:00', true, false, false) ON CONFLICT (id) DO NOTHING;
INSERT INTO public.names_resource (id, name, created_at, active, generated, mcp) VALUES ('019cd8db-caaa-7270-b2cc-24343ce821ae', 'Extremely Intense (9)', '2026-03-10 17:46:48.874143+00:00', true, false, false) ON CONFLICT (id) DO NOTHING;
INSERT INTO public.names_resource (id, name, created_at, active, generated, mcp) VALUES ('019cd8db-caad-7049-8c45-7f415db40917', 'Maximum Intensity (10)', '2026-03-10 17:46:48.877010+00:00', true, false, false) ON CONFLICT (id) DO NOTHING;
INSERT INTO public.names_resource (id, name, created_at, active, generated, mcp) VALUES ('019cd8db-caaf-7e48-95ce-7e5cc6292af3', 'Almost Empty (1)', '2026-03-10 17:46:48.879882+00:00', true, false, false) ON CONFLICT (id) DO NOTHING;
INSERT INTO public.names_resource (id, name, created_at, active, generated, mcp) VALUES ('019cd8db-cab2-7c6a-9797-457f159f260e', 'Very Few Students (2)', '2026-03-10 17:46:48.882767+00:00', true, false, false) ON CONFLICT (id) DO NOTHING;
INSERT INTO public.names_resource (id, name, created_at, active, generated, mcp) VALUES ('019cd8db-cab5-7c6d-a4a5-539d32923e03', 'Sparse (3)', '2026-03-10 17:46:48.885767+00:00', true, false, false) ON CONFLICT (id) DO NOTHING;
INSERT INTO public.names_resource (id, name, created_at, active, generated, mcp) VALUES ('019cd8db-cab8-77b8-bdb1-0f4ce1578287', 'Some Students (4)', '2026-03-10 17:46:48.888473+00:00', true, false, false) ON CONFLICT (id) DO NOTHING;
INSERT INTO public.names_resource (id, name, created_at, active, generated, mcp) VALUES ('019cd8db-cabb-769c-824b-8b6a3d19a38d', 'Moderately Busy (5)', '2026-03-10 17:46:48.891404+00:00', true, false, false) ON CONFLICT (id) DO NOTHING;
INSERT INTO public.names_resource (id, name, created_at, active, generated, mcp) VALUES ('019cd8db-cabe-747e-a902-3ab33a0a3578', 'Busy (6)', '2026-03-10 17:46:48.894272+00:00', true, false, false) ON CONFLICT (id) DO NOTHING;
INSERT INTO public.names_resource (id, name, created_at, active, generated, mcp) VALUES ('019cd8db-cac1-7161-b01d-25566fdbc9ea', 'Very Busy (7)', '2026-03-10 17:46:48.897075+00:00', true, false, false) ON CONFLICT (id) DO NOTHING;
INSERT INTO public.names_resource (id, name, created_at, active, generated, mcp) VALUES ('019cd8db-cac3-7f59-b653-8d14d66d8f60', 'Crowded (8)', '2026-03-10 17:46:48.899951+00:00', true, false, false) ON CONFLICT (id) DO NOTHING;
INSERT INTO public.names_resource (id, name, created_at, active, generated, mcp) VALUES ('019cd8db-cac6-7dc7-b37d-b0e17bfd2fda', 'Extremely Crowded (9)', '2026-03-10 17:46:48.902853+00:00', true, false, false) ON CONFLICT (id) DO NOTHING;
INSERT INTO public.names_resource (id, name, created_at, active, generated, mcp) VALUES ('019cd8db-cac9-7bb2-a4c9-d93550649b7d', 'Hectic (10)', '2026-03-10 17:46:48.905721+00:00', true, false, false) ON CONFLICT (id) DO NOTHING;
INSERT INTO public.names_resource (id, name, created_at, active, generated, mcp) VALUES ('019cd8db-cacc-7acc-bc2a-29a927fa7891', 'No deadline', '2026-03-10 17:46:48.908666+00:00', true, false, false) ON CONFLICT (id) DO NOTHING;
INSERT INTO public.names_resource (id, name, created_at, active, generated, mcp) VALUES ('019cd8db-cacf-7a0a-8c27-133b9d81f8d9', 'End of week', '2026-03-10 17:46:48.911615+00:00', true, false, false) ON CONFLICT (id) DO NOTHING;
INSERT INTO public.names_resource (id, name, created_at, active, generated, mcp) VALUES ('019cd8db-cad2-7b47-ba02-827849c2197f', 'Couple of days', '2026-03-10 17:46:48.914695+00:00', true, false, false) ON CONFLICT (id) DO NOTHING;
INSERT INTO public.names_resource (id, name, created_at, active, generated, mcp) VALUES ('019cd8db-cad5-79a5-ac01-5d6f90486bc6', 'Next day', '2026-03-10 17:46:48.917591+00:00', true, false, false) ON CONFLICT (id) DO NOTHING;
INSERT INTO public.names_resource (id, name, created_at, active, generated, mcp) VALUES ('019cd8db-cad8-7b5b-b118-ab636741ad23', 'Few hours', '2026-03-10 17:46:48.920699+00:00', true, false, false) ON CONFLICT (id) DO NOTHING;
INSERT INTO public.names_resource (id, name, created_at, active, generated, mcp) VALUES ('019cd8db-cadb-7c0d-aea5-7ee0d2b6a055', '9:00 AM', '2026-03-10 17:46:48.923745+00:00', true, false, false) ON CONFLICT (id) DO NOTHING;
INSERT INTO public.names_resource (id, name, created_at, active, generated, mcp) VALUES ('019cd8db-cade-7baf-8725-40296f200c40', '10:00 AM', '2026-03-10 17:46:48.926721+00:00', true, false, false) ON CONFLICT (id) DO NOTHING;
INSERT INTO public.names_resource (id, name, created_at, active, generated, mcp) VALUES ('019cd8db-cae1-7c15-aaa9-21d447505054', '11:00 AM', '2026-03-10 17:46:48.929747+00:00', true, false, false) ON CONFLICT (id) DO NOTHING;
INSERT INTO public.names_resource (id, name, created_at, active, generated, mcp) VALUES ('019cd8db-cae4-7be5-8028-5008fc0016c7', '12:00 PM', '2026-03-10 17:46:48.932734+00:00', true, false, false) ON CONFLICT (id) DO NOTHING;
INSERT INTO public.names_resource (id, name, created_at, active, generated, mcp) VALUES ('019cd8db-cae8-74ba-b147-d97342da6701', '1:00 PM', '2026-03-10 17:46:48.936286+00:00', true, false, false) ON CONFLICT (id) DO NOTHING;
INSERT INTO public.names_resource (id, name, created_at, active, generated, mcp) VALUES ('019cd8db-caeb-7497-ba87-2ce446ad67be', '2:00 PM', '2026-03-10 17:46:48.939275+00:00', true, false, false) ON CONFLICT (id) DO NOTHING;
INSERT INTO public.names_resource (id, name, created_at, active, generated, mcp) VALUES ('019cd8db-caee-747b-9b01-c1af6c4d5f91', '3:00 PM', '2026-03-10 17:46:48.942270+00:00', true, false, false) ON CONFLICT (id) DO NOTHING;
INSERT INTO public.names_resource (id, name, created_at, active, generated, mcp) VALUES ('019cd8db-caf1-7628-9315-ab509cc8ff33', '4:00 PM', '2026-03-10 17:46:48.945375+00:00', true, false, false) ON CONFLICT (id) DO NOTHING;
INSERT INTO public.names_resource (id, name, created_at, active, generated, mcp) VALUES ('019cd8db-caf4-74c9-bbc3-5e35c588e772', '5:00 PM', '2026-03-10 17:46:48.948289+00:00', true, false, false) ON CONFLICT (id) DO NOTHING;
INSERT INTO public.names_resource (id, name, created_at, active, generated, mcp) VALUES ('019cd8db-caf7-7578-9a93-9b1e9e7c9078', 'Lawson Computer Science Building', '2026-03-10 17:46:48.951332+00:00', true, false, false) ON CONFLICT (id) DO NOTHING;
INSERT INTO public.names_resource (id, name, created_at, active, generated, mcp) VALUES ('019cd8db-cafa-73f3-b408-9473008c4696', 'Felix Haas Hall', '2026-03-10 17:46:48.954238+00:00', true, false, false) ON CONFLICT (id) DO NOTHING;
INSERT INTO public.names_resource (id, name, created_at, active, generated, mcp) VALUES ('019cd8db-cafd-7352-89fb-2f59bf43dc4a', 'Data Science and Artificial Intelligence Building', '2026-03-10 17:46:48.957197+00:00', true, false, false) ON CONFLICT (id) DO NOTHING;
INSERT INTO public.names_resource (id, name, created_at, active, generated, mcp) VALUES ('019cd8db-cb00-7146-9041-f55f3ed2138f', 'CS 180', '2026-03-10 17:46:48.960070+00:00', true, false, false) ON CONFLICT (id) DO NOTHING;
INSERT INTO public.names_resource (id, name, created_at, active, generated, mcp) VALUES ('019cd8db-cb02-7fbc-b533-f09224b05da7', 'CS 182', '2026-03-10 17:46:48.962974+00:00', true, false, false) ON CONFLICT (id) DO NOTHING;
INSERT INTO public.names_resource (id, name, created_at, active, generated, mcp) VALUES ('019cd8db-cb05-7d63-95f2-3a668344e906', 'CS 242', '2026-03-10 17:46:48.965827+00:00', true, false, false) ON CONFLICT (id) DO NOTHING;
INSERT INTO public.names_resource (id, name, created_at, active, generated, mcp) VALUES ('019cd8db-cb09-7228-93c3-2af67de8cbb2', 'CS 251', '2026-03-10 17:46:48.969126+00:00', true, false, false) ON CONFLICT (id) DO NOTHING;
INSERT INTO public.names_resource (id, name, created_at, active, generated, mcp) VALUES ('019cd8db-cb0b-7f51-838f-5cc8bf17a9cc', 'CS 373', '2026-03-10 17:46:48.971946+00:00', true, false, false) ON CONFLICT (id) DO NOTHING;
INSERT INTO public.names_resource (id, name, created_at, active, generated, mcp) VALUES ('019cd8db-cb0e-7e12-bc1c-e5b91180f953', 'CS 381', '2026-03-10 17:46:48.974870+00:00', true, false, false) ON CONFLICT (id) DO NOTHING;
INSERT INTO public.names_resource (id, name, created_at, active, generated, mcp) VALUES ('019cd8db-cb11-7dc1-a3e3-d756f440adbc', 'CS 422', '2026-03-10 17:46:48.977852+00:00', true, false, false) ON CONFLICT (id) DO NOTHING;
INSERT INTO public.names_resource (id, name, created_at, active, generated, mcp) VALUES ('019cd8db-cb14-7d95-b54b-878cd5db53ae', 'homework', '2026-03-10 17:46:48.980841+00:00', true, false, false) ON CONFLICT (id) DO NOTHING;
INSERT INTO public.names_resource (id, name, created_at, active, generated, mcp) VALUES ('019cd8db-cb17-7ccf-a200-c646266d37ce', 'lab', '2026-03-10 17:46:48.983787+00:00', true, false, false) ON CONFLICT (id) DO NOTHING;
INSERT INTO public.names_resource (id, name, created_at, active, generated, mcp) VALUES ('019cd8db-cb1a-7a81-aa17-8e01bfcdf3f1', 'lecture', '2026-03-10 17:46:48.986650+00:00', true, false, false) ON CONFLICT (id) DO NOTHING;
INSERT INTO public.names_resource (id, name, created_at, active, generated, mcp) VALUES ('019cd8db-cb1d-77a5-bbf2-40384a5499a5', 'midterm', '2026-03-10 17:46:48.989471+00:00', true, false, false) ON CONFLICT (id) DO NOTHING;
INSERT INTO public.names_resource (id, name, created_at, active, generated, mcp) VALUES ('019cd8db-cb20-777b-a99c-b587052be6ea', 'policy', '2026-03-10 17:46:48.992460+00:00', true, false, false) ON CONFLICT (id) DO NOTHING;
INSERT INTO public.names_resource (id, name, created_at, active, generated, mcp) VALUES ('019cd8db-cb23-74a4-bf9f-d1cee559a9a8', 'project', '2026-03-10 17:46:48.995282+00:00', true, false, false) ON CONFLICT (id) DO NOTHING;
INSERT INTO public.names_resource (id, name, created_at, active, generated, mcp) VALUES ('019cd8db-cb26-735f-8491-3a47c5dcfc02', 'quiz', '2026-03-10 17:46:48.998202+00:00', true, false, false) ON CONFLICT (id) DO NOTHING;
INSERT INTO public.names_resource (id, name, created_at, active, generated, mcp) VALUES ('019cd8db-cb29-7139-bff6-344027e37750', 'syllabus', '2026-03-10 17:46:49.001068+00:00', true, false, false) ON CONFLICT (id) DO NOTHING;
INSERT INTO public.names_resource (id, name, created_at, active, generated, mcp) VALUES ('019cd8db-cb2b-7eb5-b2f4-133d27ebec77', 'Annual FERPA Rights Notification', '2026-03-10 17:46:49.003911+00:00', true, false, false) ON CONFLICT (id) DO NOTHING;
INSERT INTO public.names_resource (id, name, created_at, active, generated, mcp) VALUES ('019cd8db-cb2e-7bdf-acee-a8560aa993e4', 'Consent vs. No-Consent Disclosures', '2026-03-10 17:46:49.006731+00:00', true, false, false) ON CONFLICT (id) DO NOTHING;
INSERT INTO public.names_resource (id, name, created_at, active, generated, mcp) VALUES ('019cd8db-cb31-7a8d-82b7-0cac52cc3a33', 'Education Records & Exceptions', '2026-03-10 17:46:49.009650+00:00', true, false, false) ON CONFLICT (id) DO NOTHING;
INSERT INTO public.names_resource (id, name, created_at, active, generated, mcp) VALUES ('019cd8db-cb34-7753-815e-1d7971b90c78', 'Record Amendment Process', '2026-03-10 17:46:49.012449+00:00', true, false, false) ON CONFLICT (id) DO NOTHING;
INSERT INTO public.names_resource (id, name, created_at, active, generated, mcp) VALUES ('019cd8db-cb37-74d0-ae91-3fa0efdac0d8', 'Student Access Rights', '2026-03-10 17:46:49.015294+00:00', true, false, false) ON CONFLICT (id) DO NOTHING;
INSERT INTO public.names_resource (id, name, created_at, active, generated, mcp) VALUES ('019cd8db-c907-7eb6-98b9-109119d9b1c7', 'Student', '2026-03-10 17:46:48.455908+00:00', true, false, false) ON CONFLICT (id) DO NOTHING;
INSERT INTO public.names_resource (id, name, created_at, active, generated, mcp) VALUES ('019cd8db-c8f6-7e0d-876f-7b87709297da', 'Professor', '2026-03-10 17:46:48.438865+00:00', true, false, false) ON CONFLICT (id) DO NOTHING;
INSERT INTO public.names_resource (id, name, created_at, active, generated, mcp) VALUES ('019cd8db-c918-78bf-9c39-0889691e2f57', 'Instructional Staff', '2026-03-10 17:46:48.472535+00:00', true, false, false) ON CONFLICT (id) DO NOTHING;
INSERT INTO public.names_resource (id, name, created_at, active, generated, mcp) VALUES ('019cd8db-cc51-7233-aa3a-cd1b54ca3191', 'Temperament', '2026-03-10 17:46:49.297123+00:00', true, false, false) ON CONFLICT (id) DO NOTHING;
INSERT INTO public.names_resource (id, name, created_at, active, generated, mcp) VALUES ('019cd8db-cc54-7496-97d5-425b08c7f880', 'Persona Type', '2026-03-10 17:46:49.300277+00:00', true, false, false) ON CONFLICT (id) DO NOTHING;
INSERT INTO public.names_resource (id, name, created_at, active, generated, mcp) VALUES ('019cd8db-cc57-74e1-8c49-9a1453636113', 'Intensity', '2026-03-10 17:46:49.303297+00:00', true, false, false) ON CONFLICT (id) DO NOTHING;
INSERT INTO public.names_resource (id, name, created_at, active, generated, mcp) VALUES ('019cd8db-cc5a-73f6-a39b-d1f8358e77ee', 'Crowdedness', '2026-03-10 17:46:49.306240+00:00', true, false, false) ON CONFLICT (id) DO NOTHING;
INSERT INTO public.names_resource (id, name, created_at, active, generated, mcp) VALUES ('019cd8db-cc5d-737f-a5b7-942a0ed78fba', 'Deadline', '2026-03-10 17:46:49.309208+00:00', true, false, false) ON CONFLICT (id) DO NOTHING;
INSERT INTO public.names_resource (id, name, created_at, active, generated, mcp) VALUES ('019cd8db-cc60-746b-b2f4-21f0b8db0c9a', 'Time', '2026-03-10 17:46:49.312264+00:00', true, false, false) ON CONFLICT (id) DO NOTHING;
INSERT INTO public.names_resource (id, name, created_at, active, generated, mcp) VALUES ('019cd8db-cc63-70b1-b23b-a03af473a724', 'Location', '2026-03-10 17:46:49.315033+00:00', true, false, false) ON CONFLICT (id) DO NOTHING;
INSERT INTO public.names_resource (id, name, created_at, active, generated, mcp) VALUES ('019cd8db-cc65-7cf5-9c92-e7200ede4d1f', 'Class', '2026-03-10 17:46:49.317800+00:00', true, false, false) ON CONFLICT (id) DO NOTHING;
INSERT INTO public.names_resource (id, name, created_at, active, generated, mcp) VALUES ('019cd8db-cc68-7b5d-bae4-45bf17b92417', 'Document Type', '2026-03-10 17:46:49.320701+00:00', true, false, false) ON CONFLICT (id) DO NOTHING;
INSERT INTO public.names_resource (id, name, created_at, active, generated, mcp) VALUES ('019cd8db-cc6b-7aeb-913c-c4dba98fe366', 'Concepts', '2026-03-10 17:46:49.323673+00:00', true, false, false) ON CONFLICT (id) DO NOTHING;
INSERT INTO public.names_resource (id, name, created_at, active, generated, mcp) VALUES ('019cd8db-cc6e-786f-bdec-4bc886b6ee4a', 'Role', '2026-03-10 17:46:49.326518+00:00', true, false, false) ON CONFLICT (id) DO NOTHING;
INSERT INTO public.names_resource (id, name, created_at, active, generated, mcp) VALUES ('019cd8db-cd73-738a-8a6f-c94b1fd8c749', 'Confused Practice', '2026-03-10 17:46:49.587209+00:00', true, false, false) ON CONFLICT (id) DO NOTHING;
INSERT INTO public.names_resource (id, name, created_at, active, generated, mcp) VALUES ('019cd8db-cd76-78bd-9937-52a804dad552', 'Happy Practice', '2026-03-10 17:46:49.590537+00:00', true, false, false) ON CONFLICT (id) DO NOTHING;
INSERT INTO public.names_resource (id, name, created_at, active, generated, mcp) VALUES ('019cd8db-cd79-79b4-a90e-cf6a530eee83', 'Passive Practice', '2026-03-10 17:46:49.593598+00:00', true, false, false) ON CONFLICT (id) DO NOTHING;
INSERT INTO public.names_resource (id, name, created_at, active, generated, mcp) VALUES ('019cd8db-cd7c-7d51-bf20-f9dd5830c984', 'Aggressive Practice', '2026-03-10 17:46:49.596824+00:00', true, false, false) ON CONFLICT (id) DO NOTHING;
INSERT INTO public.names_resource (id, name, created_at, active, generated, mcp) VALUES ('019cd8db-cd7f-7fd8-a5a6-f65e1d4d382c', 'General Practice', '2026-03-10 17:46:49.599982+00:00', true, false, false) ON CONFLICT (id) DO NOTHING;
INSERT INTO public.names_resource (id, name, created_at, active, generated, mcp) VALUES ('019cd8db-cd83-7287-8d89-11063a6c6ca9', 'Academic Integrity Training', '2026-03-10 17:46:49.603148+00:00', true, false, false) ON CONFLICT (id) DO NOTHING;
INSERT INTO public.names_resource (id, name, created_at, active, generated, mcp) VALUES ('019cd8db-cd86-7600-8340-e4f44d761ae5', 'FERPA Training', '2026-03-10 17:46:49.606368+00:00', true, false, false) ON CONFLICT (id) DO NOTHING;
INSERT INTO public.names_resource (id, name, created_at, active, generated, mcp) VALUES ('019cd8db-cd89-77a6-89c7-d5a758bf6e40', 'Upset Student Training', '2026-03-10 17:46:49.609466+00:00', true, false, false) ON CONFLICT (id) DO NOTHING;
INSERT INTO public.names_resource (id, name, created_at, active, generated, mcp) VALUES ('019cd8db-ccfa-72da-a57a-50dc8d9ca4a5', 'Confused Scenario', '2026-03-10 17:46:49.466152+00:00', true, false, false) ON CONFLICT (id) DO NOTHING;
INSERT INTO public.names_resource (id, name, created_at, active, generated, mcp) VALUES ('019cd8db-ccff-76aa-be1b-398f3a6c3daf', 'Happy Scenario', '2026-03-10 17:46:49.471397+00:00', true, false, false) ON CONFLICT (id) DO NOTHING;
INSERT INTO public.names_resource (id, name, created_at, active, generated, mcp) VALUES ('019cd8db-cd04-761a-8f9b-a5ea0e4270c6', 'Passive Scenario', '2026-03-10 17:46:49.476363+00:00', true, false, false) ON CONFLICT (id) DO NOTHING;
INSERT INTO public.names_resource (id, name, created_at, active, generated, mcp) VALUES ('019cd8db-cd09-79f0-81f2-f1a5a4f52d22', 'Aggressive Scenario', '2026-03-10 17:46:49.481612+00:00', true, false, false) ON CONFLICT (id) DO NOTHING;
INSERT INTO public.names_resource (id, name, created_at, active, generated, mcp) VALUES ('019cd8db-cd0e-7ab0-8b21-da315034417e', 'General Scenario', '2026-03-10 17:46:49.486658+00:00', true, false, false) ON CONFLICT (id) DO NOTHING;
INSERT INTO public.names_resource (id, name, created_at, active, generated, mcp) VALUES ('019cd8db-cd13-7e3f-9818-0d7cd055ccae', 'Academic Integrity Training Scenario', '2026-03-10 17:46:49.491880+00:00', true, false, false) ON CONFLICT (id) DO NOTHING;
INSERT INTO public.names_resource (id, name, created_at, active, generated, mcp) VALUES ('019cd8db-cd1b-770e-9b28-e4fc14dcd64a', 'FERPA Training Scenario', '2026-03-10 17:46:49.499430+00:00', true, false, false) ON CONFLICT (id) DO NOTHING;
INSERT INTO public.names_resource (id, name, created_at, active, generated, mcp) VALUES ('019cd8db-cd21-7d3c-bb4e-9c2cf3dcf830', 'Upset Student Training Scenario', '2026-03-10 17:46:49.505818+00:00', true, false, false) ON CONFLICT (id) DO NOTHING;
INSERT INTO public.names_resource (id, name, created_at, active, generated, mcp) VALUES ('019cd8db-cdc3-7ae3-96a4-9f692717f716', 'University Admin', '2026-03-10 17:46:49.667666+00:00', true, false, false) ON CONFLICT (id) DO NOTHING;
INSERT INTO public.names_resource (id, name, created_at, active, generated, mcp) VALUES ('019cd8db-cdc5-74dd-8eb3-084b442373e0', 'Professor Smith', '2026-03-10 17:46:49.669294+00:00', true, false, false) ON CONFLICT (id) DO NOTHING;
INSERT INTO public.names_resource (id, name, created_at, active, generated, mcp) VALUES ('019cd8db-cdc6-7b07-8f4f-3add92fabe9e', 'TA Johnson', '2026-03-10 17:46:49.670680+00:00', true, false, false) ON CONFLICT (id) DO NOTHING;
INSERT INTO public.names_resource (id, name, created_at, active, generated, mcp) VALUES ('019cd8db-cddf-7479-86e8-1e71b0a7f9ad', 'Practice Cohort', '2026-03-10 17:46:49.695255+00:00', true, false, false) ON CONFLICT (id) DO NOTHING;
INSERT INTO public.names_resource (id, name, created_at, active, generated, mcp) VALUES ('019cd8db-cde2-79cd-83bb-ca423d2400f4', 'Training Cohort', '2026-03-10 17:46:49.698595+00:00', true, false, false) ON CONFLICT (id) DO NOTHING;
INSERT INTO public.names_resource (id, name, created_at, active, generated, mcp) VALUES ('019cd8db-ce35-7b7f-8489-ce52e809a5bc', 'University Settings', '2026-03-10 17:46:49.781705+00:00', true, false, false) ON CONFLICT (id) DO NOTHING;

-- objectives_resource
INSERT INTO public.objectives_resource (created_at, objective, id, active, generated, mcp) VALUES ('2026-03-10 17:46:49.385351+00:00', 'Identify indicators of academic integrity violations during examinations', '8a16e433-77cf-5f6f-8cd2-b9b6c450652d', true, false, false) ON CONFLICT (id) DO NOTHING;
INSERT INTO public.objectives_resource (created_at, objective, id, active, generated, mcp) VALUES ('2026-03-10 17:46:49.387615+00:00', 'Communicate consequences of academic dishonesty clearly and professionally', 'a8450a5b-b308-543d-b1bb-c270e8e79db2', true, false, false) ON CONFLICT (id) DO NOTHING;
INSERT INTO public.objectives_resource (created_at, objective, id, active, generated, mcp) VALUES ('2026-03-10 17:46:49.389357+00:00', 'Apply the institution''s academic integrity policy accurately', '03d29084-d262-517b-b7a0-9a00e6b76f6e', true, false, false) ON CONFLICT (id) DO NOTHING;
INSERT INTO public.objectives_resource (created_at, objective, id, active, generated, mcp) VALUES ('2026-03-10 17:46:49.391018+00:00', 'Identify situations that constitute FERPA violations', 'b40a7d4d-23f3-564a-b787-1fb5534dc2de', true, false, false) ON CONFLICT (id) DO NOTHING;
INSERT INTO public.objectives_resource (created_at, objective, id, active, generated, mcp) VALUES ('2026-03-10 17:46:49.392974+00:00', 'Take immediate corrective action when a privacy breach occurs', 'fd79eee2-3796-5bed-9f46-746a197ebb8a', true, false, false) ON CONFLICT (id) DO NOTHING;
INSERT INTO public.objectives_resource (created_at, objective, id, active, generated, mcp) VALUES ('2026-03-10 17:46:49.394784+00:00', 'Explain student privacy rights under FERPA clearly', '16539178-f029-579b-8b74-f1b9755e6bd1', true, false, false) ON CONFLICT (id) DO NOTHING;
INSERT INTO public.objectives_resource (created_at, objective, id, active, generated, mcp) VALUES ('2026-03-10 17:46:49.396493+00:00', 'Demonstrate active listening when a student expresses frustration', '5472561d-2d3c-5833-9d24-787d4aadb227', true, false, false) ON CONFLICT (id) DO NOTHING;
INSERT INTO public.objectives_resource (created_at, objective, id, active, generated, mcp) VALUES ('2026-03-10 17:46:49.398186+00:00', 'Apply de-escalation techniques to reduce emotional tension', '62d6643c-ccfd-5640-b203-a96fedeb7812', true, false, false) ON CONFLICT (id) DO NOTHING;
INSERT INTO public.objectives_resource (created_at, objective, id, active, generated, mcp) VALUES ('2026-03-10 17:46:49.399900+00:00', 'Guide the conversation toward a constructive resolution', 'a23dff83-8189-5320-868a-a8d5df89cf93', true, false, false) ON CONFLICT (id) DO NOTHING;

-- options_resource
INSERT INTO public.options_resource (created_at, option_text, active, id, is_correct, generated, mcp, question_id) VALUES ('2026-03-10 17:46:49.415332+00:00', 'Document the observation and report to the department chair', true, 'd6fb46df-d50d-514d-8359-1642bc37cc2c', false, false, false, 'a22a9c37-f58e-5c8e-b30b-197de380e77e') ON CONFLICT (id) DO NOTHING;
INSERT INTO public.options_resource (created_at, option_text, active, id, is_correct, generated, mcp, question_id) VALUES ('2026-03-10 17:46:49.417742+00:00', 'Immediately confront the student in front of the class', true, 'a2ad80a7-c961-599f-863a-7953ffae049d', false, false, false, 'a22a9c37-f58e-5c8e-b30b-197de380e77e') ON CONFLICT (id) DO NOTHING;
INSERT INTO public.options_resource (created_at, option_text, active, id, is_correct, generated, mcp, question_id) VALUES ('2026-03-10 17:46:49.419465+00:00', 'Ignore it unless you have definitive proof', true, '1ad37011-4e57-5439-ab58-6163edbf753d', false, false, false, 'a22a9c37-f58e-5c8e-b30b-197de380e77e') ON CONFLICT (id) DO NOTHING;
INSERT INTO public.options_resource (created_at, option_text, active, id, is_correct, generated, mcp, question_id) VALUES ('2026-03-10 17:46:49.421080+00:00', 'A formal warning and required academic integrity seminar', true, '4caa8694-c930-5434-9ac4-fe9f6c532d47', false, false, false, '5a216049-5b86-52e1-ba47-52c62824ce00') ON CONFLICT (id) DO NOTHING;
INSERT INTO public.options_resource (created_at, option_text, active, id, is_correct, generated, mcp, question_id) VALUES ('2026-03-10 17:46:49.422779+00:00', 'Immediate expulsion from the university', true, '9c5adcf7-a8bd-54ec-a46d-02c22d9ca603', false, false, false, '5a216049-5b86-52e1-ba47-52c62824ce00') ON CONFLICT (id) DO NOTHING;
INSERT INTO public.options_resource (created_at, option_text, active, id, is_correct, generated, mcp, question_id) VALUES ('2026-03-10 17:46:49.424474+00:00', 'No action unless the student admits to cheating', true, 'c7c8ee46-24b9-5083-af92-0e038660ee4e', false, false, false, '5a216049-5b86-52e1-ba47-52c62824ce00') ON CONFLICT (id) DO NOTHING;
INSERT INTO public.options_resource (created_at, option_text, active, id, is_correct, generated, mcp, question_id) VALUES ('2026-03-10 17:46:49.426206+00:00', 'The privacy of student education records', true, '307316ca-798f-587b-a06b-4e4de61a04bf', false, false, false, '9d94caec-c34b-5cf2-a1cb-4c594c2bf362') ON CONFLICT (id) DO NOTHING;
INSERT INTO public.options_resource (created_at, option_text, active, id, is_correct, generated, mcp, question_id) VALUES ('2026-03-10 17:46:49.427784+00:00', 'Faculty employment contracts', true, '1c4b71dc-07b1-5210-88a4-f057043bd0c6', false, false, false, '9d94caec-c34b-5cf2-a1cb-4c594c2bf362') ON CONFLICT (id) DO NOTHING;
INSERT INTO public.options_resource (created_at, option_text, active, id, is_correct, generated, mcp, question_id) VALUES ('2026-03-10 17:46:49.429518+00:00', 'University financial records', true, 'fb6e0bbb-df27-5e68-94b9-7a4baccd253d', false, false, false, '9d94caec-c34b-5cf2-a1cb-4c594c2bf362') ON CONFLICT (id) DO NOTHING;
INSERT INTO public.options_resource (created_at, option_text, active, id, is_correct, generated, mcp, question_id) VALUES ('2026-03-10 17:46:49.431242+00:00', 'Discussing a student''s grades with their parent without consent', true, '40671fc3-38ec-594e-9884-bd801715c5c9', false, false, false, 'bbca2b24-2200-5624-893f-c34114b7f738') ON CONFLICT (id) DO NOTHING;
INSERT INTO public.options_resource (created_at, option_text, active, id, is_correct, generated, mcp, question_id) VALUES ('2026-03-10 17:46:49.432959+00:00', 'Posting anonymous assignment feedback on the LMS', true, 'bf9e1fe1-6d9d-588d-b898-1d9fcaa523ab', false, false, false, 'bbca2b24-2200-5624-893f-c34114b7f738') ON CONFLICT (id) DO NOTHING;
INSERT INTO public.options_resource (created_at, option_text, active, id, is_correct, generated, mcp, question_id) VALUES ('2026-03-10 17:46:49.434667+00:00', 'Sharing aggregated class performance statistics', true, '921d5783-e8bb-5546-9f7c-8018ac2b5459', false, false, false, 'bbca2b24-2200-5624-893f-c34114b7f738') ON CONFLICT (id) DO NOTHING;
INSERT INTO public.options_resource (created_at, option_text, active, id, is_correct, generated, mcp, question_id) VALUES ('2026-03-10 17:46:49.436338+00:00', 'Acknowledge their feelings and invite them to share their concerns', true, '3b0d0b05-589e-5a82-8216-0b0ead7e4f55', false, false, false, '1b10da3d-ed8e-531a-8c75-a80143b8eed9') ON CONFLICT (id) DO NOTHING;
INSERT INTO public.options_resource (created_at, option_text, active, id, is_correct, generated, mcp, question_id) VALUES ('2026-03-10 17:46:49.437969+00:00', 'Explain the grading rubric before they finish speaking', true, '44f75ea8-8bb0-588f-abd1-c452c9d6e643', false, false, false, '1b10da3d-ed8e-531a-8c75-a80143b8eed9') ON CONFLICT (id) DO NOTHING;
INSERT INTO public.options_resource (created_at, option_text, active, id, is_correct, generated, mcp, question_id) VALUES ('2026-03-10 17:46:49.439617+00:00', 'Tell them to come back when they have calmed down', true, 'adb7e764-9377-54f3-a1c0-01ae60bccaac', false, false, false, '1b10da3d-ed8e-531a-8c75-a80143b8eed9') ON CONFLICT (id) DO NOTHING;
INSERT INTO public.options_resource (created_at, option_text, active, id, is_correct, generated, mcp, question_id) VALUES ('2026-03-10 17:46:49.441384+00:00', 'Speak calmly, lower your voice, and use open body language', true, '236f0ecd-1791-59ba-84cb-ac2b126c85fb', false, false, false, '80aa06b1-f6f1-556c-adc5-f5297628a832') ON CONFLICT (id) DO NOTHING;
INSERT INTO public.options_resource (created_at, option_text, active, id, is_correct, generated, mcp, question_id) VALUES ('2026-03-10 17:46:49.443124+00:00', 'Match their volume to show you take them seriously', true, '1ed93aa8-d559-573a-ab84-a2368ad0fc7e', false, false, false, '80aa06b1-f6f1-556c-adc5-f5297628a832') ON CONFLICT (id) DO NOTHING;
INSERT INTO public.options_resource (created_at, option_text, active, id, is_correct, generated, mcp, question_id) VALUES ('2026-03-10 17:46:49.444872+00:00', 'Ask them to leave and send an email instead', true, 'bfb273b8-21e4-5cdf-be42-20e2cd4aa205', false, false, false, '80aa06b1-f6f1-556c-adc5-f5297628a832') ON CONFLICT (id) DO NOTHING;

-- parameter_artifact
INSERT INTO public.parameter_artifact (created_at, updated_at, id, generated, mcp, active) VALUES ('2026-03-10 17:46:49.332855+00:00', '2026-03-10 17:46:49.332855+00:00', '6001bb4b-7897-543c-b32f-b9aa3e486157', false, false, true) ON CONFLICT (id) DO NOTHING;
INSERT INTO public.parameter_artifact (created_at, updated_at, id, generated, mcp, active) VALUES ('2026-03-10 17:46:49.340240+00:00', '2026-03-10 17:46:49.340240+00:00', 'a27728e3-57cd-5576-9334-b96a6202a605', false, false, true) ON CONFLICT (id) DO NOTHING;
INSERT INTO public.parameter_artifact (created_at, updated_at, id, generated, mcp, active) VALUES ('2026-03-10 17:46:49.346163+00:00', '2026-03-10 17:46:49.346163+00:00', '4396d4e2-35b6-5471-bce6-e57ef361108e', false, false, true) ON CONFLICT (id) DO NOTHING;
INSERT INTO public.parameter_artifact (created_at, updated_at, id, generated, mcp, active) VALUES ('2026-03-10 17:46:49.350587+00:00', '2026-03-10 17:46:49.350587+00:00', '8e63cb49-0a13-5fe0-ad7c-8570e12fd9d9', false, false, true) ON CONFLICT (id) DO NOTHING;
INSERT INTO public.parameter_artifact (created_at, updated_at, id, generated, mcp, active) VALUES ('2026-03-10 17:46:49.355002+00:00', '2026-03-10 17:46:49.355002+00:00', '8ab7a78b-9517-5f96-8a93-5563d024e776', false, false, true) ON CONFLICT (id) DO NOTHING;
INSERT INTO public.parameter_artifact (created_at, updated_at, id, generated, mcp, active) VALUES ('2026-03-10 17:46:49.359348+00:00', '2026-03-10 17:46:49.359348+00:00', '95ad0cf2-d4c7-5d27-865b-a5acb9f2b95f', false, false, true) ON CONFLICT (id) DO NOTHING;
INSERT INTO public.parameter_artifact (created_at, updated_at, id, generated, mcp, active) VALUES ('2026-03-10 17:46:49.363839+00:00', '2026-03-10 17:46:49.363839+00:00', 'e5b31ac4-fc26-5391-8314-1712ecf1613f', false, false, true) ON CONFLICT (id) DO NOTHING;
INSERT INTO public.parameter_artifact (created_at, updated_at, id, generated, mcp, active) VALUES ('2026-03-10 17:46:49.368021+00:00', '2026-03-10 17:46:49.368021+00:00', '315be968-8e74-5467-85f0-d9a043838910', false, false, true) ON CONFLICT (id) DO NOTHING;
INSERT INTO public.parameter_artifact (created_at, updated_at, id, generated, mcp, active) VALUES ('2026-03-10 17:46:49.372275+00:00', '2026-03-10 17:46:49.372275+00:00', 'b7b557c2-6d4b-5e1f-95d1-eb7b5bbcdd90', false, false, true) ON CONFLICT (id) DO NOTHING;
INSERT INTO public.parameter_artifact (created_at, updated_at, id, generated, mcp, active) VALUES ('2026-03-10 17:46:49.376489+00:00', '2026-03-10 17:46:49.376489+00:00', '7ae1a36c-7f52-5c30-bdb8-ab32909a8c28', false, false, true) ON CONFLICT (id) DO NOTHING;
INSERT INTO public.parameter_artifact (created_at, updated_at, id, generated, mcp, active) VALUES ('2026-03-10 17:46:49.380897+00:00', '2026-03-10 17:46:49.380897+00:00', '6daa7b6f-5363-5a36-b071-52a610081cac', false, false, true) ON CONFLICT (id) DO NOTHING;

-- parameter_departments_junction
INSERT INTO public.parameter_departments_junction (active, created_at, departments_id, parameter_id, generated, mcp) VALUES (true, '2026-03-10 17:46:49.332855+00:00', 'a2b369c1-a81e-5e02-98d5-dd42af15ae4a', '6001bb4b-7897-543c-b32f-b9aa3e486157', false, false) ON CONFLICT (id) DO NOTHING;
INSERT INTO public.parameter_departments_junction (active, created_at, departments_id, parameter_id, generated, mcp) VALUES (true, '2026-03-10 17:46:49.340240+00:00', 'a2b369c1-a81e-5e02-98d5-dd42af15ae4a', 'a27728e3-57cd-5576-9334-b96a6202a605', false, false) ON CONFLICT (id) DO NOTHING;
INSERT INTO public.parameter_departments_junction (active, created_at, departments_id, parameter_id, generated, mcp) VALUES (true, '2026-03-10 17:46:49.346163+00:00', 'a2b369c1-a81e-5e02-98d5-dd42af15ae4a', '4396d4e2-35b6-5471-bce6-e57ef361108e', false, false) ON CONFLICT (id) DO NOTHING;
INSERT INTO public.parameter_departments_junction (active, created_at, departments_id, parameter_id, generated, mcp) VALUES (true, '2026-03-10 17:46:49.350587+00:00', 'a2b369c1-a81e-5e02-98d5-dd42af15ae4a', '8e63cb49-0a13-5fe0-ad7c-8570e12fd9d9', false, false) ON CONFLICT (id) DO NOTHING;
INSERT INTO public.parameter_departments_junction (active, created_at, departments_id, parameter_id, generated, mcp) VALUES (true, '2026-03-10 17:46:49.355002+00:00', 'a2b369c1-a81e-5e02-98d5-dd42af15ae4a', '8ab7a78b-9517-5f96-8a93-5563d024e776', false, false) ON CONFLICT (id) DO NOTHING;
INSERT INTO public.parameter_departments_junction (active, created_at, departments_id, parameter_id, generated, mcp) VALUES (true, '2026-03-10 17:46:49.359348+00:00', 'a2b369c1-a81e-5e02-98d5-dd42af15ae4a', '95ad0cf2-d4c7-5d27-865b-a5acb9f2b95f', false, false) ON CONFLICT (id) DO NOTHING;
INSERT INTO public.parameter_departments_junction (active, created_at, departments_id, parameter_id, generated, mcp) VALUES (true, '2026-03-10 17:46:49.363839+00:00', 'a2b369c1-a81e-5e02-98d5-dd42af15ae4a', 'e5b31ac4-fc26-5391-8314-1712ecf1613f', false, false) ON CONFLICT (id) DO NOTHING;
INSERT INTO public.parameter_departments_junction (active, created_at, departments_id, parameter_id, generated, mcp) VALUES (true, '2026-03-10 17:46:49.368021+00:00', 'a2b369c1-a81e-5e02-98d5-dd42af15ae4a', '315be968-8e74-5467-85f0-d9a043838910', false, false) ON CONFLICT (id) DO NOTHING;
INSERT INTO public.parameter_departments_junction (active, created_at, departments_id, parameter_id, generated, mcp) VALUES (true, '2026-03-10 17:46:49.372275+00:00', 'a2b369c1-a81e-5e02-98d5-dd42af15ae4a', 'b7b557c2-6d4b-5e1f-95d1-eb7b5bbcdd90', false, false) ON CONFLICT (id) DO NOTHING;
INSERT INTO public.parameter_departments_junction (active, created_at, departments_id, parameter_id, generated, mcp) VALUES (true, '2026-03-10 17:46:49.376489+00:00', 'a2b369c1-a81e-5e02-98d5-dd42af15ae4a', '7ae1a36c-7f52-5c30-bdb8-ab32909a8c28', false, false) ON CONFLICT (id) DO NOTHING;
INSERT INTO public.parameter_departments_junction (active, created_at, departments_id, parameter_id, generated, mcp) VALUES (true, '2026-03-10 17:46:49.380897+00:00', 'a2b369c1-a81e-5e02-98d5-dd42af15ae4a', '6daa7b6f-5363-5a36-b071-52a610081cac', false, false) ON CONFLICT (id) DO NOTHING;

-- parameter_descriptions_junction
INSERT INTO public.parameter_descriptions_junction (parameter_id, descriptions_id, created_at, generated, mcp, active) VALUES ('6001bb4b-7897-543c-b32f-b9aa3e486157', '019cd8db-cc52-7cb3-a318-43ad091c9c89', '2026-03-10 17:46:49.332855+00:00', false, false, true) ON CONFLICT (id) DO NOTHING;
INSERT INTO public.parameter_descriptions_junction (parameter_id, descriptions_id, created_at, generated, mcp, active) VALUES ('a27728e3-57cd-5576-9334-b96a6202a605', '019cd8db-cc55-7ca7-88ad-8a4d56b561f4', '2026-03-10 17:46:49.340240+00:00', false, false, true) ON CONFLICT (id) DO NOTHING;
INSERT INTO public.parameter_descriptions_junction (parameter_id, descriptions_id, created_at, generated, mcp, active) VALUES ('4396d4e2-35b6-5471-bce6-e57ef361108e', '019cd8db-cc58-7cde-bb18-e34938e370d8', '2026-03-10 17:46:49.346163+00:00', false, false, true) ON CONFLICT (id) DO NOTHING;
INSERT INTO public.parameter_descriptions_junction (parameter_id, descriptions_id, created_at, generated, mcp, active) VALUES ('8e63cb49-0a13-5fe0-ad7c-8570e12fd9d9', '019cd8db-cc5b-7b6b-99a6-9f635ebad622', '2026-03-10 17:46:49.350587+00:00', false, false, true) ON CONFLICT (id) DO NOTHING;
INSERT INTO public.parameter_descriptions_junction (parameter_id, descriptions_id, created_at, generated, mcp, active) VALUES ('8ab7a78b-9517-5f96-8a93-5563d024e776', '019cd8db-cc5e-7d3d-a38f-186e04a353f0', '2026-03-10 17:46:49.355002+00:00', false, false, true) ON CONFLICT (id) DO NOTHING;
INSERT INTO public.parameter_descriptions_junction (parameter_id, descriptions_id, created_at, generated, mcp, active) VALUES ('95ad0cf2-d4c7-5d27-865b-a5acb9f2b95f', '019cd8db-cc61-7b60-aa45-83f33c94b033', '2026-03-10 17:46:49.359348+00:00', false, false, true) ON CONFLICT (id) DO NOTHING;
INSERT INTO public.parameter_descriptions_junction (parameter_id, descriptions_id, created_at, generated, mcp, active) VALUES ('e5b31ac4-fc26-5391-8314-1712ecf1613f', '019cd8db-cc64-7696-877e-e62f7f41d366', '2026-03-10 17:46:49.363839+00:00', false, false, true) ON CONFLICT (id) DO NOTHING;
INSERT INTO public.parameter_descriptions_junction (parameter_id, descriptions_id, created_at, generated, mcp, active) VALUES ('315be968-8e74-5467-85f0-d9a043838910', '019cd8db-cc67-743e-8964-a7e38c975d6e', '2026-03-10 17:46:49.368021+00:00', false, false, true) ON CONFLICT (id) DO NOTHING;
INSERT INTO public.parameter_descriptions_junction (parameter_id, descriptions_id, created_at, generated, mcp, active) VALUES ('b7b557c2-6d4b-5e1f-95d1-eb7b5bbcdd90', '019cd8db-cc6a-7300-ab39-074bbdfb3105', '2026-03-10 17:46:49.372275+00:00', false, false, true) ON CONFLICT (id) DO NOTHING;
INSERT INTO public.parameter_descriptions_junction (parameter_id, descriptions_id, created_at, generated, mcp, active) VALUES ('7ae1a36c-7f52-5c30-bdb8-ab32909a8c28', '019cd8db-cc6d-71ba-9521-f69a1cd7028e', '2026-03-10 17:46:49.376489+00:00', false, false, true) ON CONFLICT (id) DO NOTHING;
INSERT INTO public.parameter_descriptions_junction (parameter_id, descriptions_id, created_at, generated, mcp, active) VALUES ('6daa7b6f-5363-5a36-b071-52a610081cac', '019cd8db-cc6f-7e71-81b6-fbb2a9a4ccdb', '2026-03-10 17:46:49.380897+00:00', false, false, true) ON CONFLICT (id) DO NOTHING;

-- parameter_fields_junction
INSERT INTO public.parameter_fields_junction (parameter_id, created_at, generated, mcp, active, fields_id) VALUES ('6001bb4b-7897-543c-b32f-b9aa3e486157', '2026-03-10 17:46:49.332855+00:00', false, false, true, '53d2f11d-9f82-58ce-acb6-b18bf6867896') ON CONFLICT (id) DO NOTHING;
INSERT INTO public.parameter_fields_junction (parameter_id, created_at, generated, mcp, active, fields_id) VALUES ('6001bb4b-7897-543c-b32f-b9aa3e486157', '2026-03-10 17:46:49.332855+00:00', false, false, true, 'f328a130-ea03-5b66-8df2-7a29e50816ba') ON CONFLICT (id) DO NOTHING;
INSERT INTO public.parameter_fields_junction (parameter_id, created_at, generated, mcp, active, fields_id) VALUES ('6001bb4b-7897-543c-b32f-b9aa3e486157', '2026-03-10 17:46:49.332855+00:00', false, false, true, '333655bb-5bd5-57e6-828e-0d9897ba4aaf') ON CONFLICT (id) DO NOTHING;
INSERT INTO public.parameter_fields_junction (parameter_id, created_at, generated, mcp, active, fields_id) VALUES ('6001bb4b-7897-543c-b32f-b9aa3e486157', '2026-03-10 17:46:49.332855+00:00', false, false, true, 'b4b10b4c-7855-5cdc-a826-52a5552d5308') ON CONFLICT (id) DO NOTHING;
INSERT INTO public.parameter_fields_junction (parameter_id, created_at, generated, mcp, active, fields_id) VALUES ('a27728e3-57cd-5576-9334-b96a6202a605', '2026-03-10 17:46:49.340240+00:00', false, false, true, '1284a089-9c3c-5902-8b36-b7bd2cc43153') ON CONFLICT (id) DO NOTHING;
INSERT INTO public.parameter_fields_junction (parameter_id, created_at, generated, mcp, active, fields_id) VALUES ('a27728e3-57cd-5576-9334-b96a6202a605', '2026-03-10 17:46:49.340240+00:00', false, false, true, '932a1aeb-5152-55f3-a6d2-aa5e3e07f3a8') ON CONFLICT (id) DO NOTHING;
INSERT INTO public.parameter_fields_junction (parameter_id, created_at, generated, mcp, active, fields_id) VALUES ('4396d4e2-35b6-5471-bce6-e57ef361108e', '2026-03-10 17:46:49.346163+00:00', false, false, true, '35fbfb0b-dd5f-58c7-ae42-135113cdab42') ON CONFLICT (id) DO NOTHING;
INSERT INTO public.parameter_fields_junction (parameter_id, created_at, generated, mcp, active, fields_id) VALUES ('4396d4e2-35b6-5471-bce6-e57ef361108e', '2026-03-10 17:46:49.346163+00:00', false, false, true, 'dbeb6f9a-c429-5c38-8bdf-be35304a2c3b') ON CONFLICT (id) DO NOTHING;
INSERT INTO public.parameter_fields_junction (parameter_id, created_at, generated, mcp, active, fields_id) VALUES ('4396d4e2-35b6-5471-bce6-e57ef361108e', '2026-03-10 17:46:49.346163+00:00', false, false, true, '19a0dbeb-2f46-5639-8f8a-46df6df20e07') ON CONFLICT (id) DO NOTHING;
INSERT INTO public.parameter_fields_junction (parameter_id, created_at, generated, mcp, active, fields_id) VALUES ('4396d4e2-35b6-5471-bce6-e57ef361108e', '2026-03-10 17:46:49.346163+00:00', false, false, true, '9da02e3a-e8ac-598d-98ba-7e5b53223a3b') ON CONFLICT (id) DO NOTHING;
INSERT INTO public.parameter_fields_junction (parameter_id, created_at, generated, mcp, active, fields_id) VALUES ('4396d4e2-35b6-5471-bce6-e57ef361108e', '2026-03-10 17:46:49.346163+00:00', false, false, true, '1373ebd3-f97a-5f7e-bb44-809868ac5060') ON CONFLICT (id) DO NOTHING;
INSERT INTO public.parameter_fields_junction (parameter_id, created_at, generated, mcp, active, fields_id) VALUES ('4396d4e2-35b6-5471-bce6-e57ef361108e', '2026-03-10 17:46:49.346163+00:00', false, false, true, 'b55d011b-954a-5f7d-9134-1411a9417812') ON CONFLICT (id) DO NOTHING;
INSERT INTO public.parameter_fields_junction (parameter_id, created_at, generated, mcp, active, fields_id) VALUES ('4396d4e2-35b6-5471-bce6-e57ef361108e', '2026-03-10 17:46:49.346163+00:00', false, false, true, '87f8e821-3f76-5745-bafc-dd608d146daf') ON CONFLICT (id) DO NOTHING;
INSERT INTO public.parameter_fields_junction (parameter_id, created_at, generated, mcp, active, fields_id) VALUES ('4396d4e2-35b6-5471-bce6-e57ef361108e', '2026-03-10 17:46:49.346163+00:00', false, false, true, '73df8cfb-b70e-5efd-a7c4-64e9eb119cbd') ON CONFLICT (id) DO NOTHING;
INSERT INTO public.parameter_fields_junction (parameter_id, created_at, generated, mcp, active, fields_id) VALUES ('4396d4e2-35b6-5471-bce6-e57ef361108e', '2026-03-10 17:46:49.346163+00:00', false, false, true, 'ebffb184-0b17-55cc-93e7-b3a1fc6d0443') ON CONFLICT (id) DO NOTHING;
INSERT INTO public.parameter_fields_junction (parameter_id, created_at, generated, mcp, active, fields_id) VALUES ('4396d4e2-35b6-5471-bce6-e57ef361108e', '2026-03-10 17:46:49.346163+00:00', false, false, true, 'ecee0676-3fc6-5a5c-a952-38cc1e82b54e') ON CONFLICT (id) DO NOTHING;
INSERT INTO public.parameter_fields_junction (parameter_id, created_at, generated, mcp, active, fields_id) VALUES ('8e63cb49-0a13-5fe0-ad7c-8570e12fd9d9', '2026-03-10 17:46:49.350587+00:00', false, false, true, '24b7ac9b-2fc4-526f-b16b-2e7bf53b2caf') ON CONFLICT (id) DO NOTHING;
INSERT INTO public.parameter_fields_junction (parameter_id, created_at, generated, mcp, active, fields_id) VALUES ('8e63cb49-0a13-5fe0-ad7c-8570e12fd9d9', '2026-03-10 17:46:49.350587+00:00', false, false, true, 'e99335d0-fb7a-58b4-944f-cff91c2d5f19') ON CONFLICT (id) DO NOTHING;
INSERT INTO public.parameter_fields_junction (parameter_id, created_at, generated, mcp, active, fields_id) VALUES ('8e63cb49-0a13-5fe0-ad7c-8570e12fd9d9', '2026-03-10 17:46:49.350587+00:00', false, false, true, '4f9e218f-eece-5c14-b400-298e42eb72b9') ON CONFLICT (id) DO NOTHING;
INSERT INTO public.parameter_fields_junction (parameter_id, created_at, generated, mcp, active, fields_id) VALUES ('8e63cb49-0a13-5fe0-ad7c-8570e12fd9d9', '2026-03-10 17:46:49.350587+00:00', false, false, true, '7d89ee53-0b3b-57af-9c3a-381e36ff43b4') ON CONFLICT (id) DO NOTHING;
INSERT INTO public.parameter_fields_junction (parameter_id, created_at, generated, mcp, active, fields_id) VALUES ('8e63cb49-0a13-5fe0-ad7c-8570e12fd9d9', '2026-03-10 17:46:49.350587+00:00', false, false, true, '4a5ce802-62df-5fce-b6b7-ac19d31427af') ON CONFLICT (id) DO NOTHING;
INSERT INTO public.parameter_fields_junction (parameter_id, created_at, generated, mcp, active, fields_id) VALUES ('8e63cb49-0a13-5fe0-ad7c-8570e12fd9d9', '2026-03-10 17:46:49.350587+00:00', false, false, true, 'eb556502-222b-588f-b8a7-5ca0a18e0fe0') ON CONFLICT (id) DO NOTHING;
INSERT INTO public.parameter_fields_junction (parameter_id, created_at, generated, mcp, active, fields_id) VALUES ('8e63cb49-0a13-5fe0-ad7c-8570e12fd9d9', '2026-03-10 17:46:49.350587+00:00', false, false, true, '46aa6d62-e1e5-5ef9-90ff-2006a00207d6') ON CONFLICT (id) DO NOTHING;
INSERT INTO public.parameter_fields_junction (parameter_id, created_at, generated, mcp, active, fields_id) VALUES ('8e63cb49-0a13-5fe0-ad7c-8570e12fd9d9', '2026-03-10 17:46:49.350587+00:00', false, false, true, '263cc402-b82b-558f-9177-1a82c913e040') ON CONFLICT (id) DO NOTHING;
INSERT INTO public.parameter_fields_junction (parameter_id, created_at, generated, mcp, active, fields_id) VALUES ('8e63cb49-0a13-5fe0-ad7c-8570e12fd9d9', '2026-03-10 17:46:49.350587+00:00', false, false, true, '8e37036f-4518-55f3-888d-77d85c4e6cc3') ON CONFLICT (id) DO NOTHING;
INSERT INTO public.parameter_fields_junction (parameter_id, created_at, generated, mcp, active, fields_id) VALUES ('8e63cb49-0a13-5fe0-ad7c-8570e12fd9d9', '2026-03-10 17:46:49.350587+00:00', false, false, true, '28843b2c-0b33-5450-8c9a-7705dad668e5') ON CONFLICT (id) DO NOTHING;
INSERT INTO public.parameter_fields_junction (parameter_id, created_at, generated, mcp, active, fields_id) VALUES ('8ab7a78b-9517-5f96-8a93-5563d024e776', '2026-03-10 17:46:49.355002+00:00', false, false, true, '43b44e29-3844-508b-9c99-db5a282f4e2f') ON CONFLICT (id) DO NOTHING;
INSERT INTO public.parameter_fields_junction (parameter_id, created_at, generated, mcp, active, fields_id) VALUES ('8ab7a78b-9517-5f96-8a93-5563d024e776', '2026-03-10 17:46:49.355002+00:00', false, false, true, 'c5769be0-b659-5207-93ed-93dd1ab94241') ON CONFLICT (id) DO NOTHING;
INSERT INTO public.parameter_fields_junction (parameter_id, created_at, generated, mcp, active, fields_id) VALUES ('8ab7a78b-9517-5f96-8a93-5563d024e776', '2026-03-10 17:46:49.355002+00:00', false, false, true, '2b682f20-7d48-5267-b55c-4e531dfc62b0') ON CONFLICT (id) DO NOTHING;
INSERT INTO public.parameter_fields_junction (parameter_id, created_at, generated, mcp, active, fields_id) VALUES ('8ab7a78b-9517-5f96-8a93-5563d024e776', '2026-03-10 17:46:49.355002+00:00', false, false, true, '01b79422-b311-53e6-aff2-645d24919f48') ON CONFLICT (id) DO NOTHING;
INSERT INTO public.parameter_fields_junction (parameter_id, created_at, generated, mcp, active, fields_id) VALUES ('8ab7a78b-9517-5f96-8a93-5563d024e776', '2026-03-10 17:46:49.355002+00:00', false, false, true, '7dc8eb9e-c61c-51e7-ab5b-aad12cfa1e68') ON CONFLICT (id) DO NOTHING;
INSERT INTO public.parameter_fields_junction (parameter_id, created_at, generated, mcp, active, fields_id) VALUES ('95ad0cf2-d4c7-5d27-865b-a5acb9f2b95f', '2026-03-10 17:46:49.359348+00:00', false, false, true, '0087f6fa-bb8e-5e18-9de0-3ac0a3d16b15') ON CONFLICT (id) DO NOTHING;
INSERT INTO public.parameter_fields_junction (parameter_id, created_at, generated, mcp, active, fields_id) VALUES ('95ad0cf2-d4c7-5d27-865b-a5acb9f2b95f', '2026-03-10 17:46:49.359348+00:00', false, false, true, '359b916a-b617-564d-b952-d9079b375b0d') ON CONFLICT (id) DO NOTHING;
INSERT INTO public.parameter_fields_junction (parameter_id, created_at, generated, mcp, active, fields_id) VALUES ('95ad0cf2-d4c7-5d27-865b-a5acb9f2b95f', '2026-03-10 17:46:49.359348+00:00', false, false, true, 'df47197c-5c14-53c9-ab30-0b8026c39390') ON CONFLICT (id) DO NOTHING;
INSERT INTO public.parameter_fields_junction (parameter_id, created_at, generated, mcp, active, fields_id) VALUES ('95ad0cf2-d4c7-5d27-865b-a5acb9f2b95f', '2026-03-10 17:46:49.359348+00:00', false, false, true, '721e6fd3-7817-50e4-886f-9bd91935686b') ON CONFLICT (id) DO NOTHING;
INSERT INTO public.parameter_fields_junction (parameter_id, created_at, generated, mcp, active, fields_id) VALUES ('95ad0cf2-d4c7-5d27-865b-a5acb9f2b95f', '2026-03-10 17:46:49.359348+00:00', false, false, true, '17691da4-3af9-550b-a7b7-81e71e8dd24e') ON CONFLICT (id) DO NOTHING;
INSERT INTO public.parameter_fields_junction (parameter_id, created_at, generated, mcp, active, fields_id) VALUES ('95ad0cf2-d4c7-5d27-865b-a5acb9f2b95f', '2026-03-10 17:46:49.359348+00:00', false, false, true, 'ed735cc5-3c19-53c1-b99e-4758337bd021') ON CONFLICT (id) DO NOTHING;
INSERT INTO public.parameter_fields_junction (parameter_id, created_at, generated, mcp, active, fields_id) VALUES ('95ad0cf2-d4c7-5d27-865b-a5acb9f2b95f', '2026-03-10 17:46:49.359348+00:00', false, false, true, '2621a1e3-373e-5b8c-a5ab-06930ceed7fe') ON CONFLICT (id) DO NOTHING;
INSERT INTO public.parameter_fields_junction (parameter_id, created_at, generated, mcp, active, fields_id) VALUES ('95ad0cf2-d4c7-5d27-865b-a5acb9f2b95f', '2026-03-10 17:46:49.359348+00:00', false, false, true, 'e9830144-bdcf-5e21-bec5-9e939be4d5d4') ON CONFLICT (id) DO NOTHING;
INSERT INTO public.parameter_fields_junction (parameter_id, created_at, generated, mcp, active, fields_id) VALUES ('95ad0cf2-d4c7-5d27-865b-a5acb9f2b95f', '2026-03-10 17:46:49.359348+00:00', false, false, true, '02b88948-d07a-5803-9eb7-01d8a65bd070') ON CONFLICT (id) DO NOTHING;
INSERT INTO public.parameter_fields_junction (parameter_id, created_at, generated, mcp, active, fields_id) VALUES ('e5b31ac4-fc26-5391-8314-1712ecf1613f', '2026-03-10 17:46:49.363839+00:00', false, false, true, '82226e68-8e65-526e-a4b5-be9f9bcba177') ON CONFLICT (id) DO NOTHING;
INSERT INTO public.parameter_fields_junction (parameter_id, created_at, generated, mcp, active, fields_id) VALUES ('e5b31ac4-fc26-5391-8314-1712ecf1613f', '2026-03-10 17:46:49.363839+00:00', false, false, true, 'b107cf39-a75d-5fc6-b93c-96b660b88e7a') ON CONFLICT (id) DO NOTHING;
INSERT INTO public.parameter_fields_junction (parameter_id, created_at, generated, mcp, active, fields_id) VALUES ('e5b31ac4-fc26-5391-8314-1712ecf1613f', '2026-03-10 17:46:49.363839+00:00', false, false, true, '92675226-a50d-559f-87e6-38e34061c20b') ON CONFLICT (id) DO NOTHING;
INSERT INTO public.parameter_fields_junction (parameter_id, created_at, generated, mcp, active, fields_id) VALUES ('315be968-8e74-5467-85f0-d9a043838910', '2026-03-10 17:46:49.368021+00:00', false, false, true, '6fe3568a-b044-51de-b5cf-0e3d01e0d650') ON CONFLICT (id) DO NOTHING;
INSERT INTO public.parameter_fields_junction (parameter_id, created_at, generated, mcp, active, fields_id) VALUES ('315be968-8e74-5467-85f0-d9a043838910', '2026-03-10 17:46:49.368021+00:00', false, false, true, 'd070f8d8-5387-51e2-92e6-82720e891ccc') ON CONFLICT (id) DO NOTHING;
INSERT INTO public.parameter_fields_junction (parameter_id, created_at, generated, mcp, active, fields_id) VALUES ('315be968-8e74-5467-85f0-d9a043838910', '2026-03-10 17:46:49.368021+00:00', false, false, true, 'a30ba794-79e6-5ec7-91e6-e3d60ba2d32d') ON CONFLICT (id) DO NOTHING;
INSERT INTO public.parameter_fields_junction (parameter_id, created_at, generated, mcp, active, fields_id) VALUES ('315be968-8e74-5467-85f0-d9a043838910', '2026-03-10 17:46:49.368021+00:00', false, false, true, '0437f45e-ff80-5f6e-b32b-529c2166af6d') ON CONFLICT (id) DO NOTHING;
INSERT INTO public.parameter_fields_junction (parameter_id, created_at, generated, mcp, active, fields_id) VALUES ('315be968-8e74-5467-85f0-d9a043838910', '2026-03-10 17:46:49.368021+00:00', false, false, true, 'e8952a4e-614e-576d-9994-c8c63267c832') ON CONFLICT (id) DO NOTHING;
INSERT INTO public.parameter_fields_junction (parameter_id, created_at, generated, mcp, active, fields_id) VALUES ('315be968-8e74-5467-85f0-d9a043838910', '2026-03-10 17:46:49.368021+00:00', false, false, true, 'a68b0219-7170-5a3f-8009-8a7449221f3e') ON CONFLICT (id) DO NOTHING;
INSERT INTO public.parameter_fields_junction (parameter_id, created_at, generated, mcp, active, fields_id) VALUES ('315be968-8e74-5467-85f0-d9a043838910', '2026-03-10 17:46:49.368021+00:00', false, false, true, '2effdb7a-3891-5a90-993f-c6dfc5d4d678') ON CONFLICT (id) DO NOTHING;
INSERT INTO public.parameter_fields_junction (parameter_id, created_at, generated, mcp, active, fields_id) VALUES ('b7b557c2-6d4b-5e1f-95d1-eb7b5bbcdd90', '2026-03-10 17:46:49.372275+00:00', false, false, true, '7cedeb89-4d80-5734-9429-9a31bf43809b') ON CONFLICT (id) DO NOTHING;
INSERT INTO public.parameter_fields_junction (parameter_id, created_at, generated, mcp, active, fields_id) VALUES ('b7b557c2-6d4b-5e1f-95d1-eb7b5bbcdd90', '2026-03-10 17:46:49.372275+00:00', false, false, true, '4c2f98bb-130c-5ec9-b45b-1488533d0abd') ON CONFLICT (id) DO NOTHING;
INSERT INTO public.parameter_fields_junction (parameter_id, created_at, generated, mcp, active, fields_id) VALUES ('b7b557c2-6d4b-5e1f-95d1-eb7b5bbcdd90', '2026-03-10 17:46:49.372275+00:00', false, false, true, '838d7f7b-6290-5ac6-8bad-37877a206dd3') ON CONFLICT (id) DO NOTHING;
INSERT INTO public.parameter_fields_junction (parameter_id, created_at, generated, mcp, active, fields_id) VALUES ('b7b557c2-6d4b-5e1f-95d1-eb7b5bbcdd90', '2026-03-10 17:46:49.372275+00:00', false, false, true, 'fd93a7b3-a5da-5218-8efd-7371337cb3cf') ON CONFLICT (id) DO NOTHING;
INSERT INTO public.parameter_fields_junction (parameter_id, created_at, generated, mcp, active, fields_id) VALUES ('b7b557c2-6d4b-5e1f-95d1-eb7b5bbcdd90', '2026-03-10 17:46:49.372275+00:00', false, false, true, 'c7060e04-9db8-52d5-a5d2-87e7d8eb8c1d') ON CONFLICT (id) DO NOTHING;
INSERT INTO public.parameter_fields_junction (parameter_id, created_at, generated, mcp, active, fields_id) VALUES ('b7b557c2-6d4b-5e1f-95d1-eb7b5bbcdd90', '2026-03-10 17:46:49.372275+00:00', false, false, true, '224110b7-1972-5a63-864d-761575e08f61') ON CONFLICT (id) DO NOTHING;
INSERT INTO public.parameter_fields_junction (parameter_id, created_at, generated, mcp, active, fields_id) VALUES ('b7b557c2-6d4b-5e1f-95d1-eb7b5bbcdd90', '2026-03-10 17:46:49.372275+00:00', false, false, true, 'f189240d-6199-5585-90ae-7893ae0549bf') ON CONFLICT (id) DO NOTHING;
INSERT INTO public.parameter_fields_junction (parameter_id, created_at, generated, mcp, active, fields_id) VALUES ('b7b557c2-6d4b-5e1f-95d1-eb7b5bbcdd90', '2026-03-10 17:46:49.372275+00:00', false, false, true, '3eeea3d5-dc69-506e-a2f3-558691188184') ON CONFLICT (id) DO NOTHING;
INSERT INTO public.parameter_fields_junction (parameter_id, created_at, generated, mcp, active, fields_id) VALUES ('7ae1a36c-7f52-5c30-bdb8-ab32909a8c28', '2026-03-10 17:46:49.376489+00:00', false, false, true, 'f94abf9f-d200-5935-a5a2-6f917b7efe5c') ON CONFLICT (id) DO NOTHING;
INSERT INTO public.parameter_fields_junction (parameter_id, created_at, generated, mcp, active, fields_id) VALUES ('7ae1a36c-7f52-5c30-bdb8-ab32909a8c28', '2026-03-10 17:46:49.376489+00:00', false, false, true, '6d488045-c158-597e-8ff1-3018519b915c') ON CONFLICT (id) DO NOTHING;
INSERT INTO public.parameter_fields_junction (parameter_id, created_at, generated, mcp, active, fields_id) VALUES ('7ae1a36c-7f52-5c30-bdb8-ab32909a8c28', '2026-03-10 17:46:49.376489+00:00', false, false, true, '2729560a-595d-5061-96b5-ecbb9ca2f113') ON CONFLICT (id) DO NOTHING;
INSERT INTO public.parameter_fields_junction (parameter_id, created_at, generated, mcp, active, fields_id) VALUES ('7ae1a36c-7f52-5c30-bdb8-ab32909a8c28', '2026-03-10 17:46:49.376489+00:00', false, false, true, '5f3c2e98-6600-5681-94f3-5a2ae5399a04') ON CONFLICT (id) DO NOTHING;
INSERT INTO public.parameter_fields_junction (parameter_id, created_at, generated, mcp, active, fields_id) VALUES ('7ae1a36c-7f52-5c30-bdb8-ab32909a8c28', '2026-03-10 17:46:49.376489+00:00', false, false, true, 'd3ef1aad-dea5-5161-9676-039bc9e1461a') ON CONFLICT (id) DO NOTHING;
INSERT INTO public.parameter_fields_junction (parameter_id, created_at, generated, mcp, active, fields_id) VALUES ('6daa7b6f-5363-5a36-b071-52a610081cac', '2026-03-10 17:46:49.380897+00:00', false, false, true, '8c05c324-5e75-57e2-a3cc-2448e57ca32c') ON CONFLICT (id) DO NOTHING;
INSERT INTO public.parameter_fields_junction (parameter_id, created_at, generated, mcp, active, fields_id) VALUES ('6daa7b6f-5363-5a36-b071-52a610081cac', '2026-03-10 17:46:49.380897+00:00', false, false, true, '21b317e9-e734-565b-92fd-08f32113d210') ON CONFLICT (id) DO NOTHING;
INSERT INTO public.parameter_fields_junction (parameter_id, created_at, generated, mcp, active, fields_id) VALUES ('6daa7b6f-5363-5a36-b071-52a610081cac', '2026-03-10 17:46:49.380897+00:00', false, false, true, '5f38a837-4136-50fe-a8a9-12cb31106d6e') ON CONFLICT (id) DO NOTHING;

-- parameter_names_junction
INSERT INTO public.parameter_names_junction (parameter_id, names_id, created_at, generated, mcp, active) VALUES ('6001bb4b-7897-543c-b32f-b9aa3e486157', '019cd8db-cc51-7233-aa3a-cd1b54ca3191', '2026-03-10 17:46:49.332855+00:00', false, false, true) ON CONFLICT (id) DO NOTHING;
INSERT INTO public.parameter_names_junction (parameter_id, names_id, created_at, generated, mcp, active) VALUES ('a27728e3-57cd-5576-9334-b96a6202a605', '019cd8db-cc54-7496-97d5-425b08c7f880', '2026-03-10 17:46:49.340240+00:00', false, false, true) ON CONFLICT (id) DO NOTHING;
INSERT INTO public.parameter_names_junction (parameter_id, names_id, created_at, generated, mcp, active) VALUES ('4396d4e2-35b6-5471-bce6-e57ef361108e', '019cd8db-cc57-74e1-8c49-9a1453636113', '2026-03-10 17:46:49.346163+00:00', false, false, true) ON CONFLICT (id) DO NOTHING;
INSERT INTO public.parameter_names_junction (parameter_id, names_id, created_at, generated, mcp, active) VALUES ('8e63cb49-0a13-5fe0-ad7c-8570e12fd9d9', '019cd8db-cc5a-73f6-a39b-d1f8358e77ee', '2026-03-10 17:46:49.350587+00:00', false, false, true) ON CONFLICT (id) DO NOTHING;
INSERT INTO public.parameter_names_junction (parameter_id, names_id, created_at, generated, mcp, active) VALUES ('8ab7a78b-9517-5f96-8a93-5563d024e776', '019cd8db-cc5d-737f-a5b7-942a0ed78fba', '2026-03-10 17:46:49.355002+00:00', false, false, true) ON CONFLICT (id) DO NOTHING;
INSERT INTO public.parameter_names_junction (parameter_id, names_id, created_at, generated, mcp, active) VALUES ('95ad0cf2-d4c7-5d27-865b-a5acb9f2b95f', '019cd8db-cc60-746b-b2f4-21f0b8db0c9a', '2026-03-10 17:46:49.359348+00:00', false, false, true) ON CONFLICT (id) DO NOTHING;
INSERT INTO public.parameter_names_junction (parameter_id, names_id, created_at, generated, mcp, active) VALUES ('e5b31ac4-fc26-5391-8314-1712ecf1613f', '019cd8db-cc63-70b1-b23b-a03af473a724', '2026-03-10 17:46:49.363839+00:00', false, false, true) ON CONFLICT (id) DO NOTHING;
INSERT INTO public.parameter_names_junction (parameter_id, names_id, created_at, generated, mcp, active) VALUES ('315be968-8e74-5467-85f0-d9a043838910', '019cd8db-cc65-7cf5-9c92-e7200ede4d1f', '2026-03-10 17:46:49.368021+00:00', false, false, true) ON CONFLICT (id) DO NOTHING;
INSERT INTO public.parameter_names_junction (parameter_id, names_id, created_at, generated, mcp, active) VALUES ('b7b557c2-6d4b-5e1f-95d1-eb7b5bbcdd90', '019cd8db-cc68-7b5d-bae4-45bf17b92417', '2026-03-10 17:46:49.372275+00:00', false, false, true) ON CONFLICT (id) DO NOTHING;
INSERT INTO public.parameter_names_junction (parameter_id, names_id, created_at, generated, mcp, active) VALUES ('7ae1a36c-7f52-5c30-bdb8-ab32909a8c28', '019cd8db-cc6b-7aeb-913c-c4dba98fe366', '2026-03-10 17:46:49.376489+00:00', false, false, true) ON CONFLICT (id) DO NOTHING;
INSERT INTO public.parameter_names_junction (parameter_id, names_id, created_at, generated, mcp, active) VALUES ('6daa7b6f-5363-5a36-b071-52a610081cac', '019cd8db-cc6e-786f-bdec-4bc886b6ee4a', '2026-03-10 17:46:49.380897+00:00', false, false, true) ON CONFLICT (id) DO NOTHING;

-- parameter_parameters_junction
INSERT INTO public.parameter_parameters_junction (parameter_id, parameters_id, active, created_at, generated, mcp) VALUES ('6001bb4b-7897-543c-b32f-b9aa3e486157', '6001bb4b-7897-543c-b32f-b9aa3e486157', true, '2026-03-10 17:46:49.332855+00:00', false, false) ON CONFLICT (id) DO NOTHING;
INSERT INTO public.parameter_parameters_junction (parameter_id, parameters_id, active, created_at, generated, mcp) VALUES ('a27728e3-57cd-5576-9334-b96a6202a605', 'a27728e3-57cd-5576-9334-b96a6202a605', true, '2026-03-10 17:46:49.340240+00:00', false, false) ON CONFLICT (id) DO NOTHING;
INSERT INTO public.parameter_parameters_junction (parameter_id, parameters_id, active, created_at, generated, mcp) VALUES ('4396d4e2-35b6-5471-bce6-e57ef361108e', '4396d4e2-35b6-5471-bce6-e57ef361108e', true, '2026-03-10 17:46:49.346163+00:00', false, false) ON CONFLICT (id) DO NOTHING;
INSERT INTO public.parameter_parameters_junction (parameter_id, parameters_id, active, created_at, generated, mcp) VALUES ('8e63cb49-0a13-5fe0-ad7c-8570e12fd9d9', '8e63cb49-0a13-5fe0-ad7c-8570e12fd9d9', true, '2026-03-10 17:46:49.350587+00:00', false, false) ON CONFLICT (id) DO NOTHING;
INSERT INTO public.parameter_parameters_junction (parameter_id, parameters_id, active, created_at, generated, mcp) VALUES ('8ab7a78b-9517-5f96-8a93-5563d024e776', '8ab7a78b-9517-5f96-8a93-5563d024e776', true, '2026-03-10 17:46:49.355002+00:00', false, false) ON CONFLICT (id) DO NOTHING;
INSERT INTO public.parameter_parameters_junction (parameter_id, parameters_id, active, created_at, generated, mcp) VALUES ('95ad0cf2-d4c7-5d27-865b-a5acb9f2b95f', '95ad0cf2-d4c7-5d27-865b-a5acb9f2b95f', true, '2026-03-10 17:46:49.359348+00:00', false, false) ON CONFLICT (id) DO NOTHING;
INSERT INTO public.parameter_parameters_junction (parameter_id, parameters_id, active, created_at, generated, mcp) VALUES ('e5b31ac4-fc26-5391-8314-1712ecf1613f', 'e5b31ac4-fc26-5391-8314-1712ecf1613f', true, '2026-03-10 17:46:49.363839+00:00', false, false) ON CONFLICT (id) DO NOTHING;
INSERT INTO public.parameter_parameters_junction (parameter_id, parameters_id, active, created_at, generated, mcp) VALUES ('315be968-8e74-5467-85f0-d9a043838910', '315be968-8e74-5467-85f0-d9a043838910', true, '2026-03-10 17:46:49.368021+00:00', false, false) ON CONFLICT (id) DO NOTHING;
INSERT INTO public.parameter_parameters_junction (parameter_id, parameters_id, active, created_at, generated, mcp) VALUES ('b7b557c2-6d4b-5e1f-95d1-eb7b5bbcdd90', 'b7b557c2-6d4b-5e1f-95d1-eb7b5bbcdd90', true, '2026-03-10 17:46:49.372275+00:00', false, false) ON CONFLICT (id) DO NOTHING;
INSERT INTO public.parameter_parameters_junction (parameter_id, parameters_id, active, created_at, generated, mcp) VALUES ('7ae1a36c-7f52-5c30-bdb8-ab32909a8c28', '7ae1a36c-7f52-5c30-bdb8-ab32909a8c28', true, '2026-03-10 17:46:49.376489+00:00', false, false) ON CONFLICT (id) DO NOTHING;
INSERT INTO public.parameter_parameters_junction (parameter_id, parameters_id, active, created_at, generated, mcp) VALUES ('6daa7b6f-5363-5a36-b071-52a610081cac', '6daa7b6f-5363-5a36-b071-52a610081cac', true, '2026-03-10 17:46:49.380897+00:00', false, false) ON CONFLICT (id) DO NOTHING;

-- parameters_resource
INSERT INTO public.parameters_resource (created_at, active, generated, mcp, id, name, description, value, department_ids, persona_parameter, document_parameter, scenario_parameter, video_parameter, field_ids) VALUES ('2026-03-10 17:46:49.330268+00:00', true, false, false, '6001bb4b-7897-543c-b32f-b9aa3e486157', 'Temperament', 'Emotional temperament types for personas (aggressive, passive, confused, happy)', '', '{}', false, false, false, false, '{}') ON CONFLICT (id) DO NOTHING;
INSERT INTO public.parameters_resource (created_at, active, generated, mcp, id, name, description, value, department_ids, persona_parameter, document_parameter, scenario_parameter, video_parameter, field_ids) VALUES ('2026-03-10 17:46:49.337829+00:00', true, false, false, 'a27728e3-57cd-5576-9334-b96a6202a605', 'Persona Type', 'Categorizes personas by their type (Emotion or Neutral)', '', '{}', false, false, false, false, '{}') ON CONFLICT (id) DO NOTHING;
INSERT INTO public.parameters_resource (created_at, active, generated, mcp, id, name, description, value, department_ids, persona_parameter, document_parameter, scenario_parameter, video_parameter, field_ids) VALUES ('2026-03-10 17:46:49.344300+00:00', true, false, false, '4396d4e2-35b6-5471-bce6-e57ef361108e', 'Intensity', 'How emotionally charged or urgent the situation feels', '', '{}', false, false, false, false, '{}') ON CONFLICT (id) DO NOTHING;
INSERT INTO public.parameters_resource (created_at, active, generated, mcp, id, name, description, value, department_ids, persona_parameter, document_parameter, scenario_parameter, video_parameter, field_ids) VALUES ('2026-03-10 17:46:49.348848+00:00', true, false, false, '8e63cb49-0a13-5fe0-ad7c-8570e12fd9d9', 'Crowdedness', 'How many students are present in the room', '', '{}', false, false, false, false, '{}') ON CONFLICT (id) DO NOTHING;
INSERT INTO public.parameters_resource (created_at, active, generated, mcp, id, name, description, value, department_ids, persona_parameter, document_parameter, scenario_parameter, video_parameter, field_ids) VALUES ('2026-03-10 17:46:49.353284+00:00', true, false, false, '8ab7a78b-9517-5f96-8a93-5563d024e776', 'Deadline', 'How close it is to an assignment or project deadline', '', '{}', false, false, false, false, '{}') ON CONFLICT (id) DO NOTHING;
INSERT INTO public.parameters_resource (created_at, active, generated, mcp, id, name, description, value, department_ids, persona_parameter, document_parameter, scenario_parameter, video_parameter, field_ids) VALUES ('2026-03-10 17:46:49.357461+00:00', true, false, false, '95ad0cf2-d4c7-5d27-865b-a5acb9f2b95f', 'Time', 'When the scenario occurs', '', '{}', false, false, false, false, '{}') ON CONFLICT (id) DO NOTHING;
INSERT INTO public.parameters_resource (created_at, active, generated, mcp, id, name, description, value, department_ids, persona_parameter, document_parameter, scenario_parameter, video_parameter, field_ids) VALUES ('2026-03-10 17:46:49.361957+00:00', true, false, false, 'e5b31ac4-fc26-5391-8314-1712ecf1613f', 'Location', 'Where the interaction is taking place', '', '{}', false, false, false, false, '{}') ON CONFLICT (id) DO NOTHING;
INSERT INTO public.parameters_resource (created_at, active, generated, mcp, id, name, description, value, department_ids, persona_parameter, document_parameter, scenario_parameter, video_parameter, field_ids) VALUES ('2026-03-10 17:46:49.366269+00:00', true, false, false, '315be968-8e74-5467-85f0-d9a043838910', 'Class', 'Which course or subject the scenario is about', '', '{}', false, false, false, false, '{}') ON CONFLICT (id) DO NOTHING;
INSERT INTO public.parameters_resource (created_at, active, generated, mcp, id, name, description, value, department_ids, persona_parameter, document_parameter, scenario_parameter, video_parameter, field_ids) VALUES ('2026-03-10 17:46:49.370496+00:00', true, false, false, 'b7b557c2-6d4b-5e1f-95d1-eb7b5bbcdd90', 'Document Type', 'Categorizes documents by their type (homework, project, quiz, etc.)', '', '{}', false, false, false, false, '{}') ON CONFLICT (id) DO NOTHING;
INSERT INTO public.parameters_resource (created_at, active, generated, mcp, id, name, description, value, department_ids, persona_parameter, document_parameter, scenario_parameter, video_parameter, field_ids) VALUES ('2026-03-10 17:46:49.374782+00:00', true, false, false, '7ae1a36c-7f52-5c30-bdb8-ab32909a8c28', 'Concepts', 'FERPA-related concepts for policy selection', '', '{}', false, false, false, false, '{}') ON CONFLICT (id) DO NOTHING;
INSERT INTO public.parameters_resource (created_at, active, generated, mcp, id, name, description, value, department_ids, persona_parameter, document_parameter, scenario_parameter, video_parameter, field_ids) VALUES ('2026-03-10 17:46:49.379022+00:00', true, false, false, '6daa7b6f-5363-5a36-b071-52a610081cac', 'Role', 'Role types for neutral personas (Student, Professor, Instructional Staff)', '', '{}', false, false, false, false, '{}') ON CONFLICT (id) DO NOTHING;

-- persona_artifact
INSERT INTO public.persona_artifact (created_at, updated_at, id, generated, mcp, active) VALUES ('2026-03-10 17:46:48.530126+00:00', '2026-03-10 17:46:48.530126+00:00', 'b733939f-a3c4-5042-b769-4a3338d4299d', false, false, true) ON CONFLICT (id) DO NOTHING;
INSERT INTO public.persona_artifact (created_at, updated_at, id, generated, mcp, active) VALUES ('2026-03-10 17:46:48.530126+00:00', '2026-03-10 17:46:48.530126+00:00', 'bf928db2-aae2-5ed5-b848-3d50aee38768', false, false, true) ON CONFLICT (id) DO NOTHING;
INSERT INTO public.persona_artifact (created_at, updated_at, id, generated, mcp, active) VALUES ('2026-03-10 17:46:48.530126+00:00', '2026-03-10 17:46:48.530126+00:00', '2b3000a1-cde6-588a-af3e-4bd63296f709', false, false, true) ON CONFLICT (id) DO NOTHING;
INSERT INTO public.persona_artifact (created_at, updated_at, id, generated, mcp, active) VALUES ('2026-03-10 17:46:48.530126+00:00', '2026-03-10 17:46:48.530126+00:00', 'f55438bb-2ae6-54f5-b184-2f3d4ec5d945', false, false, true) ON CONFLICT (id) DO NOTHING;
INSERT INTO public.persona_artifact (created_at, updated_at, id, generated, mcp, active) VALUES ('2026-03-10 17:46:48.530126+00:00', '2026-03-10 17:46:48.530126+00:00', '79e71013-86d2-5ab4-adcd-5fa2456ada13', false, false, true) ON CONFLICT (id) DO NOTHING;
INSERT INTO public.persona_artifact (created_at, updated_at, id, generated, mcp, active) VALUES ('2026-03-10 17:46:48.530126+00:00', '2026-03-10 17:46:48.530126+00:00', '8b59e346-67f5-5359-9b70-18a57396355c', false, false, true) ON CONFLICT (id) DO NOTHING;
INSERT INTO public.persona_artifact (created_at, updated_at, id, generated, mcp, active) VALUES ('2026-03-10 17:46:48.530126+00:00', '2026-03-10 17:46:48.530126+00:00', '5735b34a-ae21-57af-8da9-a69cd619567d', false, false, true) ON CONFLICT (id) DO NOTHING;
INSERT INTO public.persona_artifact (created_at, updated_at, id, generated, mcp, active) VALUES ('2026-03-10 17:46:48.530126+00:00', '2026-03-10 17:46:48.530126+00:00', 'c95ab21f-76d1-5480-bbd7-a643328f219b', false, false, true) ON CONFLICT (id) DO NOTHING;
INSERT INTO public.persona_artifact (created_at, updated_at, id, generated, mcp, active) VALUES ('2026-03-10 17:46:48.530126+00:00', '2026-03-10 17:46:48.530126+00:00', '3a1d10e7-c45d-52dc-ae1e-8b6b01073702', false, false, true) ON CONFLICT (id) DO NOTHING;

-- persona_colors_junction
INSERT INTO public.persona_colors_junction (persona_id, colors_id, created_at, generated, mcp, active) VALUES ('b733939f-a3c4-5042-b769-4a3338d4299d', '019b995b-52f6-7759-98be-647af770b92b', '2026-03-10 17:46:48.530126+00:00', false, false, true) ON CONFLICT (id) DO NOTHING;
INSERT INTO public.persona_colors_junction (persona_id, colors_id, created_at, generated, mcp, active) VALUES ('bf928db2-aae2-5ed5-b848-3d50aee38768', '019b995b-52f6-773e-9996-4bb11ef1e435', '2026-03-10 17:46:48.530126+00:00', false, false, true) ON CONFLICT (id) DO NOTHING;
INSERT INTO public.persona_colors_junction (persona_id, colors_id, created_at, generated, mcp, active) VALUES ('2b3000a1-cde6-588a-af3e-4bd63296f709', '019b995b-52f6-774f-be3e-db1b84a0c1f0', '2026-03-10 17:46:48.530126+00:00', false, false, true) ON CONFLICT (id) DO NOTHING;
INSERT INTO public.persona_colors_junction (persona_id, colors_id, created_at, generated, mcp, active) VALUES ('f55438bb-2ae6-54f5-b184-2f3d4ec5d945', '019b995b-52f6-7749-8ebd-e1c6bb66de89', '2026-03-10 17:46:48.530126+00:00', false, false, true) ON CONFLICT (id) DO NOTHING;
INSERT INTO public.persona_colors_junction (persona_id, colors_id, created_at, generated, mcp, active) VALUES ('79e71013-86d2-5ab4-adcd-5fa2456ada13', '019b995b-52f6-7749-8ebd-e1c6bb66de89', '2026-03-10 17:46:48.530126+00:00', false, false, true) ON CONFLICT (id) DO NOTHING;
INSERT INTO public.persona_colors_junction (persona_id, colors_id, created_at, generated, mcp, active) VALUES ('8b59e346-67f5-5359-9b70-18a57396355c', '019b995b-52f6-7749-8ebd-e1c6bb66de89', '2026-03-10 17:46:48.530126+00:00', false, false, true) ON CONFLICT (id) DO NOTHING;
INSERT INTO public.persona_colors_junction (persona_id, colors_id, created_at, generated, mcp, active) VALUES ('5735b34a-ae21-57af-8da9-a69cd619567d', '019b995b-52f6-7750-8e0d-a4a37ff9ad13', '2026-03-10 17:46:48.530126+00:00', false, false, true) ON CONFLICT (id) DO NOTHING;
INSERT INTO public.persona_colors_junction (persona_id, colors_id, created_at, generated, mcp, active) VALUES ('c95ab21f-76d1-5480-bbd7-a643328f219b', '019b995b-52f6-7746-a592-fbc338f61f5f', '2026-03-10 17:46:48.530126+00:00', false, false, true) ON CONFLICT (id) DO NOTHING;
INSERT INTO public.persona_colors_junction (persona_id, colors_id, created_at, generated, mcp, active) VALUES ('3a1d10e7-c45d-52dc-ae1e-8b6b01073702', '019b995b-52f6-7754-9d33-d3e56f2063e0', '2026-03-10 17:46:48.530126+00:00', false, false, true) ON CONFLICT (id) DO NOTHING;

-- persona_departments_junction
INSERT INTO public.persona_departments_junction (active, created_at, departments_id, persona_id, generated, mcp) VALUES (true, '2026-03-10 17:46:48.530126+00:00', 'a2b369c1-a81e-5e02-98d5-dd42af15ae4a', 'b733939f-a3c4-5042-b769-4a3338d4299d', false, false) ON CONFLICT (id) DO NOTHING;
INSERT INTO public.persona_departments_junction (active, created_at, departments_id, persona_id, generated, mcp) VALUES (true, '2026-03-10 17:46:48.530126+00:00', 'a2b369c1-a81e-5e02-98d5-dd42af15ae4a', 'bf928db2-aae2-5ed5-b848-3d50aee38768', false, false) ON CONFLICT (id) DO NOTHING;
INSERT INTO public.persona_departments_junction (active, created_at, departments_id, persona_id, generated, mcp) VALUES (true, '2026-03-10 17:46:48.530126+00:00', 'a2b369c1-a81e-5e02-98d5-dd42af15ae4a', '2b3000a1-cde6-588a-af3e-4bd63296f709', false, false) ON CONFLICT (id) DO NOTHING;
INSERT INTO public.persona_departments_junction (active, created_at, departments_id, persona_id, generated, mcp) VALUES (true, '2026-03-10 17:46:48.530126+00:00', 'a2b369c1-a81e-5e02-98d5-dd42af15ae4a', 'f55438bb-2ae6-54f5-b184-2f3d4ec5d945', false, false) ON CONFLICT (id) DO NOTHING;
INSERT INTO public.persona_departments_junction (active, created_at, departments_id, persona_id, generated, mcp) VALUES (true, '2026-03-10 17:46:48.530126+00:00', 'a2b369c1-a81e-5e02-98d5-dd42af15ae4a', '79e71013-86d2-5ab4-adcd-5fa2456ada13', false, false) ON CONFLICT (id) DO NOTHING;
INSERT INTO public.persona_departments_junction (active, created_at, departments_id, persona_id, generated, mcp) VALUES (true, '2026-03-10 17:46:48.530126+00:00', 'a2b369c1-a81e-5e02-98d5-dd42af15ae4a', '8b59e346-67f5-5359-9b70-18a57396355c', false, false) ON CONFLICT (id) DO NOTHING;
INSERT INTO public.persona_departments_junction (active, created_at, departments_id, persona_id, generated, mcp) VALUES (true, '2026-03-10 17:46:48.530126+00:00', 'a2b369c1-a81e-5e02-98d5-dd42af15ae4a', '5735b34a-ae21-57af-8da9-a69cd619567d', false, false) ON CONFLICT (id) DO NOTHING;
INSERT INTO public.persona_departments_junction (active, created_at, departments_id, persona_id, generated, mcp) VALUES (true, '2026-03-10 17:46:48.530126+00:00', 'a2b369c1-a81e-5e02-98d5-dd42af15ae4a', 'c95ab21f-76d1-5480-bbd7-a643328f219b', false, false) ON CONFLICT (id) DO NOTHING;
INSERT INTO public.persona_departments_junction (active, created_at, departments_id, persona_id, generated, mcp) VALUES (true, '2026-03-10 17:46:48.530126+00:00', 'a2b369c1-a81e-5e02-98d5-dd42af15ae4a', '3a1d10e7-c45d-52dc-ae1e-8b6b01073702', false, false) ON CONFLICT (id) DO NOTHING;

-- persona_descriptions_junction
INSERT INTO public.persona_descriptions_junction (persona_id, descriptions_id, created_at, generated, mcp, active) VALUES ('b733939f-a3c4-5042-b769-4a3338d4299d', '019cd8db-c887-7868-9367-721cb6ff66b9', '2026-03-10 17:46:48.530126+00:00', false, false, true) ON CONFLICT (id) DO NOTHING;
INSERT INTO public.persona_descriptions_junction (persona_id, descriptions_id, created_at, generated, mcp, active) VALUES ('bf928db2-aae2-5ed5-b848-3d50aee38768', '019cd8db-c8a2-77d6-997b-b2c0ca8cee60', '2026-03-10 17:46:48.530126+00:00', false, false, true) ON CONFLICT (id) DO NOTHING;
INSERT INTO public.persona_descriptions_junction (persona_id, descriptions_id, created_at, generated, mcp, active) VALUES ('2b3000a1-cde6-588a-af3e-4bd63296f709', '019cd8db-c8b3-7aa8-bea1-cb8297625a2a', '2026-03-10 17:46:48.530126+00:00', false, false, true) ON CONFLICT (id) DO NOTHING;
INSERT INTO public.persona_descriptions_junction (persona_id, descriptions_id, created_at, generated, mcp, active) VALUES ('f55438bb-2ae6-54f5-b184-2f3d4ec5d945', '019cd8db-c8c4-7705-b3c2-14fc43c8715b', '2026-03-10 17:46:48.530126+00:00', false, false, true) ON CONFLICT (id) DO NOTHING;
INSERT INTO public.persona_descriptions_junction (persona_id, descriptions_id, created_at, generated, mcp, active) VALUES ('79e71013-86d2-5ab4-adcd-5fa2456ada13', '019cd8db-c8d5-7ee6-a6cf-624335e6ee32', '2026-03-10 17:46:48.530126+00:00', false, false, true) ON CONFLICT (id) DO NOTHING;
INSERT INTO public.persona_descriptions_junction (persona_id, descriptions_id, created_at, generated, mcp, active) VALUES ('8b59e346-67f5-5359-9b70-18a57396355c', '019cd8db-c8e7-72fb-b1af-f92616395af4', '2026-03-10 17:46:48.530126+00:00', false, false, true) ON CONFLICT (id) DO NOTHING;
INSERT INTO public.persona_descriptions_junction (persona_id, descriptions_id, created_at, generated, mcp, active) VALUES ('5735b34a-ae21-57af-8da9-a69cd619567d', '019cd8db-c8f8-79f5-87d9-7261fe14d4d0', '2026-03-10 17:46:48.530126+00:00', false, false, true) ON CONFLICT (id) DO NOTHING;
INSERT INTO public.persona_descriptions_junction (persona_id, descriptions_id, created_at, generated, mcp, active) VALUES ('c95ab21f-76d1-5480-bbd7-a643328f219b', '019cd8db-c909-7a54-b240-5e7b9bcdd119', '2026-03-10 17:46:48.530126+00:00', false, false, true) ON CONFLICT (id) DO NOTHING;
INSERT INTO public.persona_descriptions_junction (persona_id, descriptions_id, created_at, generated, mcp, active) VALUES ('3a1d10e7-c45d-52dc-ae1e-8b6b01073702', '019cd8db-c91a-74ef-abe4-ec400174883b', '2026-03-10 17:46:48.530126+00:00', false, false, true) ON CONFLICT (id) DO NOTHING;

-- persona_examples_junction
INSERT INTO public.persona_examples_junction (created_at, examples_id, persona_id, active, generated, mcp) VALUES ('2026-03-10 17:46:48.530126+00:00', '019cd8db-c88c-71d4-b510-15eac1531764', 'b733939f-a3c4-5042-b769-4a3338d4299d', true, false, false) ON CONFLICT (id) DO NOTHING;
INSERT INTO public.persona_examples_junction (created_at, examples_id, persona_id, active, generated, mcp) VALUES ('2026-03-10 17:46:48.530126+00:00', '019cd8db-c88e-744f-80aa-86443d4a4f57', 'b733939f-a3c4-5042-b769-4a3338d4299d', true, false, false) ON CONFLICT (id) DO NOTHING;
INSERT INTO public.persona_examples_junction (created_at, examples_id, persona_id, active, generated, mcp) VALUES ('2026-03-10 17:46:48.530126+00:00', '019cd8db-c890-7123-a3a9-7f903cd6a411', 'b733939f-a3c4-5042-b769-4a3338d4299d', true, false, false) ON CONFLICT (id) DO NOTHING;
INSERT INTO public.persona_examples_junction (created_at, examples_id, persona_id, active, generated, mcp) VALUES ('2026-03-10 17:46:48.530126+00:00', '019cd8db-c8a6-719b-82cf-6948076b4aa1', 'bf928db2-aae2-5ed5-b848-3d50aee38768', true, false, false) ON CONFLICT (id) DO NOTHING;
INSERT INTO public.persona_examples_junction (created_at, examples_id, persona_id, active, generated, mcp) VALUES ('2026-03-10 17:46:48.530126+00:00', '019cd8db-c8a7-7dee-b804-2aa9eecd8418', 'bf928db2-aae2-5ed5-b848-3d50aee38768', true, false, false) ON CONFLICT (id) DO NOTHING;
INSERT INTO public.persona_examples_junction (created_at, examples_id, persona_id, active, generated, mcp) VALUES ('2026-03-10 17:46:48.530126+00:00', '019cd8db-c8a9-7936-8b7f-8bc152090296', 'bf928db2-aae2-5ed5-b848-3d50aee38768', true, false, false) ON CONFLICT (id) DO NOTHING;
INSERT INTO public.persona_examples_junction (created_at, examples_id, persona_id, active, generated, mcp) VALUES ('2026-03-10 17:46:48.530126+00:00', '019cd8db-c8b7-70ff-b9b9-af39dc7b5c57', '2b3000a1-cde6-588a-af3e-4bd63296f709', true, false, false) ON CONFLICT (id) DO NOTHING;
INSERT INTO public.persona_examples_junction (created_at, examples_id, persona_id, active, generated, mcp) VALUES ('2026-03-10 17:46:48.530126+00:00', '019cd8db-c8b8-7bbd-ac94-abe25b32d0c0', '2b3000a1-cde6-588a-af3e-4bd63296f709', true, false, false) ON CONFLICT (id) DO NOTHING;
INSERT INTO public.persona_examples_junction (created_at, examples_id, persona_id, active, generated, mcp) VALUES ('2026-03-10 17:46:48.530126+00:00', '019cd8db-c8ba-760f-8c2d-b445199c4566', '2b3000a1-cde6-588a-af3e-4bd63296f709', true, false, false) ON CONFLICT (id) DO NOTHING;
INSERT INTO public.persona_examples_junction (created_at, examples_id, persona_id, active, generated, mcp) VALUES ('2026-03-10 17:46:48.530126+00:00', '019cd8db-c8c7-7f06-9bf8-f16723b60d06', 'f55438bb-2ae6-54f5-b184-2f3d4ec5d945', true, false, false) ON CONFLICT (id) DO NOTHING;
INSERT INTO public.persona_examples_junction (created_at, examples_id, persona_id, active, generated, mcp) VALUES ('2026-03-10 17:46:48.530126+00:00', '019cd8db-c8c9-7b45-9f83-3b828a66c1d7', 'f55438bb-2ae6-54f5-b184-2f3d4ec5d945', true, false, false) ON CONFLICT (id) DO NOTHING;
INSERT INTO public.persona_examples_junction (created_at, examples_id, persona_id, active, generated, mcp) VALUES ('2026-03-10 17:46:48.530126+00:00', '019cd8db-c8cb-771d-97c5-02c86bab22af', 'f55438bb-2ae6-54f5-b184-2f3d4ec5d945', true, false, false) ON CONFLICT (id) DO NOTHING;
INSERT INTO public.persona_examples_junction (created_at, examples_id, persona_id, active, generated, mcp) VALUES ('2026-03-10 17:46:48.530126+00:00', '019cd8db-c8da-71f6-bfbb-6537b1145406', '79e71013-86d2-5ab4-adcd-5fa2456ada13', true, false, false) ON CONFLICT (id) DO NOTHING;
INSERT INTO public.persona_examples_junction (created_at, examples_id, persona_id, active, generated, mcp) VALUES ('2026-03-10 17:46:48.530126+00:00', '019cd8db-c8db-7bde-9a86-2985bf8eb19a', '79e71013-86d2-5ab4-adcd-5fa2456ada13', true, false, false) ON CONFLICT (id) DO NOTHING;
INSERT INTO public.persona_examples_junction (created_at, examples_id, persona_id, active, generated, mcp) VALUES ('2026-03-10 17:46:48.530126+00:00', '019cd8db-c8dd-76f9-a4d0-75b0274d353c', '79e71013-86d2-5ab4-adcd-5fa2456ada13', true, false, false) ON CONFLICT (id) DO NOTHING;
INSERT INTO public.persona_examples_junction (created_at, examples_id, persona_id, active, generated, mcp) VALUES ('2026-03-10 17:46:48.530126+00:00', '019cd8db-c8ea-74df-abd0-e7cfb46fd5ea', '8b59e346-67f5-5359-9b70-18a57396355c', true, false, false) ON CONFLICT (id) DO NOTHING;
INSERT INTO public.persona_examples_junction (created_at, examples_id, persona_id, active, generated, mcp) VALUES ('2026-03-10 17:46:48.530126+00:00', '019cd8db-c8eb-7e04-a7e2-a61602f154af', '8b59e346-67f5-5359-9b70-18a57396355c', true, false, false) ON CONFLICT (id) DO NOTHING;
INSERT INTO public.persona_examples_junction (created_at, examples_id, persona_id, active, generated, mcp) VALUES ('2026-03-10 17:46:48.530126+00:00', '019cd8db-c8ed-777b-84c8-9248c29f8540', '8b59e346-67f5-5359-9b70-18a57396355c', true, false, false) ON CONFLICT (id) DO NOTHING;
INSERT INTO public.persona_examples_junction (created_at, examples_id, persona_id, active, generated, mcp) VALUES ('2026-03-10 17:46:48.530126+00:00', '019cd8db-c8fc-70f5-becf-9dee57ad625d', '5735b34a-ae21-57af-8da9-a69cd619567d', true, false, false) ON CONFLICT (id) DO NOTHING;
INSERT INTO public.persona_examples_junction (created_at, examples_id, persona_id, active, generated, mcp) VALUES ('2026-03-10 17:46:48.530126+00:00', '019cd8db-c8fd-7e1e-af8c-130afb95544b', '5735b34a-ae21-57af-8da9-a69cd619567d', true, false, false) ON CONFLICT (id) DO NOTHING;
INSERT INTO public.persona_examples_junction (created_at, examples_id, persona_id, active, generated, mcp) VALUES ('2026-03-10 17:46:48.530126+00:00', '019cd8db-c8ff-7979-9b99-bcb179e7cd7e', '5735b34a-ae21-57af-8da9-a69cd619567d', true, false, false) ON CONFLICT (id) DO NOTHING;
INSERT INTO public.persona_examples_junction (created_at, examples_id, persona_id, active, generated, mcp) VALUES ('2026-03-10 17:46:48.530126+00:00', '019cd8db-c90d-7075-aa40-36df7cd21a69', 'c95ab21f-76d1-5480-bbd7-a643328f219b', true, false, false) ON CONFLICT (id) DO NOTHING;
INSERT INTO public.persona_examples_junction (created_at, examples_id, persona_id, active, generated, mcp) VALUES ('2026-03-10 17:46:48.530126+00:00', '019cd8db-c90e-7b49-82cb-5b102f0cf96e', 'c95ab21f-76d1-5480-bbd7-a643328f219b', true, false, false) ON CONFLICT (id) DO NOTHING;
INSERT INTO public.persona_examples_junction (created_at, examples_id, persona_id, active, generated, mcp) VALUES ('2026-03-10 17:46:48.530126+00:00', '019cd8db-c910-7615-82df-bcce2150ef61', 'c95ab21f-76d1-5480-bbd7-a643328f219b', true, false, false) ON CONFLICT (id) DO NOTHING;
INSERT INTO public.persona_examples_junction (created_at, examples_id, persona_id, active, generated, mcp) VALUES ('2026-03-10 17:46:48.530126+00:00', '019cd8db-c91d-7ddd-956a-f673c4f35a29', '3a1d10e7-c45d-52dc-ae1e-8b6b01073702', true, false, false) ON CONFLICT (id) DO NOTHING;
INSERT INTO public.persona_examples_junction (created_at, examples_id, persona_id, active, generated, mcp) VALUES ('2026-03-10 17:46:48.530126+00:00', '019cd8db-c91f-798c-b074-25ca817d4e8a', '3a1d10e7-c45d-52dc-ae1e-8b6b01073702', true, false, false) ON CONFLICT (id) DO NOTHING;
INSERT INTO public.persona_examples_junction (created_at, examples_id, persona_id, active, generated, mcp) VALUES ('2026-03-10 17:46:48.530126+00:00', '019cd8db-c921-745e-b3b2-2f9ef5f586cd', '3a1d10e7-c45d-52dc-ae1e-8b6b01073702', true, false, false) ON CONFLICT (id) DO NOTHING;

-- persona_flags_junction
INSERT INTO public.persona_flags_junction (persona_id, flags_id, created_at, generated, mcp, active) VALUES ('b733939f-a3c4-5042-b769-4a3338d4299d', '019be334-bfc3-7998-9dcf-a00d3d137da5', '2026-03-10 17:46:48.530126+00:00', false, false, true) ON CONFLICT (id) DO NOTHING;
INSERT INTO public.persona_flags_junction (persona_id, flags_id, created_at, generated, mcp, active) VALUES ('bf928db2-aae2-5ed5-b848-3d50aee38768', '019be334-bfc3-7998-9dcf-a00d3d137da5', '2026-03-10 17:46:48.530126+00:00', false, false, true) ON CONFLICT (id) DO NOTHING;
INSERT INTO public.persona_flags_junction (persona_id, flags_id, created_at, generated, mcp, active) VALUES ('2b3000a1-cde6-588a-af3e-4bd63296f709', '019be334-bfc3-7998-9dcf-a00d3d137da5', '2026-03-10 17:46:48.530126+00:00', false, false, true) ON CONFLICT (id) DO NOTHING;
INSERT INTO public.persona_flags_junction (persona_id, flags_id, created_at, generated, mcp, active) VALUES ('f55438bb-2ae6-54f5-b184-2f3d4ec5d945', '019be334-bfc3-7998-9dcf-a00d3d137da5', '2026-03-10 17:46:48.530126+00:00', false, false, true) ON CONFLICT (id) DO NOTHING;
INSERT INTO public.persona_flags_junction (persona_id, flags_id, created_at, generated, mcp, active) VALUES ('79e71013-86d2-5ab4-adcd-5fa2456ada13', '019be334-bfc3-7998-9dcf-a00d3d137da5', '2026-03-10 17:46:48.530126+00:00', false, false, true) ON CONFLICT (id) DO NOTHING;
INSERT INTO public.persona_flags_junction (persona_id, flags_id, created_at, generated, mcp, active) VALUES ('8b59e346-67f5-5359-9b70-18a57396355c', '019be334-bfc3-7998-9dcf-a00d3d137da5', '2026-03-10 17:46:48.530126+00:00', false, false, true) ON CONFLICT (id) DO NOTHING;
INSERT INTO public.persona_flags_junction (persona_id, flags_id, created_at, generated, mcp, active) VALUES ('5735b34a-ae21-57af-8da9-a69cd619567d', '019be334-bfc3-7998-9dcf-a00d3d137da5', '2026-03-10 17:46:48.530126+00:00', false, false, true) ON CONFLICT (id) DO NOTHING;
INSERT INTO public.persona_flags_junction (persona_id, flags_id, created_at, generated, mcp, active) VALUES ('c95ab21f-76d1-5480-bbd7-a643328f219b', '019be334-bfc3-7998-9dcf-a00d3d137da5', '2026-03-10 17:46:48.530126+00:00', false, false, true) ON CONFLICT (id) DO NOTHING;
INSERT INTO public.persona_flags_junction (persona_id, flags_id, created_at, generated, mcp, active) VALUES ('3a1d10e7-c45d-52dc-ae1e-8b6b01073702', '019be334-bfc3-7998-9dcf-a00d3d137da5', '2026-03-10 17:46:48.530126+00:00', false, false, true) ON CONFLICT (id) DO NOTHING;

-- persona_icons_junction
INSERT INTO public.persona_icons_junction (persona_id, icons_id, created_at, generated, mcp, active) VALUES ('b733939f-a3c4-5042-b769-4a3338d4299d', '019b995b-52f7-7520-8f5c-41db263f89ba', '2026-03-10 17:46:48.530126+00:00', false, false, true) ON CONFLICT (id) DO NOTHING;
INSERT INTO public.persona_icons_junction (persona_id, icons_id, created_at, generated, mcp, active) VALUES ('bf928db2-aae2-5ed5-b848-3d50aee38768', '019b995b-52f7-7529-a5a1-36d3e463f24d', '2026-03-10 17:46:48.530126+00:00', false, false, true) ON CONFLICT (id) DO NOTHING;
INSERT INTO public.persona_icons_junction (persona_id, icons_id, created_at, generated, mcp, active) VALUES ('2b3000a1-cde6-588a-af3e-4bd63296f709', '019b995b-52f7-7532-a204-19749a65c302', '2026-03-10 17:46:48.530126+00:00', false, false, true) ON CONFLICT (id) DO NOTHING;
INSERT INTO public.persona_icons_junction (persona_id, icons_id, created_at, generated, mcp, active) VALUES ('f55438bb-2ae6-54f5-b184-2f3d4ec5d945', '019b995b-52f7-751c-a202-cd5099fe80bb', '2026-03-10 17:46:48.530126+00:00', false, false, true) ON CONFLICT (id) DO NOTHING;
INSERT INTO public.persona_icons_junction (persona_id, icons_id, created_at, generated, mcp, active) VALUES ('79e71013-86d2-5ab4-adcd-5fa2456ada13', '019b995b-52f7-751c-a202-cd5099fe80bb', '2026-03-10 17:46:48.530126+00:00', false, false, true) ON CONFLICT (id) DO NOTHING;
INSERT INTO public.persona_icons_junction (persona_id, icons_id, created_at, generated, mcp, active) VALUES ('8b59e346-67f5-5359-9b70-18a57396355c', '019b995b-52f7-751c-a202-cd5099fe80bb', '2026-03-10 17:46:48.530126+00:00', false, false, true) ON CONFLICT (id) DO NOTHING;
INSERT INTO public.persona_icons_junction (persona_id, icons_id, created_at, generated, mcp, active) VALUES ('5735b34a-ae21-57af-8da9-a69cd619567d', '019b995b-52f7-7525-b425-73423c427909', '2026-03-10 17:46:48.530126+00:00', false, false, true) ON CONFLICT (id) DO NOTHING;
INSERT INTO public.persona_icons_junction (persona_id, icons_id, created_at, generated, mcp, active) VALUES ('c95ab21f-76d1-5480-bbd7-a643328f219b', '019b995b-52f7-752e-b5df-c8ff97d35ae7', '2026-03-10 17:46:48.530126+00:00', false, false, true) ON CONFLICT (id) DO NOTHING;
INSERT INTO public.persona_icons_junction (persona_id, icons_id, created_at, generated, mcp, active) VALUES ('3a1d10e7-c45d-52dc-ae1e-8b6b01073702', '019b995b-52f7-7514-a656-c0ab11c51261', '2026-03-10 17:46:48.530126+00:00', false, false, true) ON CONFLICT (id) DO NOTHING;

-- persona_instructions_junction
INSERT INTO public.persona_instructions_junction (persona_id, instructions_id, created_at, generated, mcp, active) VALUES ('b733939f-a3c4-5042-b769-4a3338d4299d', '019cd8db-c889-795b-925f-2f473fc6d1c3', '2026-03-10 17:46:48.530126+00:00', false, false, true) ON CONFLICT (id) DO NOTHING;
INSERT INTO public.persona_instructions_junction (persona_id, instructions_id, created_at, generated, mcp, active) VALUES ('bf928db2-aae2-5ed5-b848-3d50aee38768', '019cd8db-c8a4-7463-a1c5-4990e1f13bec', '2026-03-10 17:46:48.530126+00:00', false, false, true) ON CONFLICT (id) DO NOTHING;
INSERT INTO public.persona_instructions_junction (persona_id, instructions_id, created_at, generated, mcp, active) VALUES ('2b3000a1-cde6-588a-af3e-4bd63296f709', '019cd8db-c8b5-7641-a9f2-1a13413ce594', '2026-03-10 17:46:48.530126+00:00', false, false, true) ON CONFLICT (id) DO NOTHING;
INSERT INTO public.persona_instructions_junction (persona_id, instructions_id, created_at, generated, mcp, active) VALUES ('f55438bb-2ae6-54f5-b184-2f3d4ec5d945', '019cd8db-c8c6-7364-971e-9817eaec9e83', '2026-03-10 17:46:48.530126+00:00', false, false, true) ON CONFLICT (id) DO NOTHING;
INSERT INTO public.persona_instructions_junction (persona_id, instructions_id, created_at, generated, mcp, active) VALUES ('79e71013-86d2-5ab4-adcd-5fa2456ada13', '019cd8db-c8d8-7528-a72e-55b494143330', '2026-03-10 17:46:48.530126+00:00', false, false, true) ON CONFLICT (id) DO NOTHING;
INSERT INTO public.persona_instructions_junction (persona_id, instructions_id, created_at, generated, mcp, active) VALUES ('8b59e346-67f5-5359-9b70-18a57396355c', '019cd8db-c8e8-7b88-8ca1-0a39f2dd1fad', '2026-03-10 17:46:48.530126+00:00', false, false, true) ON CONFLICT (id) DO NOTHING;
INSERT INTO public.persona_instructions_junction (persona_id, instructions_id, created_at, generated, mcp, active) VALUES ('5735b34a-ae21-57af-8da9-a69cd619567d', '019cd8db-c8fa-757a-8a4f-e31af20a9433', '2026-03-10 17:46:48.530126+00:00', false, false, true) ON CONFLICT (id) DO NOTHING;
INSERT INTO public.persona_instructions_junction (persona_id, instructions_id, created_at, generated, mcp, active) VALUES ('c95ab21f-76d1-5480-bbd7-a643328f219b', '019cd8db-c90b-74e3-85de-6f3742c3820f', '2026-03-10 17:46:48.530126+00:00', false, false, true) ON CONFLICT (id) DO NOTHING;
INSERT INTO public.persona_instructions_junction (persona_id, instructions_id, created_at, generated, mcp, active) VALUES ('3a1d10e7-c45d-52dc-ae1e-8b6b01073702', '019cd8db-c91c-7287-8562-a203640b3189', '2026-03-10 17:46:48.530126+00:00', false, false, true) ON CONFLICT (id) DO NOTHING;

-- persona_names_junction
INSERT INTO public.persona_names_junction (persona_id, names_id, created_at, generated, mcp, active) VALUES ('b733939f-a3c4-5042-b769-4a3338d4299d', '019cd8db-c885-7abc-ad20-9ed3b36d579d', '2026-03-10 17:46:48.530126+00:00', false, false, true) ON CONFLICT (id) DO NOTHING;
INSERT INTO public.persona_names_junction (persona_id, names_id, created_at, generated, mcp, active) VALUES ('bf928db2-aae2-5ed5-b848-3d50aee38768', '019cd8db-c8a0-767b-8a7a-0b68ad12f826', '2026-03-10 17:46:48.530126+00:00', false, false, true) ON CONFLICT (id) DO NOTHING;
INSERT INTO public.persona_names_junction (persona_id, names_id, created_at, generated, mcp, active) VALUES ('2b3000a1-cde6-588a-af3e-4bd63296f709', '019cd8db-c8b2-7021-b5fa-c69e0c975a2f', '2026-03-10 17:46:48.530126+00:00', false, false, true) ON CONFLICT (id) DO NOTHING;
INSERT INTO public.persona_names_junction (persona_id, names_id, created_at, generated, mcp, active) VALUES ('f55438bb-2ae6-54f5-b184-2f3d4ec5d945', '019cd8db-c8c2-7b9d-ac78-c400c88e4d92', '2026-03-10 17:46:48.530126+00:00', false, false, true) ON CONFLICT (id) DO NOTHING;
INSERT INTO public.persona_names_junction (persona_id, names_id, created_at, generated, mcp, active) VALUES ('79e71013-86d2-5ab4-adcd-5fa2456ada13', '019cd8db-c8d4-7421-8081-bf939ad6480a', '2026-03-10 17:46:48.530126+00:00', false, false, true) ON CONFLICT (id) DO NOTHING;
INSERT INTO public.persona_names_junction (persona_id, names_id, created_at, generated, mcp, active) VALUES ('8b59e346-67f5-5359-9b70-18a57396355c', '019cd8db-c8e5-794b-a433-dd5dadf8bccf', '2026-03-10 17:46:48.530126+00:00', false, false, true) ON CONFLICT (id) DO NOTHING;
INSERT INTO public.persona_names_junction (persona_id, names_id, created_at, generated, mcp, active) VALUES ('5735b34a-ae21-57af-8da9-a69cd619567d', '019cd8db-c8f6-7e0d-876f-7b87709297da', '2026-03-10 17:46:48.530126+00:00', false, false, true) ON CONFLICT (id) DO NOTHING;
INSERT INTO public.persona_names_junction (persona_id, names_id, created_at, generated, mcp, active) VALUES ('c95ab21f-76d1-5480-bbd7-a643328f219b', '019cd8db-c907-7eb6-98b9-109119d9b1c7', '2026-03-10 17:46:48.530126+00:00', false, false, true) ON CONFLICT (id) DO NOTHING;
INSERT INTO public.persona_names_junction (persona_id, names_id, created_at, generated, mcp, active) VALUES ('3a1d10e7-c45d-52dc-ae1e-8b6b01073702', '019cd8db-c918-78bf-9c39-0889691e2f57', '2026-03-10 17:46:48.530126+00:00', false, false, true) ON CONFLICT (id) DO NOTHING;

-- persona_personas_junction
INSERT INTO public.persona_personas_junction (persona_id, personas_id, active, created_at, generated, mcp) VALUES ('b733939f-a3c4-5042-b769-4a3338d4299d', 'b733939f-a3c4-5042-b769-4a3338d4299d', true, '2026-03-10 17:46:48.530126+00:00', false, false) ON CONFLICT (id) DO NOTHING;
INSERT INTO public.persona_personas_junction (persona_id, personas_id, active, created_at, generated, mcp) VALUES ('bf928db2-aae2-5ed5-b848-3d50aee38768', 'bf928db2-aae2-5ed5-b848-3d50aee38768', true, '2026-03-10 17:46:48.530126+00:00', false, false) ON CONFLICT (id) DO NOTHING;
INSERT INTO public.persona_personas_junction (persona_id, personas_id, active, created_at, generated, mcp) VALUES ('2b3000a1-cde6-588a-af3e-4bd63296f709', '2b3000a1-cde6-588a-af3e-4bd63296f709', true, '2026-03-10 17:46:48.530126+00:00', false, false) ON CONFLICT (id) DO NOTHING;
INSERT INTO public.persona_personas_junction (persona_id, personas_id, active, created_at, generated, mcp) VALUES ('f55438bb-2ae6-54f5-b184-2f3d4ec5d945', 'f55438bb-2ae6-54f5-b184-2f3d4ec5d945', true, '2026-03-10 17:46:48.530126+00:00', false, false) ON CONFLICT (id) DO NOTHING;
INSERT INTO public.persona_personas_junction (persona_id, personas_id, active, created_at, generated, mcp) VALUES ('79e71013-86d2-5ab4-adcd-5fa2456ada13', '79e71013-86d2-5ab4-adcd-5fa2456ada13', true, '2026-03-10 17:46:48.530126+00:00', false, false) ON CONFLICT (id) DO NOTHING;
INSERT INTO public.persona_personas_junction (persona_id, personas_id, active, created_at, generated, mcp) VALUES ('8b59e346-67f5-5359-9b70-18a57396355c', '8b59e346-67f5-5359-9b70-18a57396355c', true, '2026-03-10 17:46:48.530126+00:00', false, false) ON CONFLICT (id) DO NOTHING;
INSERT INTO public.persona_personas_junction (persona_id, personas_id, active, created_at, generated, mcp) VALUES ('5735b34a-ae21-57af-8da9-a69cd619567d', '5735b34a-ae21-57af-8da9-a69cd619567d', true, '2026-03-10 17:46:48.530126+00:00', false, false) ON CONFLICT (id) DO NOTHING;
INSERT INTO public.persona_personas_junction (persona_id, personas_id, active, created_at, generated, mcp) VALUES ('c95ab21f-76d1-5480-bbd7-a643328f219b', 'c95ab21f-76d1-5480-bbd7-a643328f219b', true, '2026-03-10 17:46:48.530126+00:00', false, false) ON CONFLICT (id) DO NOTHING;
INSERT INTO public.persona_personas_junction (persona_id, personas_id, active, created_at, generated, mcp) VALUES ('3a1d10e7-c45d-52dc-ae1e-8b6b01073702', '3a1d10e7-c45d-52dc-ae1e-8b6b01073702', true, '2026-03-10 17:46:48.530126+00:00', false, false) ON CONFLICT (id) DO NOTHING;

-- personas_resource
INSERT INTO public.personas_resource (created_at, active, generated, mcp, id, name, description, icon, color, department_ids, instructions, examples, parameter_field_ids) VALUES ('2026-03-10 17:46:48.496590+00:00', true, false, false, 'b733939f-a3c4-5042-b769-4a3338d4299d', 'Confused', 'Seeks to understand by asking questions and exploring ideas', 'HelpCircle', '#eab308', '{"a2b369c1-a81e-5e02-98d5-dd42af15ae4a"}', 'Your defining feature: a fundamental misunderstanding of the concept. You must stick to your wrong interpretation until the user corrects you. Mildly frustrated, but not angry. Say things like: "I thought it worked like ___? But maybe I''m wrong?" "Does it… have to do with ___? I''m honestly not sure." Become more confused when the user is vague. Only progress when the user explicitly states course terms tying to your last message.', '{I don't understand,Can you explain that again?,What does that mean?}', '{}') ON CONFLICT (id) DO NOTHING;
INSERT INTO public.personas_resource (created_at, active, generated, mcp, id, name, description, icon, color, department_ids, instructions, examples, parameter_field_ids) VALUES ('2026-03-10 17:46:48.503204+00:00', true, false, false, 'bf928db2-aae2-5ed5-b848-3d50aee38768', 'Happy', 'Provides uplifting feedback and cheerful responses.', 'SmilePlus', '#22c55e', '{"a2b369c1-a81e-5e02-98d5-dd42af15ae4a"}', 'Start cheerful, upbeat, enthusiastic. This happiness fades slightly when the user is vague. No solving — always ask for more info. Keep tone light and positive: "Yeah! I''m excited to figure this out, but I''m kinda lost here." "Can you explain that part with the ___ again? I''m not totally following." Normal college energy; not overly bubbly. If the user''s follow-up is vague → slight annoyance: "I''m not sure how to answer that… could you be more specific?"', '{That sounds great!,I'm excited to learn more,This is really helpful!}', '{}') ON CONFLICT (id) DO NOTHING;
INSERT INTO public.personas_resource (created_at, active, generated, mcp, id, name, description, icon, color, department_ids, instructions, examples, parameter_field_ids) VALUES ('2026-03-10 17:46:48.508703+00:00', true, false, false, '2b3000a1-cde6-588a-af3e-4bd63296f709', 'Passive', 'Low engagement and a tendency to avoid conflict or assertiveness.', 'Cloud', '#06b6d4', '{"a2b369c1-a81e-5e02-98d5-dd42af15ae4a"}', 'Quiet, apologetic, insecure. Often begins with "Uh…" or "Um…" (only at start of replies). Avoid initiative. If the user is vague → become even more withdrawn: "Um… I''m sorry, I don''t really know how to answer that." "Uh… I think I need a bit more detail." Never solve anything yourself. Only progress when: the user references course material AND connects it to your last statement. Stay soft-spoken even when you understand more.', '{I guess that could work,Maybe that's okay,I'm not sure}', '{}') ON CONFLICT (id) DO NOTHING;
INSERT INTO public.personas_resource (created_at, active, generated, mcp, id, name, description, icon, color, department_ids, instructions, examples, parameter_field_ids) VALUES ('2026-03-10 17:46:48.514301+00:00', true, false, false, 'f55438bb-2ae6-54f5-b184-2f3d4ec5d945', 'Aggressive (High)', 'Pushes back on your ideas and challenges assumptions, with high intensity.', 'Zap', '#ef4444', '{"a2b369c1-a81e-5e02-98d5-dd42af15ae4a"}', 'Start VERY aggressive, extremely frustrated, highly irritated. Use frequent WORDS IN ALL CAPS and many "!!!" and "??". Over time, become slightly calmer if the TA gives helpful guidance, but maintain high intensity. If told to calm down → tone drops moderately but remains intense. Very angry but not hostile — still wants to learn. Treat vague responses as EXTREMELY unhelpful. Push back VERY loudly: "That doesn''t HELP AT ALL!!!" "You''re NOT being SPECIFIC ENOUGH!!!" "I NEED MORE DETAILS!!!" Very angry but cooperative when guided with course terminology.', '{That's not right at all!,I disagree completely,You're wrong about this}', '{}') ON CONFLICT (id) DO NOTHING;
INSERT INTO public.personas_resource (created_at, active, generated, mcp, id, name, description, icon, color, department_ids, instructions, examples, parameter_field_ids) VALUES ('2026-03-10 17:46:48.517490+00:00', true, false, false, '79e71013-86d2-5ab4-adcd-5fa2456ada13', 'Aggressive (Medium)', 'Pushes back on your ideas and challenges assumptions.', 'Zap', '#ef4444', '{"a2b369c1-a81e-5e02-98d5-dd42af15ae4a"}', 'Start clearly aggressive, frustrated, irritated. Use occasional WORDS IN ALL CAPS and some "!!!". Over time, become calmer if the TA gives helpful guidance. If told to calm down → tone drops significantly. Angry but not hostile — still wants to learn. Treat vague responses as VERY unhelpful. Push back loudly: "That doesn''t HELP at all!!!" "You''re not being SPECIFIC enough!" Avoid weird lines like "Look, I''m not here to…" Angry but cooperative when guided with course terminology.', '{That's not right at all!,I disagree completely,You're wrong about this}', '{}') ON CONFLICT (id) DO NOTHING;
INSERT INTO public.personas_resource (created_at, active, generated, mcp, id, name, description, icon, color, department_ids, instructions, examples, parameter_field_ids) VALUES ('2026-03-10 17:46:48.520144+00:00', true, false, false, '8b59e346-67f5-5359-9b70-18a57396355c', 'Aggressive (Low)', 'Pushes back on your ideas and challenges assumptions, with milder intensity.', 'Zap', '#ef4444', '{"a2b369c1-a81e-5e02-98d5-dd42af15ae4a"}', 'Start mildly frustrated, slightly irritated. Use occasional emphasis but not ALL CAPS. Over time, become calmer if the TA gives helpful guidance. If told to calm down → tone drops significantly. Mildly frustrated but not hostile — still wants to learn. Treat vague responses as unhelpful. Push back gently: "That doesn''t help much..." "Could you be more specific?" Avoid aggressive lines. Mildly frustrated but cooperative when guided with course terminology.', '{That's not right at all!,I disagree completely,You're wrong about this}', '{}') ON CONFLICT (id) DO NOTHING;
INSERT INTO public.personas_resource (created_at, active, generated, mcp, id, name, description, icon, color, department_ids, instructions, examples, parameter_field_ids) VALUES ('2026-03-10 17:46:48.522834+00:00', true, false, false, '5735b34a-ae21-57af-8da9-a69cd619567d', 'Professor', 'Represents a faculty member perspective, providing guidance on academic policies and course expectations.', 'User', '#8b5cf6', '{"a2b369c1-a81e-5e02-98d5-dd42af15ae4a"}', '', '{Let me clarify the course policy on this matter,Based on the syllabus, here's what you need to know,I want to ensure you understand the academic integrity expectations}', '{}') ON CONFLICT (id) DO NOTHING;
INSERT INTO public.personas_resource (created_at, active, generated, mcp, id, name, description, icon, color, department_ids, instructions, examples, parameter_field_ids) VALUES ('2026-03-10 17:46:48.525618+00:00', true, false, false, 'c95ab21f-76d1-5480-bbd7-a643328f219b', 'Student', 'Represents a typical student perspective, asking questions and seeking clarification on course material and policies.', 'GraduationCap', '#3b82f6', '{"a2b369c1-a81e-5e02-98d5-dd42af15ae4a"}', '', '{Can you explain this concept again?,I'm not sure I understand the assignment requirements,What should I focus on for the exam?}', '{}') ON CONFLICT (id) DO NOTHING;
INSERT INTO public.personas_resource (created_at, active, generated, mcp, id, name, description, icon, color, department_ids, instructions, examples, parameter_field_ids) VALUES ('2026-03-10 17:46:48.528217+00:00', true, false, false, '3a1d10e7-c45d-52dc-ae1e-8b6b01073702', 'Instructional Staff', 'Represents teaching assistants and instructional support staff, helping students navigate course logistics and policies.', 'Users', '#10b981', '{"a2b369c1-a81e-5e02-98d5-dd42af15ae4a"}', '', '{I can help you understand how to submit your assignment,Let me walk you through the grading policy,Here's what you need to know about office hours}', '{}') ON CONFLICT (id) DO NOTHING;

-- problem_statements_resource
INSERT INTO public.problem_statements_resource (created_at, name, problem_statement, id, active, generated, mcp) VALUES ('2026-03-10 17:46:49.494925+00:00', 'A student is seen looking at another student''s exam paper during a test. The professor notices the behavior and must approach the student to discuss the violation, explain the consequences, and emphasize the importance of maintaining academic honesty.', 'A student is seen looking at another student''s exam paper during a test. The professor notices the behavior and must approach the student to discuss the violation, explain the consequences, and emphasize the importance of maintaining academic honesty.', '019cd8db-cd17-73de-b646-6e4a08873242', true, false, false) ON CONFLICT (id) DO NOTHING;
INSERT INTO public.problem_statements_resource (created_at, name, problem_statement, id, active, generated, mcp) VALUES ('2026-03-10 17:46:49.502245+00:00', 'An instructional staff member accidentally leaves a student''s grade sheet visible on their computer screen. A student notices the visible information and questions whether this violates FERPA. The staff member must quickly address the situation and explain the importance of protecting student privacy.', 'An instructional staff member accidentally leaves a student''s grade sheet visible on their computer screen. A student notices the visible information and questions whether this violates FERPA. The staff member must quickly address the situation and explain the importance of protecting student privacy.', '019cd8db-cd1e-742e-8023-8e9805658286', true, false, false) ON CONFLICT (id) DO NOTHING;
INSERT INTO public.problem_statements_resource (created_at, name, problem_statement, id, active, generated, mcp) VALUES ('2026-03-10 17:46:49.508707+00:00', 'A student approaches a professor''s office hours visibly upset about a grade. The student expresses frustration and concerns about the grading. The professor must listen attentively, acknowledge the student''s concerns, and offer to review the work together while providing constructive feedback.', 'A student approaches a professor''s office hours visibly upset about a grade. The student expresses frustration and concerns about the grading. The professor must listen attentively, acknowledge the student''s concerns, and offer to review the work together while providing constructive feedback.', '019cd8db-cd24-7b8d-9168-b022d36d7764', true, false, false) ON CONFLICT (id) DO NOTHING;

-- profile_artifact
INSERT INTO public.profile_artifact (updated_at, created_at, id, generated, mcp, active) VALUES ('2026-03-10 17:46:49.924582+00:00', '2025-08-12 12:52:09.564220+00:00', '019b3be4-36f0-785d-9d61-32eae65689ca', false, false, true) ON CONFLICT (id) DO NOTHING;
INSERT INTO public.profile_artifact (updated_at, created_at, id, generated, mcp, active) VALUES ('2026-03-10 17:46:49.928028+00:00', '2025-08-12 12:52:09.564220+00:00', '019b3be4-36f0-7eb3-bc4e-bcab772edd92', false, false, true) ON CONFLICT (id) DO NOTHING;
INSERT INTO public.profile_artifact (updated_at, created_at, id, generated, mcp, active) VALUES ('2026-03-10 17:46:49.931722+00:00', '2025-08-12 12:52:09.564220+00:00', '019b3be4-36f0-788c-9df2-481eb5917940', false, false, true) ON CONFLICT (id) DO NOTHING;

-- profile_departments_junction
INSERT INTO public.profile_departments_junction (created_at, active, departments_id, profile_id, generated, mcp) VALUES ('2026-03-10 17:46:49.672410+00:00', true, 'a2b369c1-a81e-5e02-98d5-dd42af15ae4a', '0110ff55-1c5c-5dfd-9eea-736b458bd349', false, false) ON CONFLICT (id) DO NOTHING;
INSERT INTO public.profile_departments_junction (created_at, active, departments_id, profile_id, generated, mcp) VALUES ('2026-03-10 17:46:49.672410+00:00', true, 'a2b369c1-a81e-5e02-98d5-dd42af15ae4a', 'eaf42b60-bca1-5970-8fc0-1db7f6fa9c8a', false, false) ON CONFLICT (id) DO NOTHING;
INSERT INTO public.profile_departments_junction (created_at, active, departments_id, profile_id, generated, mcp) VALUES ('2026-03-10 17:46:49.672410+00:00', true, 'a2b369c1-a81e-5e02-98d5-dd42af15ae4a', 'd2a08e26-fd2a-5b9f-9fc3-40f521049696', false, false) ON CONFLICT (id) DO NOTHING;
INSERT INTO public.profile_departments_junction (created_at, active, departments_id, profile_id, generated, mcp) VALUES ('2026-03-10 17:46:49.916435+00:00', true, 'a2b369c1-a81e-5e02-98d5-dd42af15ae4a', '019b3be4-36ef-7a5f-98ab-ccb879770be0', false, false) ON CONFLICT (id) DO NOTHING;
INSERT INTO public.profile_departments_junction (created_at, active, departments_id, profile_id, generated, mcp) VALUES ('2026-03-10 17:46:49.921362+00:00', true, 'a2b369c1-a81e-5e02-98d5-dd42af15ae4a', '019b3be4-36f0-792c-82d6-126664ed18b6', false, false) ON CONFLICT (id) DO NOTHING;
INSERT INTO public.profile_departments_junction (created_at, active, departments_id, profile_id, generated, mcp) VALUES ('2026-03-10 17:46:49.925062+00:00', true, 'a2b369c1-a81e-5e02-98d5-dd42af15ae4a', '019b3be4-36f0-785d-9d61-32eae65689ca', false, false) ON CONFLICT (id) DO NOTHING;
INSERT INTO public.profile_departments_junction (created_at, active, departments_id, profile_id, generated, mcp) VALUES ('2026-03-10 17:46:49.928510+00:00', true, 'a2b369c1-a81e-5e02-98d5-dd42af15ae4a', '019b3be4-36f0-7eb3-bc4e-bcab772edd92', false, false) ON CONFLICT (id) DO NOTHING;
INSERT INTO public.profile_departments_junction (created_at, active, departments_id, profile_id, generated, mcp) VALUES ('2026-03-10 17:46:49.932216+00:00', true, 'a2b369c1-a81e-5e02-98d5-dd42af15ae4a', '019b3be4-36f0-788c-9df2-481eb5917940', false, false) ON CONFLICT (id) DO NOTHING;

-- profile_emails_junction
INSERT INTO public.profile_emails_junction (email, active, created_at, profile_id, emails_id, generated, mcp) VALUES ('default-admin@university.edu', true, '2026-03-10 17:46:49.917666+00:00', '019b3be4-36ef-7a5f-98ab-ccb879770be0', '019cd8db-ceb9-742a-bb9f-b0abd30e643b', false, false) ON CONFLICT (id) DO NOTHING;
INSERT INTO public.profile_emails_junction (email, active, created_at, profile_id, emails_id, generated, mcp) VALUES ('default-guest@university.edu', true, '2026-03-10 17:46:49.922158+00:00', '019b3be4-36f0-792c-82d6-126664ed18b6', '019cd8db-cebe-796d-b726-36c998590739', false, false) ON CONFLICT (id) DO NOTHING;
INSERT INTO public.profile_emails_junction (email, active, created_at, profile_id, emails_id, generated, mcp) VALUES ('default-instructional@university.edu', true, '2026-03-10 17:46:49.925809+00:00', '019b3be4-36f0-785d-9d61-32eae65689ca', '019cd8db-cec2-7cc2-9be0-4add310ccbdc', false, false) ON CONFLICT (id) DO NOTHING;
INSERT INTO public.profile_emails_junction (email, active, created_at, profile_id, emails_id, generated, mcp) VALUES ('default-member@university.edu', true, '2026-03-10 17:46:49.929255+00:00', '019b3be4-36f0-7eb3-bc4e-bcab772edd92', '019cd8db-cec6-75d4-9962-cc2ee16112f8', false, false) ON CONFLICT (id) DO NOTHING;
INSERT INTO public.profile_emails_junction (email, active, created_at, profile_id, emails_id, generated, mcp) VALUES ('default-superadmin@university.edu', true, '2026-03-10 17:46:49.932998+00:00', '019b3be4-36f0-788c-9df2-481eb5917940', '019cd8db-cec9-7e9b-9239-81288abae089', false, false) ON CONFLICT (id) DO NOTHING;

-- profile_names_junction
INSERT INTO public.profile_names_junction (profile_id, names_id, created_at, generated, mcp, active) VALUES ('0110ff55-1c5c-5dfd-9eea-736b458bd349', '019cd8db-cdc3-7ae3-96a4-9f692717f716', '2026-03-10 17:46:49.672410+00:00', false, false, true) ON CONFLICT (id) DO NOTHING;
INSERT INTO public.profile_names_junction (profile_id, names_id, created_at, generated, mcp, active) VALUES ('eaf42b60-bca1-5970-8fc0-1db7f6fa9c8a', '019cd8db-cdc5-74dd-8eb3-084b442373e0', '2026-03-10 17:46:49.672410+00:00', false, false, true) ON CONFLICT (id) DO NOTHING;
INSERT INTO public.profile_names_junction (profile_id, names_id, created_at, generated, mcp, active) VALUES ('d2a08e26-fd2a-5b9f-9fc3-40f521049696', '019cd8db-cdc6-7b07-8f4f-3add92fabe9e', '2026-03-10 17:46:49.672410+00:00', false, false, true) ON CONFLICT (id) DO NOTHING;

-- profile_profiles_junction
INSERT INTO public.profile_profiles_junction (profile_id, profiles_id, active, created_at, generated, mcp) VALUES ('0110ff55-1c5c-5dfd-9eea-736b458bd349', '0110ff55-1c5c-5dfd-9eea-736b458bd349', true, '2026-03-10 17:46:49.672410+00:00', false, false) ON CONFLICT (id) DO NOTHING;
INSERT INTO public.profile_profiles_junction (profile_id, profiles_id, active, created_at, generated, mcp) VALUES ('eaf42b60-bca1-5970-8fc0-1db7f6fa9c8a', 'eaf42b60-bca1-5970-8fc0-1db7f6fa9c8a', true, '2026-03-10 17:46:49.672410+00:00', false, false) ON CONFLICT (id) DO NOTHING;
INSERT INTO public.profile_profiles_junction (profile_id, profiles_id, active, created_at, generated, mcp) VALUES ('d2a08e26-fd2a-5b9f-9fc3-40f521049696', 'd2a08e26-fd2a-5b9f-9fc3-40f521049696', true, '2026-03-10 17:46:49.672410+00:00', false, false) ON CONFLICT (id) DO NOTHING;

-- profile_roles_junction
INSERT INTO public.profile_roles_junction (profile_id, roles_id, created_at, generated, mcp, active) VALUES ('0110ff55-1c5c-5dfd-9eea-736b458bd349', '019bbabc-5a36-76d3-8fc3-8415fe308cd3', '2026-03-10 17:46:49.672410+00:00', false, false, true) ON CONFLICT (id) DO NOTHING;
INSERT INTO public.profile_roles_junction (profile_id, roles_id, created_at, generated, mcp, active) VALUES ('eaf42b60-bca1-5970-8fc0-1db7f6fa9c8a', '019bbabc-5a3b-741e-bad3-474cc6c05fd6', '2026-03-10 17:46:49.672410+00:00', false, false, true) ON CONFLICT (id) DO NOTHING;
INSERT INTO public.profile_roles_junction (profile_id, roles_id, created_at, generated, mcp, active) VALUES ('d2a08e26-fd2a-5b9f-9fc3-40f521049696', '019bbabc-5a3b-741e-bad3-474cc6c05fd6', '2026-03-10 17:46:49.672410+00:00', false, false, true) ON CONFLICT (id) DO NOTHING;

-- profiles_resource
INSERT INTO public.profiles_resource (last_login, created_at, role, active, generated, mcp, id, name, description, department_ids, role_id, emails, primary_email, requests_per_day) VALUES ('2026-03-10 17:46:49.672410+00:00', '2026-03-10 17:46:49.672410+00:00', 'guest', true, false, false, '0110ff55-1c5c-5dfd-9eea-736b458bd349', 'University Admin', '', '{}', NULL, '{}', NULL, NULL) ON CONFLICT (id) DO NOTHING;
INSERT INTO public.profiles_resource (last_login, created_at, role, active, generated, mcp, id, name, description, department_ids, role_id, emails, primary_email, requests_per_day) VALUES ('2026-03-10 17:46:49.672410+00:00', '2026-03-10 17:46:49.672410+00:00', 'guest', true, false, false, 'eaf42b60-bca1-5970-8fc0-1db7f6fa9c8a', 'Professor Smith', '', '{}', NULL, '{}', NULL, NULL) ON CONFLICT (id) DO NOTHING;
INSERT INTO public.profiles_resource (last_login, created_at, role, active, generated, mcp, id, name, description, department_ids, role_id, emails, primary_email, requests_per_day) VALUES ('2026-03-10 17:46:49.672410+00:00', '2026-03-10 17:46:49.672410+00:00', 'guest', true, false, false, 'd2a08e26-fd2a-5b9f-9fc3-40f521049696', 'TA Johnson', '', '{}', NULL, '{}', NULL, NULL) ON CONFLICT (id) DO NOTHING;

-- profiles_sessions_connection
INSERT INTO public.profiles_sessions_connection (profiles_id, session_id, created_at, generated, mcp, active) VALUES ('eaf42b60-bca1-5970-8fc0-1db7f6fa9c8a', '019cd8db-ce01-7488-88ff-b4b8f8f36fa2', '2026-03-10 17:46:49.729759+00:00', false, false, true) ON CONFLICT (id) DO NOTHING;
INSERT INTO public.profiles_sessions_connection (profiles_id, session_id, created_at, generated, mcp, active) VALUES ('d2a08e26-fd2a-5b9f-9fc3-40f521049696', '019cd8db-ce0b-7fa6-a056-a9e4b8d4ff12', '2026-03-10 17:46:49.740212+00:00', false, false, true) ON CONFLICT (id) DO NOTHING;
INSERT INTO public.profiles_sessions_connection (profiles_id, session_id, created_at, generated, mcp, active) VALUES ('0110ff55-1c5c-5dfd-9eea-736b458bd349', '019cd8db-ce19-7b16-9ab1-4cc85cbacc4f', '2026-03-10 17:46:49.754053+00:00', false, false, true) ON CONFLICT (id) DO NOTHING;
INSERT INTO public.profiles_sessions_connection (profiles_id, session_id, created_at, generated, mcp, active) VALUES ('eaf42b60-bca1-5970-8fc0-1db7f6fa9c8a', '019cd8db-ce21-722d-bc9d-5e5af1572917', '2026-03-10 17:46:49.761386+00:00', false, false, true) ON CONFLICT (id) DO NOTHING;
INSERT INTO public.profiles_sessions_connection (profiles_id, session_id, created_at, generated, mcp, active) VALUES ('d2a08e26-fd2a-5b9f-9fc3-40f521049696', '019cd8db-ce26-7257-828b-b19264801a5b', '2026-03-10 17:46:49.766425+00:00', false, false, true) ON CONFLICT (id) DO NOTHING;

-- questions_resource
INSERT INTO public.questions_resource (created_at, question_text, allow_multiple, active, id, time, generated, mcp) VALUES ('2026-03-10 17:46:49.403071+00:00', 'What is the appropriate first step when you observe a potential academic integrity violation?', false, true, 'a22a9c37-f58e-5c8e-b30b-197de380e77e', 60, false, false) ON CONFLICT (id) DO NOTHING;
INSERT INTO public.questions_resource (created_at, question_text, allow_multiple, active, id, time, generated, mcp) VALUES ('2026-03-10 17:46:49.405488+00:00', 'Which of the following is an appropriate consequence for a first-time academic integrity offense?', false, true, '5a216049-5b86-52e1-ba47-52c62824ce00', 60, false, false) ON CONFLICT (id) DO NOTHING;
INSERT INTO public.questions_resource (created_at, question_text, allow_multiple, active, id, time, generated, mcp) VALUES ('2026-03-10 17:46:49.407251+00:00', 'What does FERPA protect?', false, true, '9d94caec-c34b-5cf2-a1cb-4c594c2bf362', 45, false, false) ON CONFLICT (id) DO NOTHING;
INSERT INTO public.questions_resource (created_at, question_text, allow_multiple, active, id, time, generated, mcp) VALUES ('2026-03-10 17:46:49.408969+00:00', 'Which of the following scenarios constitutes a FERPA violation?', false, true, 'bbca2b24-2200-5624-893f-c34114b7f738', 60, false, false) ON CONFLICT (id) DO NOTHING;
INSERT INTO public.questions_resource (created_at, question_text, allow_multiple, active, id, time, generated, mcp) VALUES ('2026-03-10 17:46:49.410643+00:00', 'A student arrives at your office visibly upset about a grade. What should your first response be?', false, true, '1b10da3d-ed8e-531a-8c75-a80143b8eed9', 60, false, false) ON CONFLICT (id) DO NOTHING;
INSERT INTO public.questions_resource (created_at, question_text, allow_multiple, active, id, time, generated, mcp) VALUES ('2026-03-10 17:46:49.412321+00:00', 'Which de-escalation technique is most appropriate when a student raises their voice?', false, true, '80aa06b1-f6f1-556c-adc5-f5297628a832', 60, false, false) ON CONFLICT (id) DO NOTHING;

-- rubric_artifact
INSERT INTO public.rubric_artifact (created_at, updated_at, id, generated, mcp, active) VALUES ('2026-03-10 17:46:48.633297+00:00', '2026-03-10 17:46:48.633297+00:00', 'a0f0130d-75eb-524e-8961-34c0d1be8d8b', false, false, true) ON CONFLICT (id) DO NOTHING;
INSERT INTO public.rubric_artifact (created_at, updated_at, id, generated, mcp, active) VALUES ('2026-03-10 17:46:48.806336+00:00', '2026-03-10 17:46:48.806336+00:00', 'ccc23264-66a6-5f39-a4ef-b47bcb417da7', false, false, true) ON CONFLICT (id) DO NOTHING;
INSERT INTO public.rubric_artifact (created_at, updated_at, id, generated, mcp, active) VALUES ('2026-03-10 17:46:48.814082+00:00', '2026-03-10 17:46:48.814082+00:00', '151bd5e8-cdbf-59d8-a419-3856d4a47d7c', false, false, true) ON CONFLICT (id) DO NOTHING;

-- rubric_departments_junction
INSERT INTO public.rubric_departments_junction (active, created_at, departments_id, rubric_id, generated, mcp) VALUES (true, '2026-03-10 17:46:48.633297+00:00', 'a2b369c1-a81e-5e02-98d5-dd42af15ae4a', 'a0f0130d-75eb-524e-8961-34c0d1be8d8b', false, false) ON CONFLICT (id) DO NOTHING;
INSERT INTO public.rubric_departments_junction (active, created_at, departments_id, rubric_id, generated, mcp) VALUES (true, '2026-03-10 17:46:48.806336+00:00', 'a2b369c1-a81e-5e02-98d5-dd42af15ae4a', 'ccc23264-66a6-5f39-a4ef-b47bcb417da7', false, false) ON CONFLICT (id) DO NOTHING;
INSERT INTO public.rubric_departments_junction (active, created_at, departments_id, rubric_id, generated, mcp) VALUES (true, '2026-03-10 17:46:48.814082+00:00', 'a2b369c1-a81e-5e02-98d5-dd42af15ae4a', '151bd5e8-cdbf-59d8-a419-3856d4a47d7c', false, false) ON CONFLICT (id) DO NOTHING;

-- rubric_descriptions_junction
INSERT INTO public.rubric_descriptions_junction (rubric_id, descriptions_id, created_at, generated, mcp, active) VALUES ('a0f0130d-75eb-524e-8961-34c0d1be8d8b', '019cd8db-c97d-773a-b51e-fb52bcdb7b93', '2026-03-10 17:46:48.633297+00:00', false, false, true) ON CONFLICT (id) DO NOTHING;
INSERT INTO public.rubric_descriptions_junction (rubric_id, descriptions_id, created_at, generated, mcp, active) VALUES ('ccc23264-66a6-5f39-a4ef-b47bcb417da7', '019cd8db-c985-7f2c-9abd-f27a5748fa20', '2026-03-10 17:46:48.806336+00:00', false, false, true) ON CONFLICT (id) DO NOTHING;
INSERT INTO public.rubric_descriptions_junction (rubric_id, descriptions_id, created_at, generated, mcp, active) VALUES ('151bd5e8-cdbf-59d8-a419-3856d4a47d7c', '019cd8db-c995-7fe4-a2c1-198afb46d342', '2026-03-10 17:46:48.814082+00:00', false, false, true) ON CONFLICT (id) DO NOTHING;

-- rubric_flags_junction
INSERT INTO public.rubric_flags_junction (rubric_id, flags_id, created_at, generated, mcp, active) VALUES ('a0f0130d-75eb-524e-8961-34c0d1be8d8b', '019be334-bfc5-7dbf-aefd-d61c2e8eebc1', '2026-03-10 17:46:48.633297+00:00', false, false, true) ON CONFLICT (id) DO NOTHING;
INSERT INTO public.rubric_flags_junction (rubric_id, flags_id, created_at, generated, mcp, active) VALUES ('ccc23264-66a6-5f39-a4ef-b47bcb417da7', '019be334-bfc5-7dbf-aefd-d61c2e8eebc1', '2026-03-10 17:46:48.806336+00:00', false, false, true) ON CONFLICT (id) DO NOTHING;
INSERT INTO public.rubric_flags_junction (rubric_id, flags_id, created_at, generated, mcp, active) VALUES ('151bd5e8-cdbf-59d8-a419-3856d4a47d7c', '019be334-bfc5-7dbf-aefd-d61c2e8eebc1', '2026-03-10 17:46:48.814082+00:00', false, false, true) ON CONFLICT (id) DO NOTHING;

-- rubric_names_junction
INSERT INTO public.rubric_names_junction (rubric_id, names_id, created_at, generated, mcp, active) VALUES ('a0f0130d-75eb-524e-8961-34c0d1be8d8b', '019cd8db-c97b-79dc-95ce-fefc6c0b2177', '2026-03-10 17:46:48.633297+00:00', false, false, true) ON CONFLICT (id) DO NOTHING;
INSERT INTO public.rubric_names_junction (rubric_id, names_id, created_at, generated, mcp, active) VALUES ('ccc23264-66a6-5f39-a4ef-b47bcb417da7', '019cd8db-c983-7ed1-9975-c43de0335fa8', '2026-03-10 17:46:48.806336+00:00', false, false, true) ON CONFLICT (id) DO NOTHING;
INSERT INTO public.rubric_names_junction (rubric_id, names_id, created_at, generated, mcp, active) VALUES ('151bd5e8-cdbf-59d8-a419-3856d4a47d7c', '019cd8db-c98d-71d6-98dd-3c035838b350', '2026-03-10 17:46:48.814082+00:00', false, false, true) ON CONFLICT (id) DO NOTHING;

-- rubric_rubrics_junction
INSERT INTO public.rubric_rubrics_junction (rubric_id, rubrics_id, active, created_at, generated, mcp) VALUES ('a0f0130d-75eb-524e-8961-34c0d1be8d8b', 'a0f0130d-75eb-524e-8961-34c0d1be8d8b', true, '2026-03-10 17:46:48.633297+00:00', false, false) ON CONFLICT (id) DO NOTHING;
INSERT INTO public.rubric_rubrics_junction (rubric_id, rubrics_id, active, created_at, generated, mcp) VALUES ('ccc23264-66a6-5f39-a4ef-b47bcb417da7', 'ccc23264-66a6-5f39-a4ef-b47bcb417da7', true, '2026-03-10 17:46:48.806336+00:00', false, false) ON CONFLICT (id) DO NOTHING;
INSERT INTO public.rubric_rubrics_junction (rubric_id, rubrics_id, active, created_at, generated, mcp) VALUES ('151bd5e8-cdbf-59d8-a419-3856d4a47d7c', '151bd5e8-cdbf-59d8-a419-3856d4a47d7c', true, '2026-03-10 17:46:48.814082+00:00', false, false) ON CONFLICT (id) DO NOTHING;

-- rubrics_resource
INSERT INTO public.rubrics_resource (created_at, active, generated, mcp, id, name, description, department_ids, total_points, pass_points, simulation_rubric, video_rubric, standard_group_ids) VALUES ('2026-03-10 17:46:48.620821+00:00', true, false, false, 'a0f0130d-75eb-524e-8961-34c0d1be8d8b', 'Communication Skills', 'Evaluates clarity of explanations, active listening techniques, and empathy demonstrated during student interactions. Assesses whether the trainee adapts language to the student''s level of understanding and confirms comprehension before moving on.', '{}', 0, 0, false, false, '{}') ON CONFLICT (id) DO NOTHING;
INSERT INTO public.rubrics_resource (created_at, active, generated, mcp, id, name, description, department_ids, total_points, pass_points, simulation_rubric, video_rubric, standard_group_ids) VALUES ('2026-03-10 17:46:48.764067+00:00', true, false, false, 'ccc23264-66a6-5f39-a4ef-b47bcb417da7', 'Policy Knowledge', 'Evaluates accuracy of policy citations, proper procedure following, and ability to direct students to the correct institutional resources. Assesses whether the trainee references official guidelines rather than personal opinion when advising on academic policies.', '{}', 0, 0, false, false, '{}') ON CONFLICT (id) DO NOTHING;
INSERT INTO public.rubrics_resource (created_at, active, generated, mcp, id, name, description, department_ids, total_points, pass_points, simulation_rubric, video_rubric, standard_group_ids) VALUES ('2026-03-10 17:46:48.812103+00:00', true, false, false, '151bd5e8-cdbf-59d8-a419-3856d4a47d7c', 'De-escalation', 'Evaluates conflict resolution approach, emotional regulation, and problem-solving under pressure. Assesses whether the trainee acknowledges the student''s frustration, maintains a calm and professional tone, and guides the conversation toward a constructive resolution.', '{}', 0, 0, false, false, '{}') ON CONFLICT (id) DO NOTHING;

-- scenario_artifact
INSERT INTO public.scenario_artifact (created_at, updated_at, id, generated, mcp, active) VALUES ('2026-03-10 17:46:49.515504+00:00', '2026-03-10 17:46:49.515504+00:00', '91aae48d-df47-51ec-b6a9-88844d18fe9b', false, false, true) ON CONFLICT (id) DO NOTHING;
INSERT INTO public.scenario_artifact (created_at, updated_at, id, generated, mcp, active) VALUES ('2026-03-10 17:46:49.522841+00:00', '2026-03-10 17:46:49.522841+00:00', '2df29dfb-3b82-53bb-829a-297f9b16931d', false, false, true) ON CONFLICT (id) DO NOTHING;
INSERT INTO public.scenario_artifact (created_at, updated_at, id, generated, mcp, active) VALUES ('2026-03-10 17:46:49.529183+00:00', '2026-03-10 17:46:49.529183+00:00', 'eb6b7f33-64ac-5916-9539-86579e559080', false, false, true) ON CONFLICT (id) DO NOTHING;
INSERT INTO public.scenario_artifact (created_at, updated_at, id, generated, mcp, active) VALUES ('2026-03-10 17:46:49.533982+00:00', '2026-03-10 17:46:49.533982+00:00', '85d76e69-3e3e-5111-8f61-0d006476401e', false, false, true) ON CONFLICT (id) DO NOTHING;
INSERT INTO public.scenario_artifact (created_at, updated_at, id, generated, mcp, active) VALUES ('2026-03-10 17:46:49.538261+00:00', '2026-03-10 17:46:49.538261+00:00', '6182f416-bc0c-5e7b-9d50-accc70ce153f', false, false, true) ON CONFLICT (id) DO NOTHING;
INSERT INTO public.scenario_artifact (created_at, updated_at, id, generated, mcp, active) VALUES ('2026-03-10 17:46:49.542433+00:00', '2026-03-10 17:46:49.542433+00:00', '5858e6bd-be9d-53ae-8248-901bd46aa94d', false, false, true) ON CONFLICT (id) DO NOTHING;
INSERT INTO public.scenario_artifact (created_at, updated_at, id, generated, mcp, active) VALUES ('2026-03-10 17:46:49.550655+00:00', '2026-03-10 17:46:49.550655+00:00', '0bf203d5-3a53-5925-af86-9f5f7907c08c', false, false, true) ON CONFLICT (id) DO NOTHING;
INSERT INTO public.scenario_artifact (created_at, updated_at, id, generated, mcp, active) VALUES ('2026-03-10 17:46:49.558209+00:00', '2026-03-10 17:46:49.558209+00:00', '54d758d4-7150-5ea7-98f8-2593c1422d4d', false, false, true) ON CONFLICT (id) DO NOTHING;

-- scenario_departments_junction
INSERT INTO public.scenario_departments_junction (active, created_at, departments_id, scenario_id, generated, mcp) VALUES (true, '2026-03-10 17:46:49.515504+00:00', 'a2b369c1-a81e-5e02-98d5-dd42af15ae4a', '91aae48d-df47-51ec-b6a9-88844d18fe9b', false, false) ON CONFLICT (id) DO NOTHING;
INSERT INTO public.scenario_departments_junction (active, created_at, departments_id, scenario_id, generated, mcp) VALUES (true, '2026-03-10 17:46:49.522841+00:00', 'a2b369c1-a81e-5e02-98d5-dd42af15ae4a', '2df29dfb-3b82-53bb-829a-297f9b16931d', false, false) ON CONFLICT (id) DO NOTHING;
INSERT INTO public.scenario_departments_junction (active, created_at, departments_id, scenario_id, generated, mcp) VALUES (true, '2026-03-10 17:46:49.529183+00:00', 'a2b369c1-a81e-5e02-98d5-dd42af15ae4a', 'eb6b7f33-64ac-5916-9539-86579e559080', false, false) ON CONFLICT (id) DO NOTHING;
INSERT INTO public.scenario_departments_junction (active, created_at, departments_id, scenario_id, generated, mcp) VALUES (true, '2026-03-10 17:46:49.533982+00:00', 'a2b369c1-a81e-5e02-98d5-dd42af15ae4a', '85d76e69-3e3e-5111-8f61-0d006476401e', false, false) ON CONFLICT (id) DO NOTHING;
INSERT INTO public.scenario_departments_junction (active, created_at, departments_id, scenario_id, generated, mcp) VALUES (true, '2026-03-10 17:46:49.538261+00:00', 'a2b369c1-a81e-5e02-98d5-dd42af15ae4a', '6182f416-bc0c-5e7b-9d50-accc70ce153f', false, false) ON CONFLICT (id) DO NOTHING;
INSERT INTO public.scenario_departments_junction (active, created_at, departments_id, scenario_id, generated, mcp) VALUES (true, '2026-03-10 17:46:49.542433+00:00', 'a2b369c1-a81e-5e02-98d5-dd42af15ae4a', '5858e6bd-be9d-53ae-8248-901bd46aa94d', false, false) ON CONFLICT (id) DO NOTHING;
INSERT INTO public.scenario_departments_junction (active, created_at, departments_id, scenario_id, generated, mcp) VALUES (true, '2026-03-10 17:46:49.550655+00:00', 'a2b369c1-a81e-5e02-98d5-dd42af15ae4a', '0bf203d5-3a53-5925-af86-9f5f7907c08c', false, false) ON CONFLICT (id) DO NOTHING;
INSERT INTO public.scenario_departments_junction (active, created_at, departments_id, scenario_id, generated, mcp) VALUES (true, '2026-03-10 17:46:49.558209+00:00', 'a2b369c1-a81e-5e02-98d5-dd42af15ae4a', '54d758d4-7150-5ea7-98f8-2593c1422d4d', false, false) ON CONFLICT (id) DO NOTHING;

-- scenario_descriptions_junction
INSERT INTO public.scenario_descriptions_junction (scenario_id, descriptions_id, created_at, generated, mcp, active) VALUES ('91aae48d-df47-51ec-b6a9-88844d18fe9b', '019cd8db-ccfb-7c93-97ae-bdeaaf1b6e32', '2026-03-10 17:46:49.515504+00:00', false, false, true) ON CONFLICT (id) DO NOTHING;
INSERT INTO public.scenario_descriptions_junction (scenario_id, descriptions_id, created_at, generated, mcp, active) VALUES ('2df29dfb-3b82-53bb-829a-297f9b16931d', '019cd8db-cd00-7d44-afa2-2b0338f67d56', '2026-03-10 17:46:49.522841+00:00', false, false, true) ON CONFLICT (id) DO NOTHING;
INSERT INTO public.scenario_descriptions_junction (scenario_id, descriptions_id, created_at, generated, mcp, active) VALUES ('eb6b7f33-64ac-5916-9539-86579e559080', '019cd8db-cd05-7d89-8f53-90e8ae3bc42c', '2026-03-10 17:46:49.529183+00:00', false, false, true) ON CONFLICT (id) DO NOTHING;
INSERT INTO public.scenario_descriptions_junction (scenario_id, descriptions_id, created_at, generated, mcp, active) VALUES ('85d76e69-3e3e-5111-8f61-0d006476401e', '019cd8db-cd0b-71e9-ac74-152a9ef2670a', '2026-03-10 17:46:49.533982+00:00', false, false, true) ON CONFLICT (id) DO NOTHING;
INSERT INTO public.scenario_descriptions_junction (scenario_id, descriptions_id, created_at, generated, mcp, active) VALUES ('6182f416-bc0c-5e7b-9d50-accc70ce153f', '019cd8db-cd10-72f4-abcc-f705c64e9aee', '2026-03-10 17:46:49.538261+00:00', false, false, true) ON CONFLICT (id) DO NOTHING;
INSERT INTO public.scenario_descriptions_junction (scenario_id, descriptions_id, created_at, generated, mcp, active) VALUES ('5858e6bd-be9d-53ae-8248-901bd46aa94d', '019cd8db-cd15-7754-b112-e60e7badc0eb', '2026-03-10 17:46:49.542433+00:00', false, false, true) ON CONFLICT (id) DO NOTHING;
INSERT INTO public.scenario_descriptions_junction (scenario_id, descriptions_id, created_at, generated, mcp, active) VALUES ('0bf203d5-3a53-5925-af86-9f5f7907c08c', '019cd8db-cd1c-7e38-a4ec-789ee5311d91', '2026-03-10 17:46:49.550655+00:00', false, false, true) ON CONFLICT (id) DO NOTHING;
INSERT INTO public.scenario_descriptions_junction (scenario_id, descriptions_id, created_at, generated, mcp, active) VALUES ('54d758d4-7150-5ea7-98f8-2593c1422d4d', '019cd8db-cd23-748a-9d76-0fa4f386a33d', '2026-03-10 17:46:49.558209+00:00', false, false, true) ON CONFLICT (id) DO NOTHING;

-- scenario_documents_junction
INSERT INTO public.scenario_documents_junction (active, created_at, documents_id, scenario_id, generated, mcp) VALUES (true, '2026-03-10 17:46:49.542433+00:00', '6db02639-8cab-52e6-b4ba-6ff17adbdbea', '5858e6bd-be9d-53ae-8248-901bd46aa94d', false, false) ON CONFLICT (id) DO NOTHING;
INSERT INTO public.scenario_documents_junction (active, created_at, documents_id, scenario_id, generated, mcp) VALUES (true, '2026-03-10 17:46:49.550655+00:00', '7d484920-1494-55e3-93d9-8698a3b5f719', '0bf203d5-3a53-5925-af86-9f5f7907c08c', false, false) ON CONFLICT (id) DO NOTHING;

-- scenario_flags_junction
INSERT INTO public.scenario_flags_junction (scenario_id, flags_id, created_at, generated, mcp, active) VALUES ('91aae48d-df47-51ec-b6a9-88844d18fe9b', '019be334-bfc3-7423-93ff-cc162b6984e9', '2026-03-10 17:46:49.515504+00:00', false, false, true) ON CONFLICT (id) DO NOTHING;
INSERT INTO public.scenario_flags_junction (scenario_id, flags_id, created_at, generated, mcp, active) VALUES ('2df29dfb-3b82-53bb-829a-297f9b16931d', '019be334-bfc3-7423-93ff-cc162b6984e9', '2026-03-10 17:46:49.522841+00:00', false, false, true) ON CONFLICT (id) DO NOTHING;
INSERT INTO public.scenario_flags_junction (scenario_id, flags_id, created_at, generated, mcp, active) VALUES ('eb6b7f33-64ac-5916-9539-86579e559080', '019be334-bfc3-7423-93ff-cc162b6984e9', '2026-03-10 17:46:49.529183+00:00', false, false, true) ON CONFLICT (id) DO NOTHING;
INSERT INTO public.scenario_flags_junction (scenario_id, flags_id, created_at, generated, mcp, active) VALUES ('85d76e69-3e3e-5111-8f61-0d006476401e', '019be334-bfc3-7423-93ff-cc162b6984e9', '2026-03-10 17:46:49.533982+00:00', false, false, true) ON CONFLICT (id) DO NOTHING;
INSERT INTO public.scenario_flags_junction (scenario_id, flags_id, created_at, generated, mcp, active) VALUES ('6182f416-bc0c-5e7b-9d50-accc70ce153f', '019be334-bfc3-7423-93ff-cc162b6984e9', '2026-03-10 17:46:49.538261+00:00', false, false, true) ON CONFLICT (id) DO NOTHING;
INSERT INTO public.scenario_flags_junction (scenario_id, flags_id, created_at, generated, mcp, active) VALUES ('5858e6bd-be9d-53ae-8248-901bd46aa94d', '019be334-bfc3-7423-93ff-cc162b6984e9', '2026-03-10 17:46:49.542433+00:00', false, false, true) ON CONFLICT (id) DO NOTHING;
INSERT INTO public.scenario_flags_junction (scenario_id, flags_id, created_at, generated, mcp, active) VALUES ('0bf203d5-3a53-5925-af86-9f5f7907c08c', '019be334-bfc3-7423-93ff-cc162b6984e9', '2026-03-10 17:46:49.550655+00:00', false, false, true) ON CONFLICT (id) DO NOTHING;
INSERT INTO public.scenario_flags_junction (scenario_id, flags_id, created_at, generated, mcp, active) VALUES ('54d758d4-7150-5ea7-98f8-2593c1422d4d', '019be334-bfc3-7423-93ff-cc162b6984e9', '2026-03-10 17:46:49.558209+00:00', false, false, true) ON CONFLICT (id) DO NOTHING;

-- scenario_names_junction
INSERT INTO public.scenario_names_junction (scenario_id, names_id, created_at, generated, mcp, active) VALUES ('91aae48d-df47-51ec-b6a9-88844d18fe9b', '019cd8db-ccfa-72da-a57a-50dc8d9ca4a5', '2026-03-10 17:46:49.515504+00:00', false, false, true) ON CONFLICT (id) DO NOTHING;
INSERT INTO public.scenario_names_junction (scenario_id, names_id, created_at, generated, mcp, active) VALUES ('2df29dfb-3b82-53bb-829a-297f9b16931d', '019cd8db-ccff-76aa-be1b-398f3a6c3daf', '2026-03-10 17:46:49.522841+00:00', false, false, true) ON CONFLICT (id) DO NOTHING;
INSERT INTO public.scenario_names_junction (scenario_id, names_id, created_at, generated, mcp, active) VALUES ('eb6b7f33-64ac-5916-9539-86579e559080', '019cd8db-cd04-761a-8f9b-a5ea0e4270c6', '2026-03-10 17:46:49.529183+00:00', false, false, true) ON CONFLICT (id) DO NOTHING;
INSERT INTO public.scenario_names_junction (scenario_id, names_id, created_at, generated, mcp, active) VALUES ('85d76e69-3e3e-5111-8f61-0d006476401e', '019cd8db-cd09-79f0-81f2-f1a5a4f52d22', '2026-03-10 17:46:49.533982+00:00', false, false, true) ON CONFLICT (id) DO NOTHING;
INSERT INTO public.scenario_names_junction (scenario_id, names_id, created_at, generated, mcp, active) VALUES ('6182f416-bc0c-5e7b-9d50-accc70ce153f', '019cd8db-cd0e-7ab0-8b21-da315034417e', '2026-03-10 17:46:49.538261+00:00', false, false, true) ON CONFLICT (id) DO NOTHING;
INSERT INTO public.scenario_names_junction (scenario_id, names_id, created_at, generated, mcp, active) VALUES ('5858e6bd-be9d-53ae-8248-901bd46aa94d', '019cd8db-cd13-7e3f-9818-0d7cd055ccae', '2026-03-10 17:46:49.542433+00:00', false, false, true) ON CONFLICT (id) DO NOTHING;
INSERT INTO public.scenario_names_junction (scenario_id, names_id, created_at, generated, mcp, active) VALUES ('0bf203d5-3a53-5925-af86-9f5f7907c08c', '019cd8db-cd1b-770e-9b28-e4fc14dcd64a', '2026-03-10 17:46:49.550655+00:00', false, false, true) ON CONFLICT (id) DO NOTHING;
INSERT INTO public.scenario_names_junction (scenario_id, names_id, created_at, generated, mcp, active) VALUES ('54d758d4-7150-5ea7-98f8-2593c1422d4d', '019cd8db-cd21-7d3c-bb4e-9c2cf3dcf830', '2026-03-10 17:46:49.558209+00:00', false, false, true) ON CONFLICT (id) DO NOTHING;

-- scenario_objectives_junction
INSERT INTO public.scenario_objectives_junction (created_at, objectives_id, scenario_id, generated, mcp, active) VALUES ('2026-03-10 17:46:49.542433+00:00', '8a16e433-77cf-5f6f-8cd2-b9b6c450652d', '5858e6bd-be9d-53ae-8248-901bd46aa94d', false, false, true) ON CONFLICT (id) DO NOTHING;
INSERT INTO public.scenario_objectives_junction (created_at, objectives_id, scenario_id, generated, mcp, active) VALUES ('2026-03-10 17:46:49.542433+00:00', 'a8450a5b-b308-543d-b1bb-c270e8e79db2', '5858e6bd-be9d-53ae-8248-901bd46aa94d', false, false, true) ON CONFLICT (id) DO NOTHING;
INSERT INTO public.scenario_objectives_junction (created_at, objectives_id, scenario_id, generated, mcp, active) VALUES ('2026-03-10 17:46:49.542433+00:00', '03d29084-d262-517b-b7a0-9a00e6b76f6e', '5858e6bd-be9d-53ae-8248-901bd46aa94d', false, false, true) ON CONFLICT (id) DO NOTHING;
INSERT INTO public.scenario_objectives_junction (created_at, objectives_id, scenario_id, generated, mcp, active) VALUES ('2026-03-10 17:46:49.550655+00:00', 'b40a7d4d-23f3-564a-b787-1fb5534dc2de', '0bf203d5-3a53-5925-af86-9f5f7907c08c', false, false, true) ON CONFLICT (id) DO NOTHING;
INSERT INTO public.scenario_objectives_junction (created_at, objectives_id, scenario_id, generated, mcp, active) VALUES ('2026-03-10 17:46:49.550655+00:00', 'fd79eee2-3796-5bed-9f46-746a197ebb8a', '0bf203d5-3a53-5925-af86-9f5f7907c08c', false, false, true) ON CONFLICT (id) DO NOTHING;
INSERT INTO public.scenario_objectives_junction (created_at, objectives_id, scenario_id, generated, mcp, active) VALUES ('2026-03-10 17:46:49.550655+00:00', '16539178-f029-579b-8b74-f1b9755e6bd1', '0bf203d5-3a53-5925-af86-9f5f7907c08c', false, false, true) ON CONFLICT (id) DO NOTHING;
INSERT INTO public.scenario_objectives_junction (created_at, objectives_id, scenario_id, generated, mcp, active) VALUES ('2026-03-10 17:46:49.558209+00:00', '5472561d-2d3c-5833-9d24-787d4aadb227', '54d758d4-7150-5ea7-98f8-2593c1422d4d', false, false, true) ON CONFLICT (id) DO NOTHING;
INSERT INTO public.scenario_objectives_junction (created_at, objectives_id, scenario_id, generated, mcp, active) VALUES ('2026-03-10 17:46:49.558209+00:00', '62d6643c-ccfd-5640-b203-a96fedeb7812', '54d758d4-7150-5ea7-98f8-2593c1422d4d', false, false, true) ON CONFLICT (id) DO NOTHING;
INSERT INTO public.scenario_objectives_junction (created_at, objectives_id, scenario_id, generated, mcp, active) VALUES ('2026-03-10 17:46:49.558209+00:00', 'a23dff83-8189-5320-868a-a8d5df89cf93', '54d758d4-7150-5ea7-98f8-2593c1422d4d', false, false, true) ON CONFLICT (id) DO NOTHING;

-- scenario_options_junction
INSERT INTO public.scenario_options_junction (scenario_id, options_id, active, created_at, generated, mcp) VALUES ('5858e6bd-be9d-53ae-8248-901bd46aa94d', 'd6fb46df-d50d-514d-8359-1642bc37cc2c', true, '2026-03-10 17:46:49.542433+00:00', false, false) ON CONFLICT (id) DO NOTHING;
INSERT INTO public.scenario_options_junction (scenario_id, options_id, active, created_at, generated, mcp) VALUES ('5858e6bd-be9d-53ae-8248-901bd46aa94d', 'a2ad80a7-c961-599f-863a-7953ffae049d', true, '2026-03-10 17:46:49.542433+00:00', false, false) ON CONFLICT (id) DO NOTHING;
INSERT INTO public.scenario_options_junction (scenario_id, options_id, active, created_at, generated, mcp) VALUES ('5858e6bd-be9d-53ae-8248-901bd46aa94d', '1ad37011-4e57-5439-ab58-6163edbf753d', true, '2026-03-10 17:46:49.542433+00:00', false, false) ON CONFLICT (id) DO NOTHING;
INSERT INTO public.scenario_options_junction (scenario_id, options_id, active, created_at, generated, mcp) VALUES ('5858e6bd-be9d-53ae-8248-901bd46aa94d', '4caa8694-c930-5434-9ac4-fe9f6c532d47', true, '2026-03-10 17:46:49.542433+00:00', false, false) ON CONFLICT (id) DO NOTHING;
INSERT INTO public.scenario_options_junction (scenario_id, options_id, active, created_at, generated, mcp) VALUES ('5858e6bd-be9d-53ae-8248-901bd46aa94d', '9c5adcf7-a8bd-54ec-a46d-02c22d9ca603', true, '2026-03-10 17:46:49.542433+00:00', false, false) ON CONFLICT (id) DO NOTHING;
INSERT INTO public.scenario_options_junction (scenario_id, options_id, active, created_at, generated, mcp) VALUES ('5858e6bd-be9d-53ae-8248-901bd46aa94d', 'c7c8ee46-24b9-5083-af92-0e038660ee4e', true, '2026-03-10 17:46:49.542433+00:00', false, false) ON CONFLICT (id) DO NOTHING;
INSERT INTO public.scenario_options_junction (scenario_id, options_id, active, created_at, generated, mcp) VALUES ('0bf203d5-3a53-5925-af86-9f5f7907c08c', '307316ca-798f-587b-a06b-4e4de61a04bf', true, '2026-03-10 17:46:49.550655+00:00', false, false) ON CONFLICT (id) DO NOTHING;
INSERT INTO public.scenario_options_junction (scenario_id, options_id, active, created_at, generated, mcp) VALUES ('0bf203d5-3a53-5925-af86-9f5f7907c08c', '1c4b71dc-07b1-5210-88a4-f057043bd0c6', true, '2026-03-10 17:46:49.550655+00:00', false, false) ON CONFLICT (id) DO NOTHING;
INSERT INTO public.scenario_options_junction (scenario_id, options_id, active, created_at, generated, mcp) VALUES ('0bf203d5-3a53-5925-af86-9f5f7907c08c', 'fb6e0bbb-df27-5e68-94b9-7a4baccd253d', true, '2026-03-10 17:46:49.550655+00:00', false, false) ON CONFLICT (id) DO NOTHING;
INSERT INTO public.scenario_options_junction (scenario_id, options_id, active, created_at, generated, mcp) VALUES ('0bf203d5-3a53-5925-af86-9f5f7907c08c', '40671fc3-38ec-594e-9884-bd801715c5c9', true, '2026-03-10 17:46:49.550655+00:00', false, false) ON CONFLICT (id) DO NOTHING;
INSERT INTO public.scenario_options_junction (scenario_id, options_id, active, created_at, generated, mcp) VALUES ('0bf203d5-3a53-5925-af86-9f5f7907c08c', 'bf9e1fe1-6d9d-588d-b898-1d9fcaa523ab', true, '2026-03-10 17:46:49.550655+00:00', false, false) ON CONFLICT (id) DO NOTHING;
INSERT INTO public.scenario_options_junction (scenario_id, options_id, active, created_at, generated, mcp) VALUES ('0bf203d5-3a53-5925-af86-9f5f7907c08c', '921d5783-e8bb-5546-9f7c-8018ac2b5459', true, '2026-03-10 17:46:49.550655+00:00', false, false) ON CONFLICT (id) DO NOTHING;
INSERT INTO public.scenario_options_junction (scenario_id, options_id, active, created_at, generated, mcp) VALUES ('54d758d4-7150-5ea7-98f8-2593c1422d4d', '3b0d0b05-589e-5a82-8216-0b0ead7e4f55', true, '2026-03-10 17:46:49.558209+00:00', false, false) ON CONFLICT (id) DO NOTHING;
INSERT INTO public.scenario_options_junction (scenario_id, options_id, active, created_at, generated, mcp) VALUES ('54d758d4-7150-5ea7-98f8-2593c1422d4d', '44f75ea8-8bb0-588f-abd1-c452c9d6e643', true, '2026-03-10 17:46:49.558209+00:00', false, false) ON CONFLICT (id) DO NOTHING;
INSERT INTO public.scenario_options_junction (scenario_id, options_id, active, created_at, generated, mcp) VALUES ('54d758d4-7150-5ea7-98f8-2593c1422d4d', 'adb7e764-9377-54f3-a1c0-01ae60bccaac', true, '2026-03-10 17:46:49.558209+00:00', false, false) ON CONFLICT (id) DO NOTHING;
INSERT INTO public.scenario_options_junction (scenario_id, options_id, active, created_at, generated, mcp) VALUES ('54d758d4-7150-5ea7-98f8-2593c1422d4d', '236f0ecd-1791-59ba-84cb-ac2b126c85fb', true, '2026-03-10 17:46:49.558209+00:00', false, false) ON CONFLICT (id) DO NOTHING;
INSERT INTO public.scenario_options_junction (scenario_id, options_id, active, created_at, generated, mcp) VALUES ('54d758d4-7150-5ea7-98f8-2593c1422d4d', '1ed93aa8-d559-573a-ab84-a2368ad0fc7e', true, '2026-03-10 17:46:49.558209+00:00', false, false) ON CONFLICT (id) DO NOTHING;
INSERT INTO public.scenario_options_junction (scenario_id, options_id, active, created_at, generated, mcp) VALUES ('54d758d4-7150-5ea7-98f8-2593c1422d4d', 'bfb273b8-21e4-5cdf-be42-20e2cd4aa205', true, '2026-03-10 17:46:49.558209+00:00', false, false) ON CONFLICT (id) DO NOTHING;

-- scenario_personas_junction
INSERT INTO public.scenario_personas_junction (active, created_at, personas_id, scenario_id, generated, mcp) VALUES (true, '2026-03-10 17:46:49.515504+00:00', 'b733939f-a3c4-5042-b769-4a3338d4299d', '91aae48d-df47-51ec-b6a9-88844d18fe9b', false, false) ON CONFLICT (id) DO NOTHING;
INSERT INTO public.scenario_personas_junction (active, created_at, personas_id, scenario_id, generated, mcp) VALUES (true, '2026-03-10 17:46:49.522841+00:00', 'bf928db2-aae2-5ed5-b848-3d50aee38768', '2df29dfb-3b82-53bb-829a-297f9b16931d', false, false) ON CONFLICT (id) DO NOTHING;
INSERT INTO public.scenario_personas_junction (active, created_at, personas_id, scenario_id, generated, mcp) VALUES (true, '2026-03-10 17:46:49.529183+00:00', '2b3000a1-cde6-588a-af3e-4bd63296f709', 'eb6b7f33-64ac-5916-9539-86579e559080', false, false) ON CONFLICT (id) DO NOTHING;
INSERT INTO public.scenario_personas_junction (active, created_at, personas_id, scenario_id, generated, mcp) VALUES (true, '2026-03-10 17:46:49.533982+00:00', 'f55438bb-2ae6-54f5-b184-2f3d4ec5d945', '85d76e69-3e3e-5111-8f61-0d006476401e', false, false) ON CONFLICT (id) DO NOTHING;
INSERT INTO public.scenario_personas_junction (active, created_at, personas_id, scenario_id, generated, mcp) VALUES (true, '2026-03-10 17:46:49.542433+00:00', '5735b34a-ae21-57af-8da9-a69cd619567d', '5858e6bd-be9d-53ae-8248-901bd46aa94d', false, false) ON CONFLICT (id) DO NOTHING;
INSERT INTO public.scenario_personas_junction (active, created_at, personas_id, scenario_id, generated, mcp) VALUES (true, '2026-03-10 17:46:49.542433+00:00', 'c95ab21f-76d1-5480-bbd7-a643328f219b', '5858e6bd-be9d-53ae-8248-901bd46aa94d', false, false) ON CONFLICT (id) DO NOTHING;
INSERT INTO public.scenario_personas_junction (active, created_at, personas_id, scenario_id, generated, mcp) VALUES (true, '2026-03-10 17:46:49.550655+00:00', '5735b34a-ae21-57af-8da9-a69cd619567d', '0bf203d5-3a53-5925-af86-9f5f7907c08c', false, false) ON CONFLICT (id) DO NOTHING;
INSERT INTO public.scenario_personas_junction (active, created_at, personas_id, scenario_id, generated, mcp) VALUES (true, '2026-03-10 17:46:49.550655+00:00', 'c95ab21f-76d1-5480-bbd7-a643328f219b', '0bf203d5-3a53-5925-af86-9f5f7907c08c', false, false) ON CONFLICT (id) DO NOTHING;
INSERT INTO public.scenario_personas_junction (active, created_at, personas_id, scenario_id, generated, mcp) VALUES (true, '2026-03-10 17:46:49.550655+00:00', '3a1d10e7-c45d-52dc-ae1e-8b6b01073702', '0bf203d5-3a53-5925-af86-9f5f7907c08c', false, false) ON CONFLICT (id) DO NOTHING;
INSERT INTO public.scenario_personas_junction (active, created_at, personas_id, scenario_id, generated, mcp) VALUES (true, '2026-03-10 17:46:49.558209+00:00', '5735b34a-ae21-57af-8da9-a69cd619567d', '54d758d4-7150-5ea7-98f8-2593c1422d4d', false, false) ON CONFLICT (id) DO NOTHING;
INSERT INTO public.scenario_personas_junction (active, created_at, personas_id, scenario_id, generated, mcp) VALUES (true, '2026-03-10 17:46:49.558209+00:00', 'c95ab21f-76d1-5480-bbd7-a643328f219b', '54d758d4-7150-5ea7-98f8-2593c1422d4d', false, false) ON CONFLICT (id) DO NOTHING;

-- scenario_problem_statements_junction
INSERT INTO public.scenario_problem_statements_junction (active, created_at, problem_statements_id, scenario_id, generated, mcp) VALUES (true, '2026-03-10 17:46:49.542433+00:00', '019cd8db-cd17-73de-b646-6e4a08873242', '5858e6bd-be9d-53ae-8248-901bd46aa94d', false, false) ON CONFLICT (id) DO NOTHING;
INSERT INTO public.scenario_problem_statements_junction (active, created_at, problem_statements_id, scenario_id, generated, mcp) VALUES (true, '2026-03-10 17:46:49.550655+00:00', '019cd8db-cd1e-742e-8023-8e9805658286', '0bf203d5-3a53-5925-af86-9f5f7907c08c', false, false) ON CONFLICT (id) DO NOTHING;
INSERT INTO public.scenario_problem_statements_junction (active, created_at, problem_statements_id, scenario_id, generated, mcp) VALUES (true, '2026-03-10 17:46:49.558209+00:00', '019cd8db-cd24-7b8d-9168-b022d36d7764', '54d758d4-7150-5ea7-98f8-2593c1422d4d', false, false) ON CONFLICT (id) DO NOTHING;

-- scenario_questions_junction
INSERT INTO public.scenario_questions_junction (active, created_at, questions_id, scenario_id, generated, mcp) VALUES (true, '2026-03-10 17:46:49.542433+00:00', 'a22a9c37-f58e-5c8e-b30b-197de380e77e', '5858e6bd-be9d-53ae-8248-901bd46aa94d', false, false) ON CONFLICT (id) DO NOTHING;
INSERT INTO public.scenario_questions_junction (active, created_at, questions_id, scenario_id, generated, mcp) VALUES (true, '2026-03-10 17:46:49.542433+00:00', '5a216049-5b86-52e1-ba47-52c62824ce00', '5858e6bd-be9d-53ae-8248-901bd46aa94d', false, false) ON CONFLICT (id) DO NOTHING;
INSERT INTO public.scenario_questions_junction (active, created_at, questions_id, scenario_id, generated, mcp) VALUES (true, '2026-03-10 17:46:49.550655+00:00', '9d94caec-c34b-5cf2-a1cb-4c594c2bf362', '0bf203d5-3a53-5925-af86-9f5f7907c08c', false, false) ON CONFLICT (id) DO NOTHING;
INSERT INTO public.scenario_questions_junction (active, created_at, questions_id, scenario_id, generated, mcp) VALUES (true, '2026-03-10 17:46:49.550655+00:00', 'bbca2b24-2200-5624-893f-c34114b7f738', '0bf203d5-3a53-5925-af86-9f5f7907c08c', false, false) ON CONFLICT (id) DO NOTHING;
INSERT INTO public.scenario_questions_junction (active, created_at, questions_id, scenario_id, generated, mcp) VALUES (true, '2026-03-10 17:46:49.558209+00:00', '1b10da3d-ed8e-531a-8c75-a80143b8eed9', '54d758d4-7150-5ea7-98f8-2593c1422d4d', false, false) ON CONFLICT (id) DO NOTHING;
INSERT INTO public.scenario_questions_junction (active, created_at, questions_id, scenario_id, generated, mcp) VALUES (true, '2026-03-10 17:46:49.558209+00:00', '80aa06b1-f6f1-556c-adc5-f5297628a832', '54d758d4-7150-5ea7-98f8-2593c1422d4d', false, false) ON CONFLICT (id) DO NOTHING;

-- scenario_rubrics_resource
INSERT INTO public.scenario_rubrics_resource (id, created_at, generated, mcp, active, rubric_id, scenario_id) VALUES ('15a72c78-6a9b-5608-9abd-22a12efd2204', '2026-03-10 17:46:49.563778+00:00', false, false, true, 'ccc23264-66a6-5f39-a4ef-b47bcb417da7', '5858e6bd-be9d-53ae-8248-901bd46aa94d') ON CONFLICT (id) DO NOTHING;
INSERT INTO public.scenario_rubrics_resource (id, created_at, generated, mcp, active, rubric_id, scenario_id) VALUES ('1a9e2401-0acd-55b1-a45c-218dd320074a', '2026-03-10 17:46:49.566207+00:00', false, false, true, 'a0f0130d-75eb-524e-8961-34c0d1be8d8b', '5858e6bd-be9d-53ae-8248-901bd46aa94d') ON CONFLICT (id) DO NOTHING;
INSERT INTO public.scenario_rubrics_resource (id, created_at, generated, mcp, active, rubric_id, scenario_id) VALUES ('b03daa51-accf-55bc-8eb5-8ab4f158ea46', '2026-03-10 17:46:49.568043+00:00', false, false, true, 'ccc23264-66a6-5f39-a4ef-b47bcb417da7', '0bf203d5-3a53-5925-af86-9f5f7907c08c') ON CONFLICT (id) DO NOTHING;
INSERT INTO public.scenario_rubrics_resource (id, created_at, generated, mcp, active, rubric_id, scenario_id) VALUES ('dd66fa53-ff3e-5757-a9d3-7148fec0ce9a', '2026-03-10 17:46:49.569835+00:00', false, false, true, 'a0f0130d-75eb-524e-8961-34c0d1be8d8b', '0bf203d5-3a53-5925-af86-9f5f7907c08c') ON CONFLICT (id) DO NOTHING;
INSERT INTO public.scenario_rubrics_resource (id, created_at, generated, mcp, active, rubric_id, scenario_id) VALUES ('59631eb4-61a6-5329-971e-6dbeab6f62ee', '2026-03-10 17:46:49.571542+00:00', false, false, true, '151bd5e8-cdbf-59d8-a419-3856d4a47d7c', '54d758d4-7150-5ea7-98f8-2593c1422d4d') ON CONFLICT (id) DO NOTHING;
INSERT INTO public.scenario_rubrics_resource (id, created_at, generated, mcp, active, rubric_id, scenario_id) VALUES ('e086d719-3a27-51b8-90a8-b3e8c050d334', '2026-03-10 17:46:49.573247+00:00', false, false, true, 'a0f0130d-75eb-524e-8961-34c0d1be8d8b', '54d758d4-7150-5ea7-98f8-2593c1422d4d') ON CONFLICT (id) DO NOTHING;

-- scenario_scenarios_junction
INSERT INTO public.scenario_scenarios_junction (scenario_id, scenarios_id, active, created_at, generated, mcp) VALUES ('91aae48d-df47-51ec-b6a9-88844d18fe9b', '91aae48d-df47-51ec-b6a9-88844d18fe9b', true, '2026-03-10 17:46:49.515504+00:00', false, false) ON CONFLICT (id) DO NOTHING;
INSERT INTO public.scenario_scenarios_junction (scenario_id, scenarios_id, active, created_at, generated, mcp) VALUES ('2df29dfb-3b82-53bb-829a-297f9b16931d', '2df29dfb-3b82-53bb-829a-297f9b16931d', true, '2026-03-10 17:46:49.522841+00:00', false, false) ON CONFLICT (id) DO NOTHING;
INSERT INTO public.scenario_scenarios_junction (scenario_id, scenarios_id, active, created_at, generated, mcp) VALUES ('eb6b7f33-64ac-5916-9539-86579e559080', 'eb6b7f33-64ac-5916-9539-86579e559080', true, '2026-03-10 17:46:49.529183+00:00', false, false) ON CONFLICT (id) DO NOTHING;
INSERT INTO public.scenario_scenarios_junction (scenario_id, scenarios_id, active, created_at, generated, mcp) VALUES ('85d76e69-3e3e-5111-8f61-0d006476401e', '85d76e69-3e3e-5111-8f61-0d006476401e', true, '2026-03-10 17:46:49.533982+00:00', false, false) ON CONFLICT (id) DO NOTHING;
INSERT INTO public.scenario_scenarios_junction (scenario_id, scenarios_id, active, created_at, generated, mcp) VALUES ('6182f416-bc0c-5e7b-9d50-accc70ce153f', '6182f416-bc0c-5e7b-9d50-accc70ce153f', true, '2026-03-10 17:46:49.538261+00:00', false, false) ON CONFLICT (id) DO NOTHING;
INSERT INTO public.scenario_scenarios_junction (scenario_id, scenarios_id, active, created_at, generated, mcp) VALUES ('5858e6bd-be9d-53ae-8248-901bd46aa94d', '5858e6bd-be9d-53ae-8248-901bd46aa94d', true, '2026-03-10 17:46:49.542433+00:00', false, false) ON CONFLICT (id) DO NOTHING;
INSERT INTO public.scenario_scenarios_junction (scenario_id, scenarios_id, active, created_at, generated, mcp) VALUES ('0bf203d5-3a53-5925-af86-9f5f7907c08c', '0bf203d5-3a53-5925-af86-9f5f7907c08c', true, '2026-03-10 17:46:49.550655+00:00', false, false) ON CONFLICT (id) DO NOTHING;
INSERT INTO public.scenario_scenarios_junction (scenario_id, scenarios_id, active, created_at, generated, mcp) VALUES ('54d758d4-7150-5ea7-98f8-2593c1422d4d', '54d758d4-7150-5ea7-98f8-2593c1422d4d', true, '2026-03-10 17:46:49.558209+00:00', false, false) ON CONFLICT (id) DO NOTHING;

-- scenarios_resource
INSERT INTO public.scenarios_resource (created_at, active, generated, mcp, id, name, description, problem_statement_enabled, objectives_enabled, video_enabled, images_enabled, questions_enabled, department_ids, persona_ids, parameter_field_ids, document_ids, objective_ids, image_ids, video_ids, question_ids, option_ids, problem_statement_ids) VALUES ('2026-03-10 17:46:49.512945+00:00', true, false, false, '91aae48d-df47-51ec-b6a9-88844d18fe9b', 'Confused Scenario', 'Practice scenario featuring a confused or uncertain student persona.', true, true, false, false, false, '{}', '{}', '{}', '{}', '{}', '{}', '{}', '{}', '{}', '{}') ON CONFLICT (id) DO NOTHING;
INSERT INTO public.scenarios_resource (created_at, active, generated, mcp, id, name, description, problem_statement_enabled, objectives_enabled, video_enabled, images_enabled, questions_enabled, department_ids, persona_ids, parameter_field_ids, document_ids, objective_ids, image_ids, video_ids, question_ids, option_ids, problem_statement_ids) VALUES ('2026-03-10 17:46:49.520594+00:00', true, false, false, '2df29dfb-3b82-53bb-829a-297f9b16931d', 'Happy Scenario', 'Practice scenario featuring a cheerful and positive student persona.', true, true, false, false, false, '{}', '{}', '{}', '{}', '{}', '{}', '{}', '{}', '{}', '{}') ON CONFLICT (id) DO NOTHING;
INSERT INTO public.scenarios_resource (created_at, active, generated, mcp, id, name, description, problem_statement_enabled, objectives_enabled, video_enabled, images_enabled, questions_enabled, department_ids, persona_ids, parameter_field_ids, document_ids, objective_ids, image_ids, video_ids, question_ids, option_ids, problem_statement_ids) VALUES ('2026-03-10 17:46:49.527324+00:00', true, false, false, 'eb6b7f33-64ac-5916-9539-86579e559080', 'Passive Scenario', 'Practice scenario featuring a passive or hesitant student persona.', true, true, false, false, false, '{}', '{}', '{}', '{}', '{}', '{}', '{}', '{}', '{}', '{}') ON CONFLICT (id) DO NOTHING;
INSERT INTO public.scenarios_resource (created_at, active, generated, mcp, id, name, description, problem_statement_enabled, objectives_enabled, video_enabled, images_enabled, questions_enabled, department_ids, persona_ids, parameter_field_ids, document_ids, objective_ids, image_ids, video_ids, question_ids, option_ids, problem_statement_ids) VALUES ('2026-03-10 17:46:49.531821+00:00', true, false, false, '85d76e69-3e3e-5111-8f61-0d006476401e', 'Aggressive Scenario', 'Practice scenario featuring an aggressive or confrontational student persona.', true, true, false, false, false, '{}', '{}', '{}', '{}', '{}', '{}', '{}', '{}', '{}', '{}') ON CONFLICT (id) DO NOTHING;
INSERT INTO public.scenarios_resource (created_at, active, generated, mcp, id, name, description, problem_statement_enabled, objectives_enabled, video_enabled, images_enabled, questions_enabled, department_ids, persona_ids, parameter_field_ids, document_ids, objective_ids, image_ids, video_ids, question_ids, option_ids, problem_statement_ids) VALUES ('2026-03-10 17:46:49.536590+00:00', true, false, false, '6182f416-bc0c-5e7b-9d50-accc70ce153f', 'General Scenario', 'General purpose scenario for flexible practice across various situations.', true, true, false, false, false, '{}', '{}', '{}', '{}', '{}', '{}', '{}', '{}', '{}', '{}') ON CONFLICT (id) DO NOTHING;
INSERT INTO public.scenarios_resource (created_at, active, generated, mcp, id, name, description, problem_statement_enabled, objectives_enabled, video_enabled, images_enabled, questions_enabled, department_ids, persona_ids, parameter_field_ids, document_ids, objective_ids, image_ids, video_ids, question_ids, option_ids, problem_statement_ids) VALUES ('2026-03-10 17:46:49.540662+00:00', true, false, false, '5858e6bd-be9d-53ae-8248-901bd46aa94d', 'Academic Integrity Training Scenario', 'Training scenario for practicing responses to academic integrity violations and policy enforcement.', true, true, false, false, false, '{}', '{}', '{}', '{}', '{}', '{}', '{}', '{}', '{}', '{}') ON CONFLICT (id) DO NOTHING;
INSERT INTO public.scenarios_resource (created_at, active, generated, mcp, id, name, description, problem_statement_enabled, objectives_enabled, video_enabled, images_enabled, questions_enabled, department_ids, persona_ids, parameter_field_ids, document_ids, objective_ids, image_ids, video_ids, question_ids, option_ids, problem_statement_ids) VALUES ('2026-03-10 17:46:49.548825+00:00', true, false, false, '0bf203d5-3a53-5925-af86-9f5f7907c08c', 'FERPA Training Scenario', 'Training scenario for practicing FERPA compliance and student privacy protection.', true, true, false, false, false, '{}', '{}', '{}', '{}', '{}', '{}', '{}', '{}', '{}', '{}') ON CONFLICT (id) DO NOTHING;
INSERT INTO public.scenarios_resource (created_at, active, generated, mcp, id, name, description, problem_statement_enabled, objectives_enabled, video_enabled, images_enabled, questions_enabled, department_ids, persona_ids, parameter_field_ids, document_ids, objective_ids, image_ids, video_ids, question_ids, option_ids, problem_statement_ids) VALUES ('2026-03-10 17:46:49.556461+00:00', true, false, false, '54d758d4-7150-5ea7-98f8-2593c1422d4d', 'Upset Student Training Scenario', 'Training scenario for practicing de-escalation techniques with upset or frustrated students.', true, true, false, false, false, '{}', '{}', '{}', '{}', '{}', '{}', '{}', '{}', '{}', '{}') ON CONFLICT (id) DO NOTHING;

-- sessions_entry
INSERT INTO public.sessions_entry (id, created_at, active, mcp, generated) VALUES ('019cd8db-ce01-7488-88ff-b4b8f8f36fa2', '2026-03-10 17:46:49.728846+00:00', true, false, true) ON CONFLICT (id) DO NOTHING;
INSERT INTO public.sessions_entry (id, created_at, active, mcp, generated) VALUES ('019cd8db-ce0b-7fa6-a056-a9e4b8d4ff12', '2026-03-10 17:46:49.739959+00:00', true, false, true) ON CONFLICT (id) DO NOTHING;
INSERT INTO public.sessions_entry (id, created_at, active, mcp, generated) VALUES ('019cd8db-ce19-7b16-9ab1-4cc85cbacc4f', '2026-03-10 17:46:49.753435+00:00', true, false, true) ON CONFLICT (id) DO NOTHING;
INSERT INTO public.sessions_entry (id, created_at, active, mcp, generated) VALUES ('019cd8db-ce21-722d-bc9d-5e5af1572917', '2026-03-10 17:46:49.761124+00:00', true, false, true) ON CONFLICT (id) DO NOTHING;
INSERT INTO public.sessions_entry (id, created_at, active, mcp, generated) VALUES ('019cd8db-ce26-7257-828b-b19264801a5b', '2026-03-10 17:46:49.766135+00:00', true, false, true) ON CONFLICT (id) DO NOTHING;
INSERT INTO public.sessions_entry (id, created_at, active, mcp, generated) VALUES ('019cd8db-ce76-7a0d-9a6d-be2d0ae7a11f', '2026-03-10 17:46:49.846603+00:00', true, false, true) ON CONFLICT (id) DO NOTHING;
INSERT INTO public.sessions_entry (id, created_at, active, mcp, generated) VALUES ('019cd8db-cea2-7774-ae0a-13e1069eacff', '2026-03-10 17:46:49.890446+00:00', true, false, true) ON CONFLICT (id) DO NOTHING;

-- setting_artifact
INSERT INTO public.setting_artifact (created_at, id, updated_at, generated, mcp, active) VALUES ('2026-03-10 17:46:49.788448+00:00', '12cc4b6c-eadc-554c-9f1e-27fe95fad586', '2026-03-10 17:46:49.910222+00:00', false, false, true) ON CONFLICT (id) DO NOTHING;

-- setting_auths_junction
INSERT INTO public.setting_auths_junction (active, created_at, auths_id, setting_id, generated, mcp) VALUES (true, '2026-03-10 17:46:49.788448+00:00', '019bb25e-e5e2-74c2-aaf3-42c5403f26f9', '12cc4b6c-eadc-554c-9f1e-27fe95fad586', false, false) ON CONFLICT (id) DO NOTHING;

-- setting_colors_junction
INSERT INTO public.setting_colors_junction (setting_id, colors_id, created_at, generated, mcp, active) VALUES ('12cc4b6c-eadc-554c-9f1e-27fe95fad586', '7f3111ab-5dea-5aa0-97c0-456ee790a33c', '2026-03-10 17:46:49.911219+00:00', false, false, true) ON CONFLICT (id) DO NOTHING;
INSERT INTO public.setting_colors_junction (setting_id, colors_id, created_at, generated, mcp, active) VALUES ('12cc4b6c-eadc-554c-9f1e-27fe95fad586', '23e6ef29-cd80-5d85-8c3f-46bb8463d213', '2026-03-10 17:46:49.911219+00:00', false, false, true) ON CONFLICT (id) DO NOTHING;
INSERT INTO public.setting_colors_junction (setting_id, colors_id, created_at, generated, mcp, active) VALUES ('12cc4b6c-eadc-554c-9f1e-27fe95fad586', 'd4b1f864-b76b-511f-8a1b-a8f10d812dae', '2026-03-10 17:46:49.911219+00:00', false, false, true) ON CONFLICT (id) DO NOTHING;
INSERT INTO public.setting_colors_junction (setting_id, colors_id, created_at, generated, mcp, active) VALUES ('12cc4b6c-eadc-554c-9f1e-27fe95fad586', 'b0877b6d-cacc-58d6-968b-d03630841f44', '2026-03-10 17:46:49.911219+00:00', false, false, true) ON CONFLICT (id) DO NOTHING;
INSERT INTO public.setting_colors_junction (setting_id, colors_id, created_at, generated, mcp, active) VALUES ('12cc4b6c-eadc-554c-9f1e-27fe95fad586', 'cb500d07-949e-5aaf-8e05-787adb81273b', '2026-03-10 17:46:49.911219+00:00', false, false, true) ON CONFLICT (id) DO NOTHING;
INSERT INTO public.setting_colors_junction (setting_id, colors_id, created_at, generated, mcp, active) VALUES ('12cc4b6c-eadc-554c-9f1e-27fe95fad586', '0236400f-9078-5a91-a0e5-73ced5cb951c', '2026-03-10 17:46:49.911219+00:00', false, false, true) ON CONFLICT (id) DO NOTHING;
INSERT INTO public.setting_colors_junction (setting_id, colors_id, created_at, generated, mcp, active) VALUES ('12cc4b6c-eadc-554c-9f1e-27fe95fad586', '0645195b-8ba7-5900-ba46-98d89582fa3f', '2026-03-10 17:46:49.911219+00:00', false, false, true) ON CONFLICT (id) DO NOTHING;
INSERT INTO public.setting_colors_junction (setting_id, colors_id, created_at, generated, mcp, active) VALUES ('12cc4b6c-eadc-554c-9f1e-27fe95fad586', '9d6429c4-0fea-58c6-9b81-f35fd8371fa4', '2026-03-10 17:46:49.911219+00:00', false, false, true) ON CONFLICT (id) DO NOTHING;
INSERT INTO public.setting_colors_junction (setting_id, colors_id, created_at, generated, mcp, active) VALUES ('12cc4b6c-eadc-554c-9f1e-27fe95fad586', 'f70645ec-d51d-5c0d-87d3-6933e59dbe50', '2026-03-10 17:46:49.911219+00:00', false, false, true) ON CONFLICT (id) DO NOTHING;
INSERT INTO public.setting_colors_junction (setting_id, colors_id, created_at, generated, mcp, active) VALUES ('12cc4b6c-eadc-554c-9f1e-27fe95fad586', 'fd13e9de-0cbd-5cb4-8e30-4aea1d4d9078', '2026-03-10 17:46:49.911219+00:00', false, false, true) ON CONFLICT (id) DO NOTHING;

-- setting_departments_junction
INSERT INTO public.setting_departments_junction (setting_id, departments_id, active, created_at, generated, mcp) VALUES ('12cc4b6c-eadc-554c-9f1e-27fe95fad586', 'a2b369c1-a81e-5e02-98d5-dd42af15ae4a', true, '2026-03-10 17:46:49.788448+00:00', false, false) ON CONFLICT (id) DO NOTHING;

-- setting_descriptions_junction
INSERT INTO public.setting_descriptions_junction (setting_id, descriptions_id, created_at, generated, mcp, active) VALUES ('12cc4b6c-eadc-554c-9f1e-27fe95fad586', '019cd8db-ce37-7651-9e18-54e215d4f48c', '2026-03-10 17:46:49.788448+00:00', false, false, true) ON CONFLICT (id) DO NOTHING;

-- setting_names_junction
INSERT INTO public.setting_names_junction (setting_id, names_id, created_at, generated, mcp, active) VALUES ('12cc4b6c-eadc-554c-9f1e-27fe95fad586', '019cd8db-ce35-7b7f-8489-ce52e809a5bc', '2026-03-10 17:46:49.788448+00:00', false, false, true) ON CONFLICT (id) DO NOTHING;

-- setting_settings_junction
INSERT INTO public.setting_settings_junction (setting_id, settings_id, active, created_at, generated, mcp) VALUES ('12cc4b6c-eadc-554c-9f1e-27fe95fad586', '12cc4b6c-eadc-554c-9f1e-27fe95fad586', true, '2026-03-10 17:46:49.788448+00:00', false, false) ON CONFLICT (id) DO NOTHING;

-- setting_systems_junction
INSERT INTO public.setting_systems_junction (setting_id, systems_id, created_at, active, generated, mcp) VALUES ('12cc4b6c-eadc-554c-9f1e-27fe95fad586', '019caf25-99c7-78a6-849d-1258f99e47e4', '2026-03-10 17:46:49.788448+00:00', true, false, false) ON CONFLICT (id) DO NOTHING;
INSERT INTO public.setting_systems_junction (setting_id, systems_id, created_at, active, generated, mcp) VALUES ('12cc4b6c-eadc-554c-9f1e-27fe95fad586', '019caf25-99c8-7bba-946c-e6b9d55d2fc3', '2026-03-10 17:46:49.788448+00:00', true, false, false) ON CONFLICT (id) DO NOTHING;
INSERT INTO public.setting_systems_junction (setting_id, systems_id, created_at, active, generated, mcp) VALUES ('12cc4b6c-eadc-554c-9f1e-27fe95fad586', '019caf25-99ca-7f95-9038-206fe1734be3', '2026-03-10 17:46:49.788448+00:00', true, false, false) ON CONFLICT (id) DO NOTHING;
INSERT INTO public.setting_systems_junction (setting_id, systems_id, created_at, active, generated, mcp) VALUES ('12cc4b6c-eadc-554c-9f1e-27fe95fad586', '019caf25-99cb-700e-b879-41628a9218c5', '2026-03-10 17:46:49.788448+00:00', true, false, false) ON CONFLICT (id) DO NOTHING;
INSERT INTO public.setting_systems_junction (setting_id, systems_id, created_at, active, generated, mcp) VALUES ('12cc4b6c-eadc-554c-9f1e-27fe95fad586', '019caf25-99cc-7cc3-a040-981957508b2a', '2026-03-10 17:46:49.788448+00:00', true, false, false) ON CONFLICT (id) DO NOTHING;
INSERT INTO public.setting_systems_junction (setting_id, systems_id, created_at, active, generated, mcp) VALUES ('12cc4b6c-eadc-554c-9f1e-27fe95fad586', '019caf25-99cd-7470-bc4b-7eb189b96d43', '2026-03-10 17:46:49.788448+00:00', true, false, false) ON CONFLICT (id) DO NOTHING;
INSERT INTO public.setting_systems_junction (setting_id, systems_id, created_at, active, generated, mcp) VALUES ('12cc4b6c-eadc-554c-9f1e-27fe95fad586', '019caf25-99cf-7087-81ee-58450c4a9aca', '2026-03-10 17:46:49.788448+00:00', true, false, false) ON CONFLICT (id) DO NOTHING;
INSERT INTO public.setting_systems_junction (setting_id, systems_id, created_at, active, generated, mcp) VALUES ('12cc4b6c-eadc-554c-9f1e-27fe95fad586', '019caf25-99d0-7d2c-bfba-49be9f4acd87', '2026-03-10 17:46:49.788448+00:00', true, false, false) ON CONFLICT (id) DO NOTHING;
INSERT INTO public.setting_systems_junction (setting_id, systems_id, created_at, active, generated, mcp) VALUES ('12cc4b6c-eadc-554c-9f1e-27fe95fad586', '019caf25-99d1-771d-a01f-80f8aae924df', '2026-03-10 17:46:49.788448+00:00', true, false, false) ON CONFLICT (id) DO NOTHING;
INSERT INTO public.setting_systems_junction (setting_id, systems_id, created_at, active, generated, mcp) VALUES ('12cc4b6c-eadc-554c-9f1e-27fe95fad586', '019caf25-99d2-752b-ab22-5f9455aa1e9a', '2026-03-10 17:46:49.788448+00:00', true, false, false) ON CONFLICT (id) DO NOTHING;
INSERT INTO public.setting_systems_junction (setting_id, systems_id, created_at, active, generated, mcp) VALUES ('12cc4b6c-eadc-554c-9f1e-27fe95fad586', '019caf25-99d4-7fb7-8cec-e9a0de527479', '2026-03-10 17:46:49.788448+00:00', true, false, false) ON CONFLICT (id) DO NOTHING;
INSERT INTO public.setting_systems_junction (setting_id, systems_id, created_at, active, generated, mcp) VALUES ('12cc4b6c-eadc-554c-9f1e-27fe95fad586', '019caf25-99d5-7ff1-a78c-485cbcd14b60', '2026-03-10 17:46:49.788448+00:00', true, false, false) ON CONFLICT (id) DO NOTHING;
INSERT INTO public.setting_systems_junction (setting_id, systems_id, created_at, active, generated, mcp) VALUES ('12cc4b6c-eadc-554c-9f1e-27fe95fad586', '019caf25-99d6-70d6-90eb-f580991fcf89', '2026-03-10 17:46:49.788448+00:00', true, false, false) ON CONFLICT (id) DO NOTHING;
INSERT INTO public.setting_systems_junction (setting_id, systems_id, created_at, active, generated, mcp) VALUES ('12cc4b6c-eadc-554c-9f1e-27fe95fad586', '019caf25-99d7-792a-a47b-246dd0a84352', '2026-03-10 17:46:49.788448+00:00', true, false, false) ON CONFLICT (id) DO NOTHING;
INSERT INTO public.setting_systems_junction (setting_id, systems_id, created_at, active, generated, mcp) VALUES ('12cc4b6c-eadc-554c-9f1e-27fe95fad586', '019caf25-99d9-73dc-a8be-a47def47c3e0', '2026-03-10 17:46:49.788448+00:00', true, false, false) ON CONFLICT (id) DO NOTHING;
INSERT INTO public.setting_systems_junction (setting_id, systems_id, created_at, active, generated, mcp) VALUES ('12cc4b6c-eadc-554c-9f1e-27fe95fad586', '019caf25-99da-7af2-875a-9c8eb8fd70e9', '2026-03-10 17:46:49.788448+00:00', true, false, false) ON CONFLICT (id) DO NOTHING;
INSERT INTO public.setting_systems_junction (setting_id, systems_id, created_at, active, generated, mcp) VALUES ('12cc4b6c-eadc-554c-9f1e-27fe95fad586', '019caf25-99db-7090-87a2-0c2dff148860', '2026-03-10 17:46:49.788448+00:00', true, false, false) ON CONFLICT (id) DO NOTHING;
INSERT INTO public.setting_systems_junction (setting_id, systems_id, created_at, active, generated, mcp) VALUES ('12cc4b6c-eadc-554c-9f1e-27fe95fad586', '019caf25-99dc-73fa-848e-fcc5947b6bb1', '2026-03-10 17:46:49.788448+00:00', true, false, false) ON CONFLICT (id) DO NOTHING;
INSERT INTO public.setting_systems_junction (setting_id, systems_id, created_at, active, generated, mcp) VALUES ('12cc4b6c-eadc-554c-9f1e-27fe95fad586', '019caf25-99de-7c11-9dd7-a8878ef28a07', '2026-03-10 17:46:49.788448+00:00', true, false, false) ON CONFLICT (id) DO NOTHING;
INSERT INTO public.setting_systems_junction (setting_id, systems_id, created_at, active, generated, mcp) VALUES ('12cc4b6c-eadc-554c-9f1e-27fe95fad586', '019caf25-99df-716b-abc9-a4c3ba2f32c8', '2026-03-10 17:46:49.788448+00:00', true, false, false) ON CONFLICT (id) DO NOTHING;
INSERT INTO public.setting_systems_junction (setting_id, systems_id, created_at, active, generated, mcp) VALUES ('12cc4b6c-eadc-554c-9f1e-27fe95fad586', '019caf25-99e0-7e2c-9f64-37bde94a00c6', '2026-03-10 17:46:49.788448+00:00', true, false, false) ON CONFLICT (id) DO NOTHING;
INSERT INTO public.setting_systems_junction (setting_id, systems_id, created_at, active, generated, mcp) VALUES ('12cc4b6c-eadc-554c-9f1e-27fe95fad586', '019caf25-99e1-717c-b4ea-8a6055664887', '2026-03-10 17:46:49.788448+00:00', true, false, false) ON CONFLICT (id) DO NOTHING;
INSERT INTO public.setting_systems_junction (setting_id, systems_id, created_at, active, generated, mcp) VALUES ('12cc4b6c-eadc-554c-9f1e-27fe95fad586', '019caf25-99e3-723d-920c-78e5ac8f19dd', '2026-03-10 17:46:49.788448+00:00', true, false, false) ON CONFLICT (id) DO NOTHING;
INSERT INTO public.setting_systems_junction (setting_id, systems_id, created_at, active, generated, mcp) VALUES ('12cc4b6c-eadc-554c-9f1e-27fe95fad586', '019caf25-99e4-7571-8bb7-155d53173005', '2026-03-10 17:46:49.788448+00:00', true, false, false) ON CONFLICT (id) DO NOTHING;
INSERT INTO public.setting_systems_junction (setting_id, systems_id, created_at, active, generated, mcp) VALUES ('12cc4b6c-eadc-554c-9f1e-27fe95fad586', '019caf25-99e5-75e8-b0f1-a5bd20b35bfa', '2026-03-10 17:46:49.788448+00:00', true, false, false) ON CONFLICT (id) DO NOTHING;
INSERT INTO public.setting_systems_junction (setting_id, systems_id, created_at, active, generated, mcp) VALUES ('12cc4b6c-eadc-554c-9f1e-27fe95fad586', '019caf25-99e6-7886-96fe-71a0bb6090d1', '2026-03-10 17:46:49.788448+00:00', true, false, false) ON CONFLICT (id) DO NOTHING;
INSERT INTO public.setting_systems_junction (setting_id, systems_id, created_at, active, generated, mcp) VALUES ('12cc4b6c-eadc-554c-9f1e-27fe95fad586', '019caf25-99e8-7cd5-8d61-a7800f1a6686', '2026-03-10 17:46:49.788448+00:00', true, false, false) ON CONFLICT (id) DO NOTHING;
INSERT INTO public.setting_systems_junction (setting_id, systems_id, created_at, active, generated, mcp) VALUES ('12cc4b6c-eadc-554c-9f1e-27fe95fad586', '019caf25-99e9-72be-8c27-e3f264eeefa4', '2026-03-10 17:46:49.788448+00:00', true, false, false) ON CONFLICT (id) DO NOTHING;
INSERT INTO public.setting_systems_junction (setting_id, systems_id, created_at, active, generated, mcp) VALUES ('12cc4b6c-eadc-554c-9f1e-27fe95fad586', '019caf25-99ea-7f17-8bac-4ed76165c512', '2026-03-10 17:46:49.788448+00:00', true, false, false) ON CONFLICT (id) DO NOTHING;
INSERT INTO public.setting_systems_junction (setting_id, systems_id, created_at, active, generated, mcp) VALUES ('12cc4b6c-eadc-554c-9f1e-27fe95fad586', '019caf25-99ec-727f-be3c-4224ee4f9bef', '2026-03-10 17:46:49.788448+00:00', true, false, false) ON CONFLICT (id) DO NOTHING;
INSERT INTO public.setting_systems_junction (setting_id, systems_id, created_at, active, generated, mcp) VALUES ('12cc4b6c-eadc-554c-9f1e-27fe95fad586', '019caf25-99ed-79c0-926c-d302897f4322', '2026-03-10 17:46:49.788448+00:00', true, false, false) ON CONFLICT (id) DO NOTHING;
INSERT INTO public.setting_systems_junction (setting_id, systems_id, created_at, active, generated, mcp) VALUES ('12cc4b6c-eadc-554c-9f1e-27fe95fad586', '019caf25-99ee-7f5e-934d-1c9eaeb52f24', '2026-03-10 17:46:49.788448+00:00', true, false, false) ON CONFLICT (id) DO NOTHING;
INSERT INTO public.setting_systems_junction (setting_id, systems_id, created_at, active, generated, mcp) VALUES ('12cc4b6c-eadc-554c-9f1e-27fe95fad586', '019caf25-99ef-7358-87a9-29cb15f52fd3', '2026-03-10 17:46:49.788448+00:00', true, false, false) ON CONFLICT (id) DO NOTHING;
INSERT INTO public.setting_systems_junction (setting_id, systems_id, created_at, active, generated, mcp) VALUES ('12cc4b6c-eadc-554c-9f1e-27fe95fad586', '019caf25-99f1-7230-bee2-f5e15bd56400', '2026-03-10 17:46:49.788448+00:00', true, false, false) ON CONFLICT (id) DO NOTHING;
INSERT INTO public.setting_systems_junction (setting_id, systems_id, created_at, active, generated, mcp) VALUES ('12cc4b6c-eadc-554c-9f1e-27fe95fad586', '019caf25-99f2-7ea3-8a59-24fcd0ff8b8c', '2026-03-10 17:46:49.788448+00:00', true, false, false) ON CONFLICT (id) DO NOTHING;
INSERT INTO public.setting_systems_junction (setting_id, systems_id, created_at, active, generated, mcp) VALUES ('12cc4b6c-eadc-554c-9f1e-27fe95fad586', '019caf25-99f3-7408-b7d0-968fe57800f7', '2026-03-10 17:46:49.788448+00:00', true, false, false) ON CONFLICT (id) DO NOTHING;

-- setting_thresholds_junction
INSERT INTO public.setting_thresholds_junction (setting_id, thresholds_id, created_at, generated, mcp, active) VALUES ('12cc4b6c-eadc-554c-9f1e-27fe95fad586', '019b995b-5308-7a8e-9d31-b08127742439', '2026-03-10 17:46:49.788448+00:00', false, false, true) ON CONFLICT (id) DO NOTHING;
INSERT INTO public.setting_thresholds_junction (setting_id, thresholds_id, created_at, generated, mcp, active) VALUES ('12cc4b6c-eadc-554c-9f1e-27fe95fad586', '019b995b-5309-714f-a5f6-5614613257b1', '2026-03-10 17:46:49.788448+00:00', false, false, true) ON CONFLICT (id) DO NOTHING;
INSERT INTO public.setting_thresholds_junction (setting_id, thresholds_id, created_at, generated, mcp, active) VALUES ('12cc4b6c-eadc-554c-9f1e-27fe95fad586', '019b995b-5309-74df-991a-c28980b294f2', '2026-03-10 17:46:49.788448+00:00', false, false, true) ON CONFLICT (id) DO NOTHING;

-- settings_resource
INSERT INTO public.settings_resource (created_at, active, generated, mcp, id, name, description, department_ids, provider_key_ids, auth_ids, system_ids) VALUES ('2026-03-10 17:46:49.786097+00:00', true, false, false, '12cc4b6c-eadc-554c-9f1e-27fe95fad586', 'University Settings', 'Department-specific settings for the University, linking authentication, AI systems, and grading thresholds.', '{"a2b369c1-a81e-5e02-98d5-dd42af15ae4a"}', '{}', '{"019bb25e-e5e2-74c2-aaf3-42c5403f26f9"}', '{"019caf25-99c7-78a6-849d-1258f99e47e4","019caf25-99c8-7bba-946c-e6b9d55d2fc3","019caf25-99ca-7f95-9038-206fe1734be3","019caf25-99cb-700e-b879-41628a9218c5","019caf25-99cc-7cc3-a040-981957508b2a","019caf25-99cd-7470-bc4b-7eb189b96d43","019caf25-99cf-7087-81ee-58450c4a9aca","019caf25-99d0-7d2c-bfba-49be9f4acd87","019caf25-99d1-771d-a01f-80f8aae924df","019caf25-99d2-752b-ab22-5f9455aa1e9a","019caf25-99d4-7fb7-8cec-e9a0de527479","019caf25-99d5-7ff1-a78c-485cbcd14b60","019caf25-99d6-70d6-90eb-f580991fcf89","019caf25-99d7-792a-a47b-246dd0a84352","019caf25-99d9-73dc-a8be-a47def47c3e0","019caf25-99da-7af2-875a-9c8eb8fd70e9","019caf25-99db-7090-87a2-0c2dff148860","019caf25-99dc-73fa-848e-fcc5947b6bb1","019caf25-99de-7c11-9dd7-a8878ef28a07","019caf25-99df-716b-abc9-a4c3ba2f32c8","019caf25-99e0-7e2c-9f64-37bde94a00c6","019caf25-99e1-717c-b4ea-8a6055664887","019caf25-99e3-723d-920c-78e5ac8f19dd","019caf25-99e4-7571-8bb7-155d53173005","019caf25-99e5-75e8-b0f1-a5bd20b35bfa","019caf25-99e6-7886-96fe-71a0bb6090d1","019caf25-99e8-7cd5-8d61-a7800f1a6686","019caf25-99e9-72be-8c27-e3f264eeefa4","019caf25-99ea-7f17-8bac-4ed76165c512","019caf25-99ec-727f-be3c-4224ee4f9bef","019caf25-99ed-79c0-926c-d302897f4322","019caf25-99ee-7f5e-934d-1c9eaeb52f24","019caf25-99ef-7358-87a9-29cb15f52fd3","019caf25-99f1-7230-bee2-f5e15bd56400","019caf25-99f2-7ea3-8a59-24fcd0ff8b8c","019caf25-99f3-7408-b7d0-968fe57800f7"}') ON CONFLICT (id) DO NOTHING;

-- simulation_artifact
INSERT INTO public.simulation_artifact (created_at, updated_at, id, generated, mcp, active) VALUES ('2026-03-10 17:46:49.615654+00:00', '2026-03-10 17:46:49.615654+00:00', 'c9a31cc2-3878-54e4-b811-d6e004ef7bbb', false, false, true) ON CONFLICT (id) DO NOTHING;
INSERT INTO public.simulation_artifact (created_at, updated_at, id, generated, mcp, active) VALUES ('2026-03-10 17:46:49.623154+00:00', '2026-03-10 17:46:49.623154+00:00', 'a437c287-881f-5d4a-811e-6fc97cf6e1d1', false, false, true) ON CONFLICT (id) DO NOTHING;
INSERT INTO public.simulation_artifact (created_at, updated_at, id, generated, mcp, active) VALUES ('2026-03-10 17:46:49.629558+00:00', '2026-03-10 17:46:49.629558+00:00', '8f6ea8b4-9c9a-556c-9310-696d6c321cd4', false, false, true) ON CONFLICT (id) DO NOTHING;
INSERT INTO public.simulation_artifact (created_at, updated_at, id, generated, mcp, active) VALUES ('2026-03-10 17:46:49.633951+00:00', '2026-03-10 17:46:49.633951+00:00', 'afc77f60-872b-572d-8a77-f616a919e7f3', false, false, true) ON CONFLICT (id) DO NOTHING;
INSERT INTO public.simulation_artifact (created_at, updated_at, id, generated, mcp, active) VALUES ('2026-03-10 17:46:49.638247+00:00', '2026-03-10 17:46:49.638247+00:00', 'ab79e0df-a730-557e-b13d-bbc0cbac4054', false, false, true) ON CONFLICT (id) DO NOTHING;
INSERT INTO public.simulation_artifact (created_at, updated_at, id, generated, mcp, active) VALUES ('2026-03-10 17:46:49.642541+00:00', '2026-03-10 17:46:49.642541+00:00', '512b698d-c5d8-5c6f-8083-57a5bb4ce75b', false, false, true) ON CONFLICT (id) DO NOTHING;
INSERT INTO public.simulation_artifact (created_at, updated_at, id, generated, mcp, active) VALUES ('2026-03-10 17:46:49.647567+00:00', '2026-03-10 17:46:49.647567+00:00', 'deae7b65-3b1a-5617-8ca7-e7f53f08c796', false, false, true) ON CONFLICT (id) DO NOTHING;
INSERT INTO public.simulation_artifact (created_at, updated_at, id, generated, mcp, active) VALUES ('2026-03-10 17:46:49.653954+00:00', '2026-03-10 17:46:49.653954+00:00', 'b4653a76-e5bc-559f-a7b0-c5476dfa46a8', false, false, true) ON CONFLICT (id) DO NOTHING;

-- simulation_departments_junction
INSERT INTO public.simulation_departments_junction (active, created_at, departments_id, simulation_id, generated, mcp) VALUES (true, '2026-03-10 17:46:49.615654+00:00', 'a2b369c1-a81e-5e02-98d5-dd42af15ae4a', 'c9a31cc2-3878-54e4-b811-d6e004ef7bbb', false, false) ON CONFLICT (id) DO NOTHING;
INSERT INTO public.simulation_departments_junction (active, created_at, departments_id, simulation_id, generated, mcp) VALUES (true, '2026-03-10 17:46:49.623154+00:00', 'a2b369c1-a81e-5e02-98d5-dd42af15ae4a', 'a437c287-881f-5d4a-811e-6fc97cf6e1d1', false, false) ON CONFLICT (id) DO NOTHING;
INSERT INTO public.simulation_departments_junction (active, created_at, departments_id, simulation_id, generated, mcp) VALUES (true, '2026-03-10 17:46:49.629558+00:00', 'a2b369c1-a81e-5e02-98d5-dd42af15ae4a', '8f6ea8b4-9c9a-556c-9310-696d6c321cd4', false, false) ON CONFLICT (id) DO NOTHING;
INSERT INTO public.simulation_departments_junction (active, created_at, departments_id, simulation_id, generated, mcp) VALUES (true, '2026-03-10 17:46:49.633951+00:00', 'a2b369c1-a81e-5e02-98d5-dd42af15ae4a', 'afc77f60-872b-572d-8a77-f616a919e7f3', false, false) ON CONFLICT (id) DO NOTHING;
INSERT INTO public.simulation_departments_junction (active, created_at, departments_id, simulation_id, generated, mcp) VALUES (true, '2026-03-10 17:46:49.638247+00:00', 'a2b369c1-a81e-5e02-98d5-dd42af15ae4a', 'ab79e0df-a730-557e-b13d-bbc0cbac4054', false, false) ON CONFLICT (id) DO NOTHING;
INSERT INTO public.simulation_departments_junction (active, created_at, departments_id, simulation_id, generated, mcp) VALUES (true, '2026-03-10 17:46:49.642541+00:00', 'a2b369c1-a81e-5e02-98d5-dd42af15ae4a', '512b698d-c5d8-5c6f-8083-57a5bb4ce75b', false, false) ON CONFLICT (id) DO NOTHING;
INSERT INTO public.simulation_departments_junction (active, created_at, departments_id, simulation_id, generated, mcp) VALUES (true, '2026-03-10 17:46:49.647567+00:00', 'a2b369c1-a81e-5e02-98d5-dd42af15ae4a', 'deae7b65-3b1a-5617-8ca7-e7f53f08c796', false, false) ON CONFLICT (id) DO NOTHING;
INSERT INTO public.simulation_departments_junction (active, created_at, departments_id, simulation_id, generated, mcp) VALUES (true, '2026-03-10 17:46:49.653954+00:00', 'a2b369c1-a81e-5e02-98d5-dd42af15ae4a', 'b4653a76-e5bc-559f-a7b0-c5476dfa46a8', false, false) ON CONFLICT (id) DO NOTHING;

-- simulation_descriptions_junction
INSERT INTO public.simulation_descriptions_junction (simulation_id, descriptions_id, created_at, generated, mcp, active) VALUES ('c9a31cc2-3878-54e4-b811-d6e004ef7bbb', '019cd8db-cd74-7d15-a61e-ea3df2d74c35', '2026-03-10 17:46:49.615654+00:00', false, false, true) ON CONFLICT (id) DO NOTHING;
INSERT INTO public.simulation_descriptions_junction (simulation_id, descriptions_id, created_at, generated, mcp, active) VALUES ('a437c287-881f-5d4a-811e-6fc97cf6e1d1', '019cd8db-cd78-7041-83cd-ebc60d42d84b', '2026-03-10 17:46:49.623154+00:00', false, false, true) ON CONFLICT (id) DO NOTHING;
INSERT INTO public.simulation_descriptions_junction (simulation_id, descriptions_id, created_at, generated, mcp, active) VALUES ('8f6ea8b4-9c9a-556c-9310-696d6c321cd4', '019cd8db-cd7b-7124-9104-5c4465f4734e', '2026-03-10 17:46:49.629558+00:00', false, false, true) ON CONFLICT (id) DO NOTHING;
INSERT INTO public.simulation_descriptions_junction (simulation_id, descriptions_id, created_at, generated, mcp, active) VALUES ('afc77f60-872b-572d-8a77-f616a919e7f3', '019cd8db-cd7e-7504-912c-c16aa74f4425', '2026-03-10 17:46:49.633951+00:00', false, false, true) ON CONFLICT (id) DO NOTHING;
INSERT INTO public.simulation_descriptions_junction (simulation_id, descriptions_id, created_at, generated, mcp, active) VALUES ('ab79e0df-a730-557e-b13d-bbc0cbac4054', '019cd8db-cd81-778a-8ff4-05c8271b9d72', '2026-03-10 17:46:49.638247+00:00', false, false, true) ON CONFLICT (id) DO NOTHING;
INSERT INTO public.simulation_descriptions_junction (simulation_id, descriptions_id, created_at, generated, mcp, active) VALUES ('512b698d-c5d8-5c6f-8083-57a5bb4ce75b', '019cd8db-cd84-7a0a-8445-9bca4b24c876', '2026-03-10 17:46:49.642541+00:00', false, false, true) ON CONFLICT (id) DO NOTHING;
INSERT INTO public.simulation_descriptions_junction (simulation_id, descriptions_id, created_at, generated, mcp, active) VALUES ('deae7b65-3b1a-5617-8ca7-e7f53f08c796', '019cd8db-cd87-7cb8-a734-ea8aa509c5f2', '2026-03-10 17:46:49.647567+00:00', false, false, true) ON CONFLICT (id) DO NOTHING;
INSERT INTO public.simulation_descriptions_junction (simulation_id, descriptions_id, created_at, generated, mcp, active) VALUES ('b4653a76-e5bc-559f-a7b0-c5476dfa46a8', '019cd8db-cd8a-7d09-a1d3-522a81b73ef2', '2026-03-10 17:46:49.653954+00:00', false, false, true) ON CONFLICT (id) DO NOTHING;

-- simulation_flags_junction
INSERT INTO public.simulation_flags_junction (simulation_id, flags_id, created_at, generated, mcp, active) VALUES ('c9a31cc2-3878-54e4-b811-d6e004ef7bbb', '019b995a-86ef-78e3-8811-f5d0cfd31e3c', '2026-03-10 17:46:49.615654+00:00', false, false, true) ON CONFLICT (id) DO NOTHING;
INSERT INTO public.simulation_flags_junction (simulation_id, flags_id, created_at, generated, mcp, active) VALUES ('a437c287-881f-5d4a-811e-6fc97cf6e1d1', '019b995a-86ef-78e3-8811-f5d0cfd31e3c', '2026-03-10 17:46:49.623154+00:00', false, false, true) ON CONFLICT (id) DO NOTHING;
INSERT INTO public.simulation_flags_junction (simulation_id, flags_id, created_at, generated, mcp, active) VALUES ('8f6ea8b4-9c9a-556c-9310-696d6c321cd4', '019b995a-86ef-78e3-8811-f5d0cfd31e3c', '2026-03-10 17:46:49.629558+00:00', false, false, true) ON CONFLICT (id) DO NOTHING;
INSERT INTO public.simulation_flags_junction (simulation_id, flags_id, created_at, generated, mcp, active) VALUES ('afc77f60-872b-572d-8a77-f616a919e7f3', '019b995a-86ef-78e3-8811-f5d0cfd31e3c', '2026-03-10 17:46:49.633951+00:00', false, false, true) ON CONFLICT (id) DO NOTHING;
INSERT INTO public.simulation_flags_junction (simulation_id, flags_id, created_at, generated, mcp, active) VALUES ('ab79e0df-a730-557e-b13d-bbc0cbac4054', '019b995a-86ef-78e3-8811-f5d0cfd31e3c', '2026-03-10 17:46:49.638247+00:00', false, false, true) ON CONFLICT (id) DO NOTHING;

-- simulation_names_junction
INSERT INTO public.simulation_names_junction (simulation_id, names_id, created_at, generated, mcp, active) VALUES ('c9a31cc2-3878-54e4-b811-d6e004ef7bbb', '019cd8db-cd73-738a-8a6f-c94b1fd8c749', '2026-03-10 17:46:49.615654+00:00', false, false, true) ON CONFLICT (id) DO NOTHING;
INSERT INTO public.simulation_names_junction (simulation_id, names_id, created_at, generated, mcp, active) VALUES ('a437c287-881f-5d4a-811e-6fc97cf6e1d1', '019cd8db-cd76-78bd-9937-52a804dad552', '2026-03-10 17:46:49.623154+00:00', false, false, true) ON CONFLICT (id) DO NOTHING;
INSERT INTO public.simulation_names_junction (simulation_id, names_id, created_at, generated, mcp, active) VALUES ('8f6ea8b4-9c9a-556c-9310-696d6c321cd4', '019cd8db-cd79-79b4-a90e-cf6a530eee83', '2026-03-10 17:46:49.629558+00:00', false, false, true) ON CONFLICT (id) DO NOTHING;
INSERT INTO public.simulation_names_junction (simulation_id, names_id, created_at, generated, mcp, active) VALUES ('afc77f60-872b-572d-8a77-f616a919e7f3', '019cd8db-cd7c-7d51-bf20-f9dd5830c984', '2026-03-10 17:46:49.633951+00:00', false, false, true) ON CONFLICT (id) DO NOTHING;
INSERT INTO public.simulation_names_junction (simulation_id, names_id, created_at, generated, mcp, active) VALUES ('ab79e0df-a730-557e-b13d-bbc0cbac4054', '019cd8db-cd7f-7fd8-a5a6-f65e1d4d382c', '2026-03-10 17:46:49.638247+00:00', false, false, true) ON CONFLICT (id) DO NOTHING;
INSERT INTO public.simulation_names_junction (simulation_id, names_id, created_at, generated, mcp, active) VALUES ('512b698d-c5d8-5c6f-8083-57a5bb4ce75b', '019cd8db-cd83-7287-8d89-11063a6c6ca9', '2026-03-10 17:46:49.642541+00:00', false, false, true) ON CONFLICT (id) DO NOTHING;
INSERT INTO public.simulation_names_junction (simulation_id, names_id, created_at, generated, mcp, active) VALUES ('deae7b65-3b1a-5617-8ca7-e7f53f08c796', '019cd8db-cd86-7600-8340-e4f44d761ae5', '2026-03-10 17:46:49.647567+00:00', false, false, true) ON CONFLICT (id) DO NOTHING;
INSERT INTO public.simulation_names_junction (simulation_id, names_id, created_at, generated, mcp, active) VALUES ('b4653a76-e5bc-559f-a7b0-c5476dfa46a8', '019cd8db-cd89-77a6-89c7-d5a758bf6e40', '2026-03-10 17:46:49.653954+00:00', false, false, true) ON CONFLICT (id) DO NOTHING;

-- simulation_scenario_rubrics_junction
INSERT INTO public.simulation_scenario_rubrics_junction (simulation_id, scenario_rubrics_id, created_at, generated, mcp, active) VALUES ('512b698d-c5d8-5c6f-8083-57a5bb4ce75b', '15a72c78-6a9b-5608-9abd-22a12efd2204', '2026-03-10 17:46:49.642541+00:00', false, false, true) ON CONFLICT (id) DO NOTHING;
INSERT INTO public.simulation_scenario_rubrics_junction (simulation_id, scenario_rubrics_id, created_at, generated, mcp, active) VALUES ('512b698d-c5d8-5c6f-8083-57a5bb4ce75b', '1a9e2401-0acd-55b1-a45c-218dd320074a', '2026-03-10 17:46:49.642541+00:00', false, false, true) ON CONFLICT (id) DO NOTHING;
INSERT INTO public.simulation_scenario_rubrics_junction (simulation_id, scenario_rubrics_id, created_at, generated, mcp, active) VALUES ('deae7b65-3b1a-5617-8ca7-e7f53f08c796', 'b03daa51-accf-55bc-8eb5-8ab4f158ea46', '2026-03-10 17:46:49.647567+00:00', false, false, true) ON CONFLICT (id) DO NOTHING;
INSERT INTO public.simulation_scenario_rubrics_junction (simulation_id, scenario_rubrics_id, created_at, generated, mcp, active) VALUES ('deae7b65-3b1a-5617-8ca7-e7f53f08c796', 'dd66fa53-ff3e-5757-a9d3-7148fec0ce9a', '2026-03-10 17:46:49.647567+00:00', false, false, true) ON CONFLICT (id) DO NOTHING;
INSERT INTO public.simulation_scenario_rubrics_junction (simulation_id, scenario_rubrics_id, created_at, generated, mcp, active) VALUES ('b4653a76-e5bc-559f-a7b0-c5476dfa46a8', '59631eb4-61a6-5329-971e-6dbeab6f62ee', '2026-03-10 17:46:49.653954+00:00', false, false, true) ON CONFLICT (id) DO NOTHING;
INSERT INTO public.simulation_scenario_rubrics_junction (simulation_id, scenario_rubrics_id, created_at, generated, mcp, active) VALUES ('b4653a76-e5bc-559f-a7b0-c5476dfa46a8', 'e086d719-3a27-51b8-90a8-b3e8c050d334', '2026-03-10 17:46:49.653954+00:00', false, false, true) ON CONFLICT (id) DO NOTHING;

-- simulation_scenarios_junction
INSERT INTO public.simulation_scenarios_junction (created_at, scenarios_id, simulation_id, generated, mcp, active) VALUES ('2026-03-10 17:46:49.615654+00:00', '91aae48d-df47-51ec-b6a9-88844d18fe9b', 'c9a31cc2-3878-54e4-b811-d6e004ef7bbb', false, false, true) ON CONFLICT (id) DO NOTHING;
INSERT INTO public.simulation_scenarios_junction (created_at, scenarios_id, simulation_id, generated, mcp, active) VALUES ('2026-03-10 17:46:49.623154+00:00', '2df29dfb-3b82-53bb-829a-297f9b16931d', 'a437c287-881f-5d4a-811e-6fc97cf6e1d1', false, false, true) ON CONFLICT (id) DO NOTHING;
INSERT INTO public.simulation_scenarios_junction (created_at, scenarios_id, simulation_id, generated, mcp, active) VALUES ('2026-03-10 17:46:49.629558+00:00', 'eb6b7f33-64ac-5916-9539-86579e559080', '8f6ea8b4-9c9a-556c-9310-696d6c321cd4', false, false, true) ON CONFLICT (id) DO NOTHING;
INSERT INTO public.simulation_scenarios_junction (created_at, scenarios_id, simulation_id, generated, mcp, active) VALUES ('2026-03-10 17:46:49.633951+00:00', '85d76e69-3e3e-5111-8f61-0d006476401e', 'afc77f60-872b-572d-8a77-f616a919e7f3', false, false, true) ON CONFLICT (id) DO NOTHING;
INSERT INTO public.simulation_scenarios_junction (created_at, scenarios_id, simulation_id, generated, mcp, active) VALUES ('2026-03-10 17:46:49.638247+00:00', '6182f416-bc0c-5e7b-9d50-accc70ce153f', 'ab79e0df-a730-557e-b13d-bbc0cbac4054', false, false, true) ON CONFLICT (id) DO NOTHING;
INSERT INTO public.simulation_scenarios_junction (created_at, scenarios_id, simulation_id, generated, mcp, active) VALUES ('2026-03-10 17:46:49.642541+00:00', '5858e6bd-be9d-53ae-8248-901bd46aa94d', '512b698d-c5d8-5c6f-8083-57a5bb4ce75b', false, false, true) ON CONFLICT (id) DO NOTHING;
INSERT INTO public.simulation_scenarios_junction (created_at, scenarios_id, simulation_id, generated, mcp, active) VALUES ('2026-03-10 17:46:49.647567+00:00', '0bf203d5-3a53-5925-af86-9f5f7907c08c', 'deae7b65-3b1a-5617-8ca7-e7f53f08c796', false, false, true) ON CONFLICT (id) DO NOTHING;
INSERT INTO public.simulation_scenarios_junction (created_at, scenarios_id, simulation_id, generated, mcp, active) VALUES ('2026-03-10 17:46:49.653954+00:00', '54d758d4-7150-5ea7-98f8-2593c1422d4d', 'b4653a76-e5bc-559f-a7b0-c5476dfa46a8', false, false, true) ON CONFLICT (id) DO NOTHING;

-- simulation_simulations_junction
INSERT INTO public.simulation_simulations_junction (simulation_id, simulations_id, active, created_at, generated, mcp) VALUES ('c9a31cc2-3878-54e4-b811-d6e004ef7bbb', 'c9a31cc2-3878-54e4-b811-d6e004ef7bbb', true, '2026-03-10 17:46:49.615654+00:00', false, false) ON CONFLICT (id) DO NOTHING;
INSERT INTO public.simulation_simulations_junction (simulation_id, simulations_id, active, created_at, generated, mcp) VALUES ('a437c287-881f-5d4a-811e-6fc97cf6e1d1', 'a437c287-881f-5d4a-811e-6fc97cf6e1d1', true, '2026-03-10 17:46:49.623154+00:00', false, false) ON CONFLICT (id) DO NOTHING;
INSERT INTO public.simulation_simulations_junction (simulation_id, simulations_id, active, created_at, generated, mcp) VALUES ('8f6ea8b4-9c9a-556c-9310-696d6c321cd4', '8f6ea8b4-9c9a-556c-9310-696d6c321cd4', true, '2026-03-10 17:46:49.629558+00:00', false, false) ON CONFLICT (id) DO NOTHING;
INSERT INTO public.simulation_simulations_junction (simulation_id, simulations_id, active, created_at, generated, mcp) VALUES ('afc77f60-872b-572d-8a77-f616a919e7f3', 'afc77f60-872b-572d-8a77-f616a919e7f3', true, '2026-03-10 17:46:49.633951+00:00', false, false) ON CONFLICT (id) DO NOTHING;
INSERT INTO public.simulation_simulations_junction (simulation_id, simulations_id, active, created_at, generated, mcp) VALUES ('ab79e0df-a730-557e-b13d-bbc0cbac4054', 'ab79e0df-a730-557e-b13d-bbc0cbac4054', true, '2026-03-10 17:46:49.638247+00:00', false, false) ON CONFLICT (id) DO NOTHING;
INSERT INTO public.simulation_simulations_junction (simulation_id, simulations_id, active, created_at, generated, mcp) VALUES ('512b698d-c5d8-5c6f-8083-57a5bb4ce75b', '512b698d-c5d8-5c6f-8083-57a5bb4ce75b', true, '2026-03-10 17:46:49.642541+00:00', false, false) ON CONFLICT (id) DO NOTHING;
INSERT INTO public.simulation_simulations_junction (simulation_id, simulations_id, active, created_at, generated, mcp) VALUES ('deae7b65-3b1a-5617-8ca7-e7f53f08c796', 'deae7b65-3b1a-5617-8ca7-e7f53f08c796', true, '2026-03-10 17:46:49.647567+00:00', false, false) ON CONFLICT (id) DO NOTHING;
INSERT INTO public.simulation_simulations_junction (simulation_id, simulations_id, active, created_at, generated, mcp) VALUES ('b4653a76-e5bc-559f-a7b0-c5476dfa46a8', 'b4653a76-e5bc-559f-a7b0-c5476dfa46a8', true, '2026-03-10 17:46:49.653954+00:00', false, false) ON CONFLICT (id) DO NOTHING;

-- simulations_resource
INSERT INTO public.simulations_resource (created_at, active, generated, mcp, id, name, description, department_ids, scenario_ids, scenario_rubric_ids, scenario_time_limit_ids, scenario_position_ids, scenario_flag_ids, practice) VALUES ('2026-03-10 17:46:49.613066+00:00', true, false, false, 'c9a31cc2-3878-54e4-b811-d6e004ef7bbb', 'Confused Practice', 'Seeks to understand by asking questions and exploring ideas.', '{}', '{}', '{}', '{}', '{}', '{}', false) ON CONFLICT (id) DO NOTHING;
INSERT INTO public.simulations_resource (created_at, active, generated, mcp, id, name, description, department_ids, scenario_ids, scenario_rubric_ids, scenario_time_limit_ids, scenario_position_ids, scenario_flag_ids, practice) VALUES ('2026-03-10 17:46:49.620854+00:00', true, false, false, 'a437c287-881f-5d4a-811e-6fc97cf6e1d1', 'Happy Practice', 'Provides uplifting feedback and cheerful responses.', '{}', '{}', '{}', '{}', '{}', '{}', false) ON CONFLICT (id) DO NOTHING;
INSERT INTO public.simulations_resource (created_at, active, generated, mcp, id, name, description, department_ids, scenario_ids, scenario_rubric_ids, scenario_time_limit_ids, scenario_position_ids, scenario_flag_ids, practice) VALUES ('2026-03-10 17:46:49.627699+00:00', true, false, false, '8f6ea8b4-9c9a-556c-9310-696d6c321cd4', 'Passive Practice', 'Responds with minimal engagement and requires prompting.', '{}', '{}', '{}', '{}', '{}', '{}', false) ON CONFLICT (id) DO NOTHING;
INSERT INTO public.simulations_resource (created_at, active, generated, mcp, id, name, description, department_ids, scenario_ids, scenario_rubric_ids, scenario_time_limit_ids, scenario_position_ids, scenario_flag_ids, practice) VALUES ('2026-03-10 17:46:49.632218+00:00', true, false, false, 'afc77f60-872b-572d-8a77-f616a919e7f3', 'Aggressive Practice', 'Challenges with confrontational and resistant responses.', '{}', '{}', '{}', '{}', '{}', '{}', false) ON CONFLICT (id) DO NOTHING;
INSERT INTO public.simulations_resource (created_at, active, generated, mcp, id, name, description, department_ids, scenario_ids, scenario_rubric_ids, scenario_time_limit_ids, scenario_position_ids, scenario_flag_ids, practice) VALUES ('2026-03-10 17:46:49.636523+00:00', true, false, false, 'ab79e0df-a730-557e-b13d-bbc0cbac4054', 'General Practice', 'A flexible simulation for open-ended practice with any persona.', '{}', '{}', '{}', '{}', '{}', '{}', false) ON CONFLICT (id) DO NOTHING;
INSERT INTO public.simulations_resource (created_at, active, generated, mcp, id, name, description, department_ids, scenario_ids, scenario_rubric_ids, scenario_time_limit_ids, scenario_position_ids, scenario_flag_ids, practice) VALUES ('2026-03-10 17:46:49.640890+00:00', true, false, false, '512b698d-c5d8-5c6f-8083-57a5bb4ce75b', 'Academic Integrity Training', 'Training simulation for practicing responses to academic integrity violations.', '{}', '{}', '{}', '{}', '{}', '{}', false) ON CONFLICT (id) DO NOTHING;
INSERT INTO public.simulations_resource (created_at, active, generated, mcp, id, name, description, department_ids, scenario_ids, scenario_rubric_ids, scenario_time_limit_ids, scenario_position_ids, scenario_flag_ids, practice) VALUES ('2026-03-10 17:46:49.645668+00:00', true, false, false, 'deae7b65-3b1a-5617-8ca7-e7f53f08c796', 'FERPA Training', 'Training simulation for practicing FERPA compliance and student privacy protection.', '{}', '{}', '{}', '{}', '{}', '{}', false) ON CONFLICT (id) DO NOTHING;
INSERT INTO public.simulations_resource (created_at, active, generated, mcp, id, name, description, department_ids, scenario_ids, scenario_rubric_ids, scenario_time_limit_ids, scenario_position_ids, scenario_flag_ids, practice) VALUES ('2026-03-10 17:46:49.651732+00:00', true, false, false, 'b4653a76-e5bc-559f-a7b0-c5476dfa46a8', 'Upset Student Training', 'Training simulation for practicing de-escalation techniques with upset students.', '{}', '{}', '{}', '{}', '{}', '{}', false) ON CONFLICT (id) DO NOTHING;

-- text_uploads_entry
INSERT INTO public.text_uploads_entry (id, text_id, upload_id, created_at, active, generated, mcp, session_id) VALUES ('019cd8db-ce7c-730c-a7da-d0879700b12e', '019cd8db-ce7a-7e11-8c26-9d9a219b68ad', '019cd8db-ce78-70e8-8926-bb6f6372e954', '2026-03-10 17:46:49.851972+00:00', true, true, false, '019cd8db-ce76-7a0d-9a6d-be2d0ae7a11f') ON CONFLICT (id) DO NOTHING;
INSERT INTO public.text_uploads_entry (id, text_id, upload_id, created_at, active, generated, mcp, session_id) VALUES ('019cd8db-ce81-7bd0-b483-530ef66f24c5', '019cd8db-ce81-717b-9074-c523f0a35cb6', '019cd8db-ce7f-728e-9bca-5cd2902b7c91', '2026-03-10 17:46:49.857725+00:00', true, true, false, '019cd8db-ce76-7a0d-9a6d-be2d0ae7a11f') ON CONFLICT (id) DO NOTHING;
INSERT INTO public.text_uploads_entry (id, text_id, upload_id, created_at, active, generated, mcp, session_id) VALUES ('019cd8db-ce86-7332-b777-49ae243d3fcd', '019cd8db-ce85-7995-9893-d9e1b9183dcb', '019cd8db-ce83-7d0a-92ec-c735952c0c35', '2026-03-10 17:46:49.862186+00:00', true, true, false, '019cd8db-ce76-7a0d-9a6d-be2d0ae7a11f') ON CONFLICT (id) DO NOTHING;
INSERT INTO public.text_uploads_entry (id, text_id, upload_id, created_at, active, generated, mcp, session_id) VALUES ('019cd8db-ce8a-78d4-8ae6-4bca31a527e6', '019cd8db-ce89-7e9d-a7d1-12907aaa32bb', '019cd8db-ce88-7278-b070-c7e854f3805b', '2026-03-10 17:46:49.866532+00:00', true, true, false, '019cd8db-ce76-7a0d-9a6d-be2d0ae7a11f') ON CONFLICT (id) DO NOTHING;
INSERT INTO public.text_uploads_entry (id, text_id, upload_id, created_at, active, generated, mcp, session_id) VALUES ('019cd8db-ce8f-7c27-8011-9dde59e95f91', '019cd8db-ce8f-72e6-a844-bbc087bc2545', '019cd8db-ce8d-7696-a179-9e23ee490c99', '2026-03-10 17:46:49.871747+00:00', true, true, false, '019cd8db-ce76-7a0d-9a6d-be2d0ae7a11f') ON CONFLICT (id) DO NOTHING;
INSERT INTO public.text_uploads_entry (id, text_id, upload_id, created_at, active, generated, mcp, session_id) VALUES ('019cd8db-ce94-7282-b66b-b6daf8bbfb95', '019cd8db-ce93-78e5-a0f9-cece168ed891', '019cd8db-ce91-7bc6-9feb-22e773ee6794', '2026-03-10 17:46:49.876143+00:00', true, true, false, '019cd8db-ce76-7a0d-9a6d-be2d0ae7a11f') ON CONFLICT (id) DO NOTHING;
INSERT INTO public.text_uploads_entry (id, text_id, upload_id, created_at, active, generated, mcp, session_id) VALUES ('019cd8db-ce98-755b-acff-e29e01ce4ced', '019cd8db-ce97-7bad-8941-0c6bfa932b3a', '019cd8db-ce96-704d-8d76-86f602af5a2d', '2026-03-10 17:46:49.880327+00:00', true, true, false, '019cd8db-ce76-7a0d-9a6d-be2d0ae7a11f') ON CONFLICT (id) DO NOTHING;
INSERT INTO public.text_uploads_entry (id, text_id, upload_id, created_at, active, generated, mcp, session_id) VALUES ('019cd8db-ce9c-7a6a-831f-82c5533e7b2a', '019cd8db-ce9c-702b-851b-d5b198b6f221', '019cd8db-ce9a-7473-a592-1ee199f42a0b', '2026-03-10 17:46:49.884643+00:00', true, true, false, '019cd8db-ce76-7a0d-9a6d-be2d0ae7a11f') ON CONFLICT (id) DO NOTHING;

-- texts_entry
INSERT INTO public.texts_entry (id, created_at, active, generated, mcp, session_id) VALUES ('019cd8db-ce7a-7e11-8c26-9d9a219b68ad', '2026-03-10 17:46:49.850654+00:00', true, true, false, '019cd8db-ce76-7a0d-9a6d-be2d0ae7a11f') ON CONFLICT (id) DO NOTHING;
INSERT INTO public.texts_entry (id, created_at, active, generated, mcp, session_id) VALUES ('019cd8db-ce81-717b-9074-c523f0a35cb6', '2026-03-10 17:46:49.857078+00:00', true, true, false, '019cd8db-ce76-7a0d-9a6d-be2d0ae7a11f') ON CONFLICT (id) DO NOTHING;
INSERT INTO public.texts_entry (id, created_at, active, generated, mcp, session_id) VALUES ('019cd8db-ce85-7995-9893-d9e1b9183dcb', '2026-03-10 17:46:49.861586+00:00', true, true, false, '019cd8db-ce76-7a0d-9a6d-be2d0ae7a11f') ON CONFLICT (id) DO NOTHING;
INSERT INTO public.texts_entry (id, created_at, active, generated, mcp, session_id) VALUES ('019cd8db-ce89-7e9d-a7d1-12907aaa32bb', '2026-03-10 17:46:49.865902+00:00', true, true, false, '019cd8db-ce76-7a0d-9a6d-be2d0ae7a11f') ON CONFLICT (id) DO NOTHING;
INSERT INTO public.texts_entry (id, created_at, active, generated, mcp, session_id) VALUES ('019cd8db-ce8f-72e6-a844-bbc087bc2545', '2026-03-10 17:46:49.871169+00:00', true, true, false, '019cd8db-ce76-7a0d-9a6d-be2d0ae7a11f') ON CONFLICT (id) DO NOTHING;
INSERT INTO public.texts_entry (id, created_at, active, generated, mcp, session_id) VALUES ('019cd8db-ce93-78e5-a0f9-cece168ed891', '2026-03-10 17:46:49.875541+00:00', true, true, false, '019cd8db-ce76-7a0d-9a6d-be2d0ae7a11f') ON CONFLICT (id) DO NOTHING;
INSERT INTO public.texts_entry (id, created_at, active, generated, mcp, session_id) VALUES ('019cd8db-ce97-7bad-8941-0c6bfa932b3a', '2026-03-10 17:46:49.879722+00:00', true, true, false, '019cd8db-ce76-7a0d-9a6d-be2d0ae7a11f') ON CONFLICT (id) DO NOTHING;
INSERT INTO public.texts_entry (id, created_at, active, generated, mcp, session_id) VALUES ('019cd8db-ce9c-702b-851b-d5b198b6f221', '2026-03-10 17:46:49.884002+00:00', true, true, false, '019cd8db-ce76-7a0d-9a6d-be2d0ae7a11f') ON CONFLICT (id) DO NOTHING;

-- texts_resource
INSERT INTO public.texts_resource (id, created_at, active, generated, mcp) VALUES ('019cd8db-ce78-7c4f-83be-241bb01122e3', '2026-03-10 17:46:49.848540+00:00', true, false, false) ON CONFLICT (id) DO NOTHING;
INSERT INTO public.texts_resource (id, created_at, active, generated, mcp) VALUES ('019cd8db-ce7f-774b-bf18-3257574f1269', '2026-03-10 17:46:49.855444+00:00', true, false, false) ON CONFLICT (id) DO NOTHING;
INSERT INTO public.texts_resource (id, created_at, active, generated, mcp) VALUES ('019cd8db-ce84-7188-844f-222c15d4b583', '2026-03-10 17:46:49.860084+00:00', true, false, false) ON CONFLICT (id) DO NOTHING;
INSERT INTO public.texts_resource (id, created_at, active, generated, mcp) VALUES ('019cd8db-ce88-7761-85e1-cfbf0b3751bf', '2026-03-10 17:46:49.864449+00:00', true, false, false) ON CONFLICT (id) DO NOTHING;
INSERT INTO public.texts_resource (id, created_at, active, generated, mcp) VALUES ('019cd8db-ce8d-7b50-b6bd-c95341d3505c', '2026-03-10 17:46:49.869696+00:00', true, false, false) ON CONFLICT (id) DO NOTHING;
INSERT INTO public.texts_resource (id, created_at, active, generated, mcp) VALUES ('019cd8db-ce92-706c-9b31-40329accf0d6', '2026-03-10 17:46:49.874014+00:00', true, false, false) ON CONFLICT (id) DO NOTHING;
INSERT INTO public.texts_resource (id, created_at, active, generated, mcp) VALUES ('019cd8db-ce96-74ed-b207-798f98b9ae6e', '2026-03-10 17:46:49.878300+00:00', true, false, false) ON CONFLICT (id) DO NOTHING;
INSERT INTO public.texts_resource (id, created_at, active, generated, mcp) VALUES ('019cd8db-ce9a-7990-a599-418031b1ed33', '2026-03-10 17:46:49.882589+00:00', true, false, false) ON CONFLICT (id) DO NOTHING;

-- texts_texts_connection
INSERT INTO public.texts_texts_connection (texts_id, text_id, active, created_at, updated_at) VALUES ('019cd8db-ce78-7c4f-83be-241bb01122e3', '019cd8db-ce7a-7e11-8c26-9d9a219b68ad', true, '2026-03-10 17:46:49.851272+00:00', '2026-03-10 17:46:49.851272+00:00') ON CONFLICT (id) DO NOTHING;
INSERT INTO public.texts_texts_connection (texts_id, text_id, active, created_at, updated_at) VALUES ('019cd8db-ce7f-774b-bf18-3257574f1269', '019cd8db-ce81-717b-9074-c523f0a35cb6', true, '2026-03-10 17:46:49.857375+00:00', '2026-03-10 17:46:49.857375+00:00') ON CONFLICT (id) DO NOTHING;
INSERT INTO public.texts_texts_connection (texts_id, text_id, active, created_at, updated_at) VALUES ('019cd8db-ce84-7188-844f-222c15d4b583', '019cd8db-ce85-7995-9893-d9e1b9183dcb', true, '2026-03-10 17:46:49.861872+00:00', '2026-03-10 17:46:49.861872+00:00') ON CONFLICT (id) DO NOTHING;
INSERT INTO public.texts_texts_connection (texts_id, text_id, active, created_at, updated_at) VALUES ('019cd8db-ce88-7761-85e1-cfbf0b3751bf', '019cd8db-ce89-7e9d-a7d1-12907aaa32bb', true, '2026-03-10 17:46:49.866213+00:00', '2026-03-10 17:46:49.866213+00:00') ON CONFLICT (id) DO NOTHING;
INSERT INTO public.texts_texts_connection (texts_id, text_id, active, created_at, updated_at) VALUES ('019cd8db-ce8d-7b50-b6bd-c95341d3505c', '019cd8db-ce8f-72e6-a844-bbc087bc2545', true, '2026-03-10 17:46:49.871441+00:00', '2026-03-10 17:46:49.871441+00:00') ON CONFLICT (id) DO NOTHING;
INSERT INTO public.texts_texts_connection (texts_id, text_id, active, created_at, updated_at) VALUES ('019cd8db-ce92-706c-9b31-40329accf0d6', '019cd8db-ce93-78e5-a0f9-cece168ed891', true, '2026-03-10 17:46:49.875835+00:00', '2026-03-10 17:46:49.875835+00:00') ON CONFLICT (id) DO NOTHING;
INSERT INTO public.texts_texts_connection (texts_id, text_id, active, created_at, updated_at) VALUES ('019cd8db-ce96-74ed-b207-798f98b9ae6e', '019cd8db-ce97-7bad-8941-0c6bfa932b3a', true, '2026-03-10 17:46:49.880013+00:00', '2026-03-10 17:46:49.880013+00:00') ON CONFLICT (id) DO NOTHING;
INSERT INTO public.texts_texts_connection (texts_id, text_id, active, created_at, updated_at) VALUES ('019cd8db-ce9a-7990-a599-418031b1ed33', '019cd8db-ce9c-702b-851b-d5b198b6f221', true, '2026-03-10 17:46:49.884316+00:00', '2026-03-10 17:46:49.884316+00:00') ON CONFLICT (id) DO NOTHING;

-- uploads_entry
INSERT INTO public.uploads_entry (created_at, file_path, mime_type, size, id, generated, mcp, active, session_id) VALUES ('2026-03-10 17:46:49.847740+00:00', 'text/26b26e4b-6331-48f8-90cd-26ef87518085.txt', 'text/plain', 10044, '019cd8db-ce78-70e8-8926-bb6f6372e954', true, false, true, '019cd8db-ce76-7a0d-9a6d-be2d0ae7a11f') ON CONFLICT (id) DO NOTHING;
INSERT INTO public.uploads_entry (created_at, file_path, mime_type, size, id, generated, mcp, active, session_id) VALUES ('2026-03-10 17:46:49.855139+00:00', 'text/7e4b9a21-b56e-4db0-a4b9-fdb39be82f04.txt', 'text/plain', 9065, '019cd8db-ce7f-728e-9bca-5cd2902b7c91', true, false, true, '019cd8db-ce76-7a0d-9a6d-be2d0ae7a11f') ON CONFLICT (id) DO NOTHING;
INSERT INTO public.uploads_entry (created_at, file_path, mime_type, size, id, generated, mcp, active, session_id) VALUES ('2026-03-10 17:46:49.859796+00:00', 'text/ec5c8173-bc74-400f-8115-0a5c9821967b.txt', 'text/plain', 11093, '019cd8db-ce83-7d0a-92ec-c735952c0c35', true, false, true, '019cd8db-ce76-7a0d-9a6d-be2d0ae7a11f') ON CONFLICT (id) DO NOTHING;
INSERT INTO public.uploads_entry (created_at, file_path, mime_type, size, id, generated, mcp, active, session_id) VALUES ('2026-03-10 17:46:49.864139+00:00', 'text/b6ab44fc-720c-4dd6-b2dd-c9173b5235bb.txt', 'text/plain', 11672, '019cd8db-ce88-7278-b070-c7e854f3805b', true, false, true, '019cd8db-ce76-7a0d-9a6d-be2d0ae7a11f') ON CONFLICT (id) DO NOTHING;
INSERT INTO public.uploads_entry (created_at, file_path, mime_type, size, id, generated, mcp, active, session_id) VALUES ('2026-03-10 17:46:49.869397+00:00', 'text/b3b5ba1f-ef41-457d-9113-23e3d6acdc73.txt', 'text/plain', 9970, '019cd8db-ce8d-7696-a179-9e23ee490c99', true, false, true, '019cd8db-ce76-7a0d-9a6d-be2d0ae7a11f') ON CONFLICT (id) DO NOTHING;
INSERT INTO public.uploads_entry (created_at, file_path, mime_type, size, id, generated, mcp, active, session_id) VALUES ('2026-03-10 17:46:49.873718+00:00', 'text/93daabfc-8049-4f6d-b0e8-0847c3b2bd60.txt', 'text/plain', 9748, '019cd8db-ce91-7bc6-9feb-22e773ee6794', true, false, true, '019cd8db-ce76-7a0d-9a6d-be2d0ae7a11f') ON CONFLICT (id) DO NOTHING;
INSERT INTO public.uploads_entry (created_at, file_path, mime_type, size, id, generated, mcp, active, session_id) VALUES ('2026-03-10 17:46:49.878009+00:00', 'text/99cafea1-8e87-46f8-915b-206366864abc.txt', 'text/plain', 9458, '019cd8db-ce96-704d-8d76-86f602af5a2d', true, false, true, '019cd8db-ce76-7a0d-9a6d-be2d0ae7a11f') ON CONFLICT (id) DO NOTHING;
INSERT INTO public.uploads_entry (created_at, file_path, mime_type, size, id, generated, mcp, active, session_id) VALUES ('2026-03-10 17:46:49.882268+00:00', 'text/1e2c4532-331b-4e88-9b4e-42e9c6282f1c.txt', 'text/plain', 9828, '019cd8db-ce9a-7473-a592-1ee199f42a0b', true, false, true, '019cd8db-ce76-7a0d-9a6d-be2d0ae7a11f') ON CONFLICT (id) DO NOTHING;
INSERT INTO public.uploads_entry (created_at, file_path, mime_type, size, id, generated, mcp, active, session_id) VALUES ('2026-03-10 17:46:49.891699+00:00', 'cbdf8b84-23e2-4bcf-abac-d718746079f9.pdf', 'application/pdf', 117807, '019cd8db-cea3-7b57-ae53-8ef5deecf5f7', true, false, true, '019cd8db-cea2-7774-ae0a-13e1069eacff') ON CONFLICT (id) DO NOTHING;
INSERT INTO public.uploads_entry (created_at, file_path, mime_type, size, id, generated, mcp, active, session_id) VALUES ('2026-03-10 17:46:49.898223+00:00', '7e73431c-b7ac-452e-aa14-bcfcd798dc0f.pdf', 'application/pdf', 117807, '019cd8db-ceaa-73b6-b3fe-832f9abac3ab', true, false, true, '019cd8db-cea2-7774-ae0a-13e1069eacff') ON CONFLICT (id) DO NOTHING;
INSERT INTO public.uploads_entry (created_at, file_path, mime_type, size, id, generated, mcp, active, session_id) VALUES ('2026-03-10 17:46:49.903411+00:00', '2e1132f2-40f8-487d-beb4-98de4dbc5865.pdf', 'application/pdf', 786105, '019cd8db-ceaf-76b7-bf69-3e1be2e49ca4', true, false, true, '019cd8db-cea2-7774-ae0a-13e1069eacff') ON CONFLICT (id) DO NOTHING;

