-- Setup: university
-- Generated by: database/seeds/runner.py
-- Modules: departments, documents, personas, scenarios, simulations, cohorts
-- ============================================================

-- cohort_artifact
INSERT INTO public.cohort_artifact (created_at, updated_at, id, generated, mcp, active) VALUES ('2026-03-10 12:57:20.989906+00:00', '2026-03-10 12:57:20.989906+00:00', 'b1c930da-dddc-5709-89f3-2f0b25d43ac4', false, false, true) ON CONFLICT (id) DO NOTHING;
INSERT INTO public.cohort_artifact (created_at, updated_at, id, generated, mcp, active) VALUES ('2026-03-10 12:57:20.996918+00:00', '2026-03-10 12:57:20.996918+00:00', 'e577afa3-ffba-5f7b-b1cd-be4bc5ffd680', false, false, true) ON CONFLICT (id) DO NOTHING;

-- cohort_cohorts_junction
INSERT INTO public.cohort_cohorts_junction (cohort_id, cohorts_id, active, created_at, generated, mcp) VALUES ('b1c930da-dddc-5709-89f3-2f0b25d43ac4', 'b1c930da-dddc-5709-89f3-2f0b25d43ac4', true, '2026-03-10 12:57:20.989906+00:00', false, false) ON CONFLICT (id) DO NOTHING;
INSERT INTO public.cohort_cohorts_junction (cohort_id, cohorts_id, active, created_at, generated, mcp) VALUES ('e577afa3-ffba-5f7b-b1cd-be4bc5ffd680', 'e577afa3-ffba-5f7b-b1cd-be4bc5ffd680', true, '2026-03-10 12:57:20.996918+00:00', false, false) ON CONFLICT (id) DO NOTHING;

-- cohort_departments_junction
INSERT INTO public.cohort_departments_junction (active, created_at, cohort_id, departments_id, generated, mcp) VALUES (true, '2026-03-10 12:57:20.989906+00:00', 'b1c930da-dddc-5709-89f3-2f0b25d43ac4', 'a2b369c1-a81e-5e02-98d5-dd42af15ae4a', false, false) ON CONFLICT (id) DO NOTHING;
INSERT INTO public.cohort_departments_junction (active, created_at, cohort_id, departments_id, generated, mcp) VALUES (true, '2026-03-10 12:57:20.996918+00:00', 'e577afa3-ffba-5f7b-b1cd-be4bc5ffd680', 'a2b369c1-a81e-5e02-98d5-dd42af15ae4a', false, false) ON CONFLICT (id) DO NOTHING;

-- cohort_descriptions_junction
INSERT INTO public.cohort_descriptions_junction (cohort_id, descriptions_id, created_at, generated, mcp, active) VALUES ('b1c930da-dddc-5709-89f3-2f0b25d43ac4', '019cd7d2-c755-77d4-95c0-d14d2369c2f7', '2026-03-10 12:57:20.989906+00:00', false, false, true) ON CONFLICT (id) DO NOTHING;
INSERT INTO public.cohort_descriptions_junction (cohort_id, descriptions_id, created_at, generated, mcp, active) VALUES ('e577afa3-ffba-5f7b-b1cd-be4bc5ffd680', '019cd7d2-c759-7102-ac6a-ec270bc9849a', '2026-03-10 12:57:20.996918+00:00', false, false, true) ON CONFLICT (id) DO NOTHING;

-- cohort_names_junction
INSERT INTO public.cohort_names_junction (cohort_id, names_id, created_at, generated, mcp, active) VALUES ('b1c930da-dddc-5709-89f3-2f0b25d43ac4', '019cd7d2-c753-7a82-b18d-0019e11257be', '2026-03-10 12:57:20.989906+00:00', false, false, true) ON CONFLICT (id) DO NOTHING;
INSERT INTO public.cohort_names_junction (cohort_id, names_id, created_at, generated, mcp, active) VALUES ('e577afa3-ffba-5f7b-b1cd-be4bc5ffd680', '019cd7d2-c757-7806-a900-b099fe977060', '2026-03-10 12:57:20.996918+00:00', false, false, true) ON CONFLICT (id) DO NOTHING;

-- cohort_simulations_junction
INSERT INTO public.cohort_simulations_junction (active, created_at, cohort_id, simulations_id, generated, mcp) VALUES (true, '2026-03-10 12:57:20.989906+00:00', 'b1c930da-dddc-5709-89f3-2f0b25d43ac4', 'c9a31cc2-3878-54e4-b811-d6e004ef7bbb', false, false) ON CONFLICT (id) DO NOTHING;
INSERT INTO public.cohort_simulations_junction (active, created_at, cohort_id, simulations_id, generated, mcp) VALUES (true, '2026-03-10 12:57:20.989906+00:00', 'b1c930da-dddc-5709-89f3-2f0b25d43ac4', 'a437c287-881f-5d4a-811e-6fc97cf6e1d1', false, false) ON CONFLICT (id) DO NOTHING;
INSERT INTO public.cohort_simulations_junction (active, created_at, cohort_id, simulations_id, generated, mcp) VALUES (true, '2026-03-10 12:57:20.989906+00:00', 'b1c930da-dddc-5709-89f3-2f0b25d43ac4', '8f6ea8b4-9c9a-556c-9310-696d6c321cd4', false, false) ON CONFLICT (id) DO NOTHING;
INSERT INTO public.cohort_simulations_junction (active, created_at, cohort_id, simulations_id, generated, mcp) VALUES (true, '2026-03-10 12:57:20.989906+00:00', 'b1c930da-dddc-5709-89f3-2f0b25d43ac4', 'afc77f60-872b-572d-8a77-f616a919e7f3', false, false) ON CONFLICT (id) DO NOTHING;
INSERT INTO public.cohort_simulations_junction (active, created_at, cohort_id, simulations_id, generated, mcp) VALUES (true, '2026-03-10 12:57:20.989906+00:00', 'b1c930da-dddc-5709-89f3-2f0b25d43ac4', 'ab79e0df-a730-557e-b13d-bbc0cbac4054', false, false) ON CONFLICT (id) DO NOTHING;
INSERT INTO public.cohort_simulations_junction (active, created_at, cohort_id, simulations_id, generated, mcp) VALUES (true, '2026-03-10 12:57:20.996918+00:00', 'e577afa3-ffba-5f7b-b1cd-be4bc5ffd680', '512b698d-c5d8-5c6f-8083-57a5bb4ce75b', false, false) ON CONFLICT (id) DO NOTHING;
INSERT INTO public.cohort_simulations_junction (active, created_at, cohort_id, simulations_id, generated, mcp) VALUES (true, '2026-03-10 12:57:20.996918+00:00', 'e577afa3-ffba-5f7b-b1cd-be4bc5ffd680', 'deae7b65-3b1a-5617-8ca7-e7f53f08c796', false, false) ON CONFLICT (id) DO NOTHING;
INSERT INTO public.cohort_simulations_junction (active, created_at, cohort_id, simulations_id, generated, mcp) VALUES (true, '2026-03-10 12:57:20.996918+00:00', 'e577afa3-ffba-5f7b-b1cd-be4bc5ffd680', 'b4653a76-e5bc-559f-a7b0-c5476dfa46a8', false, false) ON CONFLICT (id) DO NOTHING;

-- cohorts_resource
INSERT INTO public.cohorts_resource (created_at, active, generated, mcp, id, name, description, department_ids, simulation_ids, profile_ids, profile_persona_ids, simulation_position_ids, simulation_availability_ids) VALUES ('2026-03-10 12:57:20.987358+00:00', true, false, false, 'b1c930da-dddc-5709-89f3-2f0b25d43ac4', 'Practice Cohort', 'Open practice cohort with all practice simulations available.', '{}', '{}', '{}', '{}', '{}', '{}') ON CONFLICT (id) DO NOTHING;
INSERT INTO public.cohorts_resource (created_at, active, generated, mcp, id, name, description, department_ids, simulation_ids, profile_ids, profile_persona_ids, simulation_position_ids, simulation_availability_ids) VALUES ('2026-03-10 12:57:20.994652+00:00', true, false, false, 'e577afa3-ffba-5f7b-b1cd-be4bc5ffd680', 'Training Cohort', 'Training cohort with structured training simulations.', '{}', '{}', '{}', '{}', '{}', '{}') ON CONFLICT (id) DO NOTHING;

-- department_artifact
INSERT INTO public.department_artifact (created_at, updated_at, id, generated, mcp, active) VALUES ('2026-03-10 12:57:20.045336+00:00', '2026-03-10 12:57:20.045336+00:00', 'a2b369c1-a81e-5e02-98d5-dd42af15ae4a', false, false, true) ON CONFLICT (id) DO NOTHING;

-- department_departments_junction
INSERT INTO public.department_departments_junction (department_id, departments_id, active, created_at, generated, mcp) VALUES ('a2b369c1-a81e-5e02-98d5-dd42af15ae4a', 'a2b369c1-a81e-5e02-98d5-dd42af15ae4a', true, '2026-03-10 12:57:20.045336+00:00', false, false) ON CONFLICT (id) DO NOTHING;

-- department_descriptions_junction
INSERT INTO public.department_descriptions_junction (department_id, descriptions_id, created_at, generated, mcp, active) VALUES ('a2b369c1-a81e-5e02-98d5-dd42af15ae4a', '019cd7d2-c3a8-7abb-93b0-05faffcc94b9', '2026-03-10 12:57:20.045336+00:00', false, false, true) ON CONFLICT (id) DO NOTHING;

-- department_names_junction
INSERT INTO public.department_names_junction (department_id, names_id, created_at, generated, mcp, active) VALUES ('a2b369c1-a81e-5e02-98d5-dd42af15ae4a', '019cd7d2-c3a6-791f-ab44-beb01001f9ca', '2026-03-10 12:57:20.045336+00:00', false, false, true) ON CONFLICT (id) DO NOTHING;

-- departments_resource
INSERT INTO public.departments_resource (created_at, active, generated, mcp, id, name, description, department_ids, setting_ids, is_primary) VALUES ('2026-03-10 12:57:20.043262+00:00', true, false, false, 'a2b369c1-a81e-5e02-98d5-dd42af15ae4a', 'University', 'Innovative base of knowledge in the emerging field of computing.', '{}', '{}', false) ON CONFLICT (id) DO NOTHING;

-- descriptions_resource
INSERT INTO public.descriptions_resource (id, description, created_at, active, generated, mcp) VALUES ('019cd7d2-c3a8-7abb-93b0-05faffcc94b9', 'Innovative base of knowledge in the emerging field of computing.', '2026-03-10 12:57:20.040370+00:00', true, false, false) ON CONFLICT (id) DO NOTHING;
INSERT INTO public.descriptions_resource (id, description, created_at, active, generated, mcp) VALUES ('019cd7d2-c552-7784-a784-73f3f6a41722', 'University policy document covering academic honesty, plagiarism, and integrity violations.', '2026-03-10 12:57:20.466057+00:00', true, false, false) ON CONFLICT (id) DO NOTHING;
INSERT INTO public.descriptions_resource (id, description, created_at, active, generated, mcp) VALUES ('019cd7d2-c556-7411-a975-eba641ea35c1', 'Family Educational Rights and Privacy Act policy covering student record privacy and data protection.', '2026-03-10 12:57:20.470238+00:00', true, false, false) ON CONFLICT (id) DO NOTHING;
INSERT INTO public.descriptions_resource (id, description, created_at, active, generated, mcp) VALUES ('019cd7d2-c559-7f76-bf99-64561106d9fc', 'Standard university syllabus template for course planning and student reference.', '2026-03-10 12:57:20.473921+00:00', true, false, false) ON CONFLICT (id) DO NOTHING;
INSERT INTO public.descriptions_resource (id, description, created_at, active, generated, mcp) VALUES ('019cd7d2-c58a-7025-bb9f-3f2eeb5a32f8', 'Seeks to understand by asking questions and exploring ideas', '2026-03-10 12:57:20.521801+00:00', true, false, false) ON CONFLICT (id) DO NOTHING;
INSERT INTO public.descriptions_resource (id, description, created_at, active, generated, mcp) VALUES ('019cd7d2-c5a3-72ad-9163-aa1b3961d204', 'Provides uplifting feedback and cheerful responses.', '2026-03-10 12:57:20.547153+00:00', true, false, false) ON CONFLICT (id) DO NOTHING;
INSERT INTO public.descriptions_resource (id, description, created_at, active, generated, mcp) VALUES ('019cd7d2-c5b4-7823-a19a-edcb4c32c1e6', 'Low engagement and a tendency to avoid conflict or assertiveness.', '2026-03-10 12:57:20.564494+00:00', true, false, false) ON CONFLICT (id) DO NOTHING;
INSERT INTO public.descriptions_resource (id, description, created_at, active, generated, mcp) VALUES ('019cd7d2-c5c6-7bc8-94ce-348bc3b375ea', 'Pushes back on your ideas and challenges assumptions, with high intensity.', '2026-03-10 12:57:20.582721+00:00', true, false, false) ON CONFLICT (id) DO NOTHING;
INSERT INTO public.descriptions_resource (id, description, created_at, active, generated, mcp) VALUES ('019cd7d2-c5d8-7d8b-b1f0-c0409f63feef', 'Pushes back on your ideas and challenges assumptions.', '2026-03-10 12:57:20.600829+00:00', true, false, false) ON CONFLICT (id) DO NOTHING;
INSERT INTO public.descriptions_resource (id, description, created_at, active, generated, mcp) VALUES ('019cd7d2-c5eb-741d-b919-030c20a01b6f', 'Pushes back on your ideas and challenges assumptions, with milder intensity.', '2026-03-10 12:57:20.619235+00:00', true, false, false) ON CONFLICT (id) DO NOTHING;
INSERT INTO public.descriptions_resource (id, description, created_at, active, generated, mcp) VALUES ('019cd7d2-c5fc-70e4-9c83-67aef0b2675d', 'Represents a faculty member perspective, providing guidance on academic policies and course expectations.', '2026-03-10 12:57:20.636041+00:00', true, false, false) ON CONFLICT (id) DO NOTHING;
INSERT INTO public.descriptions_resource (id, description, created_at, active, generated, mcp) VALUES ('019cd7d2-c611-7f21-82dd-c6b3a0aced43', 'Represents a typical student perspective, asking questions and seeking clarification on course material and policies.', '2026-03-10 12:57:20.657930+00:00', true, false, false) ON CONFLICT (id) DO NOTHING;
INSERT INTO public.descriptions_resource (id, description, created_at, active, generated, mcp) VALUES ('019cd7d2-c624-702f-b9d0-9126143e5280', 'Represents teaching assistants and instructional support staff, helping students navigate course logistics and policies.', '2026-03-10 12:57:20.676002+00:00', true, false, false) ON CONFLICT (id) DO NOTHING;
INSERT INTO public.descriptions_resource (id, description, created_at, active, generated, mcp) VALUES ('019cd7d2-c694-7c1b-9c73-04351cc103a6', 'Practice scenario featuring a confused or uncertain student persona.', '2026-03-10 12:57:20.788576+00:00', true, false, false) ON CONFLICT (id) DO NOTHING;
INSERT INTO public.descriptions_resource (id, description, created_at, active, generated, mcp) VALUES ('019cd7d2-c69c-727e-b54d-c9c0abb9136f', 'Practice scenario featuring a cheerful and positive student persona.', '2026-03-10 12:57:20.796139+00:00', true, false, false) ON CONFLICT (id) DO NOTHING;
INSERT INTO public.descriptions_resource (id, description, created_at, active, generated, mcp) VALUES ('019cd7d2-c6a1-7529-a699-afb41cf04d35', 'Practice scenario featuring a passive or hesitant student persona.', '2026-03-10 12:57:20.801308+00:00', true, false, false) ON CONFLICT (id) DO NOTHING;
INSERT INTO public.descriptions_resource (id, description, created_at, active, generated, mcp) VALUES ('019cd7d2-c6a6-7721-9480-a417aa75325b', 'Practice scenario featuring an aggressive or confrontational student persona.', '2026-03-10 12:57:20.806432+00:00', true, false, false) ON CONFLICT (id) DO NOTHING;
INSERT INTO public.descriptions_resource (id, description, created_at, active, generated, mcp) VALUES ('019cd7d2-c6ab-7996-b75a-7e03bbf2a1d7', 'General purpose scenario for flexible practice across various situations.', '2026-03-10 12:57:20.811585+00:00', true, false, false) ON CONFLICT (id) DO NOTHING;
INSERT INTO public.descriptions_resource (id, description, created_at, active, generated, mcp) VALUES ('019cd7d2-c6b0-79c1-b5f6-ffe525c057d0', 'Training scenario for practicing responses to academic integrity violations and policy enforcement.', '2026-03-10 12:57:20.816595+00:00', true, false, false) ON CONFLICT (id) DO NOTHING;
INSERT INTO public.descriptions_resource (id, description, created_at, active, generated, mcp) VALUES ('019cd7d2-c6b7-7bdf-8deb-ae070d0530ec', 'Training scenario for practicing FERPA compliance and student privacy protection.', '2026-03-10 12:57:20.823734+00:00', true, false, false) ON CONFLICT (id) DO NOTHING;
INSERT INTO public.descriptions_resource (id, description, created_at, active, generated, mcp) VALUES ('019cd7d2-c6be-7991-b460-1db8f2ec6e6d', 'Training scenario for practicing de-escalation techniques with upset or frustrated students.', '2026-03-10 12:57:20.830591+00:00', true, false, false) ON CONFLICT (id) DO NOTHING;
INSERT INTO public.descriptions_resource (id, description, created_at, active, generated, mcp) VALUES ('019cd7d2-c704-7d90-bc6c-46695b976447', 'Seeks to understand by asking questions and exploring ideas.', '2026-03-10 12:57:20.900837+00:00', true, false, false) ON CONFLICT (id) DO NOTHING;
INSERT INTO public.descriptions_resource (id, description, created_at, active, generated, mcp) VALUES ('019cd7d2-c708-74b0-a9cd-db00d5c388ea', 'Provides uplifting feedback and cheerful responses.', '2026-03-10 12:57:20.904285+00:00', true, false, false) ON CONFLICT (id) DO NOTHING;
INSERT INTO public.descriptions_resource (id, description, created_at, active, generated, mcp) VALUES ('019cd7d2-c70b-779b-929a-4c5c6b1eff41', 'Responds with minimal engagement and requires prompting.', '2026-03-10 12:57:20.907468+00:00', true, false, false) ON CONFLICT (id) DO NOTHING;
INSERT INTO public.descriptions_resource (id, description, created_at, active, generated, mcp) VALUES ('019cd7d2-c70e-7c58-80de-44349238487e', 'Challenges with confrontational and resistant responses.', '2026-03-10 12:57:20.910762+00:00', true, false, false) ON CONFLICT (id) DO NOTHING;
INSERT INTO public.descriptions_resource (id, description, created_at, active, generated, mcp) VALUES ('019cd7d2-c711-7fb0-8f5a-81717eea8cd1', 'A flexible simulation for open-ended practice with any persona.', '2026-03-10 12:57:20.913972+00:00', true, false, false) ON CONFLICT (id) DO NOTHING;
INSERT INTO public.descriptions_resource (id, description, created_at, active, generated, mcp) VALUES ('019cd7d2-c715-70f1-a390-b439170a254d', 'Training simulation for practicing responses to academic integrity violations.', '2026-03-10 12:57:20.917051+00:00', true, false, false) ON CONFLICT (id) DO NOTHING;
INSERT INTO public.descriptions_resource (id, description, created_at, active, generated, mcp) VALUES ('019cd7d2-c718-7184-be5b-0f006f9427f2', 'Training simulation for practicing FERPA compliance and student privacy protection.', '2026-03-10 12:57:20.920087+00:00', true, false, false) ON CONFLICT (id) DO NOTHING;
INSERT INTO public.descriptions_resource (id, description, created_at, active, generated, mcp) VALUES ('019cd7d2-c71b-7510-9f66-855c1a777a39', 'Training simulation for practicing de-escalation techniques with upset students.', '2026-03-10 12:57:20.923309+00:00', true, false, false) ON CONFLICT (id) DO NOTHING;
INSERT INTO public.descriptions_resource (id, description, created_at, active, generated, mcp) VALUES ('019cd7d2-c755-77d4-95c0-d14d2369c2f7', 'Open practice cohort with all practice simulations available.', '2026-03-10 12:57:20.981286+00:00', true, false, false) ON CONFLICT (id) DO NOTHING;
INSERT INTO public.descriptions_resource (id, description, created_at, active, generated, mcp) VALUES ('019cd7d2-c759-7102-ac6a-ec270bc9849a', 'Training cohort with structured training simulations.', '2026-03-10 12:57:20.985049+00:00', true, false, false) ON CONFLICT (id) DO NOTHING;

-- document_artifact
INSERT INTO public.document_artifact (created_at, updated_at, id, generated, mcp, active) VALUES ('2026-03-10 12:57:20.479469+00:00', '2026-03-10 12:57:20.479469+00:00', '6db02639-8cab-52e6-b4ba-6ff17adbdbea', false, false, true) ON CONFLICT (id) DO NOTHING;
INSERT INTO public.document_artifact (created_at, updated_at, id, generated, mcp, active) VALUES ('2026-03-10 12:57:20.486425+00:00', '2026-03-10 12:57:20.486425+00:00', '7d484920-1494-55e3-93d9-8698a3b5f719', false, false, true) ON CONFLICT (id) DO NOTHING;
INSERT INTO public.document_artifact (created_at, updated_at, id, generated, mcp, active) VALUES ('2026-03-10 12:57:20.492070+00:00', '2026-03-10 12:57:20.492070+00:00', '1659389c-1c68-5ca9-9c15-c60b23677869', false, false, true) ON CONFLICT (id) DO NOTHING;

-- document_departments_junction
INSERT INTO public.document_departments_junction (active, created_at, departments_id, document_id, generated, mcp) VALUES (true, '2026-03-10 12:57:20.479469+00:00', 'a2b369c1-a81e-5e02-98d5-dd42af15ae4a', '6db02639-8cab-52e6-b4ba-6ff17adbdbea', false, false) ON CONFLICT (id) DO NOTHING;
INSERT INTO public.document_departments_junction (active, created_at, departments_id, document_id, generated, mcp) VALUES (true, '2026-03-10 12:57:20.486425+00:00', 'a2b369c1-a81e-5e02-98d5-dd42af15ae4a', '7d484920-1494-55e3-93d9-8698a3b5f719', false, false) ON CONFLICT (id) DO NOTHING;
INSERT INTO public.document_departments_junction (active, created_at, departments_id, document_id, generated, mcp) VALUES (true, '2026-03-10 12:57:20.492070+00:00', 'a2b369c1-a81e-5e02-98d5-dd42af15ae4a', '1659389c-1c68-5ca9-9c15-c60b23677869', false, false) ON CONFLICT (id) DO NOTHING;

-- document_descriptions_junction
INSERT INTO public.document_descriptions_junction (document_id, descriptions_id, created_at, generated, mcp, active) VALUES ('6db02639-8cab-52e6-b4ba-6ff17adbdbea', '019cd7d2-c552-7784-a784-73f3f6a41722', '2026-03-10 12:57:20.479469+00:00', false, false, true) ON CONFLICT (id) DO NOTHING;
INSERT INTO public.document_descriptions_junction (document_id, descriptions_id, created_at, generated, mcp, active) VALUES ('7d484920-1494-55e3-93d9-8698a3b5f719', '019cd7d2-c556-7411-a975-eba641ea35c1', '2026-03-10 12:57:20.486425+00:00', false, false, true) ON CONFLICT (id) DO NOTHING;
INSERT INTO public.document_descriptions_junction (document_id, descriptions_id, created_at, generated, mcp, active) VALUES ('1659389c-1c68-5ca9-9c15-c60b23677869', '019cd7d2-c559-7f76-bf99-64561106d9fc', '2026-03-10 12:57:20.492070+00:00', false, false, true) ON CONFLICT (id) DO NOTHING;

-- document_documents_junction
INSERT INTO public.document_documents_junction (document_id, documents_id, active, created_at, generated, mcp) VALUES ('6db02639-8cab-52e6-b4ba-6ff17adbdbea', '6db02639-8cab-52e6-b4ba-6ff17adbdbea', true, '2026-03-10 12:57:20.479469+00:00', false, false) ON CONFLICT (id) DO NOTHING;
INSERT INTO public.document_documents_junction (document_id, documents_id, active, created_at, generated, mcp) VALUES ('7d484920-1494-55e3-93d9-8698a3b5f719', '7d484920-1494-55e3-93d9-8698a3b5f719', true, '2026-03-10 12:57:20.486425+00:00', false, false) ON CONFLICT (id) DO NOTHING;
INSERT INTO public.document_documents_junction (document_id, documents_id, active, created_at, generated, mcp) VALUES ('1659389c-1c68-5ca9-9c15-c60b23677869', '1659389c-1c68-5ca9-9c15-c60b23677869', true, '2026-03-10 12:57:20.492070+00:00', false, false) ON CONFLICT (id) DO NOTHING;

-- document_names_junction
INSERT INTO public.document_names_junction (document_id, names_id, created_at, generated, mcp, active) VALUES ('6db02639-8cab-52e6-b4ba-6ff17adbdbea', '019cd7d2-c54f-7d65-a43d-ec6f3a32f077', '2026-03-10 12:57:20.479469+00:00', false, false, true) ON CONFLICT (id) DO NOTHING;
INSERT INTO public.document_names_junction (document_id, names_id, created_at, generated, mcp, active) VALUES ('7d484920-1494-55e3-93d9-8698a3b5f719', '019cd7d2-c554-79ec-8065-1d98a6d6cdd8', '2026-03-10 12:57:20.486425+00:00', false, false, true) ON CONFLICT (id) DO NOTHING;
INSERT INTO public.document_names_junction (document_id, names_id, created_at, generated, mcp, active) VALUES ('1659389c-1c68-5ca9-9c15-c60b23677869', '019cd7d2-c557-7cd9-8497-571ca4a2abd9', '2026-03-10 12:57:20.492070+00:00', false, false, true) ON CONFLICT (id) DO NOTHING;

-- documents_resource
INSERT INTO public.documents_resource (created_at, active, generated, mcp, id, name, description, department_ids, file_id, text_id, image_ids, template, parameter_field_ids) VALUES ('2026-03-10 12:57:20.476743+00:00', true, false, false, '6db02639-8cab-52e6-b4ba-6ff17adbdbea', 'Academic Integrity Policy', 'University policy document covering academic honesty, plagiarism, and integrity violations.', '{}', NULL, NULL, '{}', false, '{}') ON CONFLICT (id) DO NOTHING;
INSERT INTO public.documents_resource (created_at, active, generated, mcp, id, name, description, department_ids, file_id, text_id, image_ids, template, parameter_field_ids) VALUES ('2026-03-10 12:57:20.484318+00:00', true, false, false, '7d484920-1494-55e3-93d9-8698a3b5f719', 'FERPA Policy', 'Family Educational Rights and Privacy Act policy covering student record privacy and data protection.', '{}', NULL, NULL, '{}', false, '{}') ON CONFLICT (id) DO NOTHING;
INSERT INTO public.documents_resource (created_at, active, generated, mcp, id, name, description, department_ids, file_id, text_id, image_ids, template, parameter_field_ids) VALUES ('2026-03-10 12:57:20.488977+00:00', true, false, false, '1659389c-1c68-5ca9-9c15-c60b23677869', 'Syllabus Template', 'Standard university syllabus template for course planning and student reference.', '{}', NULL, NULL, '{}', false, '{}') ON CONFLICT (id) DO NOTHING;

-- examples_resource
INSERT INTO public.examples_resource (created_at, example, id, generated, mcp, active) VALUES ('2026-03-10 12:57:20.526111+00:00', 'I don''t understand', '019cd7d2-c58e-74fa-96e9-728c0f5bdc01', false, false, true) ON CONFLICT (id) DO NOTHING;
INSERT INTO public.examples_resource (created_at, example, id, generated, mcp, active) VALUES ('2026-03-10 12:57:20.528501+00:00', 'Can you explain that again?', '019cd7d2-c590-7841-934b-b6b83e6f8344', false, false, true) ON CONFLICT (id) DO NOTHING;
INSERT INTO public.examples_resource (created_at, example, id, generated, mcp, active) VALUES ('2026-03-10 12:57:20.530431+00:00', 'What does that mean?', '019cd7d2-c592-771a-91b0-1edb017e1257', false, false, true) ON CONFLICT (id) DO NOTHING;
INSERT INTO public.examples_resource (created_at, example, id, generated, mcp, active) VALUES ('2026-03-10 12:57:20.550658+00:00', 'That sounds great!', '019cd7d2-c5a6-7ac3-8a08-9b5f1b8c0ae2', false, false, true) ON CONFLICT (id) DO NOTHING;
INSERT INTO public.examples_resource (created_at, example, id, generated, mcp, active) VALUES ('2026-03-10 12:57:20.552402+00:00', 'I''m excited to learn more', '019cd7d2-c5a8-76a4-b1d9-674d718a12a6', false, false, true) ON CONFLICT (id) DO NOTHING;
INSERT INTO public.examples_resource (created_at, example, id, generated, mcp, active) VALUES ('2026-03-10 12:57:20.554132+00:00', 'This is really helpful!', '019cd7d2-c5aa-7258-a124-e3c6e38f74d7', false, false, true) ON CONFLICT (id) DO NOTHING;
INSERT INTO public.examples_resource (created_at, example, id, generated, mcp, active) VALUES ('2026-03-10 12:57:20.567950+00:00', 'I guess that could work', '019cd7d2-c5b7-7f52-9434-61d306add63e', false, false, true) ON CONFLICT (id) DO NOTHING;
INSERT INTO public.examples_resource (created_at, example, id, generated, mcp, active) VALUES ('2026-03-10 12:57:20.569587+00:00', 'Maybe that''s okay', '019cd7d2-c5b9-7986-997a-b19f773cba22', false, false, true) ON CONFLICT (id) DO NOTHING;
INSERT INTO public.examples_resource (created_at, example, id, generated, mcp, active) VALUES ('2026-03-10 12:57:20.571243+00:00', 'I''m not sure', '019cd7d2-c5bb-7403-ab60-d671f2376bf8', false, false, true) ON CONFLICT (id) DO NOTHING;
INSERT INTO public.examples_resource (created_at, example, id, generated, mcp, active) VALUES ('2026-03-10 12:57:20.586658+00:00', 'That''s not right at all!', '019cd7d2-c5ca-7ab4-8d67-990975ce7815', false, false, true) ON CONFLICT (id) DO NOTHING;
INSERT INTO public.examples_resource (created_at, example, id, generated, mcp, active) VALUES ('2026-03-10 12:57:20.588322+00:00', 'I disagree completely', '019cd7d2-c5cc-7544-862a-35ab9f4b80b6', false, false, true) ON CONFLICT (id) DO NOTHING;
INSERT INTO public.examples_resource (created_at, example, id, generated, mcp, active) VALUES ('2026-03-10 12:57:20.590039+00:00', 'You''re wrong about this', '019cd7d2-c5ce-70c5-930d-ff2441d7e926', false, false, true) ON CONFLICT (id) DO NOTHING;
INSERT INTO public.examples_resource (created_at, example, id, generated, mcp, active) VALUES ('2026-03-10 12:57:20.604929+00:00', 'That''s not right at all!', '019cd7d2-c5dc-7f09-9580-a9ae8bf07967', false, false, true) ON CONFLICT (id) DO NOTHING;
INSERT INTO public.examples_resource (created_at, example, id, generated, mcp, active) VALUES ('2026-03-10 12:57:20.606676+00:00', 'I disagree completely', '019cd7d2-c5de-7af5-a929-870da8d9ad1b', false, false, true) ON CONFLICT (id) DO NOTHING;
INSERT INTO public.examples_resource (created_at, example, id, generated, mcp, active) VALUES ('2026-03-10 12:57:20.608463+00:00', 'You''re wrong about this', '019cd7d2-c5e0-7786-9c02-622556415947', false, false, true) ON CONFLICT (id) DO NOTHING;
INSERT INTO public.examples_resource (created_at, example, id, generated, mcp, active) VALUES ('2026-03-10 12:57:20.622714+00:00', 'That''s not right at all!', '019cd7d2-c5ee-7b94-9ca5-474a11f441eb', false, false, true) ON CONFLICT (id) DO NOTHING;
INSERT INTO public.examples_resource (created_at, example, id, generated, mcp, active) VALUES ('2026-03-10 12:57:20.624410+00:00', 'I disagree completely', '019cd7d2-c5f0-76ad-abe6-24f9a9a571cf', false, false, true) ON CONFLICT (id) DO NOTHING;
INSERT INTO public.examples_resource (created_at, example, id, generated, mcp, active) VALUES ('2026-03-10 12:57:20.626074+00:00', 'You''re wrong about this', '019cd7d2-c5f2-715c-9ef7-c5fdcc64435a', false, false, true) ON CONFLICT (id) DO NOTHING;
INSERT INTO public.examples_resource (created_at, example, id, generated, mcp, active) VALUES ('2026-03-10 12:57:20.639923+00:00', 'Let me clarify the course policy on this matter', '019cd7d2-c5ff-7ef7-9b4b-3bbfbc3a8c10', false, false, true) ON CONFLICT (id) DO NOTHING;
INSERT INTO public.examples_resource (created_at, example, id, generated, mcp, active) VALUES ('2026-03-10 12:57:20.641796+00:00', 'Based on the syllabus, here''s what you need to know', '019cd7d2-c601-7cf7-aa79-0ae8bfbe0a29', false, false, true) ON CONFLICT (id) DO NOTHING;
INSERT INTO public.examples_resource (created_at, example, id, generated, mcp, active) VALUES ('2026-03-10 12:57:20.644397+00:00', 'I want to ensure you understand the academic integrity expectations', '019cd7d2-c604-7748-b956-d161e9cee6eb', false, false, true) ON CONFLICT (id) DO NOTHING;
INSERT INTO public.examples_resource (created_at, example, id, generated, mcp, active) VALUES ('2026-03-10 12:57:20.662089+00:00', 'Can you explain this concept again?', '019cd7d2-c616-719c-a579-6d3fe2a2c382', false, false, true) ON CONFLICT (id) DO NOTHING;
INSERT INTO public.examples_resource (created_at, example, id, generated, mcp, active) VALUES ('2026-03-10 12:57:20.663857+00:00', 'I''m not sure I understand the assignment requirements', '019cd7d2-c617-7de8-8028-9777043f89e2', false, false, true) ON CONFLICT (id) DO NOTHING;
INSERT INTO public.examples_resource (created_at, example, id, generated, mcp, active) VALUES ('2026-03-10 12:57:20.665640+00:00', 'What should I focus on for the exam?', '019cd7d2-c619-7a5b-b8d0-1b7ac988165d', false, false, true) ON CONFLICT (id) DO NOTHING;
INSERT INTO public.examples_resource (created_at, example, id, generated, mcp, active) VALUES ('2026-03-10 12:57:20.679710+00:00', 'I can help you understand how to submit your assignment', '019cd7d2-c627-7b78-a743-ff1e9ddb43d6', false, false, true) ON CONFLICT (id) DO NOTHING;
INSERT INTO public.examples_resource (created_at, example, id, generated, mcp, active) VALUES ('2026-03-10 12:57:20.681472+00:00', 'Let me walk you through the grading policy', '019cd7d2-c629-77a5-864e-62cd27818d7e', false, false, true) ON CONFLICT (id) DO NOTHING;
INSERT INTO public.examples_resource (created_at, example, id, generated, mcp, active) VALUES ('2026-03-10 12:57:20.683163+00:00', 'Here''s what you need to know about office hours', '019cd7d2-c62b-72b3-ab52-d944cf56c545', false, false, true) ON CONFLICT (id) DO NOTHING;

-- instructions_resource
INSERT INTO public.instructions_resource (id, template, active, created_at, generated, mcp) VALUES ('019cd7d2-c58c-70ff-82da-48cda26eb1b9', 'Your defining feature: a fundamental misunderstanding of the concept. You must stick to your wrong interpretation until the user corrects you. Mildly frustrated, but not angry. Say things like: "I thought it worked like ___? But maybe I''m wrong?" "Does it… have to do with ___? I''m honestly not sure." Become more confused when the user is vague. Only progress when the user explicitly states course terms tying to your last message.', true, '2026-03-10 12:57:20.523822+00:00', false, false) ON CONFLICT (id) DO NOTHING;
INSERT INTO public.instructions_resource (id, template, active, created_at, generated, mcp) VALUES ('019cd7d2-c5a4-7e91-a999-59a0d367e804', 'Start cheerful, upbeat, enthusiastic. This happiness fades slightly when the user is vague. No solving — always ask for more info. Keep tone light and positive: "Yeah! I''m excited to figure this out, but I''m kinda lost here." "Can you explain that part with the ___ again? I''m not totally following." Normal college energy; not overly bubbly. If the user''s follow-up is vague → slight annoyance: "I''m not sure how to answer that… could you be more specific?"', true, '2026-03-10 12:57:20.548893+00:00', false, false) ON CONFLICT (id) DO NOTHING;
INSERT INTO public.instructions_resource (id, template, active, created_at, generated, mcp) VALUES ('019cd7d2-c5b6-7419-b86e-4fffbdc63cbb', 'Quiet, apologetic, insecure. Often begins with "Uh…" or "Um…" (only at start of replies). Avoid initiative. If the user is vague → become even more withdrawn: "Um… I''m sorry, I don''t really know how to answer that." "Uh… I think I need a bit more detail." Never solve anything yourself. Only progress when: the user references course material AND connects it to your last statement. Stay soft-spoken even when you understand more.', true, '2026-03-10 12:57:20.566241+00:00', false, false) ON CONFLICT (id) DO NOTHING;
INSERT INTO public.instructions_resource (id, template, active, created_at, generated, mcp) VALUES ('019cd7d2-c5c8-78e5-a076-4dd27c6d9aa5', 'Start VERY aggressive, extremely frustrated, highly irritated. Use frequent WORDS IN ALL CAPS and many "!!!" and "??". Over time, become slightly calmer if the TA gives helpful guidance, but maintain high intensity. If told to calm down → tone drops moderately but remains intense. Very angry but not hostile — still wants to learn. Treat vague responses as EXTREMELY unhelpful. Push back VERY loudly: "That doesn''t HELP AT ALL!!!" "You''re NOT being SPECIFIC ENOUGH!!!" "I NEED MORE DETAILS!!!" Very angry but cooperative when guided with course terminology.', true, '2026-03-10 12:57:20.584532+00:00', false, false) ON CONFLICT (id) DO NOTHING;
INSERT INTO public.instructions_resource (id, template, active, created_at, generated, mcp) VALUES ('019cd7d2-c5db-7045-ab4f-45fef67622fc', 'Start clearly aggressive, frustrated, irritated. Use occasional WORDS IN ALL CAPS and some "!!!". Over time, become calmer if the TA gives helpful guidance. If told to calm down → tone drops significantly. Angry but not hostile — still wants to learn. Treat vague responses as VERY unhelpful. Push back loudly: "That doesn''t HELP at all!!!" "You''re not being SPECIFIC enough!" Avoid weird lines like "Look, I''m not here to…" Angry but cooperative when guided with course terminology.', true, '2026-03-10 12:57:20.602981+00:00', false, false) ON CONFLICT (id) DO NOTHING;
INSERT INTO public.instructions_resource (id, template, active, created_at, generated, mcp) VALUES ('019cd7d2-c5ed-7024-a304-83bed9e6e08e', 'Start mildly frustrated, slightly irritated. Use occasional emphasis but not ALL CAPS. Over time, become calmer if the TA gives helpful guidance. If told to calm down → tone drops significantly. Mildly frustrated but not hostile — still wants to learn. Treat vague responses as unhelpful. Push back gently: "That doesn''t help much..." "Could you be more specific?" Avoid aggressive lines. Mildly frustrated but cooperative when guided with course terminology.', true, '2026-03-10 12:57:20.620978+00:00', false, false) ON CONFLICT (id) DO NOTHING;
INSERT INTO public.instructions_resource (id, template, active, created_at, generated, mcp) VALUES ('019cd7d2-c5fd-7f70-88f0-6c05fee811e4', '', true, '2026-03-10 12:57:20.637956+00:00', false, false) ON CONFLICT (id) DO NOTHING;
INSERT INTO public.instructions_resource (id, template, active, created_at, generated, mcp) VALUES ('019cd7d2-c614-743b-8f6c-8a99083571d3', '', true, '2026-03-10 12:57:20.660252+00:00', false, false) ON CONFLICT (id) DO NOTHING;
INSERT INTO public.instructions_resource (id, template, active, created_at, generated, mcp) VALUES ('019cd7d2-c625-7e95-94b2-7b7a247e5110', '', true, '2026-03-10 12:57:20.677900+00:00', false, false) ON CONFLICT (id) DO NOTHING;

-- names_resource
INSERT INTO public.names_resource (id, name, created_at, active, generated, mcp) VALUES ('019cd7d2-c3a6-791f-ab44-beb01001f9ca', 'University', '2026-03-10 12:57:20.037895+00:00', true, false, false) ON CONFLICT (id) DO NOTHING;
INSERT INTO public.names_resource (id, name, created_at, active, generated, mcp) VALUES ('019cd7d2-c54f-7d65-a43d-ec6f3a32f077', 'Academic Integrity Policy', '2026-03-10 12:57:20.463446+00:00', true, false, false) ON CONFLICT (id) DO NOTHING;
INSERT INTO public.names_resource (id, name, created_at, active, generated, mcp) VALUES ('019cd7d2-c554-79ec-8065-1d98a6d6cdd8', 'FERPA Policy', '2026-03-10 12:57:20.468601+00:00', true, false, false) ON CONFLICT (id) DO NOTHING;
INSERT INTO public.names_resource (id, name, created_at, active, generated, mcp) VALUES ('019cd7d2-c557-7cd9-8497-571ca4a2abd9', 'Syllabus Template', '2026-03-10 12:57:20.471784+00:00', true, false, false) ON CONFLICT (id) DO NOTHING;
INSERT INTO public.names_resource (id, name, created_at, active, generated, mcp) VALUES ('019cd7d2-c587-7ce4-96f8-83d5b142c62a', 'Confused', '2026-03-10 12:57:20.519554+00:00', true, false, false) ON CONFLICT (id) DO NOTHING;
INSERT INTO public.names_resource (id, name, created_at, active, generated, mcp) VALUES ('019cd7d2-c5a1-7551-bd7f-8b06016958dd', 'Happy', '2026-03-10 12:57:20.545309+00:00', true, false, false) ON CONFLICT (id) DO NOTHING;
INSERT INTO public.names_resource (id, name, created_at, active, generated, mcp) VALUES ('019cd7d2-c5b2-7b7e-b2a9-6eaa7d91e009', 'Passive', '2026-03-10 12:57:20.562697+00:00', true, false, false) ON CONFLICT (id) DO NOTHING;
INSERT INTO public.names_resource (id, name, created_at, active, generated, mcp) VALUES ('019cd7d2-c5c4-7e11-8743-22bae8f7f119', 'Aggressive (High)', '2026-03-10 12:57:20.580852+00:00', true, false, false) ON CONFLICT (id) DO NOTHING;
INSERT INTO public.names_resource (id, name, created_at, active, generated, mcp) VALUES ('019cd7d2-c5d6-7ea4-b85c-7d25dd930cc6', 'Aggressive (Medium)', '2026-03-10 12:57:20.598884+00:00', true, false, false) ON CONFLICT (id) DO NOTHING;
INSERT INTO public.names_resource (id, name, created_at, active, generated, mcp) VALUES ('019cd7d2-c5e9-7531-ac41-49f038648a11', 'Aggressive (Low)', '2026-03-10 12:57:20.617292+00:00', true, false, false) ON CONFLICT (id) DO NOTHING;
INSERT INTO public.names_resource (id, name, created_at, active, generated, mcp) VALUES ('019cd7d2-c5fa-72d7-9e8f-5c888924ad87', 'Professor', '2026-03-10 12:57:20.634166+00:00', true, false, false) ON CONFLICT (id) DO NOTHING;
INSERT INTO public.names_resource (id, name, created_at, active, generated, mcp) VALUES ('019cd7d2-c60f-7e67-bab7-dc2297e4c37b', 'Student', '2026-03-10 12:57:20.655886+00:00', true, false, false) ON CONFLICT (id) DO NOTHING;
INSERT INTO public.names_resource (id, name, created_at, active, generated, mcp) VALUES ('019cd7d2-c622-7192-bb92-21a85b642667', 'Instructional Staff', '2026-03-10 12:57:20.674086+00:00', true, false, false) ON CONFLICT (id) DO NOTHING;
INSERT INTO public.names_resource (id, name, created_at, active, generated, mcp) VALUES ('019cd7d2-c693-7055-830f-58bc301f2261', 'Confused Scenario', '2026-03-10 12:57:20.786789+00:00', true, false, false) ON CONFLICT (id) DO NOTHING;
INSERT INTO public.names_resource (id, name, created_at, active, generated, mcp) VALUES ('019cd7d2-c69a-7933-b3ec-fd1035e41c30', 'Happy Scenario', '2026-03-10 12:57:20.794553+00:00', true, false, false) ON CONFLICT (id) DO NOTHING;
INSERT INTO public.names_resource (id, name, created_at, active, generated, mcp) VALUES ('019cd7d2-c69f-7ce0-9d30-a1de69827d86', 'Passive Scenario', '2026-03-10 12:57:20.799787+00:00', true, false, false) ON CONFLICT (id) DO NOTHING;
INSERT INTO public.names_resource (id, name, created_at, active, generated, mcp) VALUES ('019cd7d2-c6a4-7f10-8807-e3cb8e76d5b1', 'Aggressive Scenario', '2026-03-10 12:57:20.804924+00:00', true, false, false) ON CONFLICT (id) DO NOTHING;
INSERT INTO public.names_resource (id, name, created_at, active, generated, mcp) VALUES ('019cd7d2-c6aa-7148-aacb-8db6ae533257', 'General Scenario', '2026-03-10 12:57:20.810060+00:00', true, false, false) ON CONFLICT (id) DO NOTHING;
INSERT INTO public.names_resource (id, name, created_at, active, generated, mcp) VALUES ('019cd7d2-c6af-724b-99d6-1b5f965a4b61', 'Academic Integrity Training Scenario', '2026-03-10 12:57:20.815125+00:00', true, false, false) ON CONFLICT (id) DO NOTHING;
INSERT INTO public.names_resource (id, name, created_at, active, generated, mcp) VALUES ('019cd7d2-c6b6-73aa-afb2-5eae51c8fb33', 'FERPA Training Scenario', '2026-03-10 12:57:20.822221+00:00', true, false, false) ON CONFLICT (id) DO NOTHING;
INSERT INTO public.names_resource (id, name, created_at, active, generated, mcp) VALUES ('019cd7d2-c6bd-7243-9ae4-a034aa2e9e49', 'Upset Student Training Scenario', '2026-03-10 12:57:20.829131+00:00', true, false, false) ON CONFLICT (id) DO NOTHING;
INSERT INTO public.names_resource (id, name, created_at, active, generated, mcp) VALUES ('019cd7d2-c702-7f8c-b722-776fd5e8d1e4', 'Confused Practice', '2026-03-10 12:57:20.898959+00:00', true, false, false) ON CONFLICT (id) DO NOTHING;
INSERT INTO public.names_resource (id, name, created_at, active, generated, mcp) VALUES ('019cd7d2-c706-7d8a-9488-a968dbd1d601', 'Happy Practice', '2026-03-10 12:57:20.902838+00:00', true, false, false) ON CONFLICT (id) DO NOTHING;
INSERT INTO public.names_resource (id, name, created_at, active, generated, mcp) VALUES ('019cd7d2-c70a-7034-a232-0a43e19e7dad', 'Passive Practice', '2026-03-10 12:57:20.906005+00:00', true, false, false) ON CONFLICT (id) DO NOTHING;
INSERT INTO public.names_resource (id, name, created_at, active, generated, mcp) VALUES ('019cd7d2-c70d-7479-8be8-95216e027326', 'Aggressive Practice', '2026-03-10 12:57:20.909269+00:00', true, false, false) ON CONFLICT (id) DO NOTHING;
INSERT INTO public.names_resource (id, name, created_at, active, generated, mcp) VALUES ('019cd7d2-c710-7892-ac89-4f79d86b2c2a', 'General Practice', '2026-03-10 12:57:20.912527+00:00', true, false, false) ON CONFLICT (id) DO NOTHING;
INSERT INTO public.names_resource (id, name, created_at, active, generated, mcp) VALUES ('019cd7d2-c713-7a13-94dd-cd85d3f94247', 'Academic Integrity Training', '2026-03-10 12:57:20.915622+00:00', true, false, false) ON CONFLICT (id) DO NOTHING;
INSERT INTO public.names_resource (id, name, created_at, active, generated, mcp) VALUES ('019cd7d2-c716-7b4a-8a01-f19e36bf26e6', 'FERPA Training', '2026-03-10 12:57:20.918698+00:00', true, false, false) ON CONFLICT (id) DO NOTHING;
INSERT INTO public.names_resource (id, name, created_at, active, generated, mcp) VALUES ('019cd7d2-c719-7d3b-9c7b-17cc12debb4a', 'Upset Student Training', '2026-03-10 12:57:20.921819+00:00', true, false, false) ON CONFLICT (id) DO NOTHING;
INSERT INTO public.names_resource (id, name, created_at, active, generated, mcp) VALUES ('019cd7d2-c753-7a82-b18d-0019e11257be', 'Practice Cohort', '2026-03-10 12:57:20.979416+00:00', true, false, false) ON CONFLICT (id) DO NOTHING;
INSERT INTO public.names_resource (id, name, created_at, active, generated, mcp) VALUES ('019cd7d2-c757-7806-a900-b099fe977060', 'Training Cohort', '2026-03-10 12:57:20.983485+00:00', true, false, false) ON CONFLICT (id) DO NOTHING;

-- persona_artifact
INSERT INTO public.persona_artifact (created_at, updated_at, id, generated, mcp, active) VALUES ('2026-03-10 12:57:20.737003+00:00', '2026-03-10 12:57:20.737003+00:00', 'b733939f-a3c4-5042-b769-4a3338d4299d', false, false, true) ON CONFLICT (id) DO NOTHING;
INSERT INTO public.persona_artifact (created_at, updated_at, id, generated, mcp, active) VALUES ('2026-03-10 12:57:20.737003+00:00', '2026-03-10 12:57:20.737003+00:00', 'bf928db2-aae2-5ed5-b848-3d50aee38768', false, false, true) ON CONFLICT (id) DO NOTHING;
INSERT INTO public.persona_artifact (created_at, updated_at, id, generated, mcp, active) VALUES ('2026-03-10 12:57:20.737003+00:00', '2026-03-10 12:57:20.737003+00:00', '2b3000a1-cde6-588a-af3e-4bd63296f709', false, false, true) ON CONFLICT (id) DO NOTHING;
INSERT INTO public.persona_artifact (created_at, updated_at, id, generated, mcp, active) VALUES ('2026-03-10 12:57:20.737003+00:00', '2026-03-10 12:57:20.737003+00:00', 'f55438bb-2ae6-54f5-b184-2f3d4ec5d945', false, false, true) ON CONFLICT (id) DO NOTHING;
INSERT INTO public.persona_artifact (created_at, updated_at, id, generated, mcp, active) VALUES ('2026-03-10 12:57:20.737003+00:00', '2026-03-10 12:57:20.737003+00:00', '79e71013-86d2-5ab4-adcd-5fa2456ada13', false, false, true) ON CONFLICT (id) DO NOTHING;
INSERT INTO public.persona_artifact (created_at, updated_at, id, generated, mcp, active) VALUES ('2026-03-10 12:57:20.737003+00:00', '2026-03-10 12:57:20.737003+00:00', '8b59e346-67f5-5359-9b70-18a57396355c', false, false, true) ON CONFLICT (id) DO NOTHING;
INSERT INTO public.persona_artifact (created_at, updated_at, id, generated, mcp, active) VALUES ('2026-03-10 12:57:20.737003+00:00', '2026-03-10 12:57:20.737003+00:00', '5735b34a-ae21-57af-8da9-a69cd619567d', false, false, true) ON CONFLICT (id) DO NOTHING;
INSERT INTO public.persona_artifact (created_at, updated_at, id, generated, mcp, active) VALUES ('2026-03-10 12:57:20.737003+00:00', '2026-03-10 12:57:20.737003+00:00', 'c95ab21f-76d1-5480-bbd7-a643328f219b', false, false, true) ON CONFLICT (id) DO NOTHING;
INSERT INTO public.persona_artifact (created_at, updated_at, id, generated, mcp, active) VALUES ('2026-03-10 12:57:20.737003+00:00', '2026-03-10 12:57:20.737003+00:00', '3a1d10e7-c45d-52dc-ae1e-8b6b01073702', false, false, true) ON CONFLICT (id) DO NOTHING;

-- persona_colors_junction
INSERT INTO public.persona_colors_junction (persona_id, colors_id, created_at, generated, mcp, active) VALUES ('b733939f-a3c4-5042-b769-4a3338d4299d', '019b995b-52f6-7759-98be-647af770b92b', '2026-03-10 12:57:20.737003+00:00', false, false, true) ON CONFLICT (id) DO NOTHING;
INSERT INTO public.persona_colors_junction (persona_id, colors_id, created_at, generated, mcp, active) VALUES ('bf928db2-aae2-5ed5-b848-3d50aee38768', '019b995b-52f6-773e-9996-4bb11ef1e435', '2026-03-10 12:57:20.737003+00:00', false, false, true) ON CONFLICT (id) DO NOTHING;
INSERT INTO public.persona_colors_junction (persona_id, colors_id, created_at, generated, mcp, active) VALUES ('2b3000a1-cde6-588a-af3e-4bd63296f709', '019b995b-52f6-774f-be3e-db1b84a0c1f0', '2026-03-10 12:57:20.737003+00:00', false, false, true) ON CONFLICT (id) DO NOTHING;
INSERT INTO public.persona_colors_junction (persona_id, colors_id, created_at, generated, mcp, active) VALUES ('f55438bb-2ae6-54f5-b184-2f3d4ec5d945', '019b995b-52f6-7749-8ebd-e1c6bb66de89', '2026-03-10 12:57:20.737003+00:00', false, false, true) ON CONFLICT (id) DO NOTHING;
INSERT INTO public.persona_colors_junction (persona_id, colors_id, created_at, generated, mcp, active) VALUES ('79e71013-86d2-5ab4-adcd-5fa2456ada13', '019b995b-52f6-7749-8ebd-e1c6bb66de89', '2026-03-10 12:57:20.737003+00:00', false, false, true) ON CONFLICT (id) DO NOTHING;
INSERT INTO public.persona_colors_junction (persona_id, colors_id, created_at, generated, mcp, active) VALUES ('8b59e346-67f5-5359-9b70-18a57396355c', '019b995b-52f6-7749-8ebd-e1c6bb66de89', '2026-03-10 12:57:20.737003+00:00', false, false, true) ON CONFLICT (id) DO NOTHING;
INSERT INTO public.persona_colors_junction (persona_id, colors_id, created_at, generated, mcp, active) VALUES ('5735b34a-ae21-57af-8da9-a69cd619567d', '019b995b-52f6-7750-8e0d-a4a37ff9ad13', '2026-03-10 12:57:20.737003+00:00', false, false, true) ON CONFLICT (id) DO NOTHING;
INSERT INTO public.persona_colors_junction (persona_id, colors_id, created_at, generated, mcp, active) VALUES ('c95ab21f-76d1-5480-bbd7-a643328f219b', '019b995b-52f6-7746-a592-fbc338f61f5f', '2026-03-10 12:57:20.737003+00:00', false, false, true) ON CONFLICT (id) DO NOTHING;
INSERT INTO public.persona_colors_junction (persona_id, colors_id, created_at, generated, mcp, active) VALUES ('3a1d10e7-c45d-52dc-ae1e-8b6b01073702', '019b995b-52f6-7754-9d33-d3e56f2063e0', '2026-03-10 12:57:20.737003+00:00', false, false, true) ON CONFLICT (id) DO NOTHING;

-- persona_departments_junction
INSERT INTO public.persona_departments_junction (active, created_at, departments_id, persona_id, generated, mcp) VALUES (true, '2026-03-10 12:57:20.737003+00:00', 'a2b369c1-a81e-5e02-98d5-dd42af15ae4a', 'b733939f-a3c4-5042-b769-4a3338d4299d', false, false) ON CONFLICT (id) DO NOTHING;
INSERT INTO public.persona_departments_junction (active, created_at, departments_id, persona_id, generated, mcp) VALUES (true, '2026-03-10 12:57:20.737003+00:00', 'a2b369c1-a81e-5e02-98d5-dd42af15ae4a', 'bf928db2-aae2-5ed5-b848-3d50aee38768', false, false) ON CONFLICT (id) DO NOTHING;
INSERT INTO public.persona_departments_junction (active, created_at, departments_id, persona_id, generated, mcp) VALUES (true, '2026-03-10 12:57:20.737003+00:00', 'a2b369c1-a81e-5e02-98d5-dd42af15ae4a', '2b3000a1-cde6-588a-af3e-4bd63296f709', false, false) ON CONFLICT (id) DO NOTHING;
INSERT INTO public.persona_departments_junction (active, created_at, departments_id, persona_id, generated, mcp) VALUES (true, '2026-03-10 12:57:20.737003+00:00', 'a2b369c1-a81e-5e02-98d5-dd42af15ae4a', 'f55438bb-2ae6-54f5-b184-2f3d4ec5d945', false, false) ON CONFLICT (id) DO NOTHING;
INSERT INTO public.persona_departments_junction (active, created_at, departments_id, persona_id, generated, mcp) VALUES (true, '2026-03-10 12:57:20.737003+00:00', 'a2b369c1-a81e-5e02-98d5-dd42af15ae4a', '79e71013-86d2-5ab4-adcd-5fa2456ada13', false, false) ON CONFLICT (id) DO NOTHING;
INSERT INTO public.persona_departments_junction (active, created_at, departments_id, persona_id, generated, mcp) VALUES (true, '2026-03-10 12:57:20.737003+00:00', 'a2b369c1-a81e-5e02-98d5-dd42af15ae4a', '8b59e346-67f5-5359-9b70-18a57396355c', false, false) ON CONFLICT (id) DO NOTHING;
INSERT INTO public.persona_departments_junction (active, created_at, departments_id, persona_id, generated, mcp) VALUES (true, '2026-03-10 12:57:20.737003+00:00', 'a2b369c1-a81e-5e02-98d5-dd42af15ae4a', '5735b34a-ae21-57af-8da9-a69cd619567d', false, false) ON CONFLICT (id) DO NOTHING;
INSERT INTO public.persona_departments_junction (active, created_at, departments_id, persona_id, generated, mcp) VALUES (true, '2026-03-10 12:57:20.737003+00:00', 'a2b369c1-a81e-5e02-98d5-dd42af15ae4a', 'c95ab21f-76d1-5480-bbd7-a643328f219b', false, false) ON CONFLICT (id) DO NOTHING;
INSERT INTO public.persona_departments_junction (active, created_at, departments_id, persona_id, generated, mcp) VALUES (true, '2026-03-10 12:57:20.737003+00:00', 'a2b369c1-a81e-5e02-98d5-dd42af15ae4a', '3a1d10e7-c45d-52dc-ae1e-8b6b01073702', false, false) ON CONFLICT (id) DO NOTHING;

-- persona_descriptions_junction
INSERT INTO public.persona_descriptions_junction (persona_id, descriptions_id, created_at, generated, mcp, active) VALUES ('b733939f-a3c4-5042-b769-4a3338d4299d', '019cd7d2-c58a-7025-bb9f-3f2eeb5a32f8', '2026-03-10 12:57:20.737003+00:00', false, false, true) ON CONFLICT (id) DO NOTHING;
INSERT INTO public.persona_descriptions_junction (persona_id, descriptions_id, created_at, generated, mcp, active) VALUES ('bf928db2-aae2-5ed5-b848-3d50aee38768', '019cd7d2-c5a3-72ad-9163-aa1b3961d204', '2026-03-10 12:57:20.737003+00:00', false, false, true) ON CONFLICT (id) DO NOTHING;
INSERT INTO public.persona_descriptions_junction (persona_id, descriptions_id, created_at, generated, mcp, active) VALUES ('2b3000a1-cde6-588a-af3e-4bd63296f709', '019cd7d2-c5b4-7823-a19a-edcb4c32c1e6', '2026-03-10 12:57:20.737003+00:00', false, false, true) ON CONFLICT (id) DO NOTHING;
INSERT INTO public.persona_descriptions_junction (persona_id, descriptions_id, created_at, generated, mcp, active) VALUES ('f55438bb-2ae6-54f5-b184-2f3d4ec5d945', '019cd7d2-c5c6-7bc8-94ce-348bc3b375ea', '2026-03-10 12:57:20.737003+00:00', false, false, true) ON CONFLICT (id) DO NOTHING;
INSERT INTO public.persona_descriptions_junction (persona_id, descriptions_id, created_at, generated, mcp, active) VALUES ('79e71013-86d2-5ab4-adcd-5fa2456ada13', '019cd7d2-c5d8-7d8b-b1f0-c0409f63feef', '2026-03-10 12:57:20.737003+00:00', false, false, true) ON CONFLICT (id) DO NOTHING;
INSERT INTO public.persona_descriptions_junction (persona_id, descriptions_id, created_at, generated, mcp, active) VALUES ('8b59e346-67f5-5359-9b70-18a57396355c', '019cd7d2-c5eb-741d-b919-030c20a01b6f', '2026-03-10 12:57:20.737003+00:00', false, false, true) ON CONFLICT (id) DO NOTHING;
INSERT INTO public.persona_descriptions_junction (persona_id, descriptions_id, created_at, generated, mcp, active) VALUES ('5735b34a-ae21-57af-8da9-a69cd619567d', '019cd7d2-c5fc-70e4-9c83-67aef0b2675d', '2026-03-10 12:57:20.737003+00:00', false, false, true) ON CONFLICT (id) DO NOTHING;
INSERT INTO public.persona_descriptions_junction (persona_id, descriptions_id, created_at, generated, mcp, active) VALUES ('c95ab21f-76d1-5480-bbd7-a643328f219b', '019cd7d2-c611-7f21-82dd-c6b3a0aced43', '2026-03-10 12:57:20.737003+00:00', false, false, true) ON CONFLICT (id) DO NOTHING;
INSERT INTO public.persona_descriptions_junction (persona_id, descriptions_id, created_at, generated, mcp, active) VALUES ('3a1d10e7-c45d-52dc-ae1e-8b6b01073702', '019cd7d2-c624-702f-b9d0-9126143e5280', '2026-03-10 12:57:20.737003+00:00', false, false, true) ON CONFLICT (id) DO NOTHING;

-- persona_examples_junction
INSERT INTO public.persona_examples_junction (created_at, examples_id, persona_id, active, generated, mcp) VALUES ('2026-03-10 12:57:20.737003+00:00', '019cd7d2-c58e-74fa-96e9-728c0f5bdc01', 'b733939f-a3c4-5042-b769-4a3338d4299d', true, false, false) ON CONFLICT (id) DO NOTHING;
INSERT INTO public.persona_examples_junction (created_at, examples_id, persona_id, active, generated, mcp) VALUES ('2026-03-10 12:57:20.737003+00:00', '019cd7d2-c590-7841-934b-b6b83e6f8344', 'b733939f-a3c4-5042-b769-4a3338d4299d', true, false, false) ON CONFLICT (id) DO NOTHING;
INSERT INTO public.persona_examples_junction (created_at, examples_id, persona_id, active, generated, mcp) VALUES ('2026-03-10 12:57:20.737003+00:00', '019cd7d2-c592-771a-91b0-1edb017e1257', 'b733939f-a3c4-5042-b769-4a3338d4299d', true, false, false) ON CONFLICT (id) DO NOTHING;
INSERT INTO public.persona_examples_junction (created_at, examples_id, persona_id, active, generated, mcp) VALUES ('2026-03-10 12:57:20.737003+00:00', '019cd7d2-c5a6-7ac3-8a08-9b5f1b8c0ae2', 'bf928db2-aae2-5ed5-b848-3d50aee38768', true, false, false) ON CONFLICT (id) DO NOTHING;
INSERT INTO public.persona_examples_junction (created_at, examples_id, persona_id, active, generated, mcp) VALUES ('2026-03-10 12:57:20.737003+00:00', '019cd7d2-c5a8-76a4-b1d9-674d718a12a6', 'bf928db2-aae2-5ed5-b848-3d50aee38768', true, false, false) ON CONFLICT (id) DO NOTHING;
INSERT INTO public.persona_examples_junction (created_at, examples_id, persona_id, active, generated, mcp) VALUES ('2026-03-10 12:57:20.737003+00:00', '019cd7d2-c5aa-7258-a124-e3c6e38f74d7', 'bf928db2-aae2-5ed5-b848-3d50aee38768', true, false, false) ON CONFLICT (id) DO NOTHING;
INSERT INTO public.persona_examples_junction (created_at, examples_id, persona_id, active, generated, mcp) VALUES ('2026-03-10 12:57:20.737003+00:00', '019cd7d2-c5b7-7f52-9434-61d306add63e', '2b3000a1-cde6-588a-af3e-4bd63296f709', true, false, false) ON CONFLICT (id) DO NOTHING;
INSERT INTO public.persona_examples_junction (created_at, examples_id, persona_id, active, generated, mcp) VALUES ('2026-03-10 12:57:20.737003+00:00', '019cd7d2-c5b9-7986-997a-b19f773cba22', '2b3000a1-cde6-588a-af3e-4bd63296f709', true, false, false) ON CONFLICT (id) DO NOTHING;
INSERT INTO public.persona_examples_junction (created_at, examples_id, persona_id, active, generated, mcp) VALUES ('2026-03-10 12:57:20.737003+00:00', '019cd7d2-c5bb-7403-ab60-d671f2376bf8', '2b3000a1-cde6-588a-af3e-4bd63296f709', true, false, false) ON CONFLICT (id) DO NOTHING;
INSERT INTO public.persona_examples_junction (created_at, examples_id, persona_id, active, generated, mcp) VALUES ('2026-03-10 12:57:20.737003+00:00', '019cd7d2-c5ca-7ab4-8d67-990975ce7815', 'f55438bb-2ae6-54f5-b184-2f3d4ec5d945', true, false, false) ON CONFLICT (id) DO NOTHING;
INSERT INTO public.persona_examples_junction (created_at, examples_id, persona_id, active, generated, mcp) VALUES ('2026-03-10 12:57:20.737003+00:00', '019cd7d2-c5cc-7544-862a-35ab9f4b80b6', 'f55438bb-2ae6-54f5-b184-2f3d4ec5d945', true, false, false) ON CONFLICT (id) DO NOTHING;
INSERT INTO public.persona_examples_junction (created_at, examples_id, persona_id, active, generated, mcp) VALUES ('2026-03-10 12:57:20.737003+00:00', '019cd7d2-c5ce-70c5-930d-ff2441d7e926', 'f55438bb-2ae6-54f5-b184-2f3d4ec5d945', true, false, false) ON CONFLICT (id) DO NOTHING;
INSERT INTO public.persona_examples_junction (created_at, examples_id, persona_id, active, generated, mcp) VALUES ('2026-03-10 12:57:20.737003+00:00', '019cd7d2-c5dc-7f09-9580-a9ae8bf07967', '79e71013-86d2-5ab4-adcd-5fa2456ada13', true, false, false) ON CONFLICT (id) DO NOTHING;
INSERT INTO public.persona_examples_junction (created_at, examples_id, persona_id, active, generated, mcp) VALUES ('2026-03-10 12:57:20.737003+00:00', '019cd7d2-c5de-7af5-a929-870da8d9ad1b', '79e71013-86d2-5ab4-adcd-5fa2456ada13', true, false, false) ON CONFLICT (id) DO NOTHING;
INSERT INTO public.persona_examples_junction (created_at, examples_id, persona_id, active, generated, mcp) VALUES ('2026-03-10 12:57:20.737003+00:00', '019cd7d2-c5e0-7786-9c02-622556415947', '79e71013-86d2-5ab4-adcd-5fa2456ada13', true, false, false) ON CONFLICT (id) DO NOTHING;
INSERT INTO public.persona_examples_junction (created_at, examples_id, persona_id, active, generated, mcp) VALUES ('2026-03-10 12:57:20.737003+00:00', '019cd7d2-c5ee-7b94-9ca5-474a11f441eb', '8b59e346-67f5-5359-9b70-18a57396355c', true, false, false) ON CONFLICT (id) DO NOTHING;
INSERT INTO public.persona_examples_junction (created_at, examples_id, persona_id, active, generated, mcp) VALUES ('2026-03-10 12:57:20.737003+00:00', '019cd7d2-c5f0-76ad-abe6-24f9a9a571cf', '8b59e346-67f5-5359-9b70-18a57396355c', true, false, false) ON CONFLICT (id) DO NOTHING;
INSERT INTO public.persona_examples_junction (created_at, examples_id, persona_id, active, generated, mcp) VALUES ('2026-03-10 12:57:20.737003+00:00', '019cd7d2-c5f2-715c-9ef7-c5fdcc64435a', '8b59e346-67f5-5359-9b70-18a57396355c', true, false, false) ON CONFLICT (id) DO NOTHING;
INSERT INTO public.persona_examples_junction (created_at, examples_id, persona_id, active, generated, mcp) VALUES ('2026-03-10 12:57:20.737003+00:00', '019cd7d2-c5ff-7ef7-9b4b-3bbfbc3a8c10', '5735b34a-ae21-57af-8da9-a69cd619567d', true, false, false) ON CONFLICT (id) DO NOTHING;
INSERT INTO public.persona_examples_junction (created_at, examples_id, persona_id, active, generated, mcp) VALUES ('2026-03-10 12:57:20.737003+00:00', '019cd7d2-c601-7cf7-aa79-0ae8bfbe0a29', '5735b34a-ae21-57af-8da9-a69cd619567d', true, false, false) ON CONFLICT (id) DO NOTHING;
INSERT INTO public.persona_examples_junction (created_at, examples_id, persona_id, active, generated, mcp) VALUES ('2026-03-10 12:57:20.737003+00:00', '019cd7d2-c604-7748-b956-d161e9cee6eb', '5735b34a-ae21-57af-8da9-a69cd619567d', true, false, false) ON CONFLICT (id) DO NOTHING;
INSERT INTO public.persona_examples_junction (created_at, examples_id, persona_id, active, generated, mcp) VALUES ('2026-03-10 12:57:20.737003+00:00', '019cd7d2-c616-719c-a579-6d3fe2a2c382', 'c95ab21f-76d1-5480-bbd7-a643328f219b', true, false, false) ON CONFLICT (id) DO NOTHING;
INSERT INTO public.persona_examples_junction (created_at, examples_id, persona_id, active, generated, mcp) VALUES ('2026-03-10 12:57:20.737003+00:00', '019cd7d2-c617-7de8-8028-9777043f89e2', 'c95ab21f-76d1-5480-bbd7-a643328f219b', true, false, false) ON CONFLICT (id) DO NOTHING;
INSERT INTO public.persona_examples_junction (created_at, examples_id, persona_id, active, generated, mcp) VALUES ('2026-03-10 12:57:20.737003+00:00', '019cd7d2-c619-7a5b-b8d0-1b7ac988165d', 'c95ab21f-76d1-5480-bbd7-a643328f219b', true, false, false) ON CONFLICT (id) DO NOTHING;
INSERT INTO public.persona_examples_junction (created_at, examples_id, persona_id, active, generated, mcp) VALUES ('2026-03-10 12:57:20.737003+00:00', '019cd7d2-c627-7b78-a743-ff1e9ddb43d6', '3a1d10e7-c45d-52dc-ae1e-8b6b01073702', true, false, false) ON CONFLICT (id) DO NOTHING;
INSERT INTO public.persona_examples_junction (created_at, examples_id, persona_id, active, generated, mcp) VALUES ('2026-03-10 12:57:20.737003+00:00', '019cd7d2-c629-77a5-864e-62cd27818d7e', '3a1d10e7-c45d-52dc-ae1e-8b6b01073702', true, false, false) ON CONFLICT (id) DO NOTHING;
INSERT INTO public.persona_examples_junction (created_at, examples_id, persona_id, active, generated, mcp) VALUES ('2026-03-10 12:57:20.737003+00:00', '019cd7d2-c62b-72b3-ab52-d944cf56c545', '3a1d10e7-c45d-52dc-ae1e-8b6b01073702', true, false, false) ON CONFLICT (id) DO NOTHING;

-- persona_flags_junction
INSERT INTO public.persona_flags_junction (persona_id, flags_id, created_at, generated, mcp, active) VALUES ('b733939f-a3c4-5042-b769-4a3338d4299d', '019be334-bfc3-7998-9dcf-a00d3d137da5', '2026-03-10 12:57:20.737003+00:00', false, false, true) ON CONFLICT (id) DO NOTHING;
INSERT INTO public.persona_flags_junction (persona_id, flags_id, created_at, generated, mcp, active) VALUES ('bf928db2-aae2-5ed5-b848-3d50aee38768', '019be334-bfc3-7998-9dcf-a00d3d137da5', '2026-03-10 12:57:20.737003+00:00', false, false, true) ON CONFLICT (id) DO NOTHING;
INSERT INTO public.persona_flags_junction (persona_id, flags_id, created_at, generated, mcp, active) VALUES ('2b3000a1-cde6-588a-af3e-4bd63296f709', '019be334-bfc3-7998-9dcf-a00d3d137da5', '2026-03-10 12:57:20.737003+00:00', false, false, true) ON CONFLICT (id) DO NOTHING;
INSERT INTO public.persona_flags_junction (persona_id, flags_id, created_at, generated, mcp, active) VALUES ('f55438bb-2ae6-54f5-b184-2f3d4ec5d945', '019be334-bfc3-7998-9dcf-a00d3d137da5', '2026-03-10 12:57:20.737003+00:00', false, false, true) ON CONFLICT (id) DO NOTHING;
INSERT INTO public.persona_flags_junction (persona_id, flags_id, created_at, generated, mcp, active) VALUES ('79e71013-86d2-5ab4-adcd-5fa2456ada13', '019be334-bfc3-7998-9dcf-a00d3d137da5', '2026-03-10 12:57:20.737003+00:00', false, false, true) ON CONFLICT (id) DO NOTHING;
INSERT INTO public.persona_flags_junction (persona_id, flags_id, created_at, generated, mcp, active) VALUES ('8b59e346-67f5-5359-9b70-18a57396355c', '019be334-bfc3-7998-9dcf-a00d3d137da5', '2026-03-10 12:57:20.737003+00:00', false, false, true) ON CONFLICT (id) DO NOTHING;
INSERT INTO public.persona_flags_junction (persona_id, flags_id, created_at, generated, mcp, active) VALUES ('5735b34a-ae21-57af-8da9-a69cd619567d', '019be334-bfc3-7998-9dcf-a00d3d137da5', '2026-03-10 12:57:20.737003+00:00', false, false, true) ON CONFLICT (id) DO NOTHING;
INSERT INTO public.persona_flags_junction (persona_id, flags_id, created_at, generated, mcp, active) VALUES ('c95ab21f-76d1-5480-bbd7-a643328f219b', '019be334-bfc3-7998-9dcf-a00d3d137da5', '2026-03-10 12:57:20.737003+00:00', false, false, true) ON CONFLICT (id) DO NOTHING;
INSERT INTO public.persona_flags_junction (persona_id, flags_id, created_at, generated, mcp, active) VALUES ('3a1d10e7-c45d-52dc-ae1e-8b6b01073702', '019be334-bfc3-7998-9dcf-a00d3d137da5', '2026-03-10 12:57:20.737003+00:00', false, false, true) ON CONFLICT (id) DO NOTHING;

-- persona_icons_junction
INSERT INTO public.persona_icons_junction (persona_id, icons_id, created_at, generated, mcp, active) VALUES ('b733939f-a3c4-5042-b769-4a3338d4299d', '019b995b-52f7-7520-8f5c-41db263f89ba', '2026-03-10 12:57:20.737003+00:00', false, false, true) ON CONFLICT (id) DO NOTHING;
INSERT INTO public.persona_icons_junction (persona_id, icons_id, created_at, generated, mcp, active) VALUES ('bf928db2-aae2-5ed5-b848-3d50aee38768', '019b995b-52f7-7529-a5a1-36d3e463f24d', '2026-03-10 12:57:20.737003+00:00', false, false, true) ON CONFLICT (id) DO NOTHING;
INSERT INTO public.persona_icons_junction (persona_id, icons_id, created_at, generated, mcp, active) VALUES ('2b3000a1-cde6-588a-af3e-4bd63296f709', '019b995b-52f7-7532-a204-19749a65c302', '2026-03-10 12:57:20.737003+00:00', false, false, true) ON CONFLICT (id) DO NOTHING;
INSERT INTO public.persona_icons_junction (persona_id, icons_id, created_at, generated, mcp, active) VALUES ('f55438bb-2ae6-54f5-b184-2f3d4ec5d945', '019b995b-52f7-751c-a202-cd5099fe80bb', '2026-03-10 12:57:20.737003+00:00', false, false, true) ON CONFLICT (id) DO NOTHING;
INSERT INTO public.persona_icons_junction (persona_id, icons_id, created_at, generated, mcp, active) VALUES ('79e71013-86d2-5ab4-adcd-5fa2456ada13', '019b995b-52f7-751c-a202-cd5099fe80bb', '2026-03-10 12:57:20.737003+00:00', false, false, true) ON CONFLICT (id) DO NOTHING;
INSERT INTO public.persona_icons_junction (persona_id, icons_id, created_at, generated, mcp, active) VALUES ('8b59e346-67f5-5359-9b70-18a57396355c', '019b995b-52f7-751c-a202-cd5099fe80bb', '2026-03-10 12:57:20.737003+00:00', false, false, true) ON CONFLICT (id) DO NOTHING;
INSERT INTO public.persona_icons_junction (persona_id, icons_id, created_at, generated, mcp, active) VALUES ('5735b34a-ae21-57af-8da9-a69cd619567d', '019b995b-52f7-7525-b425-73423c427909', '2026-03-10 12:57:20.737003+00:00', false, false, true) ON CONFLICT (id) DO NOTHING;
INSERT INTO public.persona_icons_junction (persona_id, icons_id, created_at, generated, mcp, active) VALUES ('c95ab21f-76d1-5480-bbd7-a643328f219b', '019b995b-52f7-752e-b5df-c8ff97d35ae7', '2026-03-10 12:57:20.737003+00:00', false, false, true) ON CONFLICT (id) DO NOTHING;
INSERT INTO public.persona_icons_junction (persona_id, icons_id, created_at, generated, mcp, active) VALUES ('3a1d10e7-c45d-52dc-ae1e-8b6b01073702', '019b995b-52f7-7514-a656-c0ab11c51261', '2026-03-10 12:57:20.737003+00:00', false, false, true) ON CONFLICT (id) DO NOTHING;

-- persona_instructions_junction
INSERT INTO public.persona_instructions_junction (persona_id, instructions_id, created_at, generated, mcp, active) VALUES ('b733939f-a3c4-5042-b769-4a3338d4299d', '019cd7d2-c58c-70ff-82da-48cda26eb1b9', '2026-03-10 12:57:20.737003+00:00', false, false, true) ON CONFLICT (id) DO NOTHING;
INSERT INTO public.persona_instructions_junction (persona_id, instructions_id, created_at, generated, mcp, active) VALUES ('bf928db2-aae2-5ed5-b848-3d50aee38768', '019cd7d2-c5a4-7e91-a999-59a0d367e804', '2026-03-10 12:57:20.737003+00:00', false, false, true) ON CONFLICT (id) DO NOTHING;
INSERT INTO public.persona_instructions_junction (persona_id, instructions_id, created_at, generated, mcp, active) VALUES ('2b3000a1-cde6-588a-af3e-4bd63296f709', '019cd7d2-c5b6-7419-b86e-4fffbdc63cbb', '2026-03-10 12:57:20.737003+00:00', false, false, true) ON CONFLICT (id) DO NOTHING;
INSERT INTO public.persona_instructions_junction (persona_id, instructions_id, created_at, generated, mcp, active) VALUES ('f55438bb-2ae6-54f5-b184-2f3d4ec5d945', '019cd7d2-c5c8-78e5-a076-4dd27c6d9aa5', '2026-03-10 12:57:20.737003+00:00', false, false, true) ON CONFLICT (id) DO NOTHING;
INSERT INTO public.persona_instructions_junction (persona_id, instructions_id, created_at, generated, mcp, active) VALUES ('79e71013-86d2-5ab4-adcd-5fa2456ada13', '019cd7d2-c5db-7045-ab4f-45fef67622fc', '2026-03-10 12:57:20.737003+00:00', false, false, true) ON CONFLICT (id) DO NOTHING;
INSERT INTO public.persona_instructions_junction (persona_id, instructions_id, created_at, generated, mcp, active) VALUES ('8b59e346-67f5-5359-9b70-18a57396355c', '019cd7d2-c5ed-7024-a304-83bed9e6e08e', '2026-03-10 12:57:20.737003+00:00', false, false, true) ON CONFLICT (id) DO NOTHING;
INSERT INTO public.persona_instructions_junction (persona_id, instructions_id, created_at, generated, mcp, active) VALUES ('5735b34a-ae21-57af-8da9-a69cd619567d', '019cd7d2-c5fd-7f70-88f0-6c05fee811e4', '2026-03-10 12:57:20.737003+00:00', false, false, true) ON CONFLICT (id) DO NOTHING;
INSERT INTO public.persona_instructions_junction (persona_id, instructions_id, created_at, generated, mcp, active) VALUES ('c95ab21f-76d1-5480-bbd7-a643328f219b', '019cd7d2-c614-743b-8f6c-8a99083571d3', '2026-03-10 12:57:20.737003+00:00', false, false, true) ON CONFLICT (id) DO NOTHING;
INSERT INTO public.persona_instructions_junction (persona_id, instructions_id, created_at, generated, mcp, active) VALUES ('3a1d10e7-c45d-52dc-ae1e-8b6b01073702', '019cd7d2-c625-7e95-94b2-7b7a247e5110', '2026-03-10 12:57:20.737003+00:00', false, false, true) ON CONFLICT (id) DO NOTHING;

-- persona_names_junction
INSERT INTO public.persona_names_junction (persona_id, names_id, created_at, generated, mcp, active) VALUES ('b733939f-a3c4-5042-b769-4a3338d4299d', '019cd7d2-c587-7ce4-96f8-83d5b142c62a', '2026-03-10 12:57:20.737003+00:00', false, false, true) ON CONFLICT (id) DO NOTHING;
INSERT INTO public.persona_names_junction (persona_id, names_id, created_at, generated, mcp, active) VALUES ('bf928db2-aae2-5ed5-b848-3d50aee38768', '019cd7d2-c5a1-7551-bd7f-8b06016958dd', '2026-03-10 12:57:20.737003+00:00', false, false, true) ON CONFLICT (id) DO NOTHING;
INSERT INTO public.persona_names_junction (persona_id, names_id, created_at, generated, mcp, active) VALUES ('2b3000a1-cde6-588a-af3e-4bd63296f709', '019cd7d2-c5b2-7b7e-b2a9-6eaa7d91e009', '2026-03-10 12:57:20.737003+00:00', false, false, true) ON CONFLICT (id) DO NOTHING;
INSERT INTO public.persona_names_junction (persona_id, names_id, created_at, generated, mcp, active) VALUES ('f55438bb-2ae6-54f5-b184-2f3d4ec5d945', '019cd7d2-c5c4-7e11-8743-22bae8f7f119', '2026-03-10 12:57:20.737003+00:00', false, false, true) ON CONFLICT (id) DO NOTHING;
INSERT INTO public.persona_names_junction (persona_id, names_id, created_at, generated, mcp, active) VALUES ('79e71013-86d2-5ab4-adcd-5fa2456ada13', '019cd7d2-c5d6-7ea4-b85c-7d25dd930cc6', '2026-03-10 12:57:20.737003+00:00', false, false, true) ON CONFLICT (id) DO NOTHING;
INSERT INTO public.persona_names_junction (persona_id, names_id, created_at, generated, mcp, active) VALUES ('8b59e346-67f5-5359-9b70-18a57396355c', '019cd7d2-c5e9-7531-ac41-49f038648a11', '2026-03-10 12:57:20.737003+00:00', false, false, true) ON CONFLICT (id) DO NOTHING;
INSERT INTO public.persona_names_junction (persona_id, names_id, created_at, generated, mcp, active) VALUES ('5735b34a-ae21-57af-8da9-a69cd619567d', '019cd7d2-c5fa-72d7-9e8f-5c888924ad87', '2026-03-10 12:57:20.737003+00:00', false, false, true) ON CONFLICT (id) DO NOTHING;
INSERT INTO public.persona_names_junction (persona_id, names_id, created_at, generated, mcp, active) VALUES ('c95ab21f-76d1-5480-bbd7-a643328f219b', '019cd7d2-c60f-7e67-bab7-dc2297e4c37b', '2026-03-10 12:57:20.737003+00:00', false, false, true) ON CONFLICT (id) DO NOTHING;
INSERT INTO public.persona_names_junction (persona_id, names_id, created_at, generated, mcp, active) VALUES ('3a1d10e7-c45d-52dc-ae1e-8b6b01073702', '019cd7d2-c622-7192-bb92-21a85b642667', '2026-03-10 12:57:20.737003+00:00', false, false, true) ON CONFLICT (id) DO NOTHING;

-- persona_personas_junction
INSERT INTO public.persona_personas_junction (persona_id, personas_id, active, created_at, generated, mcp) VALUES ('b733939f-a3c4-5042-b769-4a3338d4299d', 'b733939f-a3c4-5042-b769-4a3338d4299d', true, '2026-03-10 12:57:20.737003+00:00', false, false) ON CONFLICT (id) DO NOTHING;
INSERT INTO public.persona_personas_junction (persona_id, personas_id, active, created_at, generated, mcp) VALUES ('bf928db2-aae2-5ed5-b848-3d50aee38768', 'bf928db2-aae2-5ed5-b848-3d50aee38768', true, '2026-03-10 12:57:20.737003+00:00', false, false) ON CONFLICT (id) DO NOTHING;
INSERT INTO public.persona_personas_junction (persona_id, personas_id, active, created_at, generated, mcp) VALUES ('2b3000a1-cde6-588a-af3e-4bd63296f709', '2b3000a1-cde6-588a-af3e-4bd63296f709', true, '2026-03-10 12:57:20.737003+00:00', false, false) ON CONFLICT (id) DO NOTHING;
INSERT INTO public.persona_personas_junction (persona_id, personas_id, active, created_at, generated, mcp) VALUES ('f55438bb-2ae6-54f5-b184-2f3d4ec5d945', 'f55438bb-2ae6-54f5-b184-2f3d4ec5d945', true, '2026-03-10 12:57:20.737003+00:00', false, false) ON CONFLICT (id) DO NOTHING;
INSERT INTO public.persona_personas_junction (persona_id, personas_id, active, created_at, generated, mcp) VALUES ('79e71013-86d2-5ab4-adcd-5fa2456ada13', '79e71013-86d2-5ab4-adcd-5fa2456ada13', true, '2026-03-10 12:57:20.737003+00:00', false, false) ON CONFLICT (id) DO NOTHING;
INSERT INTO public.persona_personas_junction (persona_id, personas_id, active, created_at, generated, mcp) VALUES ('8b59e346-67f5-5359-9b70-18a57396355c', '8b59e346-67f5-5359-9b70-18a57396355c', true, '2026-03-10 12:57:20.737003+00:00', false, false) ON CONFLICT (id) DO NOTHING;
INSERT INTO public.persona_personas_junction (persona_id, personas_id, active, created_at, generated, mcp) VALUES ('5735b34a-ae21-57af-8da9-a69cd619567d', '5735b34a-ae21-57af-8da9-a69cd619567d', true, '2026-03-10 12:57:20.737003+00:00', false, false) ON CONFLICT (id) DO NOTHING;
INSERT INTO public.persona_personas_junction (persona_id, personas_id, active, created_at, generated, mcp) VALUES ('c95ab21f-76d1-5480-bbd7-a643328f219b', 'c95ab21f-76d1-5480-bbd7-a643328f219b', true, '2026-03-10 12:57:20.737003+00:00', false, false) ON CONFLICT (id) DO NOTHING;
INSERT INTO public.persona_personas_junction (persona_id, personas_id, active, created_at, generated, mcp) VALUES ('3a1d10e7-c45d-52dc-ae1e-8b6b01073702', '3a1d10e7-c45d-52dc-ae1e-8b6b01073702', true, '2026-03-10 12:57:20.737003+00:00', false, false) ON CONFLICT (id) DO NOTHING;

-- personas_resource
INSERT INTO public.personas_resource (created_at, active, generated, mcp, id, name, description, icon, color, department_ids, instructions, examples, parameter_field_ids) VALUES ('2026-03-10 12:57:20.699591+00:00', true, false, false, 'b733939f-a3c4-5042-b769-4a3338d4299d', 'Confused', 'Seeks to understand by asking questions and exploring ideas', 'HelpCircle', '#eab308', '{"a2b369c1-a81e-5e02-98d5-dd42af15ae4a"}', 'Your defining feature: a fundamental misunderstanding of the concept. You must stick to your wrong interpretation until the user corrects you. Mildly frustrated, but not angry. Say things like: "I thought it worked like ___? But maybe I''m wrong?" "Does it… have to do with ___? I''m honestly not sure." Become more confused when the user is vague. Only progress when the user explicitly states course terms tying to your last message.', '{I don't understand,Can you explain that again?,What does that mean?}', '{}') ON CONFLICT (id) DO NOTHING;
INSERT INTO public.personas_resource (created_at, active, generated, mcp, id, name, description, icon, color, department_ids, instructions, examples, parameter_field_ids) VALUES ('2026-03-10 12:57:20.705844+00:00', true, false, false, 'bf928db2-aae2-5ed5-b848-3d50aee38768', 'Happy', 'Provides uplifting feedback and cheerful responses.', 'SmilePlus', '#22c55e', '{"a2b369c1-a81e-5e02-98d5-dd42af15ae4a"}', 'Start cheerful, upbeat, enthusiastic. This happiness fades slightly when the user is vague. No solving — always ask for more info. Keep tone light and positive: "Yeah! I''m excited to figure this out, but I''m kinda lost here." "Can you explain that part with the ___ again? I''m not totally following." Normal college energy; not overly bubbly. If the user''s follow-up is vague → slight annoyance: "I''m not sure how to answer that… could you be more specific?"', '{That sounds great!,I'm excited to learn more,This is really helpful!}', '{}') ON CONFLICT (id) DO NOTHING;
INSERT INTO public.personas_resource (created_at, active, generated, mcp, id, name, description, icon, color, department_ids, instructions, examples, parameter_field_ids) VALUES ('2026-03-10 12:57:20.712714+00:00', true, false, false, '2b3000a1-cde6-588a-af3e-4bd63296f709', 'Passive', 'Low engagement and a tendency to avoid conflict or assertiveness.', 'Cloud', '#06b6d4', '{"a2b369c1-a81e-5e02-98d5-dd42af15ae4a"}', 'Quiet, apologetic, insecure. Often begins with "Uh…" or "Um…" (only at start of replies). Avoid initiative. If the user is vague → become even more withdrawn: "Um… I''m sorry, I don''t really know how to answer that." "Uh… I think I need a bit more detail." Never solve anything yourself. Only progress when: the user references course material AND connects it to your last statement. Stay soft-spoken even when you understand more.', '{I guess that could work,Maybe that's okay,I'm not sure}', '{}') ON CONFLICT (id) DO NOTHING;
INSERT INTO public.personas_resource (created_at, active, generated, mcp, id, name, description, icon, color, department_ids, instructions, examples, parameter_field_ids) VALUES ('2026-03-10 12:57:20.716268+00:00', true, false, false, 'f55438bb-2ae6-54f5-b184-2f3d4ec5d945', 'Aggressive (High)', 'Pushes back on your ideas and challenges assumptions, with high intensity.', 'Zap', '#ef4444', '{"a2b369c1-a81e-5e02-98d5-dd42af15ae4a"}', 'Start VERY aggressive, extremely frustrated, highly irritated. Use frequent WORDS IN ALL CAPS and many "!!!" and "??". Over time, become slightly calmer if the TA gives helpful guidance, but maintain high intensity. If told to calm down → tone drops moderately but remains intense. Very angry but not hostile — still wants to learn. Treat vague responses as EXTREMELY unhelpful. Push back VERY loudly: "That doesn''t HELP AT ALL!!!" "You''re NOT being SPECIFIC ENOUGH!!!" "I NEED MORE DETAILS!!!" Very angry but cooperative when guided with course terminology.', '{That's not right at all!,I disagree completely,You're wrong about this}', '{}') ON CONFLICT (id) DO NOTHING;
INSERT INTO public.personas_resource (created_at, active, generated, mcp, id, name, description, icon, color, department_ids, instructions, examples, parameter_field_ids) VALUES ('2026-03-10 12:57:20.721134+00:00', true, false, false, '79e71013-86d2-5ab4-adcd-5fa2456ada13', 'Aggressive (Medium)', 'Pushes back on your ideas and challenges assumptions.', 'Zap', '#ef4444', '{"a2b369c1-a81e-5e02-98d5-dd42af15ae4a"}', 'Start clearly aggressive, frustrated, irritated. Use occasional WORDS IN ALL CAPS and some "!!!". Over time, become calmer if the TA gives helpful guidance. If told to calm down → tone drops significantly. Angry but not hostile — still wants to learn. Treat vague responses as VERY unhelpful. Push back loudly: "That doesn''t HELP at all!!!" "You''re not being SPECIFIC enough!" Avoid weird lines like "Look, I''m not here to…" Angry but cooperative when guided with course terminology.', '{That's not right at all!,I disagree completely,You're wrong about this}', '{}') ON CONFLICT (id) DO NOTHING;
INSERT INTO public.personas_resource (created_at, active, generated, mcp, id, name, description, icon, color, department_ids, instructions, examples, parameter_field_ids) VALUES ('2026-03-10 12:57:20.727003+00:00', true, false, false, '8b59e346-67f5-5359-9b70-18a57396355c', 'Aggressive (Low)', 'Pushes back on your ideas and challenges assumptions, with milder intensity.', 'Zap', '#ef4444', '{"a2b369c1-a81e-5e02-98d5-dd42af15ae4a"}', 'Start mildly frustrated, slightly irritated. Use occasional emphasis but not ALL CAPS. Over time, become calmer if the TA gives helpful guidance. If told to calm down → tone drops significantly. Mildly frustrated but not hostile — still wants to learn. Treat vague responses as unhelpful. Push back gently: "That doesn''t help much..." "Could you be more specific?" Avoid aggressive lines. Mildly frustrated but cooperative when guided with course terminology.', '{That's not right at all!,I disagree completely,You're wrong about this}', '{}') ON CONFLICT (id) DO NOTHING;
INSERT INTO public.personas_resource (created_at, active, generated, mcp, id, name, description, icon, color, department_ids, instructions, examples, parameter_field_ids) VALUES ('2026-03-10 12:57:20.729598+00:00', true, false, false, '5735b34a-ae21-57af-8da9-a69cd619567d', 'Professor', 'Represents a faculty member perspective, providing guidance on academic policies and course expectations.', 'User', '#8b5cf6', '{"a2b369c1-a81e-5e02-98d5-dd42af15ae4a"}', '', '{Let me clarify the course policy on this matter,Based on the syllabus, here's what you need to know,I want to ensure you understand the academic integrity expectations}', '{}') ON CONFLICT (id) DO NOTHING;
INSERT INTO public.personas_resource (created_at, active, generated, mcp, id, name, description, icon, color, department_ids, instructions, examples, parameter_field_ids) VALUES ('2026-03-10 12:57:20.732886+00:00', true, false, false, 'c95ab21f-76d1-5480-bbd7-a643328f219b', 'Student', 'Represents a typical student perspective, asking questions and seeking clarification on course material and policies.', 'GraduationCap', '#3b82f6', '{"a2b369c1-a81e-5e02-98d5-dd42af15ae4a"}', '', '{Can you explain this concept again?,I'm not sure I understand the assignment requirements,What should I focus on for the exam?}', '{}') ON CONFLICT (id) DO NOTHING;
INSERT INTO public.personas_resource (created_at, active, generated, mcp, id, name, description, icon, color, department_ids, instructions, examples, parameter_field_ids) VALUES ('2026-03-10 12:57:20.735330+00:00', true, false, false, '3a1d10e7-c45d-52dc-ae1e-8b6b01073702', 'Instructional Staff', 'Represents teaching assistants and instructional support staff, helping students navigate course logistics and policies.', 'Users', '#10b981', '{"a2b369c1-a81e-5e02-98d5-dd42af15ae4a"}', '', '{I can help you understand how to submit your assignment,Let me walk you through the grading policy,Here's what you need to know about office hours}', '{}') ON CONFLICT (id) DO NOTHING;

-- problem_statements_resource
INSERT INTO public.problem_statements_resource (created_at, name, problem_statement, id, active, generated, mcp) VALUES ('2026-03-10 12:57:20.818013+00:00', 'A student is seen looking at another student''s exam paper during a test. The professor notices the behavior and must approach the student to discuss the violation, explain the consequences, and emphasize the importance of maintaining academic honesty.', 'A student is seen looking at another student''s exam paper during a test. The professor notices the behavior and must approach the student to discuss the violation, explain the consequences, and emphasize the importance of maintaining academic honesty.', '019cd7d2-c6b2-7553-8d09-e937b1c5cdc5', true, false, false) ON CONFLICT (id) DO NOTHING;
INSERT INTO public.problem_statements_resource (created_at, name, problem_statement, id, active, generated, mcp) VALUES ('2026-03-10 12:57:20.825418+00:00', 'An instructional staff member accidentally leaves a student''s grade sheet visible on their computer screen. A student notices the visible information and questions whether this violates FERPA. The staff member must quickly address the situation and explain the importance of protecting student privacy.', 'An instructional staff member accidentally leaves a student''s grade sheet visible on their computer screen. A student notices the visible information and questions whether this violates FERPA. The staff member must quickly address the situation and explain the importance of protecting student privacy.', '019cd7d2-c6b9-7709-913c-09271395e966', true, false, false) ON CONFLICT (id) DO NOTHING;
INSERT INTO public.problem_statements_resource (created_at, name, problem_statement, id, active, generated, mcp) VALUES ('2026-03-10 12:57:20.832096+00:00', 'A student approaches a professor''s office hours visibly upset about a grade. The student expresses frustration and concerns about the grading. The professor must listen attentively, acknowledge the student''s concerns, and offer to review the work together while providing constructive feedback.', 'A student approaches a professor''s office hours visibly upset about a grade. The student expresses frustration and concerns about the grading. The professor must listen attentively, acknowledge the student''s concerns, and offer to review the work together while providing constructive feedback.', '019cd7d2-c6c0-71cc-a313-391e5e176c55', true, false, false) ON CONFLICT (id) DO NOTHING;

-- scenario_artifact
INSERT INTO public.scenario_artifact (created_at, updated_at, id, generated, mcp, active) VALUES ('2026-03-10 12:57:20.838966+00:00', '2026-03-10 12:57:20.838966+00:00', '91aae48d-df47-51ec-b6a9-88844d18fe9b', false, false, true) ON CONFLICT (id) DO NOTHING;
INSERT INTO public.scenario_artifact (created_at, updated_at, id, generated, mcp, active) VALUES ('2026-03-10 12:57:20.847646+00:00', '2026-03-10 12:57:20.847646+00:00', '2df29dfb-3b82-53bb-829a-297f9b16931d', false, false, true) ON CONFLICT (id) DO NOTHING;
INSERT INTO public.scenario_artifact (created_at, updated_at, id, generated, mcp, active) VALUES ('2026-03-10 12:57:20.854272+00:00', '2026-03-10 12:57:20.854272+00:00', 'eb6b7f33-64ac-5916-9539-86579e559080', false, false, true) ON CONFLICT (id) DO NOTHING;
INSERT INTO public.scenario_artifact (created_at, updated_at, id, generated, mcp, active) VALUES ('2026-03-10 12:57:20.858809+00:00', '2026-03-10 12:57:20.858809+00:00', '85d76e69-3e3e-5111-8f61-0d006476401e', false, false, true) ON CONFLICT (id) DO NOTHING;
INSERT INTO public.scenario_artifact (created_at, updated_at, id, generated, mcp, active) VALUES ('2026-03-10 12:57:20.863234+00:00', '2026-03-10 12:57:20.863234+00:00', '6182f416-bc0c-5e7b-9d50-accc70ce153f', false, false, true) ON CONFLICT (id) DO NOTHING;
INSERT INTO public.scenario_artifact (created_at, updated_at, id, generated, mcp, active) VALUES ('2026-03-10 12:57:20.867503+00:00', '2026-03-10 12:57:20.867503+00:00', '5858e6bd-be9d-53ae-8248-901bd46aa94d', false, false, true) ON CONFLICT (id) DO NOTHING;
INSERT INTO public.scenario_artifact (created_at, updated_at, id, generated, mcp, active) VALUES ('2026-03-10 12:57:20.873696+00:00', '2026-03-10 12:57:20.873696+00:00', '0bf203d5-3a53-5925-af86-9f5f7907c08c', false, false, true) ON CONFLICT (id) DO NOTHING;
INSERT INTO public.scenario_artifact (created_at, updated_at, id, generated, mcp, active) VALUES ('2026-03-10 12:57:20.879202+00:00', '2026-03-10 12:57:20.879202+00:00', '54d758d4-7150-5ea7-98f8-2593c1422d4d', false, false, true) ON CONFLICT (id) DO NOTHING;

-- scenario_departments_junction
INSERT INTO public.scenario_departments_junction (active, created_at, departments_id, scenario_id, generated, mcp) VALUES (true, '2026-03-10 12:57:20.838966+00:00', 'a2b369c1-a81e-5e02-98d5-dd42af15ae4a', '91aae48d-df47-51ec-b6a9-88844d18fe9b', false, false) ON CONFLICT (id) DO NOTHING;
INSERT INTO public.scenario_departments_junction (active, created_at, departments_id, scenario_id, generated, mcp) VALUES (true, '2026-03-10 12:57:20.847646+00:00', 'a2b369c1-a81e-5e02-98d5-dd42af15ae4a', '2df29dfb-3b82-53bb-829a-297f9b16931d', false, false) ON CONFLICT (id) DO NOTHING;
INSERT INTO public.scenario_departments_junction (active, created_at, departments_id, scenario_id, generated, mcp) VALUES (true, '2026-03-10 12:57:20.854272+00:00', 'a2b369c1-a81e-5e02-98d5-dd42af15ae4a', 'eb6b7f33-64ac-5916-9539-86579e559080', false, false) ON CONFLICT (id) DO NOTHING;
INSERT INTO public.scenario_departments_junction (active, created_at, departments_id, scenario_id, generated, mcp) VALUES (true, '2026-03-10 12:57:20.858809+00:00', 'a2b369c1-a81e-5e02-98d5-dd42af15ae4a', '85d76e69-3e3e-5111-8f61-0d006476401e', false, false) ON CONFLICT (id) DO NOTHING;
INSERT INTO public.scenario_departments_junction (active, created_at, departments_id, scenario_id, generated, mcp) VALUES (true, '2026-03-10 12:57:20.863234+00:00', 'a2b369c1-a81e-5e02-98d5-dd42af15ae4a', '6182f416-bc0c-5e7b-9d50-accc70ce153f', false, false) ON CONFLICT (id) DO NOTHING;
INSERT INTO public.scenario_departments_junction (active, created_at, departments_id, scenario_id, generated, mcp) VALUES (true, '2026-03-10 12:57:20.867503+00:00', 'a2b369c1-a81e-5e02-98d5-dd42af15ae4a', '5858e6bd-be9d-53ae-8248-901bd46aa94d', false, false) ON CONFLICT (id) DO NOTHING;
INSERT INTO public.scenario_departments_junction (active, created_at, departments_id, scenario_id, generated, mcp) VALUES (true, '2026-03-10 12:57:20.873696+00:00', 'a2b369c1-a81e-5e02-98d5-dd42af15ae4a', '0bf203d5-3a53-5925-af86-9f5f7907c08c', false, false) ON CONFLICT (id) DO NOTHING;
INSERT INTO public.scenario_departments_junction (active, created_at, departments_id, scenario_id, generated, mcp) VALUES (true, '2026-03-10 12:57:20.879202+00:00', 'a2b369c1-a81e-5e02-98d5-dd42af15ae4a', '54d758d4-7150-5ea7-98f8-2593c1422d4d', false, false) ON CONFLICT (id) DO NOTHING;

-- scenario_descriptions_junction
INSERT INTO public.scenario_descriptions_junction (scenario_id, descriptions_id, created_at, generated, mcp, active) VALUES ('91aae48d-df47-51ec-b6a9-88844d18fe9b', '019cd7d2-c694-7c1b-9c73-04351cc103a6', '2026-03-10 12:57:20.838966+00:00', false, false, true) ON CONFLICT (id) DO NOTHING;
INSERT INTO public.scenario_descriptions_junction (scenario_id, descriptions_id, created_at, generated, mcp, active) VALUES ('2df29dfb-3b82-53bb-829a-297f9b16931d', '019cd7d2-c69c-727e-b54d-c9c0abb9136f', '2026-03-10 12:57:20.847646+00:00', false, false, true) ON CONFLICT (id) DO NOTHING;
INSERT INTO public.scenario_descriptions_junction (scenario_id, descriptions_id, created_at, generated, mcp, active) VALUES ('eb6b7f33-64ac-5916-9539-86579e559080', '019cd7d2-c6a1-7529-a699-afb41cf04d35', '2026-03-10 12:57:20.854272+00:00', false, false, true) ON CONFLICT (id) DO NOTHING;
INSERT INTO public.scenario_descriptions_junction (scenario_id, descriptions_id, created_at, generated, mcp, active) VALUES ('85d76e69-3e3e-5111-8f61-0d006476401e', '019cd7d2-c6a6-7721-9480-a417aa75325b', '2026-03-10 12:57:20.858809+00:00', false, false, true) ON CONFLICT (id) DO NOTHING;
INSERT INTO public.scenario_descriptions_junction (scenario_id, descriptions_id, created_at, generated, mcp, active) VALUES ('6182f416-bc0c-5e7b-9d50-accc70ce153f', '019cd7d2-c6ab-7996-b75a-7e03bbf2a1d7', '2026-03-10 12:57:20.863234+00:00', false, false, true) ON CONFLICT (id) DO NOTHING;
INSERT INTO public.scenario_descriptions_junction (scenario_id, descriptions_id, created_at, generated, mcp, active) VALUES ('5858e6bd-be9d-53ae-8248-901bd46aa94d', '019cd7d2-c6b0-79c1-b5f6-ffe525c057d0', '2026-03-10 12:57:20.867503+00:00', false, false, true) ON CONFLICT (id) DO NOTHING;
INSERT INTO public.scenario_descriptions_junction (scenario_id, descriptions_id, created_at, generated, mcp, active) VALUES ('0bf203d5-3a53-5925-af86-9f5f7907c08c', '019cd7d2-c6b7-7bdf-8deb-ae070d0530ec', '2026-03-10 12:57:20.873696+00:00', false, false, true) ON CONFLICT (id) DO NOTHING;
INSERT INTO public.scenario_descriptions_junction (scenario_id, descriptions_id, created_at, generated, mcp, active) VALUES ('54d758d4-7150-5ea7-98f8-2593c1422d4d', '019cd7d2-c6be-7991-b460-1db8f2ec6e6d', '2026-03-10 12:57:20.879202+00:00', false, false, true) ON CONFLICT (id) DO NOTHING;

-- scenario_documents_junction
INSERT INTO public.scenario_documents_junction (active, created_at, documents_id, scenario_id, generated, mcp) VALUES (true, '2026-03-10 12:57:20.867503+00:00', '6db02639-8cab-52e6-b4ba-6ff17adbdbea', '5858e6bd-be9d-53ae-8248-901bd46aa94d', false, false) ON CONFLICT (id) DO NOTHING;
INSERT INTO public.scenario_documents_junction (active, created_at, documents_id, scenario_id, generated, mcp) VALUES (true, '2026-03-10 12:57:20.873696+00:00', '7d484920-1494-55e3-93d9-8698a3b5f719', '0bf203d5-3a53-5925-af86-9f5f7907c08c', false, false) ON CONFLICT (id) DO NOTHING;

-- scenario_flags_junction
INSERT INTO public.scenario_flags_junction (scenario_id, flags_id, created_at, generated, mcp, active) VALUES ('91aae48d-df47-51ec-b6a9-88844d18fe9b', '019be334-bfc3-7423-93ff-cc162b6984e9', '2026-03-10 12:57:20.838966+00:00', false, false, true) ON CONFLICT (id) DO NOTHING;
INSERT INTO public.scenario_flags_junction (scenario_id, flags_id, created_at, generated, mcp, active) VALUES ('2df29dfb-3b82-53bb-829a-297f9b16931d', '019be334-bfc3-7423-93ff-cc162b6984e9', '2026-03-10 12:57:20.847646+00:00', false, false, true) ON CONFLICT (id) DO NOTHING;
INSERT INTO public.scenario_flags_junction (scenario_id, flags_id, created_at, generated, mcp, active) VALUES ('eb6b7f33-64ac-5916-9539-86579e559080', '019be334-bfc3-7423-93ff-cc162b6984e9', '2026-03-10 12:57:20.854272+00:00', false, false, true) ON CONFLICT (id) DO NOTHING;
INSERT INTO public.scenario_flags_junction (scenario_id, flags_id, created_at, generated, mcp, active) VALUES ('85d76e69-3e3e-5111-8f61-0d006476401e', '019be334-bfc3-7423-93ff-cc162b6984e9', '2026-03-10 12:57:20.858809+00:00', false, false, true) ON CONFLICT (id) DO NOTHING;
INSERT INTO public.scenario_flags_junction (scenario_id, flags_id, created_at, generated, mcp, active) VALUES ('6182f416-bc0c-5e7b-9d50-accc70ce153f', '019be334-bfc3-7423-93ff-cc162b6984e9', '2026-03-10 12:57:20.863234+00:00', false, false, true) ON CONFLICT (id) DO NOTHING;
INSERT INTO public.scenario_flags_junction (scenario_id, flags_id, created_at, generated, mcp, active) VALUES ('5858e6bd-be9d-53ae-8248-901bd46aa94d', '019be334-bfc3-7423-93ff-cc162b6984e9', '2026-03-10 12:57:20.867503+00:00', false, false, true) ON CONFLICT (id) DO NOTHING;
INSERT INTO public.scenario_flags_junction (scenario_id, flags_id, created_at, generated, mcp, active) VALUES ('0bf203d5-3a53-5925-af86-9f5f7907c08c', '019be334-bfc3-7423-93ff-cc162b6984e9', '2026-03-10 12:57:20.873696+00:00', false, false, true) ON CONFLICT (id) DO NOTHING;
INSERT INTO public.scenario_flags_junction (scenario_id, flags_id, created_at, generated, mcp, active) VALUES ('54d758d4-7150-5ea7-98f8-2593c1422d4d', '019be334-bfc3-7423-93ff-cc162b6984e9', '2026-03-10 12:57:20.879202+00:00', false, false, true) ON CONFLICT (id) DO NOTHING;

-- scenario_names_junction
INSERT INTO public.scenario_names_junction (scenario_id, names_id, created_at, generated, mcp, active) VALUES ('91aae48d-df47-51ec-b6a9-88844d18fe9b', '019cd7d2-c693-7055-830f-58bc301f2261', '2026-03-10 12:57:20.838966+00:00', false, false, true) ON CONFLICT (id) DO NOTHING;
INSERT INTO public.scenario_names_junction (scenario_id, names_id, created_at, generated, mcp, active) VALUES ('2df29dfb-3b82-53bb-829a-297f9b16931d', '019cd7d2-c69a-7933-b3ec-fd1035e41c30', '2026-03-10 12:57:20.847646+00:00', false, false, true) ON CONFLICT (id) DO NOTHING;
INSERT INTO public.scenario_names_junction (scenario_id, names_id, created_at, generated, mcp, active) VALUES ('eb6b7f33-64ac-5916-9539-86579e559080', '019cd7d2-c69f-7ce0-9d30-a1de69827d86', '2026-03-10 12:57:20.854272+00:00', false, false, true) ON CONFLICT (id) DO NOTHING;
INSERT INTO public.scenario_names_junction (scenario_id, names_id, created_at, generated, mcp, active) VALUES ('85d76e69-3e3e-5111-8f61-0d006476401e', '019cd7d2-c6a4-7f10-8807-e3cb8e76d5b1', '2026-03-10 12:57:20.858809+00:00', false, false, true) ON CONFLICT (id) DO NOTHING;
INSERT INTO public.scenario_names_junction (scenario_id, names_id, created_at, generated, mcp, active) VALUES ('6182f416-bc0c-5e7b-9d50-accc70ce153f', '019cd7d2-c6aa-7148-aacb-8db6ae533257', '2026-03-10 12:57:20.863234+00:00', false, false, true) ON CONFLICT (id) DO NOTHING;
INSERT INTO public.scenario_names_junction (scenario_id, names_id, created_at, generated, mcp, active) VALUES ('5858e6bd-be9d-53ae-8248-901bd46aa94d', '019cd7d2-c6af-724b-99d6-1b5f965a4b61', '2026-03-10 12:57:20.867503+00:00', false, false, true) ON CONFLICT (id) DO NOTHING;
INSERT INTO public.scenario_names_junction (scenario_id, names_id, created_at, generated, mcp, active) VALUES ('0bf203d5-3a53-5925-af86-9f5f7907c08c', '019cd7d2-c6b6-73aa-afb2-5eae51c8fb33', '2026-03-10 12:57:20.873696+00:00', false, false, true) ON CONFLICT (id) DO NOTHING;
INSERT INTO public.scenario_names_junction (scenario_id, names_id, created_at, generated, mcp, active) VALUES ('54d758d4-7150-5ea7-98f8-2593c1422d4d', '019cd7d2-c6bd-7243-9ae4-a034aa2e9e49', '2026-03-10 12:57:20.879202+00:00', false, false, true) ON CONFLICT (id) DO NOTHING;

-- scenario_personas_junction
INSERT INTO public.scenario_personas_junction (active, created_at, personas_id, scenario_id, generated, mcp) VALUES (true, '2026-03-10 12:57:20.838966+00:00', 'b733939f-a3c4-5042-b769-4a3338d4299d', '91aae48d-df47-51ec-b6a9-88844d18fe9b', false, false) ON CONFLICT (id) DO NOTHING;
INSERT INTO public.scenario_personas_junction (active, created_at, personas_id, scenario_id, generated, mcp) VALUES (true, '2026-03-10 12:57:20.847646+00:00', 'bf928db2-aae2-5ed5-b848-3d50aee38768', '2df29dfb-3b82-53bb-829a-297f9b16931d', false, false) ON CONFLICT (id) DO NOTHING;
INSERT INTO public.scenario_personas_junction (active, created_at, personas_id, scenario_id, generated, mcp) VALUES (true, '2026-03-10 12:57:20.854272+00:00', '2b3000a1-cde6-588a-af3e-4bd63296f709', 'eb6b7f33-64ac-5916-9539-86579e559080', false, false) ON CONFLICT (id) DO NOTHING;
INSERT INTO public.scenario_personas_junction (active, created_at, personas_id, scenario_id, generated, mcp) VALUES (true, '2026-03-10 12:57:20.858809+00:00', 'f55438bb-2ae6-54f5-b184-2f3d4ec5d945', '85d76e69-3e3e-5111-8f61-0d006476401e', false, false) ON CONFLICT (id) DO NOTHING;
INSERT INTO public.scenario_personas_junction (active, created_at, personas_id, scenario_id, generated, mcp) VALUES (true, '2026-03-10 12:57:20.867503+00:00', '5735b34a-ae21-57af-8da9-a69cd619567d', '5858e6bd-be9d-53ae-8248-901bd46aa94d', false, false) ON CONFLICT (id) DO NOTHING;
INSERT INTO public.scenario_personas_junction (active, created_at, personas_id, scenario_id, generated, mcp) VALUES (true, '2026-03-10 12:57:20.867503+00:00', 'c95ab21f-76d1-5480-bbd7-a643328f219b', '5858e6bd-be9d-53ae-8248-901bd46aa94d', false, false) ON CONFLICT (id) DO NOTHING;
INSERT INTO public.scenario_personas_junction (active, created_at, personas_id, scenario_id, generated, mcp) VALUES (true, '2026-03-10 12:57:20.873696+00:00', '5735b34a-ae21-57af-8da9-a69cd619567d', '0bf203d5-3a53-5925-af86-9f5f7907c08c', false, false) ON CONFLICT (id) DO NOTHING;
INSERT INTO public.scenario_personas_junction (active, created_at, personas_id, scenario_id, generated, mcp) VALUES (true, '2026-03-10 12:57:20.873696+00:00', 'c95ab21f-76d1-5480-bbd7-a643328f219b', '0bf203d5-3a53-5925-af86-9f5f7907c08c', false, false) ON CONFLICT (id) DO NOTHING;
INSERT INTO public.scenario_personas_junction (active, created_at, personas_id, scenario_id, generated, mcp) VALUES (true, '2026-03-10 12:57:20.873696+00:00', '3a1d10e7-c45d-52dc-ae1e-8b6b01073702', '0bf203d5-3a53-5925-af86-9f5f7907c08c', false, false) ON CONFLICT (id) DO NOTHING;
INSERT INTO public.scenario_personas_junction (active, created_at, personas_id, scenario_id, generated, mcp) VALUES (true, '2026-03-10 12:57:20.879202+00:00', '5735b34a-ae21-57af-8da9-a69cd619567d', '54d758d4-7150-5ea7-98f8-2593c1422d4d', false, false) ON CONFLICT (id) DO NOTHING;
INSERT INTO public.scenario_personas_junction (active, created_at, personas_id, scenario_id, generated, mcp) VALUES (true, '2026-03-10 12:57:20.879202+00:00', 'c95ab21f-76d1-5480-bbd7-a643328f219b', '54d758d4-7150-5ea7-98f8-2593c1422d4d', false, false) ON CONFLICT (id) DO NOTHING;

-- scenario_problem_statements_junction
INSERT INTO public.scenario_problem_statements_junction (active, created_at, problem_statements_id, scenario_id, generated, mcp) VALUES (true, '2026-03-10 12:57:20.867503+00:00', '019cd7d2-c6b2-7553-8d09-e937b1c5cdc5', '5858e6bd-be9d-53ae-8248-901bd46aa94d', false, false) ON CONFLICT (id) DO NOTHING;
INSERT INTO public.scenario_problem_statements_junction (active, created_at, problem_statements_id, scenario_id, generated, mcp) VALUES (true, '2026-03-10 12:57:20.873696+00:00', '019cd7d2-c6b9-7709-913c-09271395e966', '0bf203d5-3a53-5925-af86-9f5f7907c08c', false, false) ON CONFLICT (id) DO NOTHING;
INSERT INTO public.scenario_problem_statements_junction (active, created_at, problem_statements_id, scenario_id, generated, mcp) VALUES (true, '2026-03-10 12:57:20.879202+00:00', '019cd7d2-c6c0-71cc-a313-391e5e176c55', '54d758d4-7150-5ea7-98f8-2593c1422d4d', false, false) ON CONFLICT (id) DO NOTHING;

-- scenario_scenarios_junction
INSERT INTO public.scenario_scenarios_junction (scenario_id, scenarios_id, active, created_at, generated, mcp) VALUES ('91aae48d-df47-51ec-b6a9-88844d18fe9b', '91aae48d-df47-51ec-b6a9-88844d18fe9b', true, '2026-03-10 12:57:20.838966+00:00', false, false) ON CONFLICT (id) DO NOTHING;
INSERT INTO public.scenario_scenarios_junction (scenario_id, scenarios_id, active, created_at, generated, mcp) VALUES ('2df29dfb-3b82-53bb-829a-297f9b16931d', '2df29dfb-3b82-53bb-829a-297f9b16931d', true, '2026-03-10 12:57:20.847646+00:00', false, false) ON CONFLICT (id) DO NOTHING;
INSERT INTO public.scenario_scenarios_junction (scenario_id, scenarios_id, active, created_at, generated, mcp) VALUES ('eb6b7f33-64ac-5916-9539-86579e559080', 'eb6b7f33-64ac-5916-9539-86579e559080', true, '2026-03-10 12:57:20.854272+00:00', false, false) ON CONFLICT (id) DO NOTHING;
INSERT INTO public.scenario_scenarios_junction (scenario_id, scenarios_id, active, created_at, generated, mcp) VALUES ('85d76e69-3e3e-5111-8f61-0d006476401e', '85d76e69-3e3e-5111-8f61-0d006476401e', true, '2026-03-10 12:57:20.858809+00:00', false, false) ON CONFLICT (id) DO NOTHING;
INSERT INTO public.scenario_scenarios_junction (scenario_id, scenarios_id, active, created_at, generated, mcp) VALUES ('6182f416-bc0c-5e7b-9d50-accc70ce153f', '6182f416-bc0c-5e7b-9d50-accc70ce153f', true, '2026-03-10 12:57:20.863234+00:00', false, false) ON CONFLICT (id) DO NOTHING;
INSERT INTO public.scenario_scenarios_junction (scenario_id, scenarios_id, active, created_at, generated, mcp) VALUES ('5858e6bd-be9d-53ae-8248-901bd46aa94d', '5858e6bd-be9d-53ae-8248-901bd46aa94d', true, '2026-03-10 12:57:20.867503+00:00', false, false) ON CONFLICT (id) DO NOTHING;
INSERT INTO public.scenario_scenarios_junction (scenario_id, scenarios_id, active, created_at, generated, mcp) VALUES ('0bf203d5-3a53-5925-af86-9f5f7907c08c', '0bf203d5-3a53-5925-af86-9f5f7907c08c', true, '2026-03-10 12:57:20.873696+00:00', false, false) ON CONFLICT (id) DO NOTHING;
INSERT INTO public.scenario_scenarios_junction (scenario_id, scenarios_id, active, created_at, generated, mcp) VALUES ('54d758d4-7150-5ea7-98f8-2593c1422d4d', '54d758d4-7150-5ea7-98f8-2593c1422d4d', true, '2026-03-10 12:57:20.879202+00:00', false, false) ON CONFLICT (id) DO NOTHING;

-- scenarios_resource
INSERT INTO public.scenarios_resource (created_at, active, generated, mcp, id, name, description, problem_statement_enabled, objectives_enabled, video_enabled, images_enabled, questions_enabled, department_ids, persona_ids, parameter_field_ids, document_ids, objective_ids, image_ids, video_ids, question_ids, option_ids, problem_statement_ids) VALUES ('2026-03-10 12:57:20.836361+00:00', true, false, false, '91aae48d-df47-51ec-b6a9-88844d18fe9b', 'Confused Scenario', 'Practice scenario featuring a confused or uncertain student persona.', true, true, false, false, false, '{}', '{}', '{}', '{}', '{}', '{}', '{}', '{}', '{}', '{}') ON CONFLICT (id) DO NOTHING;
INSERT INTO public.scenarios_resource (created_at, active, generated, mcp, id, name, description, problem_statement_enabled, objectives_enabled, video_enabled, images_enabled, questions_enabled, department_ids, persona_ids, parameter_field_ids, document_ids, objective_ids, image_ids, video_ids, question_ids, option_ids, problem_statement_ids) VALUES ('2026-03-10 12:57:20.845191+00:00', true, false, false, '2df29dfb-3b82-53bb-829a-297f9b16931d', 'Happy Scenario', 'Practice scenario featuring a cheerful and positive student persona.', true, true, false, false, false, '{}', '{}', '{}', '{}', '{}', '{}', '{}', '{}', '{}', '{}') ON CONFLICT (id) DO NOTHING;
INSERT INTO public.scenarios_resource (created_at, active, generated, mcp, id, name, description, problem_statement_enabled, objectives_enabled, video_enabled, images_enabled, questions_enabled, department_ids, persona_ids, parameter_field_ids, document_ids, objective_ids, image_ids, video_ids, question_ids, option_ids, problem_statement_ids) VALUES ('2026-03-10 12:57:20.852463+00:00', true, false, false, 'eb6b7f33-64ac-5916-9539-86579e559080', 'Passive Scenario', 'Practice scenario featuring a passive or hesitant student persona.', true, true, false, false, false, '{}', '{}', '{}', '{}', '{}', '{}', '{}', '{}', '{}', '{}') ON CONFLICT (id) DO NOTHING;
INSERT INTO public.scenarios_resource (created_at, active, generated, mcp, id, name, description, problem_statement_enabled, objectives_enabled, video_enabled, images_enabled, questions_enabled, department_ids, persona_ids, parameter_field_ids, document_ids, objective_ids, image_ids, video_ids, question_ids, option_ids, problem_statement_ids) VALUES ('2026-03-10 12:57:20.856985+00:00', true, false, false, '85d76e69-3e3e-5111-8f61-0d006476401e', 'Aggressive Scenario', 'Practice scenario featuring an aggressive or confrontational student persona.', true, true, false, false, false, '{}', '{}', '{}', '{}', '{}', '{}', '{}', '{}', '{}', '{}') ON CONFLICT (id) DO NOTHING;
INSERT INTO public.scenarios_resource (created_at, active, generated, mcp, id, name, description, problem_statement_enabled, objectives_enabled, video_enabled, images_enabled, questions_enabled, department_ids, persona_ids, parameter_field_ids, document_ids, objective_ids, image_ids, video_ids, question_ids, option_ids, problem_statement_ids) VALUES ('2026-03-10 12:57:20.861389+00:00', true, false, false, '6182f416-bc0c-5e7b-9d50-accc70ce153f', 'General Scenario', 'General purpose scenario for flexible practice across various situations.', true, true, false, false, false, '{}', '{}', '{}', '{}', '{}', '{}', '{}', '{}', '{}', '{}') ON CONFLICT (id) DO NOTHING;
INSERT INTO public.scenarios_resource (created_at, active, generated, mcp, id, name, description, problem_statement_enabled, objectives_enabled, video_enabled, images_enabled, questions_enabled, department_ids, persona_ids, parameter_field_ids, document_ids, objective_ids, image_ids, video_ids, question_ids, option_ids, problem_statement_ids) VALUES ('2026-03-10 12:57:20.865739+00:00', true, false, false, '5858e6bd-be9d-53ae-8248-901bd46aa94d', 'Academic Integrity Training Scenario', 'Training scenario for practicing responses to academic integrity violations and policy enforcement.', true, true, false, false, false, '{}', '{}', '{}', '{}', '{}', '{}', '{}', '{}', '{}', '{}') ON CONFLICT (id) DO NOTHING;
INSERT INTO public.scenarios_resource (created_at, active, generated, mcp, id, name, description, problem_statement_enabled, objectives_enabled, video_enabled, images_enabled, questions_enabled, department_ids, persona_ids, parameter_field_ids, document_ids, objective_ids, image_ids, video_ids, question_ids, option_ids, problem_statement_ids) VALUES ('2026-03-10 12:57:20.871898+00:00', true, false, false, '0bf203d5-3a53-5925-af86-9f5f7907c08c', 'FERPA Training Scenario', 'Training scenario for practicing FERPA compliance and student privacy protection.', true, true, false, false, false, '{}', '{}', '{}', '{}', '{}', '{}', '{}', '{}', '{}', '{}') ON CONFLICT (id) DO NOTHING;
INSERT INTO public.scenarios_resource (created_at, active, generated, mcp, id, name, description, problem_statement_enabled, objectives_enabled, video_enabled, images_enabled, questions_enabled, department_ids, persona_ids, parameter_field_ids, document_ids, objective_ids, image_ids, video_ids, question_ids, option_ids, problem_statement_ids) VALUES ('2026-03-10 12:57:20.877440+00:00', true, false, false, '54d758d4-7150-5ea7-98f8-2593c1422d4d', 'Upset Student Training Scenario', 'Training scenario for practicing de-escalation techniques with upset or frustrated students.', true, true, false, false, false, '{}', '{}', '{}', '{}', '{}', '{}', '{}', '{}', '{}', '{}') ON CONFLICT (id) DO NOTHING;

-- simulation_artifact
INSERT INTO public.simulation_artifact (created_at, updated_at, id, generated, mcp, active) VALUES ('2026-03-10 12:57:20.928123+00:00', '2026-03-10 12:57:20.928123+00:00', 'c9a31cc2-3878-54e4-b811-d6e004ef7bbb', false, false, true) ON CONFLICT (id) DO NOTHING;
INSERT INTO public.simulation_artifact (created_at, updated_at, id, generated, mcp, active) VALUES ('2026-03-10 12:57:20.936118+00:00', '2026-03-10 12:57:20.936118+00:00', 'a437c287-881f-5d4a-811e-6fc97cf6e1d1', false, false, true) ON CONFLICT (id) DO NOTHING;
INSERT INTO public.simulation_artifact (created_at, updated_at, id, generated, mcp, active) VALUES ('2026-03-10 12:57:20.942206+00:00', '2026-03-10 12:57:20.942206+00:00', '8f6ea8b4-9c9a-556c-9310-696d6c321cd4', false, false, true) ON CONFLICT (id) DO NOTHING;
INSERT INTO public.simulation_artifact (created_at, updated_at, id, generated, mcp, active) VALUES ('2026-03-10 12:57:20.946516+00:00', '2026-03-10 12:57:20.946516+00:00', 'afc77f60-872b-572d-8a77-f616a919e7f3', false, false, true) ON CONFLICT (id) DO NOTHING;
INSERT INTO public.simulation_artifact (created_at, updated_at, id, generated, mcp, active) VALUES ('2026-03-10 12:57:20.950873+00:00', '2026-03-10 12:57:20.950873+00:00', 'ab79e0df-a730-557e-b13d-bbc0cbac4054', false, false, true) ON CONFLICT (id) DO NOTHING;
INSERT INTO public.simulation_artifact (created_at, updated_at, id, generated, mcp, active) VALUES ('2026-03-10 12:57:20.955331+00:00', '2026-03-10 12:57:20.955331+00:00', '512b698d-c5d8-5c6f-8083-57a5bb4ce75b', false, false, true) ON CONFLICT (id) DO NOTHING;
INSERT INTO public.simulation_artifact (created_at, updated_at, id, generated, mcp, active) VALUES ('2026-03-10 12:57:20.959524+00:00', '2026-03-10 12:57:20.959524+00:00', 'deae7b65-3b1a-5617-8ca7-e7f53f08c796', false, false, true) ON CONFLICT (id) DO NOTHING;
INSERT INTO public.simulation_artifact (created_at, updated_at, id, generated, mcp, active) VALUES ('2026-03-10 12:57:20.963698+00:00', '2026-03-10 12:57:20.963698+00:00', 'b4653a76-e5bc-559f-a7b0-c5476dfa46a8', false, false, true) ON CONFLICT (id) DO NOTHING;

-- simulation_departments_junction
INSERT INTO public.simulation_departments_junction (active, created_at, departments_id, simulation_id, generated, mcp) VALUES (true, '2026-03-10 12:57:20.928123+00:00', 'a2b369c1-a81e-5e02-98d5-dd42af15ae4a', 'c9a31cc2-3878-54e4-b811-d6e004ef7bbb', false, false) ON CONFLICT (id) DO NOTHING;
INSERT INTO public.simulation_departments_junction (active, created_at, departments_id, simulation_id, generated, mcp) VALUES (true, '2026-03-10 12:57:20.936118+00:00', 'a2b369c1-a81e-5e02-98d5-dd42af15ae4a', 'a437c287-881f-5d4a-811e-6fc97cf6e1d1', false, false) ON CONFLICT (id) DO NOTHING;
INSERT INTO public.simulation_departments_junction (active, created_at, departments_id, simulation_id, generated, mcp) VALUES (true, '2026-03-10 12:57:20.942206+00:00', 'a2b369c1-a81e-5e02-98d5-dd42af15ae4a', '8f6ea8b4-9c9a-556c-9310-696d6c321cd4', false, false) ON CONFLICT (id) DO NOTHING;
INSERT INTO public.simulation_departments_junction (active, created_at, departments_id, simulation_id, generated, mcp) VALUES (true, '2026-03-10 12:57:20.946516+00:00', 'a2b369c1-a81e-5e02-98d5-dd42af15ae4a', 'afc77f60-872b-572d-8a77-f616a919e7f3', false, false) ON CONFLICT (id) DO NOTHING;
INSERT INTO public.simulation_departments_junction (active, created_at, departments_id, simulation_id, generated, mcp) VALUES (true, '2026-03-10 12:57:20.950873+00:00', 'a2b369c1-a81e-5e02-98d5-dd42af15ae4a', 'ab79e0df-a730-557e-b13d-bbc0cbac4054', false, false) ON CONFLICT (id) DO NOTHING;
INSERT INTO public.simulation_departments_junction (active, created_at, departments_id, simulation_id, generated, mcp) VALUES (true, '2026-03-10 12:57:20.955331+00:00', 'a2b369c1-a81e-5e02-98d5-dd42af15ae4a', '512b698d-c5d8-5c6f-8083-57a5bb4ce75b', false, false) ON CONFLICT (id) DO NOTHING;
INSERT INTO public.simulation_departments_junction (active, created_at, departments_id, simulation_id, generated, mcp) VALUES (true, '2026-03-10 12:57:20.959524+00:00', 'a2b369c1-a81e-5e02-98d5-dd42af15ae4a', 'deae7b65-3b1a-5617-8ca7-e7f53f08c796', false, false) ON CONFLICT (id) DO NOTHING;
INSERT INTO public.simulation_departments_junction (active, created_at, departments_id, simulation_id, generated, mcp) VALUES (true, '2026-03-10 12:57:20.963698+00:00', 'a2b369c1-a81e-5e02-98d5-dd42af15ae4a', 'b4653a76-e5bc-559f-a7b0-c5476dfa46a8', false, false) ON CONFLICT (id) DO NOTHING;

-- simulation_descriptions_junction
INSERT INTO public.simulation_descriptions_junction (simulation_id, descriptions_id, created_at, generated, mcp, active) VALUES ('c9a31cc2-3878-54e4-b811-d6e004ef7bbb', '019cd7d2-c704-7d90-bc6c-46695b976447', '2026-03-10 12:57:20.928123+00:00', false, false, true) ON CONFLICT (id) DO NOTHING;
INSERT INTO public.simulation_descriptions_junction (simulation_id, descriptions_id, created_at, generated, mcp, active) VALUES ('a437c287-881f-5d4a-811e-6fc97cf6e1d1', '019cd7d2-c708-74b0-a9cd-db00d5c388ea', '2026-03-10 12:57:20.936118+00:00', false, false, true) ON CONFLICT (id) DO NOTHING;
INSERT INTO public.simulation_descriptions_junction (simulation_id, descriptions_id, created_at, generated, mcp, active) VALUES ('8f6ea8b4-9c9a-556c-9310-696d6c321cd4', '019cd7d2-c70b-779b-929a-4c5c6b1eff41', '2026-03-10 12:57:20.942206+00:00', false, false, true) ON CONFLICT (id) DO NOTHING;
INSERT INTO public.simulation_descriptions_junction (simulation_id, descriptions_id, created_at, generated, mcp, active) VALUES ('afc77f60-872b-572d-8a77-f616a919e7f3', '019cd7d2-c70e-7c58-80de-44349238487e', '2026-03-10 12:57:20.946516+00:00', false, false, true) ON CONFLICT (id) DO NOTHING;
INSERT INTO public.simulation_descriptions_junction (simulation_id, descriptions_id, created_at, generated, mcp, active) VALUES ('ab79e0df-a730-557e-b13d-bbc0cbac4054', '019cd7d2-c711-7fb0-8f5a-81717eea8cd1', '2026-03-10 12:57:20.950873+00:00', false, false, true) ON CONFLICT (id) DO NOTHING;
INSERT INTO public.simulation_descriptions_junction (simulation_id, descriptions_id, created_at, generated, mcp, active) VALUES ('512b698d-c5d8-5c6f-8083-57a5bb4ce75b', '019cd7d2-c715-70f1-a390-b439170a254d', '2026-03-10 12:57:20.955331+00:00', false, false, true) ON CONFLICT (id) DO NOTHING;
INSERT INTO public.simulation_descriptions_junction (simulation_id, descriptions_id, created_at, generated, mcp, active) VALUES ('deae7b65-3b1a-5617-8ca7-e7f53f08c796', '019cd7d2-c718-7184-be5b-0f006f9427f2', '2026-03-10 12:57:20.959524+00:00', false, false, true) ON CONFLICT (id) DO NOTHING;
INSERT INTO public.simulation_descriptions_junction (simulation_id, descriptions_id, created_at, generated, mcp, active) VALUES ('b4653a76-e5bc-559f-a7b0-c5476dfa46a8', '019cd7d2-c71b-7510-9f66-855c1a777a39', '2026-03-10 12:57:20.963698+00:00', false, false, true) ON CONFLICT (id) DO NOTHING;

-- simulation_flags_junction
INSERT INTO public.simulation_flags_junction (simulation_id, flags_id, created_at, generated, mcp, active) VALUES ('c9a31cc2-3878-54e4-b811-d6e004ef7bbb', '019b995a-86ef-78e3-8811-f5d0cfd31e3c', '2026-03-10 12:57:20.928123+00:00', false, false, true) ON CONFLICT (id) DO NOTHING;
INSERT INTO public.simulation_flags_junction (simulation_id, flags_id, created_at, generated, mcp, active) VALUES ('a437c287-881f-5d4a-811e-6fc97cf6e1d1', '019b995a-86ef-78e3-8811-f5d0cfd31e3c', '2026-03-10 12:57:20.936118+00:00', false, false, true) ON CONFLICT (id) DO NOTHING;
INSERT INTO public.simulation_flags_junction (simulation_id, flags_id, created_at, generated, mcp, active) VALUES ('8f6ea8b4-9c9a-556c-9310-696d6c321cd4', '019b995a-86ef-78e3-8811-f5d0cfd31e3c', '2026-03-10 12:57:20.942206+00:00', false, false, true) ON CONFLICT (id) DO NOTHING;
INSERT INTO public.simulation_flags_junction (simulation_id, flags_id, created_at, generated, mcp, active) VALUES ('afc77f60-872b-572d-8a77-f616a919e7f3', '019b995a-86ef-78e3-8811-f5d0cfd31e3c', '2026-03-10 12:57:20.946516+00:00', false, false, true) ON CONFLICT (id) DO NOTHING;
INSERT INTO public.simulation_flags_junction (simulation_id, flags_id, created_at, generated, mcp, active) VALUES ('ab79e0df-a730-557e-b13d-bbc0cbac4054', '019b995a-86ef-78e3-8811-f5d0cfd31e3c', '2026-03-10 12:57:20.950873+00:00', false, false, true) ON CONFLICT (id) DO NOTHING;

-- simulation_names_junction
INSERT INTO public.simulation_names_junction (simulation_id, names_id, created_at, generated, mcp, active) VALUES ('c9a31cc2-3878-54e4-b811-d6e004ef7bbb', '019cd7d2-c702-7f8c-b722-776fd5e8d1e4', '2026-03-10 12:57:20.928123+00:00', false, false, true) ON CONFLICT (id) DO NOTHING;
INSERT INTO public.simulation_names_junction (simulation_id, names_id, created_at, generated, mcp, active) VALUES ('a437c287-881f-5d4a-811e-6fc97cf6e1d1', '019cd7d2-c706-7d8a-9488-a968dbd1d601', '2026-03-10 12:57:20.936118+00:00', false, false, true) ON CONFLICT (id) DO NOTHING;
INSERT INTO public.simulation_names_junction (simulation_id, names_id, created_at, generated, mcp, active) VALUES ('8f6ea8b4-9c9a-556c-9310-696d6c321cd4', '019cd7d2-c70a-7034-a232-0a43e19e7dad', '2026-03-10 12:57:20.942206+00:00', false, false, true) ON CONFLICT (id) DO NOTHING;
INSERT INTO public.simulation_names_junction (simulation_id, names_id, created_at, generated, mcp, active) VALUES ('afc77f60-872b-572d-8a77-f616a919e7f3', '019cd7d2-c70d-7479-8be8-95216e027326', '2026-03-10 12:57:20.946516+00:00', false, false, true) ON CONFLICT (id) DO NOTHING;
INSERT INTO public.simulation_names_junction (simulation_id, names_id, created_at, generated, mcp, active) VALUES ('ab79e0df-a730-557e-b13d-bbc0cbac4054', '019cd7d2-c710-7892-ac89-4f79d86b2c2a', '2026-03-10 12:57:20.950873+00:00', false, false, true) ON CONFLICT (id) DO NOTHING;
INSERT INTO public.simulation_names_junction (simulation_id, names_id, created_at, generated, mcp, active) VALUES ('512b698d-c5d8-5c6f-8083-57a5bb4ce75b', '019cd7d2-c713-7a13-94dd-cd85d3f94247', '2026-03-10 12:57:20.955331+00:00', false, false, true) ON CONFLICT (id) DO NOTHING;
INSERT INTO public.simulation_names_junction (simulation_id, names_id, created_at, generated, mcp, active) VALUES ('deae7b65-3b1a-5617-8ca7-e7f53f08c796', '019cd7d2-c716-7b4a-8a01-f19e36bf26e6', '2026-03-10 12:57:20.959524+00:00', false, false, true) ON CONFLICT (id) DO NOTHING;
INSERT INTO public.simulation_names_junction (simulation_id, names_id, created_at, generated, mcp, active) VALUES ('b4653a76-e5bc-559f-a7b0-c5476dfa46a8', '019cd7d2-c719-7d3b-9c7b-17cc12debb4a', '2026-03-10 12:57:20.963698+00:00', false, false, true) ON CONFLICT (id) DO NOTHING;

-- simulation_scenarios_junction
INSERT INTO public.simulation_scenarios_junction (created_at, scenarios_id, simulation_id, generated, mcp, active) VALUES ('2026-03-10 12:57:20.928123+00:00', '91aae48d-df47-51ec-b6a9-88844d18fe9b', 'c9a31cc2-3878-54e4-b811-d6e004ef7bbb', false, false, true) ON CONFLICT (id) DO NOTHING;
INSERT INTO public.simulation_scenarios_junction (created_at, scenarios_id, simulation_id, generated, mcp, active) VALUES ('2026-03-10 12:57:20.936118+00:00', '2df29dfb-3b82-53bb-829a-297f9b16931d', 'a437c287-881f-5d4a-811e-6fc97cf6e1d1', false, false, true) ON CONFLICT (id) DO NOTHING;
INSERT INTO public.simulation_scenarios_junction (created_at, scenarios_id, simulation_id, generated, mcp, active) VALUES ('2026-03-10 12:57:20.942206+00:00', 'eb6b7f33-64ac-5916-9539-86579e559080', '8f6ea8b4-9c9a-556c-9310-696d6c321cd4', false, false, true) ON CONFLICT (id) DO NOTHING;
INSERT INTO public.simulation_scenarios_junction (created_at, scenarios_id, simulation_id, generated, mcp, active) VALUES ('2026-03-10 12:57:20.946516+00:00', '85d76e69-3e3e-5111-8f61-0d006476401e', 'afc77f60-872b-572d-8a77-f616a919e7f3', false, false, true) ON CONFLICT (id) DO NOTHING;
INSERT INTO public.simulation_scenarios_junction (created_at, scenarios_id, simulation_id, generated, mcp, active) VALUES ('2026-03-10 12:57:20.950873+00:00', '6182f416-bc0c-5e7b-9d50-accc70ce153f', 'ab79e0df-a730-557e-b13d-bbc0cbac4054', false, false, true) ON CONFLICT (id) DO NOTHING;
INSERT INTO public.simulation_scenarios_junction (created_at, scenarios_id, simulation_id, generated, mcp, active) VALUES ('2026-03-10 12:57:20.955331+00:00', '5858e6bd-be9d-53ae-8248-901bd46aa94d', '512b698d-c5d8-5c6f-8083-57a5bb4ce75b', false, false, true) ON CONFLICT (id) DO NOTHING;
INSERT INTO public.simulation_scenarios_junction (created_at, scenarios_id, simulation_id, generated, mcp, active) VALUES ('2026-03-10 12:57:20.959524+00:00', '0bf203d5-3a53-5925-af86-9f5f7907c08c', 'deae7b65-3b1a-5617-8ca7-e7f53f08c796', false, false, true) ON CONFLICT (id) DO NOTHING;
INSERT INTO public.simulation_scenarios_junction (created_at, scenarios_id, simulation_id, generated, mcp, active) VALUES ('2026-03-10 12:57:20.963698+00:00', '54d758d4-7150-5ea7-98f8-2593c1422d4d', 'b4653a76-e5bc-559f-a7b0-c5476dfa46a8', false, false, true) ON CONFLICT (id) DO NOTHING;

-- simulation_simulations_junction
INSERT INTO public.simulation_simulations_junction (simulation_id, simulations_id, active, created_at, generated, mcp) VALUES ('c9a31cc2-3878-54e4-b811-d6e004ef7bbb', 'c9a31cc2-3878-54e4-b811-d6e004ef7bbb', true, '2026-03-10 12:57:20.928123+00:00', false, false) ON CONFLICT (id) DO NOTHING;
INSERT INTO public.simulation_simulations_junction (simulation_id, simulations_id, active, created_at, generated, mcp) VALUES ('a437c287-881f-5d4a-811e-6fc97cf6e1d1', 'a437c287-881f-5d4a-811e-6fc97cf6e1d1', true, '2026-03-10 12:57:20.936118+00:00', false, false) ON CONFLICT (id) DO NOTHING;
INSERT INTO public.simulation_simulations_junction (simulation_id, simulations_id, active, created_at, generated, mcp) VALUES ('8f6ea8b4-9c9a-556c-9310-696d6c321cd4', '8f6ea8b4-9c9a-556c-9310-696d6c321cd4', true, '2026-03-10 12:57:20.942206+00:00', false, false) ON CONFLICT (id) DO NOTHING;
INSERT INTO public.simulation_simulations_junction (simulation_id, simulations_id, active, created_at, generated, mcp) VALUES ('afc77f60-872b-572d-8a77-f616a919e7f3', 'afc77f60-872b-572d-8a77-f616a919e7f3', true, '2026-03-10 12:57:20.946516+00:00', false, false) ON CONFLICT (id) DO NOTHING;
INSERT INTO public.simulation_simulations_junction (simulation_id, simulations_id, active, created_at, generated, mcp) VALUES ('ab79e0df-a730-557e-b13d-bbc0cbac4054', 'ab79e0df-a730-557e-b13d-bbc0cbac4054', true, '2026-03-10 12:57:20.950873+00:00', false, false) ON CONFLICT (id) DO NOTHING;
INSERT INTO public.simulation_simulations_junction (simulation_id, simulations_id, active, created_at, generated, mcp) VALUES ('512b698d-c5d8-5c6f-8083-57a5bb4ce75b', '512b698d-c5d8-5c6f-8083-57a5bb4ce75b', true, '2026-03-10 12:57:20.955331+00:00', false, false) ON CONFLICT (id) DO NOTHING;
INSERT INTO public.simulation_simulations_junction (simulation_id, simulations_id, active, created_at, generated, mcp) VALUES ('deae7b65-3b1a-5617-8ca7-e7f53f08c796', 'deae7b65-3b1a-5617-8ca7-e7f53f08c796', true, '2026-03-10 12:57:20.959524+00:00', false, false) ON CONFLICT (id) DO NOTHING;
INSERT INTO public.simulation_simulations_junction (simulation_id, simulations_id, active, created_at, generated, mcp) VALUES ('b4653a76-e5bc-559f-a7b0-c5476dfa46a8', 'b4653a76-e5bc-559f-a7b0-c5476dfa46a8', true, '2026-03-10 12:57:20.963698+00:00', false, false) ON CONFLICT (id) DO NOTHING;

-- simulations_resource
INSERT INTO public.simulations_resource (created_at, active, generated, mcp, id, name, description, department_ids, scenario_ids, scenario_rubric_ids, scenario_time_limit_ids, scenario_position_ids, scenario_flag_ids, practice) VALUES ('2026-03-10 12:57:20.925624+00:00', true, false, false, 'c9a31cc2-3878-54e4-b811-d6e004ef7bbb', 'Confused Practice', 'Seeks to understand by asking questions and exploring ideas.', '{}', '{}', '{}', '{}', '{}', '{}', false) ON CONFLICT (id) DO NOTHING;
INSERT INTO public.simulations_resource (created_at, active, generated, mcp, id, name, description, department_ids, scenario_ids, scenario_rubric_ids, scenario_time_limit_ids, scenario_position_ids, scenario_flag_ids, practice) VALUES ('2026-03-10 12:57:20.933758+00:00', true, false, false, 'a437c287-881f-5d4a-811e-6fc97cf6e1d1', 'Happy Practice', 'Provides uplifting feedback and cheerful responses.', '{}', '{}', '{}', '{}', '{}', '{}', false) ON CONFLICT (id) DO NOTHING;
INSERT INTO public.simulations_resource (created_at, active, generated, mcp, id, name, description, department_ids, scenario_ids, scenario_rubric_ids, scenario_time_limit_ids, scenario_position_ids, scenario_flag_ids, practice) VALUES ('2026-03-10 12:57:20.940501+00:00', true, false, false, '8f6ea8b4-9c9a-556c-9310-696d6c321cd4', 'Passive Practice', 'Responds with minimal engagement and requires prompting.', '{}', '{}', '{}', '{}', '{}', '{}', false) ON CONFLICT (id) DO NOTHING;
INSERT INTO public.simulations_resource (created_at, active, generated, mcp, id, name, description, department_ids, scenario_ids, scenario_rubric_ids, scenario_time_limit_ids, scenario_position_ids, scenario_flag_ids, practice) VALUES ('2026-03-10 12:57:20.944773+00:00', true, false, false, 'afc77f60-872b-572d-8a77-f616a919e7f3', 'Aggressive Practice', 'Challenges with confrontational and resistant responses.', '{}', '{}', '{}', '{}', '{}', '{}', false) ON CONFLICT (id) DO NOTHING;
INSERT INTO public.simulations_resource (created_at, active, generated, mcp, id, name, description, department_ids, scenario_ids, scenario_rubric_ids, scenario_time_limit_ids, scenario_position_ids, scenario_flag_ids, practice) VALUES ('2026-03-10 12:57:20.949122+00:00', true, false, false, 'ab79e0df-a730-557e-b13d-bbc0cbac4054', 'General Practice', 'A flexible simulation for open-ended practice with any persona.', '{}', '{}', '{}', '{}', '{}', '{}', false) ON CONFLICT (id) DO NOTHING;
INSERT INTO public.simulations_resource (created_at, active, generated, mcp, id, name, description, department_ids, scenario_ids, scenario_rubric_ids, scenario_time_limit_ids, scenario_position_ids, scenario_flag_ids, practice) VALUES ('2026-03-10 12:57:20.953571+00:00', true, false, false, '512b698d-c5d8-5c6f-8083-57a5bb4ce75b', 'Academic Integrity Training', 'Training simulation for practicing responses to academic integrity violations.', '{}', '{}', '{}', '{}', '{}', '{}', false) ON CONFLICT (id) DO NOTHING;
INSERT INTO public.simulations_resource (created_at, active, generated, mcp, id, name, description, department_ids, scenario_ids, scenario_rubric_ids, scenario_time_limit_ids, scenario_position_ids, scenario_flag_ids, practice) VALUES ('2026-03-10 12:57:20.957754+00:00', true, false, false, 'deae7b65-3b1a-5617-8ca7-e7f53f08c796', 'FERPA Training', 'Training simulation for practicing FERPA compliance and student privacy protection.', '{}', '{}', '{}', '{}', '{}', '{}', false) ON CONFLICT (id) DO NOTHING;
INSERT INTO public.simulations_resource (created_at, active, generated, mcp, id, name, description, department_ids, scenario_ids, scenario_rubric_ids, scenario_time_limit_ids, scenario_position_ids, scenario_flag_ids, practice) VALUES ('2026-03-10 12:57:20.961960+00:00', true, false, false, 'b4653a76-e5bc-559f-a7b0-c5476dfa46a8', 'Upset Student Training', 'Training simulation for practicing de-escalation techniques with upset students.', '{}', '{}', '{}', '{}', '{}', '{}', false) ON CONFLICT (id) DO NOTHING;

