-- Module: all documents
-- Category: setup/university
-- Description: All document artifacts for university setup
-- ============================================================

-- Resource rows
INSERT INTO public.departments_resource (created_at, active, generated, mcp, id, group_id, name, description, department_ids, setting_ids) VALUES ('2025-10-08T14:16:28.317660+00:00', true, false, false, '019bb25e-e624-73da-8cef-166028a1065a', '019ba0cd-761e-7fa9-a598-42ff212aa69a', 'Purdue CS', 'Innovative base of knowledge in the emerging field of computing', '{}', '{019b3be4-3c61-76ff-befb-69b082df2acd}') ON CONFLICT (id) DO NOTHING;
INSERT INTO public.descriptions_resource (id, description, created_at, active, generated, mcp) VALUES ('019c0af9-a701-7a29-b2bb-667bbf8746c2', 'Problem set: CS253-PSO1', '2026-01-29T18:17:39.327225+00:00', true, false, false) ON CONFLICT (id) DO NOTHING;
INSERT INTO public.documents_resource (created_at, active, generated, mcp, id, name, description, department_ids, upload_id, text_id) VALUES ('2025-08-12T12:52:10.019846+00:00', true, false, false, '019bb25e-e619-7805-bf85-bd4ec58a8939', 'CS253-PSO1', NULL, '{}', '019b3be4-3cef-7f80-bcf5-a183b5d9fd50', NULL) ON CONFLICT (id) DO NOTHING;
INSERT INTO public.names_resource (id, name, created_at, active, generated, mcp) VALUES ('019b995c-8e8e-7a7e-97db-125100c5f216', 'CS253-PSO1', '2025-08-12T12:52:10.019846+00:00', true, false, false) ON CONFLICT (id) DO NOTHING;
INSERT INTO public.parameter_fields_resource (id, field_id, active, generated, created_at, updated_at, parameter_id) VALUES ('86a0e6ef-8a6c-422a-871f-5f88df82c68d', '019bb25e-e5f8-7cd8-b47c-ac2bddf4f495', true, false, '2025-10-21T22:37:19.018734+00:00', '2026-01-28T14:15:32.410937+00:00', '019bb25e-e620-7f9a-a3b6-8b7230c1e51c') ON CONFLICT (id) DO NOTHING;
INSERT INTO public.parameter_fields_resource (id, field_id, active, generated, created_at, updated_at, parameter_id) VALUES ('747b4aec-f6fb-479f-b8e5-df51b67c3231', '019bb25e-e5f8-7d1b-b0a6-aa800efb90bf', true, false, '2025-12-03T13:30:24.007753+00:00', '2026-01-28T14:15:32.410937+00:00', '019bb25e-e621-7027-abc4-9b86171ee17b') ON CONFLICT (id) DO NOTHING;
INSERT INTO public.parameters_resource (created_at, active, generated, mcp, id, name, description, value, department_ids, persona_parameter, document_parameter, scenario_parameter, video_parameter, field_ids) VALUES ('2025-08-12T12:52:10.013081+00:00', true, false, false, '019bb25e-e620-7f9a-a3b6-8b7230c1e51c', 'Class', 'Which course or subject the scenario is about', NULL, '{}', false, false, true, false, '{019bb25e-e5f8-7c20-855d-7ccf9e162415,019bb25e-e5f8-7c96-8991-7110c1e2616e,019bb25e-e5f8-7c9d-854d-91181fc32658,019bb25e-e5f8-7ca3-ae71-235393296e6a,019bb25e-e5f8-7ca7-a23c-03fe824b4e20,019bb25e-e5f8-7cab-a50e-56f8f5be04bb,019bb25e-e5f8-7caf-ae53-4390d8e77372,019bb25e-e5f8-7cb0-a8f7-b733bdebb1ca,019bb25e-e5f8-7cb7-8af7-29a33317c819,019bb25e-e5f8-7cbb-ab67-3ccacb2df5aa,019bb25e-e5f8-7cbf-a83f-133510bc2166,019bb25e-e5f8-7cc0-9040-b01aa544b670,019bb25e-e5f8-7cc6-a9a9-c51bbec49f96,019bb25e-e5f8-7cc9-8987-b46dcfac9dcd,019bb25e-e5f8-7ccf-8161-efad11364f9b,019bb25e-e5f8-7cd3-aade-bc9cfbbaef93,019bb25e-e5f8-7cd7-b8ca-96716f527321,019bb25e-e5f8-7cd8-b47c-ac2bddf4f495,019bb25e-e5f8-7cdd-b4b0-cf61647ab5ac,019bb25e-e5f8-7ce3-a09b-4cf194441c1b,019bb25e-e5f8-7ce7-b68a-61e9a4e7308b,019bb25e-e5f8-7d1e-8311-f9e7e06555e2,019bb25e-e5f8-7d22-9d6f-d0976eea78ec,019bb25e-e5f8-7d26-b989-3212a42e6b6f,019bb25e-e5f8-7d2a-90de-10226a471e6b}') ON CONFLICT (id) DO NOTHING;
INSERT INTO public.parameters_resource (created_at, active, generated, mcp, id, name, description, value, department_ids, persona_parameter, document_parameter, scenario_parameter, video_parameter, field_ids) VALUES ('2025-12-03T13:30:24.007753+00:00', true, false, false, '019bb25e-e621-7027-abc4-9b86171ee17b', 'Document Type', 'Categorizes documents by their type (homework, project, quiz, etc.)', NULL, '{}', false, true, false, false, '{019bb25e-e5f8-7cfd-bb05-98a1d9bcd20b,019bb25e-e5f8-7d00-a623-09370b0a5ba8,019bb25e-e5f8-7d04-88c8-70ce34ceeea8,019bb25e-e5f8-7d08-946a-bd2457820f28,019bb25e-e5f8-7d0d-9207-6520a302d236,019bb25e-e5f8-7d13-a0e2-aa266d021fe8,019bb25e-e5f8-7d16-abec-e5e3db9386e2,019bb25e-e5f8-7d1b-b0a6-aa800efb90bf}') ON CONFLICT (id) DO NOTHING;
INSERT INTO public.descriptions_resource (id, description, created_at, active, generated, mcp) VALUES ('019c0af9-a701-76ac-ae58-e297a9c1fd2d', 'Homework assignment: CS182-HW1', '2026-01-29T18:17:39.327225+00:00', true, false, false) ON CONFLICT (id) DO NOTHING;
INSERT INTO public.documents_resource (created_at, active, generated, mcp, id, name, description, department_ids, upload_id, text_id) VALUES ('2025-08-12T12:52:10.019846+00:00', true, false, false, '019bb25e-e619-77dc-8b86-c96816f98ff4', 'CS182-HW1', NULL, '{}', '019b3be4-3cef-7c8c-b649-c4e0ca1b8cdf', NULL) ON CONFLICT (id) DO NOTHING;
INSERT INTO public.names_resource (id, name, created_at, active, generated, mcp) VALUES ('019b995c-8e8e-7a36-901a-6e332e398e7a', 'CS182-HW1', '2025-08-12T12:52:10.019846+00:00', true, false, false) ON CONFLICT (id) DO NOTHING;
INSERT INTO public.parameter_fields_resource (id, field_id, active, generated, created_at, updated_at, parameter_id) VALUES ('a47cfa27-c18e-4c54-bd42-3f74ecda1d54', '019bb25e-e5f8-7cdd-b4b0-cf61647ab5ac', true, false, '2025-10-21T22:37:19.018734+00:00', '2026-01-28T14:15:32.410937+00:00', '019bb25e-e620-7f9a-a3b6-8b7230c1e51c') ON CONFLICT (id) DO NOTHING;
INSERT INTO public.parameter_fields_resource (id, field_id, active, generated, created_at, updated_at, parameter_id) VALUES ('e83ece77-5426-4ab4-b1f0-803e09d19883', '019bb25e-e5f8-7d1b-b0a6-aa800efb90bf', true, false, '2025-12-03T13:30:24.007753+00:00', '2026-01-28T14:15:32.410937+00:00', '019bb25e-e621-7027-abc4-9b86171ee17b') ON CONFLICT (id) DO NOTHING;
INSERT INTO public.descriptions_resource (id, description, created_at, active, generated, mcp) VALUES ('019c0af9-a700-7883-bdfd-8d23f4c0f23e', 'Problem set: CS253-PSO6.pdf', '2026-01-29T18:17:39.327225+00:00', true, false, false) ON CONFLICT (id) DO NOTHING;
INSERT INTO public.documents_resource (created_at, active, generated, mcp, id, name, description, department_ids, upload_id, text_id) VALUES ('2025-08-12T16:22:40.236325+00:00', true, false, false, '019bb25e-e619-76a3-9a19-39dd12ba7002', 'CS253-PSO6.pdf', NULL, '{}', '019b3be4-3cef-7fe5-97cc-3464f7d1ec4a', NULL) ON CONFLICT (id) DO NOTHING;
INSERT INTO public.names_resource (id, name, created_at, active, generated, mcp) VALUES ('019b995c-8e8e-7a27-8437-bf40a1ed8168', 'CS253-PSO6.pdf', '2025-08-12T16:22:40.236325+00:00', true, false, false) ON CONFLICT (id) DO NOTHING;
INSERT INTO public.parameter_fields_resource (id, field_id, active, generated, created_at, updated_at, parameter_id) VALUES ('ba364fea-eb1c-40f3-9840-8076ac398e54', '019bb25e-e5f8-7cd8-b47c-ac2bddf4f495', true, false, '2025-10-21T22:37:19.018734+00:00', '2026-01-28T14:15:32.410937+00:00', '019bb25e-e620-7f9a-a3b6-8b7230c1e51c') ON CONFLICT (id) DO NOTHING;
INSERT INTO public.parameter_fields_resource (id, field_id, active, generated, created_at, updated_at, parameter_id) VALUES ('4debd3a2-5b47-4544-83b6-dcb337edfadb', '019bb25e-e5f8-7d1b-b0a6-aa800efb90bf', true, false, '2025-12-03T13:30:24.007753+00:00', '2026-01-28T14:15:32.410937+00:00', '019bb25e-e621-7027-abc4-9b86171ee17b') ON CONFLICT (id) DO NOTHING;
INSERT INTO public.descriptions_resource (id, description, created_at, active, generated, mcp) VALUES ('019c0af9-a701-71b1-8f56-321e512503e4', 'Course material: hw5_pdf.pdf', '2026-01-29T18:17:39.327225+00:00', true, false, false) ON CONFLICT (id) DO NOTHING;
INSERT INTO public.documents_resource (created_at, active, generated, mcp, id, name, description, department_ids, upload_id, text_id) VALUES ('2025-08-18T14:47:20.790201+00:00', true, false, false, '019bb25e-e619-77b8-a6c9-f34746fb0a4a', 'hw5_pdf.pdf', NULL, '{}', '019b3be4-3cef-7fe8-b19e-fc2b2c65ac53', NULL) ON CONFLICT (id) DO NOTHING;
INSERT INTO public.names_resource (id, name, created_at, active, generated, mcp) VALUES ('019b995c-8e8e-7a47-b7f0-14d20a826295', 'hw5_pdf.pdf', '2025-08-18T14:47:20.790201+00:00', true, false, false) ON CONFLICT (id) DO NOTHING;
INSERT INTO public.parameter_fields_resource (id, field_id, active, generated, created_at, updated_at, parameter_id) VALUES ('122234da-51b2-417b-810c-2fc1e7697402', '019bb25e-e5f8-7ce3-a09b-4cf194441c1b', true, false, '2025-10-21T22:37:19.018734+00:00', '2026-01-28T14:15:32.410937+00:00', '019bb25e-e620-7f9a-a3b6-8b7230c1e51c') ON CONFLICT (id) DO NOTHING;
INSERT INTO public.parameter_fields_resource (id, field_id, active, generated, created_at, updated_at, parameter_id) VALUES ('83a08ff4-8897-422e-9519-8867f8ce83e8', '019bb25e-e5f8-7d16-abec-e5e3db9386e2', true, false, '2025-12-03T13:30:24.007753+00:00', '2026-01-28T14:15:32.410937+00:00', '019bb25e-e621-7027-abc4-9b86171ee17b') ON CONFLICT (id) DO NOTHING;
INSERT INTO public.parameter_fields_resource (id, field_id, active, generated, created_at, updated_at, parameter_id) VALUES ('4ea59173-7751-4c01-b23e-2c99bb5cd811', '019bb25e-e5f8-7d1b-b0a6-aa800efb90bf', true, false, '2025-12-07T20:44:58.161092+00:00', '2026-01-28T14:15:32.410937+00:00', '019bb25e-e621-7027-abc4-9b86171ee17b') ON CONFLICT (id) DO NOTHING;
INSERT INTO public.departments_resource (created_at, active, generated, mcp, id, group_id, name, description, department_ids, setting_ids) VALUES ('2025-10-31T16:50:58.307484+00:00', true, false, false, '019bb25e-e624-744f-a6b0-21686815b719', '019ba0cd-762a-7412-b160-c0fe98da5d6c', 'Purdue Math', 'MA', '{}', '{019b3be4-3c61-770e-83a6-566851df3dd4}') ON CONFLICT (id) DO NOTHING;
INSERT INTO public.descriptions_resource (id, description, created_at, active, generated, mcp) VALUES ('019c0af9-a701-7ad7-b603-22210cd608db', 'Examination material: MA265-Exam2', '2026-01-29T18:17:39.327225+00:00', true, false, false) ON CONFLICT (id) DO NOTHING;
INSERT INTO public.documents_resource (created_at, active, generated, mcp, id, name, description, department_ids, upload_id, text_id) VALUES ('2025-10-31T16:50:58.307484+00:00', true, false, false, '019bb25e-e619-780e-aa1b-7ba01cbde85a', 'MA265-Exam2', NULL, '{}', '019b3be4-3cef-7fbf-bb7b-7869a7f1110d', NULL) ON CONFLICT (id) DO NOTHING;
INSERT INTO public.names_resource (id, name, created_at, active, generated, mcp) VALUES ('019b995c-8e8e-7a62-a8c9-5c14f1053f90', 'MA265-Exam2', '2025-10-31T16:50:58.307484+00:00', true, false, false) ON CONFLICT (id) DO NOTHING;
INSERT INTO public.parameter_fields_resource (id, field_id, active, generated, created_at, updated_at, parameter_id) VALUES ('701fa674-f398-4e87-976b-2f4c948625fc', '019bb25e-e5f8-7caf-ae53-4390d8e77372', true, false, '2025-10-31T16:50:58.307484+00:00', '2026-01-28T14:15:32.410937+00:00', '019bb25e-e620-7f9a-a3b6-8b7230c1e51c') ON CONFLICT (id) DO NOTHING;
INSERT INTO public.parameter_fields_resource (id, field_id, active, generated, created_at, updated_at, parameter_id) VALUES ('78b2eb01-ea5a-4b88-b63f-3c75fe736f26', '019bb25e-e5f8-7d0d-9207-6520a302d236', true, false, '2025-12-03T13:30:24.007753+00:00', '2026-01-28T14:15:32.410937+00:00', '019bb25e-e621-7027-abc4-9b86171ee17b') ON CONFLICT (id) DO NOTHING;
INSERT INTO public.departments_resource (created_at, active, generated, mcp, id, group_id, name, description, department_ids, setting_ids) VALUES ('2025-10-31T16:50:58.307484+00:00', true, false, false, '019bb25e-e624-7455-a0f7-2248e8c5a63b', '019ba0cd-761a-7140-bde9-de8a02b50521', 'Biology', 'BIOL', '{}', '{}') ON CONFLICT (id) DO NOTHING;
INSERT INTO public.descriptions_resource (id, description, created_at, active, generated, mcp) VALUES ('019c0af9-a701-764b-9610-7921d65b5094', 'Homework assignment: BIOL328-HW3', '2026-01-29T18:17:39.327225+00:00', true, false, false) ON CONFLICT (id) DO NOTHING;
INSERT INTO public.documents_resource (created_at, active, generated, mcp, id, name, description, department_ids, upload_id, text_id) VALUES ('2025-10-31T16:50:58.307484+00:00', true, false, false, '019bb25e-e619-77db-9d76-fce0aeb45a35', 'BIOL328-HW3', NULL, '{}', '019b3be4-3cef-7f97-9e4d-bd28ac29f67f', NULL) ON CONFLICT (id) DO NOTHING;
INSERT INTO public.names_resource (id, name, created_at, active, generated, mcp) VALUES ('019b995c-8e8e-7a14-94fc-354dacb5563a', 'BIOL328-HW3', '2025-10-31T16:50:58.307484+00:00', true, false, false) ON CONFLICT (id) DO NOTHING;
INSERT INTO public.parameter_fields_resource (id, field_id, active, generated, created_at, updated_at, parameter_id) VALUES ('bba0ba90-a809-4971-9b67-a7504b4247d3', '019bb25e-e5f8-7ccf-8161-efad11364f9b', true, false, '2025-10-31T16:50:58.307484+00:00', '2026-01-28T14:15:32.410937+00:00', '019bb25e-e620-7f9a-a3b6-8b7230c1e51c') ON CONFLICT (id) DO NOTHING;
INSERT INTO public.parameter_fields_resource (id, field_id, active, generated, created_at, updated_at, parameter_id) VALUES ('6066b346-c246-4ac9-9a11-b7fe4a7fd72b', '019bb25e-e5f8-7d1b-b0a6-aa800efb90bf', true, false, '2025-12-03T13:30:24.007753+00:00', '2026-01-28T14:15:32.410937+00:00', '019bb25e-e621-7027-abc4-9b86171ee17b') ON CONFLICT (id) DO NOTHING;
INSERT INTO public.departments_resource (created_at, active, generated, mcp, id, group_id, name, description, department_ids, setting_ids) VALUES ('2025-10-31T16:50:58.307484+00:00', true, false, false, '019bb25e-e624-7450-8897-a72c55c26107', '019ba0cd-761a-7f20-8103-645e209ba6d0', 'Purdue Chem', 'CHM', '{}', '{019b3be4-3c61-7714-9370-0ca874d1aff4}') ON CONFLICT (id) DO NOTHING;
INSERT INTO public.descriptions_resource (id, description, created_at, active, generated, mcp) VALUES ('019c0af9-a701-7706-87b3-2f6d7b1a813d', 'Laboratory assignment: CHM112-Lab2', '2026-01-29T18:17:39.327225+00:00', true, false, false) ON CONFLICT (id) DO NOTHING;
INSERT INTO public.documents_resource (created_at, active, generated, mcp, id, name, description, department_ids, upload_id, text_id) VALUES ('2025-10-31T16:50:58.307484+00:00', true, false, false, '019bb25e-e619-77e2-975c-8f22d84677e0', 'CHM112-Lab2', NULL, '{}', '019b3be4-3cef-7f9d-bbe9-1843c703394b', NULL) ON CONFLICT (id) DO NOTHING;
INSERT INTO public.names_resource (id, name, created_at, active, generated, mcp) VALUES ('019b995c-8e8e-7a30-a050-8cdeede7e1e7', 'CHM112-Lab2', '2025-10-31T16:50:58.307484+00:00', true, false, false) ON CONFLICT (id) DO NOTHING;
INSERT INTO public.parameter_fields_resource (id, field_id, active, generated, created_at, updated_at, parameter_id) VALUES ('8b0cf0b0-2dfc-4c89-8fd5-b1edb26aff8d', '019bb25e-e5f8-7cc9-8987-b46dcfac9dcd', true, false, '2025-10-31T16:50:58.307484+00:00', '2026-01-28T14:15:32.410937+00:00', '019bb25e-e620-7f9a-a3b6-8b7230c1e51c') ON CONFLICT (id) DO NOTHING;
INSERT INTO public.parameter_fields_resource (id, field_id, active, generated, created_at, updated_at, parameter_id) VALUES ('9c236008-8a66-4d0e-a0df-636a51f96cdc', '019bb25e-e5f8-7d08-946a-bd2457820f28', true, false, '2025-12-03T13:30:24.007753+00:00', '2026-01-28T14:15:32.410937+00:00', '019bb25e-e621-7027-abc4-9b86171ee17b') ON CONFLICT (id) DO NOTHING;
INSERT INTO public.descriptions_resource (id, description, created_at, active, generated, mcp) VALUES ('019c0af9-a701-775e-98fd-4fe424bfd863', 'Homework assignment: CHM225-HW4', '2026-01-29T18:17:39.327225+00:00', true, false, false) ON CONFLICT (id) DO NOTHING;
INSERT INTO public.documents_resource (created_at, active, generated, mcp, id, name, description, department_ids, upload_id, text_id) VALUES ('2025-10-31T16:50:58.307484+00:00', true, false, false, '019bb25e-e619-77e7-9e69-4b51303be101', 'CHM225-HW4', NULL, '{}', '019b3be4-3cef-7fa1-87f8-1f6ef16d6723', NULL) ON CONFLICT (id) DO NOTHING;
INSERT INTO public.names_resource (id, name, created_at, active, generated, mcp) VALUES ('019b995c-8e8e-7a49-bddd-0fbd8c29fbcc', 'CHM225-HW4', '2025-10-31T16:50:58.307484+00:00', true, false, false) ON CONFLICT (id) DO NOTHING;
INSERT INTO public.parameter_fields_resource (id, field_id, active, generated, created_at, updated_at, parameter_id) VALUES ('56c9d402-79cc-471b-88ea-5ea83b9e5fcf', '019bb25e-e5f8-7cc6-a9a9-c51bbec49f96', true, false, '2025-10-31T16:50:58.307484+00:00', '2026-01-28T14:15:32.410937+00:00', '019bb25e-e620-7f9a-a3b6-8b7230c1e51c') ON CONFLICT (id) DO NOTHING;
INSERT INTO public.parameter_fields_resource (id, field_id, active, generated, created_at, updated_at, parameter_id) VALUES ('c853bf30-e83d-4810-876d-951471388ffb', '019bb25e-e5f8-7d1b-b0a6-aa800efb90bf', true, false, '2025-12-03T13:30:24.007753+00:00', '2026-01-28T14:15:32.410937+00:00', '019bb25e-e621-7027-abc4-9b86171ee17b') ON CONFLICT (id) DO NOTHING;
INSERT INTO public.descriptions_resource (id, description, created_at, active, generated, mcp) VALUES ('019c0af9-a701-77c1-bb47-0b1a1dcb6887', 'Project documentation: CHM342-Project1', '2026-01-29T18:17:39.327225+00:00', true, false, false) ON CONFLICT (id) DO NOTHING;
INSERT INTO public.documents_resource (created_at, active, generated, mcp, id, name, description, department_ids, upload_id, text_id) VALUES ('2025-10-31T16:50:58.307484+00:00', true, false, false, '019bb25e-e619-77eb-a659-3d2e07b16f41', 'CHM342-Project1', NULL, '{}', '019b3be4-3cef-7fa5-9b39-b516fe60bb89', NULL) ON CONFLICT (id) DO NOTHING;
INSERT INTO public.names_resource (id, name, created_at, active, generated, mcp) VALUES ('019b995c-8e8e-7a0d-8b63-22f82c723318', 'CHM342-Project1', '2025-10-31T16:50:58.307484+00:00', true, false, false) ON CONFLICT (id) DO NOTHING;
INSERT INTO public.parameter_fields_resource (id, field_id, active, generated, created_at, updated_at, parameter_id) VALUES ('699eb764-e793-4f9a-8137-66356dfdd435', '019bb25e-e5f8-7cc0-9040-b01aa544b670', true, false, '2025-10-31T16:50:58.307484+00:00', '2026-01-28T14:15:32.410937+00:00', '019bb25e-e620-7f9a-a3b6-8b7230c1e51c') ON CONFLICT (id) DO NOTHING;
INSERT INTO public.parameter_fields_resource (id, field_id, active, generated, created_at, updated_at, parameter_id) VALUES ('0367d3e4-6609-4b73-a384-99f59f763de2', '019bb25e-e5f8-7d16-abec-e5e3db9386e2', true, false, '2025-12-03T13:30:24.007753+00:00', '2026-01-28T14:15:32.410937+00:00', '019bb25e-e621-7027-abc4-9b86171ee17b') ON CONFLICT (id) DO NOTHING;
INSERT INTO public.departments_resource (created_at, active, generated, mcp, id, group_id, name, description, department_ids, setting_ids) VALUES ('2025-10-31T16:50:58.307484+00:00', true, false, false, '019bb25e-e624-7459-b42d-b7ee5595e1c7', '019ba0cd-761d-72d6-8566-3fd1beb4d489', 'Earth, Atmospheric, and Planetary Sciences', 'EAPS', '{}', '{}') ON CONFLICT (id) DO NOTHING;
INSERT INTO public.descriptions_resource (id, description, created_at, active, generated, mcp) VALUES ('019c0af9-a701-7822-94e2-7133ecd02eb4', 'Project documentation: EAPS106-Project1', '2026-01-29T18:17:39.327225+00:00', true, false, false) ON CONFLICT (id) DO NOTHING;
INSERT INTO public.documents_resource (created_at, active, generated, mcp, id, name, description, department_ids, upload_id, text_id) VALUES ('2025-10-31T16:50:58.307484+00:00', true, false, false, '019bb25e-e619-77ed-be01-7090bed5990c', 'EAPS106-Project1', NULL, '{}', '019b3be4-3cef-7fa9-b192-bda14ebdc8bc', NULL) ON CONFLICT (id) DO NOTHING;
INSERT INTO public.names_resource (id, name, created_at, active, generated, mcp) VALUES ('019b995c-8e8e-7a75-85ae-14503dd5ee21', 'EAPS106-Project1', '2025-10-31T16:50:58.307484+00:00', true, false, false) ON CONFLICT (id) DO NOTHING;
INSERT INTO public.parameter_fields_resource (id, field_id, active, generated, created_at, updated_at, parameter_id) VALUES ('3229d996-460f-45e8-b151-2e97000ae213', '019bb25e-e5f8-7cbf-a83f-133510bc2166', true, false, '2025-10-31T16:50:58.307484+00:00', '2026-01-28T14:15:32.410937+00:00', '019bb25e-e620-7f9a-a3b6-8b7230c1e51c') ON CONFLICT (id) DO NOTHING;
INSERT INTO public.parameter_fields_resource (id, field_id, active, generated, created_at, updated_at, parameter_id) VALUES ('1bae2467-9695-4694-9e0c-b1c2ec93d96b', '019bb25e-e5f8-7d16-abec-e5e3db9386e2', true, false, '2025-12-03T13:30:24.007753+00:00', '2026-01-28T14:15:32.410937+00:00', '019bb25e-e621-7027-abc4-9b86171ee17b') ON CONFLICT (id) DO NOTHING;
INSERT INTO public.descriptions_resource (id, description, created_at, active, generated, mcp) VALUES ('019c0af9-a701-7872-bed3-86e70e41cb6b', 'Laboratory assignment: EAPS104-Lab3', '2026-01-29T18:17:39.327225+00:00', true, false, false) ON CONFLICT (id) DO NOTHING;
INSERT INTO public.documents_resource (created_at, active, generated, mcp, id, name, description, department_ids, upload_id, text_id) VALUES ('2025-10-31T16:50:58.307484+00:00', true, false, false, '019bb25e-e619-77f0-951d-0587a8249558', 'EAPS104-Lab3', NULL, '{}', '019b3be4-3cef-7fac-aa56-d790ecd4dd3b', NULL) ON CONFLICT (id) DO NOTHING;
INSERT INTO public.names_resource (id, name, created_at, active, generated, mcp) VALUES ('019b995c-8e8e-7a1f-852d-e6b3a5577938', 'EAPS104-Lab3', '2025-10-31T16:50:58.307484+00:00', true, false, false) ON CONFLICT (id) DO NOTHING;
INSERT INTO public.parameter_fields_resource (id, field_id, active, generated, created_at, updated_at, parameter_id) VALUES ('4a5ab68b-e201-496f-a44f-1661fc8a8e52', '019bb25e-e5f8-7cbb-ab67-3ccacb2df5aa', true, false, '2025-10-31T16:50:58.307484+00:00', '2026-01-28T14:15:32.410937+00:00', '019bb25e-e620-7f9a-a3b6-8b7230c1e51c') ON CONFLICT (id) DO NOTHING;
INSERT INTO public.parameter_fields_resource (id, field_id, active, generated, created_at, updated_at, parameter_id) VALUES ('4ace1edc-5e46-488f-8f0e-e24ba79dc989', '019bb25e-e5f8-7d08-946a-bd2457820f28', true, false, '2025-12-03T13:30:24.007753+00:00', '2026-01-28T14:15:32.410937+00:00', '019bb25e-e621-7027-abc4-9b86171ee17b') ON CONFLICT (id) DO NOTHING;
INSERT INTO public.descriptions_resource (id, description, created_at, active, generated, mcp) VALUES ('019c0af9-a701-78cf-acf4-922763cf9ca1', 'Homework assignment: EAPS120-HW2', '2026-01-29T18:17:39.327225+00:00', true, false, false) ON CONFLICT (id) DO NOTHING;
INSERT INTO public.documents_resource (created_at, active, generated, mcp, id, name, description, department_ids, upload_id, text_id) VALUES ('2025-10-31T16:50:58.307484+00:00', true, false, false, '019bb25e-e619-77f4-9507-821a12b20300', 'EAPS120-HW2', NULL, '{}', '019b3be4-3cef-7fb4-a306-4aef32a53158', NULL) ON CONFLICT (id) DO NOTHING;
INSERT INTO public.names_resource (id, name, created_at, active, generated, mcp) VALUES ('019b995c-8e8e-7a50-8044-51f687dd2e41', 'EAPS120-HW2', '2025-10-31T16:50:58.307484+00:00', true, false, false) ON CONFLICT (id) DO NOTHING;
INSERT INTO public.parameter_fields_resource (id, field_id, active, generated, created_at, updated_at, parameter_id) VALUES ('c15467cd-7455-48ed-8a94-8b0247a38230', '019bb25e-e5f8-7cb7-8af7-29a33317c819', true, false, '2025-10-31T16:50:58.307484+00:00', '2026-01-28T14:15:32.410937+00:00', '019bb25e-e620-7f9a-a3b6-8b7230c1e51c') ON CONFLICT (id) DO NOTHING;
INSERT INTO public.parameter_fields_resource (id, field_id, active, generated, created_at, updated_at, parameter_id) VALUES ('1794b146-2106-4485-b899-ff95ad4bd019', '019bb25e-e5f8-7d1b-b0a6-aa800efb90bf', true, false, '2025-12-03T13:30:24.007753+00:00', '2026-01-28T14:15:32.410937+00:00', '019bb25e-e621-7027-abc4-9b86171ee17b') ON CONFLICT (id) DO NOTHING;
INSERT INTO public.descriptions_resource (id, description, created_at, active, generated, mcp) VALUES ('019c0af9-a701-791f-adea-bf868ce08a07', 'Homework assignment: MA421-HW5', '2026-01-29T18:17:39.327225+00:00', true, false, false) ON CONFLICT (id) DO NOTHING;
INSERT INTO public.documents_resource (created_at, active, generated, mcp, id, name, description, department_ids, upload_id, text_id) VALUES ('2025-10-31T16:50:58.307484+00:00', true, false, false, '019bb25e-e619-77f9-b6f2-ad0ef6359d50', 'MA421-HW5', NULL, '{}', '019b3be4-3cef-7fb9-b3e8-1570df2eb82a', NULL) ON CONFLICT (id) DO NOTHING;
INSERT INTO public.names_resource (id, name, created_at, active, generated, mcp) VALUES ('019b995c-8e8e-7a5f-bc7e-4b5c5f6b8cc3', 'MA421-HW5', '2025-10-31T16:50:58.307484+00:00', true, false, false) ON CONFLICT (id) DO NOTHING;
INSERT INTO public.parameter_fields_resource (id, field_id, active, generated, created_at, updated_at, parameter_id) VALUES ('e319e17c-434c-4845-913d-77f1a1bcd101', '019bb25e-e5f8-7cb0-a8f7-b733bdebb1ca', true, false, '2025-10-31T16:50:58.307484+00:00', '2026-01-28T14:15:32.410937+00:00', '019bb25e-e620-7f9a-a3b6-8b7230c1e51c') ON CONFLICT (id) DO NOTHING;
INSERT INTO public.parameter_fields_resource (id, field_id, active, generated, created_at, updated_at, parameter_id) VALUES ('6ad41434-4e38-4ff3-8769-ce161e18917a', '019bb25e-e5f8-7d1b-b0a6-aa800efb90bf', true, false, '2025-12-03T13:30:24.007753+00:00', '2026-01-28T14:15:32.410937+00:00', '019bb25e-e621-7027-abc4-9b86171ee17b') ON CONFLICT (id) DO NOTHING;
INSERT INTO public.departments_resource (created_at, active, generated, mcp, id, group_id, name, description, department_ids, setting_ids) VALUES ('2025-10-31T16:50:58.307484+00:00', true, false, false, '019bb25e-e624-7461-ae69-85ba6cc54ae7', '019ba0cd-7630-761a-822c-ff7fd8bb62d5', 'Statistics', 'STAT', '{}', '{}') ON CONFLICT (id) DO NOTHING;
INSERT INTO public.descriptions_resource (id, description, created_at, active, generated, mcp) VALUES ('019c0af9-a701-7982-b4a5-6bda4547dddd', 'Examination material: STAT416-Exam3', '2026-01-29T18:17:39.327225+00:00', true, false, false) ON CONFLICT (id) DO NOTHING;
INSERT INTO public.documents_resource (created_at, active, generated, mcp, id, name, description, department_ids, upload_id, text_id) VALUES ('2025-10-31T16:50:58.307484+00:00', true, false, false, '019bb25e-e619-77fd-b0a7-0b118373ec3a', 'STAT416-Exam3', NULL, '{}', '019b3be4-3cef-7fd8-ba31-f9472935457c', NULL) ON CONFLICT (id) DO NOTHING;
INSERT INTO public.names_resource (id, name, created_at, active, generated, mcp) VALUES ('019b995c-8e8e-7a1a-9a50-eda8471eb30c', 'STAT416-Exam3', '2025-10-31T16:50:58.307484+00:00', true, false, false) ON CONFLICT (id) DO NOTHING;
INSERT INTO public.parameter_fields_resource (id, field_id, active, generated, created_at, updated_at, parameter_id) VALUES ('36f66040-4388-48cc-a3e8-39c2aefc7a06', '019bb25e-e5f8-7ce7-b68a-61e9a4e7308b', true, false, '2025-10-31T16:50:58.307484+00:00', '2026-01-28T14:15:32.410937+00:00', '019bb25e-e620-7f9a-a3b6-8b7230c1e51c') ON CONFLICT (id) DO NOTHING;
INSERT INTO public.parameter_fields_resource (id, field_id, active, generated, created_at, updated_at, parameter_id) VALUES ('9899b09d-4360-49d1-af79-f1dffbc55197', '019bb25e-e5f8-7d0d-9207-6520a302d236', true, false, '2025-12-03T13:30:24.007753+00:00', '2026-01-28T14:15:32.410937+00:00', '019bb25e-e621-7027-abc4-9b86171ee17b') ON CONFLICT (id) DO NOTHING;
INSERT INTO public.descriptions_resource (id, description, created_at, active, generated, mcp) VALUES ('019c0af9-a701-79d2-8b8e-5b2df94a9f02', 'Examination material: BIOL204-Exam1', '2026-01-29T18:17:39.327225+00:00', true, false, false) ON CONFLICT (id) DO NOTHING;
INSERT INTO public.documents_resource (created_at, active, generated, mcp, id, name, description, department_ids, upload_id, text_id) VALUES ('2025-10-31T16:50:58.307484+00:00', true, false, false, '019bb25e-e619-7801-89ca-4f1b2dc50497', 'BIOL204-Exam1', NULL, '{}', '019b3be4-3cef-7f92-b1b1-8a4915409000', NULL) ON CONFLICT (id) DO NOTHING;
INSERT INTO public.names_resource (id, name, created_at, active, generated, mcp) VALUES ('019b995c-8e8e-7a81-b2a9-37296cb6bf5e', 'BIOL204-Exam1', '2025-10-31T16:50:58.307484+00:00', true, false, false) ON CONFLICT (id) DO NOTHING;
INSERT INTO public.parameter_fields_resource (id, field_id, active, generated, created_at, updated_at, parameter_id) VALUES ('f6762511-3911-4077-a56e-2599740df7b7', '019bb25e-e5f8-7cd3-aade-bc9cfbbaef93', true, false, '2025-10-31T16:50:58.307484+00:00', '2026-01-28T14:15:32.410937+00:00', '019bb25e-e620-7f9a-a3b6-8b7230c1e51c') ON CONFLICT (id) DO NOTHING;
INSERT INTO public.parameter_fields_resource (id, field_id, active, generated, created_at, updated_at, parameter_id) VALUES ('b491547d-bf08-4119-8c8a-09d61d41bfb9', '019bb25e-e5f8-7d0d-9207-6520a302d236', true, false, '2025-12-03T13:30:24.007753+00:00', '2026-01-28T14:15:32.410937+00:00', '019bb25e-e621-7027-abc4-9b86171ee17b') ON CONFLICT (id) DO NOTHING;
INSERT INTO public.descriptions_resource (id, description, created_at, active, generated, mcp) VALUES ('019c0af9-a701-7a80-ac51-93285d0908fa', 'Homework assignment: STAT350-HW7', '2026-01-29T18:17:39.327225+00:00', true, false, false) ON CONFLICT (id) DO NOTHING;
INSERT INTO public.documents_resource (created_at, active, generated, mcp, id, name, description, department_ids, upload_id, text_id) VALUES ('2025-10-31T16:50:58.307484+00:00', true, false, false, '019bb25e-e619-7808-aebe-14cc6d12fddf', 'STAT350-HW7', NULL, '{}', '019b3be4-3cef-7fd5-9001-61d45f913f45', NULL) ON CONFLICT (id) DO NOTHING;
INSERT INTO public.names_resource (id, name, created_at, active, generated, mcp) VALUES ('019b995c-8e8e-7a40-a368-f799967938ce', 'STAT350-HW7', '2025-10-31T16:50:58.307484+00:00', true, false, false) ON CONFLICT (id) DO NOTHING;
INSERT INTO public.parameter_fields_resource (id, field_id, active, generated, created_at, updated_at, parameter_id) VALUES ('67cea0be-3c4e-4096-a250-c5129a1c8767', '019bb25e-e5f8-7c96-8991-7110c1e2616e', true, false, '2025-10-31T16:50:58.307484+00:00', '2026-01-28T14:15:32.410937+00:00', '019bb25e-e620-7f9a-a3b6-8b7230c1e51c') ON CONFLICT (id) DO NOTHING;
INSERT INTO public.parameter_fields_resource (id, field_id, active, generated, created_at, updated_at, parameter_id) VALUES ('5cd23cda-a5ce-4b62-8b8e-405d6c037101', '019bb25e-e5f8-7d1b-b0a6-aa800efb90bf', true, false, '2025-12-03T13:30:24.007753+00:00', '2026-01-28T14:15:32.410937+00:00', '019bb25e-e621-7027-abc4-9b86171ee17b') ON CONFLICT (id) DO NOTHING;
INSERT INTO public.descriptions_resource (id, description, created_at, active, generated, mcp) VALUES ('019c0af9-a701-72af-bf0e-0172441698cf', 'Course material: MA261-Quiz3', '2026-01-29T18:17:39.327225+00:00', true, false, false) ON CONFLICT (id) DO NOTHING;
INSERT INTO public.documents_resource (created_at, active, generated, mcp, id, name, description, department_ids, upload_id, text_id) VALUES ('2025-10-31T16:50:58.307484+00:00', true, false, false, '019bb25e-e619-77c3-ac44-56466d6f9f4f', 'MA261-Quiz3', NULL, '{}', '019b3be4-3cef-7fc0-9a1d-96499bf60d80', NULL) ON CONFLICT (id) DO NOTHING;
INSERT INTO public.names_resource (id, name, created_at, active, generated, mcp) VALUES ('019b995c-8e8e-7a4e-8715-115cf2bdeab7', 'MA261-Quiz3', '2025-10-31T16:50:58.307484+00:00', true, false, false) ON CONFLICT (id) DO NOTHING;
INSERT INTO public.parameter_fields_resource (id, field_id, active, generated, created_at, updated_at, parameter_id) VALUES ('2d8f9e49-01b4-4ece-847a-c5ba0e488429', '019bb25e-e5f8-7cab-a50e-56f8f5be04bb', true, false, '2025-10-31T16:50:58.307484+00:00', '2026-01-28T14:15:32.410937+00:00', '019bb25e-e620-7f9a-a3b6-8b7230c1e51c') ON CONFLICT (id) DO NOTHING;
INSERT INTO public.parameter_fields_resource (id, field_id, active, generated, created_at, updated_at, parameter_id) VALUES ('dbaebb21-93d5-4850-a692-83c294c75e73', '019bb25e-e5f8-7d13-a0e2-aa266d021fe8', true, false, '2025-12-03T13:30:24.007753+00:00', '2026-01-28T14:15:32.410937+00:00', '019bb25e-e621-7027-abc4-9b86171ee17b') ON CONFLICT (id) DO NOTHING;
INSERT INTO public.departments_resource (created_at, active, generated, mcp, id, group_id, name, description, department_ids, setting_ids) VALUES ('2025-10-31T16:50:58.307484+00:00', true, false, false, '019bb25e-e624-745f-85ac-d4c79657d7e1', '019ba0cd-761c-7b67-8336-2cb0a8ea3874', 'Physics', 'PHYS', '{}', '{}') ON CONFLICT (id) DO NOTHING;
INSERT INTO public.descriptions_resource (id, description, created_at, active, generated, mcp) VALUES ('019c0af9-a701-7368-b56a-f6e6704bc4b4', 'Laboratory assignment: PHYS172-Lab4', '2026-01-29T18:17:39.327225+00:00', true, false, false) ON CONFLICT (id) DO NOTHING;
INSERT INTO public.documents_resource (created_at, active, generated, mcp, id, name, description, department_ids, upload_id, text_id) VALUES ('2025-10-31T16:50:58.307484+00:00', true, false, false, '019bb25e-e619-77c4-a48b-5dc657593922', 'PHYS172-Lab4', NULL, '{}', '019b3be4-3cef-7fca-ba98-dd215e56153c', NULL) ON CONFLICT (id) DO NOTHING;
INSERT INTO public.names_resource (id, name, created_at, active, generated, mcp) VALUES ('019b995c-8e8e-7a54-b505-2d74e07c5960', 'PHYS172-Lab4', '2025-10-31T16:50:58.307484+00:00', true, false, false) ON CONFLICT (id) DO NOTHING;
INSERT INTO public.parameter_fields_resource (id, field_id, active, generated, created_at, updated_at, parameter_id) VALUES ('ebf2df93-4931-4656-b066-ecb9fc310fe4', '019bb25e-e5f8-7ca7-a23c-03fe824b4e20', true, false, '2025-10-31T16:50:58.307484+00:00', '2026-01-28T14:15:32.410937+00:00', '019bb25e-e620-7f9a-a3b6-8b7230c1e51c') ON CONFLICT (id) DO NOTHING;
INSERT INTO public.parameter_fields_resource (id, field_id, active, generated, created_at, updated_at, parameter_id) VALUES ('83779589-5109-4ff6-9d19-28d22a6fe19c', '019bb25e-e5f8-7d08-946a-bd2457820f28', true, false, '2025-12-03T13:30:24.007753+00:00', '2026-01-28T14:15:32.410937+00:00', '019bb25e-e621-7027-abc4-9b86171ee17b') ON CONFLICT (id) DO NOTHING;
INSERT INTO public.descriptions_resource (id, description, created_at, active, generated, mcp) VALUES ('019c0af9-a701-7420-bce7-8c7615ed29b0', 'Homework assignment: PHYS220-HW6', '2026-01-29T18:17:39.327225+00:00', true, false, false) ON CONFLICT (id) DO NOTHING;
INSERT INTO public.documents_resource (created_at, active, generated, mcp, id, name, description, department_ids, upload_id, text_id) VALUES ('2025-10-31T16:50:58.307484+00:00', true, false, false, '019bb25e-e619-77ca-b3e6-ea417e6ef5ab', 'PHYS220-HW6', NULL, '{}', '019b3be4-3cef-7fcc-ac45-29c0ce74117f', NULL) ON CONFLICT (id) DO NOTHING;
INSERT INTO public.names_resource (id, name, created_at, active, generated, mcp) VALUES ('019b995c-8e8e-7a87-b716-ffd07d152151', 'PHYS220-HW6', '2025-10-31T16:50:58.307484+00:00', true, false, false) ON CONFLICT (id) DO NOTHING;
INSERT INTO public.parameter_fields_resource (id, field_id, active, generated, created_at, updated_at, parameter_id) VALUES ('81bd5217-2b24-49f6-89dd-3916713382cd', '019bb25e-e5f8-7ca3-ae71-235393296e6a', true, false, '2025-10-31T16:50:58.307484+00:00', '2026-01-28T14:15:32.410937+00:00', '019bb25e-e620-7f9a-a3b6-8b7230c1e51c') ON CONFLICT (id) DO NOTHING;
INSERT INTO public.parameter_fields_resource (id, field_id, active, generated, created_at, updated_at, parameter_id) VALUES ('285190b8-7dd9-4d55-8786-9e719ee66815', '019bb25e-e5f8-7d1b-b0a6-aa800efb90bf', true, false, '2025-12-03T13:30:24.007753+00:00', '2026-01-28T14:15:32.410937+00:00', '019bb25e-e621-7027-abc4-9b86171ee17b') ON CONFLICT (id) DO NOTHING;
INSERT INTO public.descriptions_resource (id, description, created_at, active, generated, mcp) VALUES ('019c0af9-a701-74d4-bbc6-b91b14c86e99', 'Project documentation: PHYS545-Project2', '2026-01-29T18:17:39.327225+00:00', true, false, false) ON CONFLICT (id) DO NOTHING;
INSERT INTO public.documents_resource (created_at, active, generated, mcp, id, name, description, department_ids, upload_id, text_id) VALUES ('2025-10-31T16:50:58.307484+00:00', true, false, false, '019bb25e-e619-77cc-992c-2c1d2922d0eb', 'PHYS545-Project2', NULL, '{}', '019b3be4-3cef-7fd0-8e50-eb816904ee0d', NULL) ON CONFLICT (id) DO NOTHING;
INSERT INTO public.names_resource (id, name, created_at, active, generated, mcp) VALUES ('019b995c-8e8e-7a2d-9d73-00eddff46ad5', 'PHYS545-Project2', '2025-10-31T16:50:58.307484+00:00', true, false, false) ON CONFLICT (id) DO NOTHING;
INSERT INTO public.parameter_fields_resource (id, field_id, active, generated, created_at, updated_at, parameter_id) VALUES ('8143f9c5-2b96-4146-a8a0-5e02e0dbe53a', '019bb25e-e5f8-7c9d-854d-91181fc32658', true, false, '2025-10-31T16:50:58.307484+00:00', '2026-01-28T14:15:32.410937+00:00', '019bb25e-e620-7f9a-a3b6-8b7230c1e51c') ON CONFLICT (id) DO NOTHING;
INSERT INTO public.parameter_fields_resource (id, field_id, active, generated, created_at, updated_at, parameter_id) VALUES ('d4cf49d4-6594-4b2c-bfff-dce612e8b83e', '019bb25e-e5f8-7d16-abec-e5e3db9386e2', true, false, '2025-12-03T13:30:24.007753+00:00', '2026-01-28T14:15:32.410937+00:00', '019bb25e-e621-7027-abc4-9b86171ee17b') ON CONFLICT (id) DO NOTHING;
INSERT INTO public.descriptions_resource (id, description, created_at, active, generated, mcp) VALUES ('019c0af9-a701-7582-9f75-4d50e30c6eed', 'Project documentation: STAT417-Project3', '2026-01-29T18:17:39.327225+00:00', true, false, false) ON CONFLICT (id) DO NOTHING;
INSERT INTO public.documents_resource (created_at, active, generated, mcp, id, name, description, department_ids, upload_id, text_id) VALUES ('2025-10-31T16:50:58.307484+00:00', true, false, false, '019bb25e-e619-77d1-ac65-46fd496a132a', 'STAT417-Project3', NULL, '{}', '019b3be4-3cef-7fdd-b25b-3dc1a39ecb24', NULL) ON CONFLICT (id) DO NOTHING;
INSERT INTO public.names_resource (id, name, created_at, active, generated, mcp) VALUES ('019b995c-8e8e-7a67-8edb-bcae0ccedc5a', 'STAT417-Project3', '2025-10-31T16:50:58.307484+00:00', true, false, false) ON CONFLICT (id) DO NOTHING;
INSERT INTO public.parameter_fields_resource (id, field_id, active, generated, created_at, updated_at, parameter_id) VALUES ('f11c060d-6f9e-4797-acf7-f4ca9a3ca883', '019bb25e-e5f8-7c20-855d-7ccf9e162415', true, false, '2025-10-31T16:50:58.307484+00:00', '2026-01-28T14:15:32.410937+00:00', '019bb25e-e620-7f9a-a3b6-8b7230c1e51c') ON CONFLICT (id) DO NOTHING;
INSERT INTO public.parameter_fields_resource (id, field_id, active, generated, created_at, updated_at, parameter_id) VALUES ('a2a6e56d-4b50-4a79-bda4-f49a37567b34', '019bb25e-e5f8-7d16-abec-e5e3db9386e2', true, false, '2025-12-03T13:30:24.007753+00:00', '2026-01-28T14:15:32.410937+00:00', '019bb25e-e621-7027-abc4-9b86171ee17b') ON CONFLICT (id) DO NOTHING;
INSERT INTO public.descriptions_resource (id, description, created_at, active, generated, mcp) VALUES ('019c0af9-a701-75e6-8252-e91e43f65ef5', 'Laboratory assignment: BIOL110-Lab1', '2026-01-29T18:17:39.327225+00:00', true, false, false) ON CONFLICT (id) DO NOTHING;
INSERT INTO public.documents_resource (created_at, active, generated, mcp, id, name, description, department_ids, upload_id, text_id) VALUES ('2025-10-31T16:50:58.307484+00:00', true, false, false, '019bb25e-e619-77d6-928f-43f7b93cbb0a', 'BIOL110-Lab1', NULL, '{}', '019b3be4-3cef-7f8c-9650-1e18e2953d46', NULL) ON CONFLICT (id) DO NOTHING;
INSERT INTO public.names_resource (id, name, created_at, active, generated, mcp) VALUES ('019b995c-8e8e-7a70-b6b5-b34b60b95769', 'BIOL110-Lab1', '2025-10-31T16:50:58.307484+00:00', true, false, false) ON CONFLICT (id) DO NOTHING;
INSERT INTO public.parameter_fields_resource (id, field_id, active, generated, created_at, updated_at, parameter_id) VALUES ('15b0a487-10b1-46ac-acd5-7bb6b5ba1328', '019bb25e-e5f8-7cd7-b8ca-96716f527321', true, false, '2025-10-31T16:50:58.307484+00:00', '2026-01-28T14:15:32.410937+00:00', '019bb25e-e620-7f9a-a3b6-8b7230c1e51c') ON CONFLICT (id) DO NOTHING;
INSERT INTO public.parameter_fields_resource (id, field_id, active, generated, created_at, updated_at, parameter_id) VALUES ('28b682bf-f4c8-40f2-b833-21e670db0ca2', '019bb25e-e5f8-7d08-946a-bd2457820f28', true, false, '2025-12-03T13:30:24.007753+00:00', '2026-01-28T14:15:32.410937+00:00', '019bb25e-e621-7027-abc4-9b86171ee17b') ON CONFLICT (id) DO NOTHING;
INSERT INTO public.descriptions_resource (id, description, created_at, active, generated, mcp) VALUES ('019c0af9-a701-7b34-8702-70c808e2f1fb', 'FERPA compliance and student privacy guidelines', '2026-01-29T18:17:39.327225+00:00', true, false, false) ON CONFLICT (id) DO NOTHING;
INSERT INTO public.documents_resource (created_at, active, generated, mcp, id, name, description, department_ids, upload_id, text_id) VALUES ('2025-12-02T21:29:26.457679+00:00', true, false, false, '019bb25e-e619-7839-b017-f8f078788555', 'FERPA', NULL, '{}', '019b3be4-3cef-7fec-886c-66e000123a8d', NULL) ON CONFLICT (id) DO NOTHING;
INSERT INTO public.names_resource (id, name, created_at, active, generated, mcp) VALUES ('019b995c-8e8e-7a78-88b1-df0930e2f34a', 'FERPA', '2025-12-02T21:29:26.457679+00:00', true, false, false) ON CONFLICT (id) DO NOTHING;
INSERT INTO public.parameter_fields_resource (id, field_id, active, generated, created_at, updated_at, parameter_id) VALUES ('5106e06b-c4c6-4f9b-ad78-29fcaf668a50', '019bb25e-e5f8-7ce8-825f-6d1d8ddcc6b9', true, false, '2025-12-08T22:19:28.213919+00:00', '2026-01-28T14:15:32.410937+00:00', '019bb25e-e621-7018-96b0-6fa0d0ec3d1d') ON CONFLICT (id) DO NOTHING;
INSERT INTO public.parameter_fields_resource (id, field_id, active, generated, created_at, updated_at, parameter_id) VALUES ('1e6c2e8c-e6a9-4c99-a415-a70fc92f8cb6', '019bb25e-e5f8-7cee-88ca-ae96d7297994', true, false, '2025-12-08T22:19:28.213919+00:00', '2026-01-28T14:15:32.410937+00:00', '019bb25e-e621-7018-96b0-6fa0d0ec3d1d') ON CONFLICT (id) DO NOTHING;
INSERT INTO public.parameter_fields_resource (id, field_id, active, generated, created_at, updated_at, parameter_id) VALUES ('9e621a39-b306-4219-8e18-cfe98eed09c2', '019bb25e-e5f8-7cf0-8ebd-24767ba27236', true, false, '2025-12-08T22:19:28.213919+00:00', '2026-01-28T14:15:32.410937+00:00', '019bb25e-e621-7018-96b0-6fa0d0ec3d1d') ON CONFLICT (id) DO NOTHING;
INSERT INTO public.parameter_fields_resource (id, field_id, active, generated, created_at, updated_at, parameter_id) VALUES ('6ea7a6cb-983a-46b7-86cc-62e5d9a91571', '019bb25e-e5f8-7cf7-9bf8-831afbf7b736', true, false, '2025-12-08T22:19:28.213919+00:00', '2026-01-28T14:15:32.410937+00:00', '019bb25e-e621-7018-96b0-6fa0d0ec3d1d') ON CONFLICT (id) DO NOTHING;
INSERT INTO public.parameter_fields_resource (id, field_id, active, generated, created_at, updated_at, parameter_id) VALUES ('83909008-2134-49a5-966e-d41ebec9be53', '019bb25e-e5f8-7cfa-ab87-8b2a98bf6d9f', true, false, '2025-12-07T20:44:58.161092+00:00', '2026-01-28T14:15:32.410937+00:00', '019bb25e-e621-7018-96b0-6fa0d0ec3d1d') ON CONFLICT (id) DO NOTHING;
INSERT INTO public.parameter_fields_resource (id, field_id, active, generated, created_at, updated_at, parameter_id) VALUES ('26f7d32e-5e18-4c2e-8bd1-fed8aff752a8', '019bb25e-e5f8-7cfd-bb05-98a1d9bcd20b', true, false, '2025-12-04T13:22:00.014150+00:00', '2026-01-28T14:15:32.410937+00:00', '019bb25e-e621-7027-abc4-9b86171ee17b') ON CONFLICT (id) DO NOTHING;
INSERT INTO public.parameters_resource (created_at, active, generated, mcp, id, name, description, value, department_ids, persona_parameter, document_parameter, scenario_parameter, video_parameter, field_ids) VALUES ('2025-12-02T23:06:38.169734+00:00', true, false, false, '019bb25e-e621-7018-96b0-6fa0d0ec3d1d', 'Concepts', 'FERPA-related concepts for policy selection', NULL, '{}', false, false, false, true, '{019bb25e-e5f8-7ce8-825f-6d1d8ddcc6b9,019bb25e-e5f8-7cee-88ca-ae96d7297994,019bb25e-e5f8-7cf0-8ebd-24767ba27236,019bb25e-e5f8-7cf7-9bf8-831afbf7b736,019bb25e-e5f8-7cfa-ab87-8b2a98bf6d9f}') ON CONFLICT (id) DO NOTHING;
INSERT INTO public.descriptions_resource (id, description, created_at, active, generated, mcp) VALUES ('019b995c-8e90-77b4-90cc-9e10d11a9b0e', 'Template document for syllabus', '2025-12-06T02:59:23.893847+00:00', true, false, false) ON CONFLICT (id) DO NOTHING;
INSERT INTO public.documents_resource (created_at, active, generated, mcp, id, name, description, department_ids, upload_id, text_id) VALUES ('2025-12-06T02:59:23.893847+00:00', true, false, false, '019bb25e-e619-782a-bc79-d5e377de5794', 'Syllabus Template', 'Template document for syllabus', '{}', NULL, NULL) ON CONFLICT (id) DO NOTHING;
INSERT INTO public.names_resource (id, name, created_at, active, generated, mcp) VALUES ('019b995c-8e8e-7a3f-9dbf-ea54ccd86ca1', 'Syllabus Template', '2025-12-06T02:59:23.893847+00:00', true, false, false) ON CONFLICT (id) DO NOTHING;
INSERT INTO public.parameter_fields_resource (id, field_id, active, generated, created_at, updated_at, parameter_id) VALUES ('42d8e401-c9a3-4988-b2fb-b99060902212', '019bb25e-e5f8-7d00-a623-09370b0a5ba8', true, false, '2025-12-06T02:59:23.893847+00:00', '2026-01-28T14:15:32.410937+00:00', '019bb25e-e621-7027-abc4-9b86171ee17b') ON CONFLICT (id) DO NOTHING;
INSERT INTO public.descriptions_resource (id, description, created_at, active, generated, mcp) VALUES ('019b995c-8e90-77bb-adb4-7e01e6fe2310', 'Template document for policy', '2025-12-06T02:59:23.893847+00:00', true, false, false) ON CONFLICT (id) DO NOTHING;
INSERT INTO public.documents_resource (created_at, active, generated, mcp, id, name, description, department_ids, upload_id, text_id) VALUES ('2025-12-06T02:59:23.893847+00:00', true, false, false, '019bb25e-e619-782f-8894-e5d20003dbee', 'Policy Template', 'Template document for policy', '{}', NULL, NULL) ON CONFLICT (id) DO NOTHING;
INSERT INTO public.names_resource (id, name, created_at, active, generated, mcp) VALUES ('019b995c-8e8e-7a91-9015-6ad20a273633', 'Policy Template', '2025-12-06T02:59:23.893847+00:00', true, false, false) ON CONFLICT (id) DO NOTHING;
INSERT INTO public.parameter_fields_resource (id, field_id, active, generated, created_at, updated_at, parameter_id) VALUES ('336cdcc7-f331-42e5-9d16-28aaf94e9eaa', '019bb25e-e5f8-7ce8-825f-6d1d8ddcc6b9', true, false, '2025-12-08T22:19:28.213919+00:00', '2026-01-28T14:15:32.410937+00:00', '019bb25e-e621-7018-96b0-6fa0d0ec3d1d') ON CONFLICT (id) DO NOTHING;
INSERT INTO public.parameter_fields_resource (id, field_id, active, generated, created_at, updated_at, parameter_id) VALUES ('0cb636f6-fd01-4cd1-99f9-cddecf4f9cb2', '019bb25e-e5f8-7cee-88ca-ae96d7297994', true, false, '2025-12-08T22:19:28.213919+00:00', '2026-01-28T14:15:32.410937+00:00', '019bb25e-e621-7018-96b0-6fa0d0ec3d1d') ON CONFLICT (id) DO NOTHING;
INSERT INTO public.parameter_fields_resource (id, field_id, active, generated, created_at, updated_at, parameter_id) VALUES ('883475e9-ef6a-48cb-9cc5-a493eaf08996', '019bb25e-e5f8-7cf0-8ebd-24767ba27236', true, false, '2025-12-08T22:19:28.213919+00:00', '2026-01-28T14:15:32.410937+00:00', '019bb25e-e621-7018-96b0-6fa0d0ec3d1d') ON CONFLICT (id) DO NOTHING;
INSERT INTO public.parameter_fields_resource (id, field_id, active, generated, created_at, updated_at, parameter_id) VALUES ('86264bfc-edde-499e-ad65-76452f68737f', '019bb25e-e5f8-7cf7-9bf8-831afbf7b736', true, false, '2025-12-08T22:19:28.213919+00:00', '2026-01-28T14:15:32.410937+00:00', '019bb25e-e621-7018-96b0-6fa0d0ec3d1d') ON CONFLICT (id) DO NOTHING;
INSERT INTO public.parameter_fields_resource (id, field_id, active, generated, created_at, updated_at, parameter_id) VALUES ('570c1022-536d-4bc5-b8bb-ae2aea881cdd', '019bb25e-e5f8-7cfa-ab87-8b2a98bf6d9f', true, false, '2025-12-07T20:44:58.161092+00:00', '2026-01-28T14:15:32.410937+00:00', '019bb25e-e621-7018-96b0-6fa0d0ec3d1d') ON CONFLICT (id) DO NOTHING;
INSERT INTO public.parameter_fields_resource (id, field_id, active, generated, created_at, updated_at, parameter_id) VALUES ('2026d5c3-ce92-43ce-8bf2-383cd287bfec', '019bb25e-e5f8-7cfd-bb05-98a1d9bcd20b', true, false, '2025-12-06T02:59:23.893847+00:00', '2026-01-28T14:15:32.410937+00:00', '019bb25e-e621-7027-abc4-9b86171ee17b') ON CONFLICT (id) DO NOTHING;
INSERT INTO public.descriptions_resource (id, description, created_at, active, generated, mcp) VALUES ('019b995c-8e90-77d5-9782-879984aed310', 'Template document for lab', '2025-12-06T02:59:23.893847+00:00', true, false, false) ON CONFLICT (id) DO NOTHING;
INSERT INTO public.documents_resource (created_at, active, generated, mcp, id, name, description, department_ids, upload_id, text_id) VALUES ('2025-12-06T02:59:23.893847+00:00', true, false, false, '019bb25e-e619-7822-92c0-52e05377ed22', 'Lab Template', 'Template document for lab', '{}', NULL, NULL) ON CONFLICT (id) DO NOTHING;
INSERT INTO public.names_resource (id, name, created_at, active, generated, mcp) VALUES ('019b995c-8e8e-7a68-8518-310195699a09', 'Lab Template', '2025-12-06T02:59:23.893847+00:00', true, false, false) ON CONFLICT (id) DO NOTHING;
INSERT INTO public.parameter_fields_resource (id, field_id, active, generated, created_at, updated_at, parameter_id) VALUES ('59e138a8-5b11-4af2-b742-cc1a009a2475', '019bb25e-e5f8-7d08-946a-bd2457820f28', true, false, '2025-12-06T02:59:23.893847+00:00', '2026-01-28T14:15:32.410937+00:00', '019bb25e-e621-7027-abc4-9b86171ee17b') ON CONFLICT (id) DO NOTHING;
INSERT INTO public.descriptions_resource (id, description, created_at, active, generated, mcp) VALUES ('019b995c-8e90-77cc-800b-b9884003b017', 'Template document for midterm', '2025-12-06T02:59:23.893847+00:00', true, false, false) ON CONFLICT (id) DO NOTHING;
INSERT INTO public.documents_resource (created_at, active, generated, mcp, id, name, description, department_ids, upload_id, text_id) VALUES ('2025-12-06T02:59:23.893847+00:00', true, false, false, '019bb25e-e619-781f-9283-8bae433caa45', 'Midterm Template', 'Template document for midterm', '{}', NULL, NULL) ON CONFLICT (id) DO NOTHING;
INSERT INTO public.names_resource (id, name, created_at, active, generated, mcp) VALUES ('019b995c-8e8e-7a88-a050-44cf02b3f9b3', 'Midterm Template', '2025-12-06T02:59:23.893847+00:00', true, false, false) ON CONFLICT (id) DO NOTHING;
INSERT INTO public.parameter_fields_resource (id, field_id, active, generated, created_at, updated_at, parameter_id) VALUES ('f4cec549-e224-427d-8b10-d37725893997', '019bb25e-e5f8-7d0d-9207-6520a302d236', true, false, '2025-12-06T02:59:23.893847+00:00', '2026-01-28T14:15:32.410937+00:00', '019bb25e-e621-7027-abc4-9b86171ee17b') ON CONFLICT (id) DO NOTHING;
INSERT INTO public.descriptions_resource (id, description, created_at, active, generated, mcp) VALUES ('019b995c-8e90-77c1-b8c6-e265540379a2', 'Template document for project', '2025-12-06T02:59:23.893847+00:00', true, false, false) ON CONFLICT (id) DO NOTHING;
INSERT INTO public.documents_resource (created_at, active, generated, mcp, id, name, description, department_ids, upload_id, text_id) VALUES ('2025-12-06T02:59:23.893847+00:00', true, false, false, '019bb25e-e619-7815-931e-fede8281ae8e', 'Project Template', 'Template document for project', '{}', NULL, NULL) ON CONFLICT (id) DO NOTHING;
INSERT INTO public.names_resource (id, name, created_at, active, generated, mcp) VALUES ('019b995c-8e8e-7a6e-a01f-0933605e690d', 'Project Template', '2025-12-06T02:59:23.893847+00:00', true, false, false) ON CONFLICT (id) DO NOTHING;
INSERT INTO public.parameter_fields_resource (id, field_id, active, generated, created_at, updated_at, parameter_id) VALUES ('4c10f131-af71-4219-93e4-bc6a54ff3180', '019bb25e-e5f8-7d16-abec-e5e3db9386e2', true, false, '2025-12-06T02:59:23.893847+00:00', '2026-01-28T14:15:32.410937+00:00', '019bb25e-e621-7027-abc4-9b86171ee17b') ON CONFLICT (id) DO NOTHING;
INSERT INTO public.descriptions_resource (id, description, created_at, active, generated, mcp) VALUES ('019b995c-8e90-77ca-bf25-68b91816820d', 'Template document for lecture', '2025-12-06T02:59:23.893847+00:00', true, false, false) ON CONFLICT (id) DO NOTHING;
INSERT INTO public.documents_resource (created_at, active, generated, mcp, id, name, description, department_ids, upload_id, text_id) VALUES ('2025-12-06T02:59:23.893847+00:00', true, false, false, '019bb25e-e619-7825-b171-9c36d4d56c4a', 'Lecture Template', 'Template document for lecture', '{}', NULL, NULL) ON CONFLICT (id) DO NOTHING;
INSERT INTO public.names_resource (id, name, created_at, active, generated, mcp) VALUES ('019b995c-8e8e-7a5b-9839-0b6c0395f901', 'Lecture Template', '2025-12-06T02:59:23.893847+00:00', true, false, false) ON CONFLICT (id) DO NOTHING;
INSERT INTO public.parameter_fields_resource (id, field_id, active, generated, created_at, updated_at, parameter_id) VALUES ('97b505e9-8270-4b0f-9532-18daf0edd9dc', '019bb25e-e5f8-7d04-88c8-70ce34ceeea8', true, false, '2025-12-06T02:59:23.893847+00:00', '2026-01-28T14:15:32.410937+00:00', '019bb25e-e621-7027-abc4-9b86171ee17b') ON CONFLICT (id) DO NOTHING;
INSERT INTO public.descriptions_resource (id, description, created_at, active, generated, mcp) VALUES ('019b995c-8e90-77d3-b672-9a7f0b03abfa', 'Template document for quiz', '2025-12-06T02:59:23.893847+00:00', true, false, false) ON CONFLICT (id) DO NOTHING;
INSERT INTO public.documents_resource (created_at, active, generated, mcp, id, name, description, department_ids, upload_id, text_id) VALUES ('2025-12-06T02:59:23.893847+00:00', true, false, false, '019bb25e-e619-781b-8652-f6e38264e233', 'Quiz Template', 'Template document for quiz', '{}', NULL, NULL) ON CONFLICT (id) DO NOTHING;
INSERT INTO public.names_resource (id, name, created_at, active, generated, mcp) VALUES ('019b995c-8e8e-7a2a-82c5-d511d0998edf', 'Quiz Template', '2025-12-06T02:59:23.893847+00:00', true, false, false) ON CONFLICT (id) DO NOTHING;
INSERT INTO public.parameter_fields_resource (id, field_id, active, generated, created_at, updated_at, parameter_id) VALUES ('282de684-cb54-45f7-8cbe-2c5789a05b08', '019bb25e-e5f8-7d13-a0e2-aa266d021fe8', true, false, '2025-12-06T02:59:23.893847+00:00', '2026-01-28T14:15:32.410937+00:00', '019bb25e-e621-7027-abc4-9b86171ee17b') ON CONFLICT (id) DO NOTHING;
INSERT INTO public.descriptions_resource (id, description, created_at, active, generated, mcp) VALUES ('019b995c-8e90-77c7-a983-09ecb00042fe', 'Template document for homework', '2025-12-06T02:59:23.893847+00:00', true, false, false) ON CONFLICT (id) DO NOTHING;
INSERT INTO public.documents_resource (created_at, active, generated, mcp, id, name, description, department_ids, upload_id, text_id) VALUES ('2025-12-06T02:59:23.893847+00:00', true, false, false, '019bb25e-e619-7810-bc6e-9640cb15e1cf', 'Homework Template', 'Template document for homework', '{}', NULL, NULL) ON CONFLICT (id) DO NOTHING;
INSERT INTO public.names_resource (id, name, created_at, active, generated, mcp) VALUES ('019b995c-8e8e-7a38-a9ec-630fbd96d375', 'Homework Template', '2025-12-06T02:59:23.893847+00:00', true, false, false) ON CONFLICT (id) DO NOTHING;
INSERT INTO public.parameter_fields_resource (id, field_id, active, generated, created_at, updated_at, parameter_id) VALUES ('14a21ccc-2058-484d-8c5d-c2dc5a28a2c2', '019bb25e-e5f8-7d1b-b0a6-aa800efb90bf', true, false, '2025-12-06T02:59:23.893847+00:00', '2026-01-28T14:15:32.410937+00:00', '019bb25e-e621-7027-abc4-9b86171ee17b') ON CONFLICT (id) DO NOTHING;
INSERT INTO public.descriptions_resource (id, description, created_at, active, generated, mcp) VALUES ('019b995c-8e90-77bc-a551-5ea801f3cc75', 'Family Educational Rights and Privacy Act (FERPA) policy document', '2025-12-12T13:44:32.428979+00:00', true, false, false) ON CONFLICT (id) DO NOTHING;
INSERT INTO public.documents_resource (created_at, active, generated, mcp, id, name, description, department_ids, upload_id, text_id) VALUES ('2025-12-12T13:44:32.428979+00:00', true, false, false, '019bb25e-e619-7831-a70a-a7fb065a1999', 'FERPA Policy', 'Family Educational Rights and Privacy Act (FERPA) policy document', '{}', '019b3be4-3cf0-7029-82ab-3b4eda4f818d', NULL) ON CONFLICT (id) DO NOTHING;
INSERT INTO public.names_resource (id, name, created_at, active, generated, mcp) VALUES ('019b995c-8e8e-7a22-a285-9726b43ab391', 'FERPA Policy', '2025-12-12T13:44:32.428979+00:00', true, false, false) ON CONFLICT (id) DO NOTHING;
INSERT INTO public.descriptions_resource (id, description, created_at, active, generated, mcp) VALUES ('019b995c-8e90-77aa-b6d0-5f402ed30db6', 'Academic integrity and honor code policy document', '2025-12-12T13:44:32.428979+00:00', true, false, false) ON CONFLICT (id) DO NOTHING;
INSERT INTO public.documents_resource (created_at, active, generated, mcp, id, name, description, department_ids, upload_id, text_id) VALUES ('2025-12-12T13:44:32.428979+00:00', true, false, false, '019bb25e-e619-7834-9cb3-66671ca36a7d', 'Academic Integrity Policy', 'Academic integrity and honor code policy document', '{}', '019b3be4-3cf0-7032-a0e9-fd8b56aa4565', NULL) ON CONFLICT (id) DO NOTHING;
INSERT INTO public.names_resource (id, name, created_at, active, generated, mcp) VALUES ('019b995c-8e8e-7a8e-a8f5-a9cc53ce422f', 'Academic Integrity Policy', '2025-12-12T13:44:32.428979+00:00', true, false, false) ON CONFLICT (id) DO NOTHING;

-- Artifacts
-- document_artifact
INSERT INTO public.document_artifact (created_at, updated_at, id, generated, mcp) VALUES ('2025-08-12T12:52:10.019846+00:00', '2026-01-07T07:25:51.810324+00:00', '019b3be4-324b-733d-b0b3-e1e34e7d9040', false, false) ON CONFLICT (id) DO NOTHING;
-- document_artifact
INSERT INTO public.document_artifact (created_at, updated_at, id, generated, mcp) VALUES ('2025-08-12T12:52:10.019846+00:00', '2026-01-07T07:25:51.809693+00:00', '019b3be4-324b-72d2-a7c5-1e7b8700ebe2', false, false) ON CONFLICT (id) DO NOTHING;
-- document_artifact
INSERT INTO public.document_artifact (created_at, updated_at, id, generated, mcp) VALUES ('2025-08-12T16:22:40.236325+00:00', '2026-01-07T07:25:51.810563+00:00', '019b3be4-324b-73c6-8bbd-112c88c0520f', false, false) ON CONFLICT (id) DO NOTHING;
-- document_artifact
INSERT INTO public.document_artifact (created_at, updated_at, id, generated, mcp) VALUES ('2025-08-18T14:47:20.790201+00:00', '2026-01-07T07:25:51.810838+00:00', '019b3be4-324b-73cf-b431-76e761b8b831', false, false) ON CONFLICT (id) DO NOTHING;
-- document_artifact
INSERT INTO public.document_artifact (created_at, updated_at, id, generated, mcp) VALUES ('2025-10-31T16:50:58.307484+00:00', '2026-01-07T07:25:51.820622+00:00', '019b3be4-324b-7391-9653-a757505084b0', false, false) ON CONFLICT (id) DO NOTHING;
-- document_artifact
INSERT INTO public.document_artifact (created_at, updated_at, id, generated, mcp) VALUES ('2025-10-31T16:50:58.307484+00:00', '2026-01-07T07:25:51.821878+00:00', '019b3be4-324b-735e-afb0-7841fce6f1b1', false, false) ON CONFLICT (id) DO NOTHING;
-- document_artifact
INSERT INTO public.document_artifact (created_at, updated_at, id, generated, mcp) VALUES ('2025-10-31T16:50:58.307484+00:00', '2026-01-07T07:25:51.811509+00:00', '019b3be4-324b-7367-a352-002e25617947', false, false) ON CONFLICT (id) DO NOTHING;
-- document_artifact
INSERT INTO public.document_artifact (created_at, updated_at, id, generated, mcp) VALUES ('2025-10-31T16:50:58.307484+00:00', '2026-01-07T07:25:51.812071+00:00', '019b3be4-324b-736b-bdd4-4ebb21b1e5fc', false, false) ON CONFLICT (id) DO NOTHING;
-- document_artifact
INSERT INTO public.document_artifact (created_at, updated_at, id, generated, mcp) VALUES ('2025-10-31T16:50:58.307484+00:00', '2026-01-07T07:25:51.812838+00:00', '019b3be4-324b-7373-a755-5b2ac423b30b', false, false) ON CONFLICT (id) DO NOTHING;
-- document_artifact
INSERT INTO public.document_artifact (created_at, updated_at, id, generated, mcp) VALUES ('2025-10-31T16:50:58.307484+00:00', '2026-01-07T07:25:51.813705+00:00', '019b3be4-324b-7379-9fb2-32c0e725cb42', false, false) ON CONFLICT (id) DO NOTHING;
-- document_artifact
INSERT INTO public.document_artifact (created_at, updated_at, id, generated, mcp) VALUES ('2025-10-31T16:50:58.307484+00:00', '2026-01-07T07:25:51.814589+00:00', '019b3be4-324b-737d-8f1f-090be9821137', false, false) ON CONFLICT (id) DO NOTHING;
-- document_artifact
INSERT INTO public.document_artifact (created_at, updated_at, id, generated, mcp) VALUES ('2025-10-31T16:50:58.307484+00:00', '2026-01-07T07:25:51.815146+00:00', '019b3be4-324b-7385-9e77-fd195567de0e', false, false) ON CONFLICT (id) DO NOTHING;
-- document_artifact
INSERT INTO public.document_artifact (created_at, updated_at, id, generated, mcp) VALUES ('2025-10-31T16:50:58.307484+00:00', '2026-01-07T07:25:51.815935+00:00', '019b3be4-324b-738e-bf8e-4ce08f2aa2e4', false, false) ON CONFLICT (id) DO NOTHING;
-- document_artifact
INSERT INTO public.document_artifact (created_at, updated_at, id, generated, mcp) VALUES ('2025-10-31T16:50:58.307484+00:00', '2026-01-07T07:25:51.819457+00:00', '019b3be4-324b-73b8-bec8-e57f9b3775ba', false, false) ON CONFLICT (id) DO NOTHING;
-- document_artifact
INSERT INTO public.document_artifact (created_at, updated_at, id, generated, mcp) VALUES ('2025-10-31T16:50:58.307484+00:00', '2026-01-07T07:25:51.821533+00:00', '019b3be4-324b-7353-9a6f-3b3b7fa12b3d', false, false) ON CONFLICT (id) DO NOTHING;
-- document_artifact
INSERT INTO public.document_artifact (created_at, updated_at, id, generated, mcp) VALUES ('2025-10-31T16:50:58.307484+00:00', '2026-01-07T07:25:51.818782+00:00', '019b3be4-324b-73b3-bdce-2982018ffd77', false, false) ON CONFLICT (id) DO NOTHING;
-- document_artifact
INSERT INTO public.document_artifact (created_at, updated_at, id, generated, mcp) VALUES ('2025-10-31T16:50:58.307484+00:00', '2026-01-07T07:25:51.816347+00:00', '019b3be4-324b-7398-acfb-a10b47bd38fc', false, false) ON CONFLICT (id) DO NOTHING;
-- document_artifact
INSERT INTO public.document_artifact (created_at, updated_at, id, generated, mcp) VALUES ('2025-10-31T16:50:58.307484+00:00', '2026-01-07T07:25:51.817002+00:00', '019b3be4-324b-739d-9257-cf1300318418', false, false) ON CONFLICT (id) DO NOTHING;
-- document_artifact
INSERT INTO public.document_artifact (created_at, updated_at, id, generated, mcp) VALUES ('2025-10-31T16:50:58.307484+00:00', '2026-01-07T07:25:51.817654+00:00', '019b3be4-324b-73a4-9cd7-62ba7dfdc7ab', false, false) ON CONFLICT (id) DO NOTHING;
-- document_artifact
INSERT INTO public.document_artifact (created_at, updated_at, id, generated, mcp) VALUES ('2025-10-31T16:50:58.307484+00:00', '2026-01-07T07:25:51.818139+00:00', '019b3be4-324b-73ac-9e8f-2116a198e90a', false, false) ON CONFLICT (id) DO NOTHING;
-- document_artifact
INSERT INTO public.document_artifact (created_at, updated_at, id, generated, mcp) VALUES ('2025-10-31T16:50:58.307484+00:00', '2026-01-07T07:25:51.819833+00:00', '019b3be4-324b-73bf-a1e9-4bff0f3ee1ac', false, false) ON CONFLICT (id) DO NOTHING;
-- document_artifact
INSERT INTO public.document_artifact (created_at, updated_at, id, generated, mcp) VALUES ('2025-10-31T16:50:58.307484+00:00', '2026-01-07T07:25:51.820957+00:00', '019b3be4-324b-7349-930f-18c29f96c7cc', false, false) ON CONFLICT (id) DO NOTHING;
-- document_artifact
INSERT INTO public.document_artifact (created_at, updated_at, id, generated, mcp) VALUES ('2025-12-02T21:29:26.457679+00:00', '2026-01-07T07:25:51.823853+00:00', '019b3be4-324b-73d4-b4a8-bfeec508838d', false, false) ON CONFLICT (id) DO NOTHING;
-- document_artifact
INSERT INTO public.document_artifact (created_at, updated_at, id, generated, mcp) VALUES ('2025-12-06T02:59:23.893847+00:00', '2025-12-08T22:19:28.214792+00:00', '019b3be4-324b-7406-a32e-f5da3b502d9f', false, false) ON CONFLICT (id) DO NOTHING;
-- document_artifact
INSERT INTO public.document_artifact (created_at, updated_at, id, generated, mcp) VALUES ('2025-12-06T02:59:23.893847+00:00', '2025-12-08T22:19:28.214792+00:00', '019b3be4-324b-740f-a3c2-84236b76b323', false, false) ON CONFLICT (id) DO NOTHING;
-- document_artifact
INSERT INTO public.document_artifact (created_at, updated_at, id, generated, mcp) VALUES ('2025-12-06T02:59:23.893847+00:00', '2025-12-08T22:19:28.214792+00:00', '019b3be4-324b-73f4-b489-5bcf28fe78a1', false, false) ON CONFLICT (id) DO NOTHING;
-- document_artifact
INSERT INTO public.document_artifact (created_at, updated_at, id, generated, mcp) VALUES ('2025-12-06T02:59:23.893847+00:00', '2025-12-08T22:19:28.214792+00:00', '019b3be4-324b-73ee-afba-5103618244d8', false, false) ON CONFLICT (id) DO NOTHING;
-- document_artifact
INSERT INTO public.document_artifact (created_at, updated_at, id, generated, mcp) VALUES ('2025-12-06T02:59:23.893847+00:00', '2025-12-08T22:19:28.214792+00:00', '019b3be4-324b-73e0-834d-e62d15086a3d', false, false) ON CONFLICT (id) DO NOTHING;
-- document_artifact
INSERT INTO public.document_artifact (created_at, updated_at, id, generated, mcp) VALUES ('2025-12-06T02:59:23.893847+00:00', '2025-12-08T22:19:28.214792+00:00', '019b3be4-324b-73f8-8c16-42af94c6869a', false, false) ON CONFLICT (id) DO NOTHING;
-- document_artifact
INSERT INTO public.document_artifact (created_at, updated_at, id, generated, mcp) VALUES ('2025-12-06T02:59:23.893847+00:00', '2025-12-08T22:19:28.214792+00:00', '019b3be4-324b-73eb-9ee8-cf65a16294d2', false, false) ON CONFLICT (id) DO NOTHING;
-- document_artifact
INSERT INTO public.document_artifact (created_at, updated_at, id, generated, mcp) VALUES ('2025-12-06T02:59:23.893847+00:00', '2025-12-08T22:19:28.214792+00:00', '019b3be4-324b-73d9-955a-abf489b79ad0', false, false) ON CONFLICT (id) DO NOTHING;
-- document_artifact
INSERT INTO public.document_artifact (created_at, updated_at, id, generated, mcp) VALUES ('2025-12-12T13:44:32.428979+00:00', '2026-01-07T07:25:51.825324+00:00', '019b3be4-324b-7f84-8679-0b395c7c5ddb', false, false) ON CONFLICT (id) DO NOTHING;
-- document_artifact
INSERT INTO public.document_artifact (created_at, updated_at, id, generated, mcp) VALUES ('2025-12-12T13:44:32.428979+00:00', '2026-01-07T07:25:51.826872+00:00', '019b3be4-324b-7fa2-9ab0-37f8daac8d07', false, false) ON CONFLICT (id) DO NOTHING;

-- Junctions
-- document_departments_junction
INSERT INTO public.document_departments_junction (active, created_at, department_id, document_id, generated, mcp) VALUES (true, '2025-10-29T13:52:10.776500+00:00', '019bb25e-e624-73da-8cef-166028a1065a', '019b3be4-324b-733d-b0b3-e1e34e7d9040', false, false) ON CONFLICT (document_id, department_id) DO NOTHING;
-- document_descriptions_junction
INSERT INTO public.document_descriptions_junction (document_id, description_id, created_at, generated, mcp, active) VALUES ('019b3be4-324b-733d-b0b3-e1e34e7d9040', '019c0af9-a701-7a29-b2bb-667bbf8746c2', '2026-01-29T18:17:39.327225+00:00', false, false, true) ON CONFLICT (document_id, description_id) DO NOTHING;
-- document_documents_junction
INSERT INTO public.document_documents_junction (document_id, documents_id, active, created_at, generated, mcp) VALUES ('019b3be4-324b-733d-b0b3-e1e34e7d9040', '019bb25e-e619-7805-bf85-bd4ec58a8939', true, '2025-08-12T12:52:10.019846+00:00', false, false) ON CONFLICT (document_id, documents_id) DO NOTHING;
-- document_flags_junction
INSERT INTO public.document_flags_junction (document_id, flag_id, value, created_at, generated, mcp, active) VALUES ('019b3be4-324b-733d-b0b3-e1e34e7d9040', '019b995a-86ef-78bb-87a8-0de554b128bb', false, '2025-08-12T12:52:10.019846+00:00', false, false, true) ON CONFLICT (document_id, flag_id) DO NOTHING;
INSERT INTO public.document_flags_junction (document_id, flag_id, value, created_at, generated, mcp, active) VALUES ('019b3be4-324b-733d-b0b3-e1e34e7d9040', '019be334-bfc4-7b69-96a1-6cf5422bba50', true, '2025-08-12T12:52:10.019846+00:00', false, false, true) ON CONFLICT (document_id, flag_id) DO NOTHING;
-- document_names_junction
INSERT INTO public.document_names_junction (document_id, name_id, created_at, generated, mcp, active) VALUES ('019b3be4-324b-733d-b0b3-e1e34e7d9040', '019b995c-8e8e-7a7e-97db-125100c5f216', '2025-08-12T12:52:10.019846+00:00', false, false, true) ON CONFLICT (document_id, name_id) DO NOTHING;
-- document_parameter_fields_junction
INSERT INTO public.document_parameter_fields_junction (document_id, parameter_field_id, active, generated, mcp, created_at) VALUES ('019b3be4-324b-733d-b0b3-e1e34e7d9040', '86a0e6ef-8a6c-422a-871f-5f88df82c68d', true, false, false, '2025-10-21T22:37:19.018734+00:00') ON CONFLICT (document_id, parameter_field_id) DO NOTHING;
INSERT INTO public.document_parameter_fields_junction (document_id, parameter_field_id, active, generated, mcp, created_at) VALUES ('019b3be4-324b-733d-b0b3-e1e34e7d9040', '747b4aec-f6fb-479f-b8e5-df51b67c3231', true, false, false, '2025-12-03T13:30:24.007753+00:00') ON CONFLICT (document_id, parameter_field_id) DO NOTHING;
-- document_parameters_junction
INSERT INTO public.document_parameters_junction (document_id, parameter_id, type, created_at, active, generated, mcp) VALUES ('019b3be4-324b-733d-b0b3-e1e34e7d9040', '019bb25e-e620-7f9a-a3b6-8b7230c1e51c', 'direct', '2025-10-21T22:37:19.018734+00:00', true, false, false) ON CONFLICT (document_id, parameter_id, type) DO NOTHING;
INSERT INTO public.document_parameters_junction (document_id, parameter_id, type, created_at, active, generated, mcp) VALUES ('019b3be4-324b-733d-b0b3-e1e34e7d9040', '019bb25e-e621-7027-abc4-9b86171ee17b', 'direct', '2025-12-03T13:30:24.007753+00:00', true, false, false) ON CONFLICT (document_id, parameter_id, type) DO NOTHING;
-- document_departments_junction
INSERT INTO public.document_departments_junction (active, created_at, department_id, document_id, generated, mcp) VALUES (true, '2025-10-29T13:52:10.776500+00:00', '019bb25e-e624-73da-8cef-166028a1065a', '019b3be4-324b-72d2-a7c5-1e7b8700ebe2', false, false) ON CONFLICT (document_id, department_id) DO NOTHING;
-- document_descriptions_junction
INSERT INTO public.document_descriptions_junction (document_id, description_id, created_at, generated, mcp, active) VALUES ('019b3be4-324b-72d2-a7c5-1e7b8700ebe2', '019c0af9-a701-76ac-ae58-e297a9c1fd2d', '2026-01-29T18:17:39.327225+00:00', false, false, true) ON CONFLICT (document_id, description_id) DO NOTHING;
-- document_documents_junction
INSERT INTO public.document_documents_junction (document_id, documents_id, active, created_at, generated, mcp) VALUES ('019b3be4-324b-72d2-a7c5-1e7b8700ebe2', '019bb25e-e619-77dc-8b86-c96816f98ff4', true, '2025-08-12T12:52:10.019846+00:00', false, false) ON CONFLICT (document_id, documents_id) DO NOTHING;
-- document_flags_junction
INSERT INTO public.document_flags_junction (document_id, flag_id, value, created_at, generated, mcp, active) VALUES ('019b3be4-324b-72d2-a7c5-1e7b8700ebe2', '019b995a-86ef-78bb-87a8-0de554b128bb', false, '2025-08-12T12:52:10.019846+00:00', false, false, true) ON CONFLICT (document_id, flag_id) DO NOTHING;
INSERT INTO public.document_flags_junction (document_id, flag_id, value, created_at, generated, mcp, active) VALUES ('019b3be4-324b-72d2-a7c5-1e7b8700ebe2', '019be334-bfc4-7b69-96a1-6cf5422bba50', true, '2025-08-12T12:52:10.019846+00:00', false, false, true) ON CONFLICT (document_id, flag_id) DO NOTHING;
-- document_names_junction
INSERT INTO public.document_names_junction (document_id, name_id, created_at, generated, mcp, active) VALUES ('019b3be4-324b-72d2-a7c5-1e7b8700ebe2', '019b995c-8e8e-7a36-901a-6e332e398e7a', '2025-08-12T12:52:10.019846+00:00', false, false, true) ON CONFLICT (document_id, name_id) DO NOTHING;
-- document_parameter_fields_junction
INSERT INTO public.document_parameter_fields_junction (document_id, parameter_field_id, active, generated, mcp, created_at) VALUES ('019b3be4-324b-72d2-a7c5-1e7b8700ebe2', 'a47cfa27-c18e-4c54-bd42-3f74ecda1d54', true, false, false, '2025-10-21T22:37:19.018734+00:00') ON CONFLICT (document_id, parameter_field_id) DO NOTHING;
INSERT INTO public.document_parameter_fields_junction (document_id, parameter_field_id, active, generated, mcp, created_at) VALUES ('019b3be4-324b-72d2-a7c5-1e7b8700ebe2', 'e83ece77-5426-4ab4-b1f0-803e09d19883', true, false, false, '2025-12-03T13:30:24.007753+00:00') ON CONFLICT (document_id, parameter_field_id) DO NOTHING;
-- document_parameters_junction
INSERT INTO public.document_parameters_junction (document_id, parameter_id, type, created_at, active, generated, mcp) VALUES ('019b3be4-324b-72d2-a7c5-1e7b8700ebe2', '019bb25e-e620-7f9a-a3b6-8b7230c1e51c', 'direct', '2025-10-21T22:37:19.018734+00:00', true, false, false) ON CONFLICT (document_id, parameter_id, type) DO NOTHING;
INSERT INTO public.document_parameters_junction (document_id, parameter_id, type, created_at, active, generated, mcp) VALUES ('019b3be4-324b-72d2-a7c5-1e7b8700ebe2', '019bb25e-e621-7027-abc4-9b86171ee17b', 'direct', '2025-12-03T13:30:24.007753+00:00', true, false, false) ON CONFLICT (document_id, parameter_id, type) DO NOTHING;
-- document_departments_junction
INSERT INTO public.document_departments_junction (active, created_at, department_id, document_id, generated, mcp) VALUES (true, '2025-10-29T13:52:10.776500+00:00', '019bb25e-e624-73da-8cef-166028a1065a', '019b3be4-324b-73c6-8bbd-112c88c0520f', false, false) ON CONFLICT (document_id, department_id) DO NOTHING;
-- document_descriptions_junction
INSERT INTO public.document_descriptions_junction (document_id, description_id, created_at, generated, mcp, active) VALUES ('019b3be4-324b-73c6-8bbd-112c88c0520f', '019c0af9-a700-7883-bdfd-8d23f4c0f23e', '2026-01-29T18:17:39.327225+00:00', false, false, true) ON CONFLICT (document_id, description_id) DO NOTHING;
-- document_documents_junction
INSERT INTO public.document_documents_junction (document_id, documents_id, active, created_at, generated, mcp) VALUES ('019b3be4-324b-73c6-8bbd-112c88c0520f', '019bb25e-e619-76a3-9a19-39dd12ba7002', true, '2025-08-12T16:22:40.236325+00:00', false, false) ON CONFLICT (document_id, documents_id) DO NOTHING;
-- document_flags_junction
INSERT INTO public.document_flags_junction (document_id, flag_id, value, created_at, generated, mcp, active) VALUES ('019b3be4-324b-73c6-8bbd-112c88c0520f', '019b995a-86ef-78bb-87a8-0de554b128bb', false, '2025-08-12T16:22:40.236325+00:00', false, false, true) ON CONFLICT (document_id, flag_id) DO NOTHING;
INSERT INTO public.document_flags_junction (document_id, flag_id, value, created_at, generated, mcp, active) VALUES ('019b3be4-324b-73c6-8bbd-112c88c0520f', '019be334-bfc4-7b69-96a1-6cf5422bba50', true, '2025-08-12T16:22:40.236325+00:00', false, false, true) ON CONFLICT (document_id, flag_id) DO NOTHING;
-- document_names_junction
INSERT INTO public.document_names_junction (document_id, name_id, created_at, generated, mcp, active) VALUES ('019b3be4-324b-73c6-8bbd-112c88c0520f', '019b995c-8e8e-7a27-8437-bf40a1ed8168', '2025-08-12T16:22:40.236325+00:00', false, false, true) ON CONFLICT (document_id, name_id) DO NOTHING;
-- document_parameter_fields_junction
INSERT INTO public.document_parameter_fields_junction (document_id, parameter_field_id, active, generated, mcp, created_at) VALUES ('019b3be4-324b-73c6-8bbd-112c88c0520f', 'ba364fea-eb1c-40f3-9840-8076ac398e54', true, false, false, '2025-10-21T22:37:19.018734+00:00') ON CONFLICT (document_id, parameter_field_id) DO NOTHING;
INSERT INTO public.document_parameter_fields_junction (document_id, parameter_field_id, active, generated, mcp, created_at) VALUES ('019b3be4-324b-73c6-8bbd-112c88c0520f', '4debd3a2-5b47-4544-83b6-dcb337edfadb', true, false, false, '2025-12-03T13:30:24.007753+00:00') ON CONFLICT (document_id, parameter_field_id) DO NOTHING;
-- document_parameters_junction
INSERT INTO public.document_parameters_junction (document_id, parameter_id, type, created_at, active, generated, mcp) VALUES ('019b3be4-324b-73c6-8bbd-112c88c0520f', '019bb25e-e620-7f9a-a3b6-8b7230c1e51c', 'direct', '2025-10-21T22:37:19.018734+00:00', true, false, false) ON CONFLICT (document_id, parameter_id, type) DO NOTHING;
INSERT INTO public.document_parameters_junction (document_id, parameter_id, type, created_at, active, generated, mcp) VALUES ('019b3be4-324b-73c6-8bbd-112c88c0520f', '019bb25e-e621-7027-abc4-9b86171ee17b', 'direct', '2025-12-03T13:30:24.007753+00:00', true, false, false) ON CONFLICT (document_id, parameter_id, type) DO NOTHING;
-- document_departments_junction
INSERT INTO public.document_departments_junction (active, created_at, department_id, document_id, generated, mcp) VALUES (true, '2025-10-29T13:52:10.776500+00:00', '019bb25e-e624-73da-8cef-166028a1065a', '019b3be4-324b-73cf-b431-76e761b8b831', false, false) ON CONFLICT (document_id, department_id) DO NOTHING;
-- document_descriptions_junction
INSERT INTO public.document_descriptions_junction (document_id, description_id, created_at, generated, mcp, active) VALUES ('019b3be4-324b-73cf-b431-76e761b8b831', '019c0af9-a701-71b1-8f56-321e512503e4', '2026-01-29T18:17:39.327225+00:00', false, false, true) ON CONFLICT (document_id, description_id) DO NOTHING;
-- document_documents_junction
INSERT INTO public.document_documents_junction (document_id, documents_id, active, created_at, generated, mcp) VALUES ('019b3be4-324b-73cf-b431-76e761b8b831', '019bb25e-e619-77b8-a6c9-f34746fb0a4a', true, '2025-08-18T14:47:20.790201+00:00', false, false) ON CONFLICT (document_id, documents_id) DO NOTHING;
-- document_flags_junction
INSERT INTO public.document_flags_junction (document_id, flag_id, value, created_at, generated, mcp, active) VALUES ('019b3be4-324b-73cf-b431-76e761b8b831', '019b995a-86ef-78bb-87a8-0de554b128bb', false, '2025-08-18T14:47:20.790201+00:00', false, false, true) ON CONFLICT (document_id, flag_id) DO NOTHING;
INSERT INTO public.document_flags_junction (document_id, flag_id, value, created_at, generated, mcp, active) VALUES ('019b3be4-324b-73cf-b431-76e761b8b831', '019be334-bfc4-7b69-96a1-6cf5422bba50', true, '2025-08-18T14:47:20.790201+00:00', false, false, true) ON CONFLICT (document_id, flag_id) DO NOTHING;
-- document_names_junction
INSERT INTO public.document_names_junction (document_id, name_id, created_at, generated, mcp, active) VALUES ('019b3be4-324b-73cf-b431-76e761b8b831', '019b995c-8e8e-7a47-b7f0-14d20a826295', '2025-08-18T14:47:20.790201+00:00', false, false, true) ON CONFLICT (document_id, name_id) DO NOTHING;
-- document_parameter_fields_junction
INSERT INTO public.document_parameter_fields_junction (document_id, parameter_field_id, active, generated, mcp, created_at) VALUES ('019b3be4-324b-73cf-b431-76e761b8b831', '122234da-51b2-417b-810c-2fc1e7697402', true, false, false, '2025-10-21T22:37:19.018734+00:00') ON CONFLICT (document_id, parameter_field_id) DO NOTHING;
INSERT INTO public.document_parameter_fields_junction (document_id, parameter_field_id, active, generated, mcp, created_at) VALUES ('019b3be4-324b-73cf-b431-76e761b8b831', '83a08ff4-8897-422e-9519-8867f8ce83e8', true, false, false, '2025-12-03T13:30:24.007753+00:00') ON CONFLICT (document_id, parameter_field_id) DO NOTHING;
INSERT INTO public.document_parameter_fields_junction (document_id, parameter_field_id, active, generated, mcp, created_at) VALUES ('019b3be4-324b-73cf-b431-76e761b8b831', '4ea59173-7751-4c01-b23e-2c99bb5cd811', true, false, false, '2025-12-07T20:44:58.161092+00:00') ON CONFLICT (document_id, parameter_field_id) DO NOTHING;
-- document_parameters_junction
INSERT INTO public.document_parameters_junction (document_id, parameter_id, type, created_at, active, generated, mcp) VALUES ('019b3be4-324b-73cf-b431-76e761b8b831', '019bb25e-e620-7f9a-a3b6-8b7230c1e51c', 'direct', '2025-10-21T22:37:19.018734+00:00', true, false, false) ON CONFLICT (document_id, parameter_id, type) DO NOTHING;
INSERT INTO public.document_parameters_junction (document_id, parameter_id, type, created_at, active, generated, mcp) VALUES ('019b3be4-324b-73cf-b431-76e761b8b831', '019bb25e-e621-7027-abc4-9b86171ee17b', 'direct', '2025-12-03T13:30:24.007753+00:00', true, false, false) ON CONFLICT (document_id, parameter_id, type) DO NOTHING;
-- document_departments_junction
INSERT INTO public.document_departments_junction (active, created_at, department_id, document_id, generated, mcp) VALUES (true, '2025-10-31T16:50:58.307484+00:00', '019bb25e-e624-744f-a6b0-21686815b719', '019b3be4-324b-7391-9653-a757505084b0', false, false) ON CONFLICT (document_id, department_id) DO NOTHING;
-- document_descriptions_junction
INSERT INTO public.document_descriptions_junction (document_id, description_id, created_at, generated, mcp, active) VALUES ('019b3be4-324b-7391-9653-a757505084b0', '019c0af9-a701-7ad7-b603-22210cd608db', '2026-01-29T18:17:39.327225+00:00', false, false, true) ON CONFLICT (document_id, description_id) DO NOTHING;
-- document_documents_junction
INSERT INTO public.document_documents_junction (document_id, documents_id, active, created_at, generated, mcp) VALUES ('019b3be4-324b-7391-9653-a757505084b0', '019bb25e-e619-780e-aa1b-7ba01cbde85a', true, '2025-10-31T16:50:58.307484+00:00', false, false) ON CONFLICT (document_id, documents_id) DO NOTHING;
-- document_flags_junction
INSERT INTO public.document_flags_junction (document_id, flag_id, value, created_at, generated, mcp, active) VALUES ('019b3be4-324b-7391-9653-a757505084b0', '019b995a-86ef-78bb-87a8-0de554b128bb', false, '2025-10-31T16:50:58.307484+00:00', false, false, true) ON CONFLICT (document_id, flag_id) DO NOTHING;
INSERT INTO public.document_flags_junction (document_id, flag_id, value, created_at, generated, mcp, active) VALUES ('019b3be4-324b-7391-9653-a757505084b0', '019be334-bfc4-7b69-96a1-6cf5422bba50', true, '2025-10-31T16:50:58.307484+00:00', false, false, true) ON CONFLICT (document_id, flag_id) DO NOTHING;
-- document_names_junction
INSERT INTO public.document_names_junction (document_id, name_id, created_at, generated, mcp, active) VALUES ('019b3be4-324b-7391-9653-a757505084b0', '019b995c-8e8e-7a62-a8c9-5c14f1053f90', '2025-10-31T16:50:58.307484+00:00', false, false, true) ON CONFLICT (document_id, name_id) DO NOTHING;
-- document_parameter_fields_junction
INSERT INTO public.document_parameter_fields_junction (document_id, parameter_field_id, active, generated, mcp, created_at) VALUES ('019b3be4-324b-7391-9653-a757505084b0', '701fa674-f398-4e87-976b-2f4c948625fc', true, false, false, '2025-10-31T16:50:58.307484+00:00') ON CONFLICT (document_id, parameter_field_id) DO NOTHING;
INSERT INTO public.document_parameter_fields_junction (document_id, parameter_field_id, active, generated, mcp, created_at) VALUES ('019b3be4-324b-7391-9653-a757505084b0', '78b2eb01-ea5a-4b88-b63f-3c75fe736f26', true, false, false, '2025-12-03T13:30:24.007753+00:00') ON CONFLICT (document_id, parameter_field_id) DO NOTHING;
-- document_parameters_junction
INSERT INTO public.document_parameters_junction (document_id, parameter_id, type, created_at, active, generated, mcp) VALUES ('019b3be4-324b-7391-9653-a757505084b0', '019bb25e-e620-7f9a-a3b6-8b7230c1e51c', 'direct', '2025-10-31T16:50:58.307484+00:00', true, false, false) ON CONFLICT (document_id, parameter_id, type) DO NOTHING;
INSERT INTO public.document_parameters_junction (document_id, parameter_id, type, created_at, active, generated, mcp) VALUES ('019b3be4-324b-7391-9653-a757505084b0', '019bb25e-e621-7027-abc4-9b86171ee17b', 'direct', '2025-12-03T13:30:24.007753+00:00', true, false, false) ON CONFLICT (document_id, parameter_id, type) DO NOTHING;
-- document_departments_junction
INSERT INTO public.document_departments_junction (active, created_at, department_id, document_id, generated, mcp) VALUES (true, '2025-10-31T16:50:58.307484+00:00', '019bb25e-e624-7455-a0f7-2248e8c5a63b', '019b3be4-324b-735e-afb0-7841fce6f1b1', false, false) ON CONFLICT (document_id, department_id) DO NOTHING;
-- document_descriptions_junction
INSERT INTO public.document_descriptions_junction (document_id, description_id, created_at, generated, mcp, active) VALUES ('019b3be4-324b-735e-afb0-7841fce6f1b1', '019c0af9-a701-764b-9610-7921d65b5094', '2026-01-29T18:17:39.327225+00:00', false, false, true) ON CONFLICT (document_id, description_id) DO NOTHING;
-- document_documents_junction
INSERT INTO public.document_documents_junction (document_id, documents_id, active, created_at, generated, mcp) VALUES ('019b3be4-324b-735e-afb0-7841fce6f1b1', '019bb25e-e619-77db-9d76-fce0aeb45a35', true, '2025-10-31T16:50:58.307484+00:00', false, false) ON CONFLICT (document_id, documents_id) DO NOTHING;
-- document_flags_junction
INSERT INTO public.document_flags_junction (document_id, flag_id, value, created_at, generated, mcp, active) VALUES ('019b3be4-324b-735e-afb0-7841fce6f1b1', '019b995a-86ef-78bb-87a8-0de554b128bb', false, '2025-10-31T16:50:58.307484+00:00', false, false, true) ON CONFLICT (document_id, flag_id) DO NOTHING;
INSERT INTO public.document_flags_junction (document_id, flag_id, value, created_at, generated, mcp, active) VALUES ('019b3be4-324b-735e-afb0-7841fce6f1b1', '019be334-bfc4-7b69-96a1-6cf5422bba50', true, '2025-10-31T16:50:58.307484+00:00', false, false, true) ON CONFLICT (document_id, flag_id) DO NOTHING;
-- document_names_junction
INSERT INTO public.document_names_junction (document_id, name_id, created_at, generated, mcp, active) VALUES ('019b3be4-324b-735e-afb0-7841fce6f1b1', '019b995c-8e8e-7a14-94fc-354dacb5563a', '2025-10-31T16:50:58.307484+00:00', false, false, true) ON CONFLICT (document_id, name_id) DO NOTHING;
-- document_parameter_fields_junction
INSERT INTO public.document_parameter_fields_junction (document_id, parameter_field_id, active, generated, mcp, created_at) VALUES ('019b3be4-324b-735e-afb0-7841fce6f1b1', 'bba0ba90-a809-4971-9b67-a7504b4247d3', true, false, false, '2025-10-31T16:50:58.307484+00:00') ON CONFLICT (document_id, parameter_field_id) DO NOTHING;
INSERT INTO public.document_parameter_fields_junction (document_id, parameter_field_id, active, generated, mcp, created_at) VALUES ('019b3be4-324b-735e-afb0-7841fce6f1b1', '6066b346-c246-4ac9-9a11-b7fe4a7fd72b', true, false, false, '2025-12-03T13:30:24.007753+00:00') ON CONFLICT (document_id, parameter_field_id) DO NOTHING;
-- document_parameters_junction
INSERT INTO public.document_parameters_junction (document_id, parameter_id, type, created_at, active, generated, mcp) VALUES ('019b3be4-324b-735e-afb0-7841fce6f1b1', '019bb25e-e620-7f9a-a3b6-8b7230c1e51c', 'direct', '2025-10-31T16:50:58.307484+00:00', true, false, false) ON CONFLICT (document_id, parameter_id, type) DO NOTHING;
INSERT INTO public.document_parameters_junction (document_id, parameter_id, type, created_at, active, generated, mcp) VALUES ('019b3be4-324b-735e-afb0-7841fce6f1b1', '019bb25e-e621-7027-abc4-9b86171ee17b', 'direct', '2025-12-03T13:30:24.007753+00:00', true, false, false) ON CONFLICT (document_id, parameter_id, type) DO NOTHING;
-- document_departments_junction
INSERT INTO public.document_departments_junction (active, created_at, department_id, document_id, generated, mcp) VALUES (true, '2025-10-31T16:50:58.307484+00:00', '019bb25e-e624-7450-8897-a72c55c26107', '019b3be4-324b-7367-a352-002e25617947', false, false) ON CONFLICT (document_id, department_id) DO NOTHING;
-- document_descriptions_junction
INSERT INTO public.document_descriptions_junction (document_id, description_id, created_at, generated, mcp, active) VALUES ('019b3be4-324b-7367-a352-002e25617947', '019c0af9-a701-7706-87b3-2f6d7b1a813d', '2026-01-29T18:17:39.327225+00:00', false, false, true) ON CONFLICT (document_id, description_id) DO NOTHING;
-- document_documents_junction
INSERT INTO public.document_documents_junction (document_id, documents_id, active, created_at, generated, mcp) VALUES ('019b3be4-324b-7367-a352-002e25617947', '019bb25e-e619-77e2-975c-8f22d84677e0', true, '2025-10-31T16:50:58.307484+00:00', false, false) ON CONFLICT (document_id, documents_id) DO NOTHING;
-- document_flags_junction
INSERT INTO public.document_flags_junction (document_id, flag_id, value, created_at, generated, mcp, active) VALUES ('019b3be4-324b-7367-a352-002e25617947', '019b995a-86ef-78bb-87a8-0de554b128bb', false, '2025-10-31T16:50:58.307484+00:00', false, false, true) ON CONFLICT (document_id, flag_id) DO NOTHING;
INSERT INTO public.document_flags_junction (document_id, flag_id, value, created_at, generated, mcp, active) VALUES ('019b3be4-324b-7367-a352-002e25617947', '019be334-bfc4-7b69-96a1-6cf5422bba50', true, '2025-10-31T16:50:58.307484+00:00', false, false, true) ON CONFLICT (document_id, flag_id) DO NOTHING;
-- document_names_junction
INSERT INTO public.document_names_junction (document_id, name_id, created_at, generated, mcp, active) VALUES ('019b3be4-324b-7367-a352-002e25617947', '019b995c-8e8e-7a30-a050-8cdeede7e1e7', '2025-10-31T16:50:58.307484+00:00', false, false, true) ON CONFLICT (document_id, name_id) DO NOTHING;
-- document_parameter_fields_junction
INSERT INTO public.document_parameter_fields_junction (document_id, parameter_field_id, active, generated, mcp, created_at) VALUES ('019b3be4-324b-7367-a352-002e25617947', '8b0cf0b0-2dfc-4c89-8fd5-b1edb26aff8d', true, false, false, '2025-10-31T16:50:58.307484+00:00') ON CONFLICT (document_id, parameter_field_id) DO NOTHING;
INSERT INTO public.document_parameter_fields_junction (document_id, parameter_field_id, active, generated, mcp, created_at) VALUES ('019b3be4-324b-7367-a352-002e25617947', '9c236008-8a66-4d0e-a0df-636a51f96cdc', true, false, false, '2025-12-03T13:30:24.007753+00:00') ON CONFLICT (document_id, parameter_field_id) DO NOTHING;
-- document_parameters_junction
INSERT INTO public.document_parameters_junction (document_id, parameter_id, type, created_at, active, generated, mcp) VALUES ('019b3be4-324b-7367-a352-002e25617947', '019bb25e-e620-7f9a-a3b6-8b7230c1e51c', 'direct', '2025-10-31T16:50:58.307484+00:00', true, false, false) ON CONFLICT (document_id, parameter_id, type) DO NOTHING;
INSERT INTO public.document_parameters_junction (document_id, parameter_id, type, created_at, active, generated, mcp) VALUES ('019b3be4-324b-7367-a352-002e25617947', '019bb25e-e621-7027-abc4-9b86171ee17b', 'direct', '2025-12-03T13:30:24.007753+00:00', true, false, false) ON CONFLICT (document_id, parameter_id, type) DO NOTHING;
-- document_departments_junction
INSERT INTO public.document_departments_junction (active, created_at, department_id, document_id, generated, mcp) VALUES (true, '2025-10-31T16:50:58.307484+00:00', '019bb25e-e624-7450-8897-a72c55c26107', '019b3be4-324b-736b-bdd4-4ebb21b1e5fc', false, false) ON CONFLICT (document_id, department_id) DO NOTHING;
-- document_descriptions_junction
INSERT INTO public.document_descriptions_junction (document_id, description_id, created_at, generated, mcp, active) VALUES ('019b3be4-324b-736b-bdd4-4ebb21b1e5fc', '019c0af9-a701-775e-98fd-4fe424bfd863', '2026-01-29T18:17:39.327225+00:00', false, false, true) ON CONFLICT (document_id, description_id) DO NOTHING;
-- document_documents_junction
INSERT INTO public.document_documents_junction (document_id, documents_id, active, created_at, generated, mcp) VALUES ('019b3be4-324b-736b-bdd4-4ebb21b1e5fc', '019bb25e-e619-77e7-9e69-4b51303be101', true, '2025-10-31T16:50:58.307484+00:00', false, false) ON CONFLICT (document_id, documents_id) DO NOTHING;
-- document_flags_junction
INSERT INTO public.document_flags_junction (document_id, flag_id, value, created_at, generated, mcp, active) VALUES ('019b3be4-324b-736b-bdd4-4ebb21b1e5fc', '019b995a-86ef-78bb-87a8-0de554b128bb', false, '2025-10-31T16:50:58.307484+00:00', false, false, true) ON CONFLICT (document_id, flag_id) DO NOTHING;
INSERT INTO public.document_flags_junction (document_id, flag_id, value, created_at, generated, mcp, active) VALUES ('019b3be4-324b-736b-bdd4-4ebb21b1e5fc', '019be334-bfc4-7b69-96a1-6cf5422bba50', true, '2025-10-31T16:50:58.307484+00:00', false, false, true) ON CONFLICT (document_id, flag_id) DO NOTHING;
-- document_names_junction
INSERT INTO public.document_names_junction (document_id, name_id, created_at, generated, mcp, active) VALUES ('019b3be4-324b-736b-bdd4-4ebb21b1e5fc', '019b995c-8e8e-7a49-bddd-0fbd8c29fbcc', '2025-10-31T16:50:58.307484+00:00', false, false, true) ON CONFLICT (document_id, name_id) DO NOTHING;
-- document_parameter_fields_junction
INSERT INTO public.document_parameter_fields_junction (document_id, parameter_field_id, active, generated, mcp, created_at) VALUES ('019b3be4-324b-736b-bdd4-4ebb21b1e5fc', '56c9d402-79cc-471b-88ea-5ea83b9e5fcf', true, false, false, '2025-10-31T16:50:58.307484+00:00') ON CONFLICT (document_id, parameter_field_id) DO NOTHING;
INSERT INTO public.document_parameter_fields_junction (document_id, parameter_field_id, active, generated, mcp, created_at) VALUES ('019b3be4-324b-736b-bdd4-4ebb21b1e5fc', 'c853bf30-e83d-4810-876d-951471388ffb', true, false, false, '2025-12-03T13:30:24.007753+00:00') ON CONFLICT (document_id, parameter_field_id) DO NOTHING;
-- document_parameters_junction
INSERT INTO public.document_parameters_junction (document_id, parameter_id, type, created_at, active, generated, mcp) VALUES ('019b3be4-324b-736b-bdd4-4ebb21b1e5fc', '019bb25e-e620-7f9a-a3b6-8b7230c1e51c', 'direct', '2025-10-31T16:50:58.307484+00:00', true, false, false) ON CONFLICT (document_id, parameter_id, type) DO NOTHING;
INSERT INTO public.document_parameters_junction (document_id, parameter_id, type, created_at, active, generated, mcp) VALUES ('019b3be4-324b-736b-bdd4-4ebb21b1e5fc', '019bb25e-e621-7027-abc4-9b86171ee17b', 'direct', '2025-12-03T13:30:24.007753+00:00', true, false, false) ON CONFLICT (document_id, parameter_id, type) DO NOTHING;
-- document_departments_junction
INSERT INTO public.document_departments_junction (active, created_at, department_id, document_id, generated, mcp) VALUES (true, '2025-10-31T16:50:58.307484+00:00', '019bb25e-e624-7450-8897-a72c55c26107', '019b3be4-324b-7373-a755-5b2ac423b30b', false, false) ON CONFLICT (document_id, department_id) DO NOTHING;
-- document_descriptions_junction
INSERT INTO public.document_descriptions_junction (document_id, description_id, created_at, generated, mcp, active) VALUES ('019b3be4-324b-7373-a755-5b2ac423b30b', '019c0af9-a701-77c1-bb47-0b1a1dcb6887', '2026-01-29T18:17:39.327225+00:00', false, false, true) ON CONFLICT (document_id, description_id) DO NOTHING;
-- document_documents_junction
INSERT INTO public.document_documents_junction (document_id, documents_id, active, created_at, generated, mcp) VALUES ('019b3be4-324b-7373-a755-5b2ac423b30b', '019bb25e-e619-77eb-a659-3d2e07b16f41', true, '2025-10-31T16:50:58.307484+00:00', false, false) ON CONFLICT (document_id, documents_id) DO NOTHING;
-- document_flags_junction
INSERT INTO public.document_flags_junction (document_id, flag_id, value, created_at, generated, mcp, active) VALUES ('019b3be4-324b-7373-a755-5b2ac423b30b', '019b995a-86ef-78bb-87a8-0de554b128bb', false, '2025-10-31T16:50:58.307484+00:00', false, false, true) ON CONFLICT (document_id, flag_id) DO NOTHING;
INSERT INTO public.document_flags_junction (document_id, flag_id, value, created_at, generated, mcp, active) VALUES ('019b3be4-324b-7373-a755-5b2ac423b30b', '019be334-bfc4-7b69-96a1-6cf5422bba50', true, '2025-10-31T16:50:58.307484+00:00', false, false, true) ON CONFLICT (document_id, flag_id) DO NOTHING;
-- document_names_junction
INSERT INTO public.document_names_junction (document_id, name_id, created_at, generated, mcp, active) VALUES ('019b3be4-324b-7373-a755-5b2ac423b30b', '019b995c-8e8e-7a0d-8b63-22f82c723318', '2025-10-31T16:50:58.307484+00:00', false, false, true) ON CONFLICT (document_id, name_id) DO NOTHING;
-- document_parameter_fields_junction
INSERT INTO public.document_parameter_fields_junction (document_id, parameter_field_id, active, generated, mcp, created_at) VALUES ('019b3be4-324b-7373-a755-5b2ac423b30b', '699eb764-e793-4f9a-8137-66356dfdd435', true, false, false, '2025-10-31T16:50:58.307484+00:00') ON CONFLICT (document_id, parameter_field_id) DO NOTHING;
INSERT INTO public.document_parameter_fields_junction (document_id, parameter_field_id, active, generated, mcp, created_at) VALUES ('019b3be4-324b-7373-a755-5b2ac423b30b', '0367d3e4-6609-4b73-a384-99f59f763de2', true, false, false, '2025-12-03T13:30:24.007753+00:00') ON CONFLICT (document_id, parameter_field_id) DO NOTHING;
-- document_parameters_junction
INSERT INTO public.document_parameters_junction (document_id, parameter_id, type, created_at, active, generated, mcp) VALUES ('019b3be4-324b-7373-a755-5b2ac423b30b', '019bb25e-e620-7f9a-a3b6-8b7230c1e51c', 'direct', '2025-10-31T16:50:58.307484+00:00', true, false, false) ON CONFLICT (document_id, parameter_id, type) DO NOTHING;
INSERT INTO public.document_parameters_junction (document_id, parameter_id, type, created_at, active, generated, mcp) VALUES ('019b3be4-324b-7373-a755-5b2ac423b30b', '019bb25e-e621-7027-abc4-9b86171ee17b', 'direct', '2025-12-03T13:30:24.007753+00:00', true, false, false) ON CONFLICT (document_id, parameter_id, type) DO NOTHING;
-- document_departments_junction
INSERT INTO public.document_departments_junction (active, created_at, department_id, document_id, generated, mcp) VALUES (true, '2025-10-31T16:50:58.307484+00:00', '019bb25e-e624-7459-b42d-b7ee5595e1c7', '019b3be4-324b-7379-9fb2-32c0e725cb42', false, false) ON CONFLICT (document_id, department_id) DO NOTHING;
-- document_descriptions_junction
INSERT INTO public.document_descriptions_junction (document_id, description_id, created_at, generated, mcp, active) VALUES ('019b3be4-324b-7379-9fb2-32c0e725cb42', '019c0af9-a701-7822-94e2-7133ecd02eb4', '2026-01-29T18:17:39.327225+00:00', false, false, true) ON CONFLICT (document_id, description_id) DO NOTHING;
-- document_documents_junction
INSERT INTO public.document_documents_junction (document_id, documents_id, active, created_at, generated, mcp) VALUES ('019b3be4-324b-7379-9fb2-32c0e725cb42', '019bb25e-e619-77ed-be01-7090bed5990c', true, '2025-10-31T16:50:58.307484+00:00', false, false) ON CONFLICT (document_id, documents_id) DO NOTHING;
-- document_flags_junction
INSERT INTO public.document_flags_junction (document_id, flag_id, value, created_at, generated, mcp, active) VALUES ('019b3be4-324b-7379-9fb2-32c0e725cb42', '019b995a-86ef-78bb-87a8-0de554b128bb', false, '2025-10-31T16:50:58.307484+00:00', false, false, true) ON CONFLICT (document_id, flag_id) DO NOTHING;
INSERT INTO public.document_flags_junction (document_id, flag_id, value, created_at, generated, mcp, active) VALUES ('019b3be4-324b-7379-9fb2-32c0e725cb42', '019be334-bfc4-7b69-96a1-6cf5422bba50', true, '2025-10-31T16:50:58.307484+00:00', false, false, true) ON CONFLICT (document_id, flag_id) DO NOTHING;
-- document_names_junction
INSERT INTO public.document_names_junction (document_id, name_id, created_at, generated, mcp, active) VALUES ('019b3be4-324b-7379-9fb2-32c0e725cb42', '019b995c-8e8e-7a75-85ae-14503dd5ee21', '2025-10-31T16:50:58.307484+00:00', false, false, true) ON CONFLICT (document_id, name_id) DO NOTHING;
-- document_parameter_fields_junction
INSERT INTO public.document_parameter_fields_junction (document_id, parameter_field_id, active, generated, mcp, created_at) VALUES ('019b3be4-324b-7379-9fb2-32c0e725cb42', '3229d996-460f-45e8-b151-2e97000ae213', true, false, false, '2025-10-31T16:50:58.307484+00:00') ON CONFLICT (document_id, parameter_field_id) DO NOTHING;
INSERT INTO public.document_parameter_fields_junction (document_id, parameter_field_id, active, generated, mcp, created_at) VALUES ('019b3be4-324b-7379-9fb2-32c0e725cb42', '1bae2467-9695-4694-9e0c-b1c2ec93d96b', true, false, false, '2025-12-03T13:30:24.007753+00:00') ON CONFLICT (document_id, parameter_field_id) DO NOTHING;
-- document_parameters_junction
INSERT INTO public.document_parameters_junction (document_id, parameter_id, type, created_at, active, generated, mcp) VALUES ('019b3be4-324b-7379-9fb2-32c0e725cb42', '019bb25e-e620-7f9a-a3b6-8b7230c1e51c', 'direct', '2025-10-31T16:50:58.307484+00:00', true, false, false) ON CONFLICT (document_id, parameter_id, type) DO NOTHING;
INSERT INTO public.document_parameters_junction (document_id, parameter_id, type, created_at, active, generated, mcp) VALUES ('019b3be4-324b-7379-9fb2-32c0e725cb42', '019bb25e-e621-7027-abc4-9b86171ee17b', 'direct', '2025-12-03T13:30:24.007753+00:00', true, false, false) ON CONFLICT (document_id, parameter_id, type) DO NOTHING;
-- document_departments_junction
INSERT INTO public.document_departments_junction (active, created_at, department_id, document_id, generated, mcp) VALUES (true, '2025-10-31T16:50:58.307484+00:00', '019bb25e-e624-7459-b42d-b7ee5595e1c7', '019b3be4-324b-737d-8f1f-090be9821137', false, false) ON CONFLICT (document_id, department_id) DO NOTHING;
-- document_descriptions_junction
INSERT INTO public.document_descriptions_junction (document_id, description_id, created_at, generated, mcp, active) VALUES ('019b3be4-324b-737d-8f1f-090be9821137', '019c0af9-a701-7872-bed3-86e70e41cb6b', '2026-01-29T18:17:39.327225+00:00', false, false, true) ON CONFLICT (document_id, description_id) DO NOTHING;
-- document_documents_junction
INSERT INTO public.document_documents_junction (document_id, documents_id, active, created_at, generated, mcp) VALUES ('019b3be4-324b-737d-8f1f-090be9821137', '019bb25e-e619-77f0-951d-0587a8249558', true, '2025-10-31T16:50:58.307484+00:00', false, false) ON CONFLICT (document_id, documents_id) DO NOTHING;
-- document_flags_junction
INSERT INTO public.document_flags_junction (document_id, flag_id, value, created_at, generated, mcp, active) VALUES ('019b3be4-324b-737d-8f1f-090be9821137', '019b995a-86ef-78bb-87a8-0de554b128bb', false, '2025-10-31T16:50:58.307484+00:00', false, false, true) ON CONFLICT (document_id, flag_id) DO NOTHING;
INSERT INTO public.document_flags_junction (document_id, flag_id, value, created_at, generated, mcp, active) VALUES ('019b3be4-324b-737d-8f1f-090be9821137', '019be334-bfc4-7b69-96a1-6cf5422bba50', true, '2025-10-31T16:50:58.307484+00:00', false, false, true) ON CONFLICT (document_id, flag_id) DO NOTHING;
-- document_names_junction
INSERT INTO public.document_names_junction (document_id, name_id, created_at, generated, mcp, active) VALUES ('019b3be4-324b-737d-8f1f-090be9821137', '019b995c-8e8e-7a1f-852d-e6b3a5577938', '2025-10-31T16:50:58.307484+00:00', false, false, true) ON CONFLICT (document_id, name_id) DO NOTHING;
-- document_parameter_fields_junction
INSERT INTO public.document_parameter_fields_junction (document_id, parameter_field_id, active, generated, mcp, created_at) VALUES ('019b3be4-324b-737d-8f1f-090be9821137', '4a5ab68b-e201-496f-a44f-1661fc8a8e52', true, false, false, '2025-10-31T16:50:58.307484+00:00') ON CONFLICT (document_id, parameter_field_id) DO NOTHING;
INSERT INTO public.document_parameter_fields_junction (document_id, parameter_field_id, active, generated, mcp, created_at) VALUES ('019b3be4-324b-737d-8f1f-090be9821137', '4ace1edc-5e46-488f-8f0e-e24ba79dc989', true, false, false, '2025-12-03T13:30:24.007753+00:00') ON CONFLICT (document_id, parameter_field_id) DO NOTHING;
-- document_parameters_junction
INSERT INTO public.document_parameters_junction (document_id, parameter_id, type, created_at, active, generated, mcp) VALUES ('019b3be4-324b-737d-8f1f-090be9821137', '019bb25e-e620-7f9a-a3b6-8b7230c1e51c', 'direct', '2025-10-31T16:50:58.307484+00:00', true, false, false) ON CONFLICT (document_id, parameter_id, type) DO NOTHING;
INSERT INTO public.document_parameters_junction (document_id, parameter_id, type, created_at, active, generated, mcp) VALUES ('019b3be4-324b-737d-8f1f-090be9821137', '019bb25e-e621-7027-abc4-9b86171ee17b', 'direct', '2025-12-03T13:30:24.007753+00:00', true, false, false) ON CONFLICT (document_id, parameter_id, type) DO NOTHING;
-- document_departments_junction
INSERT INTO public.document_departments_junction (active, created_at, department_id, document_id, generated, mcp) VALUES (true, '2025-10-31T16:50:58.307484+00:00', '019bb25e-e624-7459-b42d-b7ee5595e1c7', '019b3be4-324b-7385-9e77-fd195567de0e', false, false) ON CONFLICT (document_id, department_id) DO NOTHING;
-- document_descriptions_junction
INSERT INTO public.document_descriptions_junction (document_id, description_id, created_at, generated, mcp, active) VALUES ('019b3be4-324b-7385-9e77-fd195567de0e', '019c0af9-a701-78cf-acf4-922763cf9ca1', '2026-01-29T18:17:39.327225+00:00', false, false, true) ON CONFLICT (document_id, description_id) DO NOTHING;
-- document_documents_junction
INSERT INTO public.document_documents_junction (document_id, documents_id, active, created_at, generated, mcp) VALUES ('019b3be4-324b-7385-9e77-fd195567de0e', '019bb25e-e619-77f4-9507-821a12b20300', true, '2025-10-31T16:50:58.307484+00:00', false, false) ON CONFLICT (document_id, documents_id) DO NOTHING;
-- document_flags_junction
INSERT INTO public.document_flags_junction (document_id, flag_id, value, created_at, generated, mcp, active) VALUES ('019b3be4-324b-7385-9e77-fd195567de0e', '019b995a-86ef-78bb-87a8-0de554b128bb', false, '2025-10-31T16:50:58.307484+00:00', false, false, true) ON CONFLICT (document_id, flag_id) DO NOTHING;
INSERT INTO public.document_flags_junction (document_id, flag_id, value, created_at, generated, mcp, active) VALUES ('019b3be4-324b-7385-9e77-fd195567de0e', '019be334-bfc4-7b69-96a1-6cf5422bba50', true, '2025-10-31T16:50:58.307484+00:00', false, false, true) ON CONFLICT (document_id, flag_id) DO NOTHING;
-- document_names_junction
INSERT INTO public.document_names_junction (document_id, name_id, created_at, generated, mcp, active) VALUES ('019b3be4-324b-7385-9e77-fd195567de0e', '019b995c-8e8e-7a50-8044-51f687dd2e41', '2025-10-31T16:50:58.307484+00:00', false, false, true) ON CONFLICT (document_id, name_id) DO NOTHING;
-- document_parameter_fields_junction
INSERT INTO public.document_parameter_fields_junction (document_id, parameter_field_id, active, generated, mcp, created_at) VALUES ('019b3be4-324b-7385-9e77-fd195567de0e', 'c15467cd-7455-48ed-8a94-8b0247a38230', true, false, false, '2025-10-31T16:50:58.307484+00:00') ON CONFLICT (document_id, parameter_field_id) DO NOTHING;
INSERT INTO public.document_parameter_fields_junction (document_id, parameter_field_id, active, generated, mcp, created_at) VALUES ('019b3be4-324b-7385-9e77-fd195567de0e', '1794b146-2106-4485-b899-ff95ad4bd019', true, false, false, '2025-12-03T13:30:24.007753+00:00') ON CONFLICT (document_id, parameter_field_id) DO NOTHING;
-- document_parameters_junction
INSERT INTO public.document_parameters_junction (document_id, parameter_id, type, created_at, active, generated, mcp) VALUES ('019b3be4-324b-7385-9e77-fd195567de0e', '019bb25e-e620-7f9a-a3b6-8b7230c1e51c', 'direct', '2025-10-31T16:50:58.307484+00:00', true, false, false) ON CONFLICT (document_id, parameter_id, type) DO NOTHING;
INSERT INTO public.document_parameters_junction (document_id, parameter_id, type, created_at, active, generated, mcp) VALUES ('019b3be4-324b-7385-9e77-fd195567de0e', '019bb25e-e621-7027-abc4-9b86171ee17b', 'direct', '2025-12-03T13:30:24.007753+00:00', true, false, false) ON CONFLICT (document_id, parameter_id, type) DO NOTHING;
-- document_departments_junction
INSERT INTO public.document_departments_junction (active, created_at, department_id, document_id, generated, mcp) VALUES (true, '2025-10-31T16:50:58.307484+00:00', '019bb25e-e624-744f-a6b0-21686815b719', '019b3be4-324b-738e-bf8e-4ce08f2aa2e4', false, false) ON CONFLICT (document_id, department_id) DO NOTHING;
-- document_descriptions_junction
INSERT INTO public.document_descriptions_junction (document_id, description_id, created_at, generated, mcp, active) VALUES ('019b3be4-324b-738e-bf8e-4ce08f2aa2e4', '019c0af9-a701-791f-adea-bf868ce08a07', '2026-01-29T18:17:39.327225+00:00', false, false, true) ON CONFLICT (document_id, description_id) DO NOTHING;
-- document_documents_junction
INSERT INTO public.document_documents_junction (document_id, documents_id, active, created_at, generated, mcp) VALUES ('019b3be4-324b-738e-bf8e-4ce08f2aa2e4', '019bb25e-e619-77f9-b6f2-ad0ef6359d50', true, '2025-10-31T16:50:58.307484+00:00', false, false) ON CONFLICT (document_id, documents_id) DO NOTHING;
-- document_flags_junction
INSERT INTO public.document_flags_junction (document_id, flag_id, value, created_at, generated, mcp, active) VALUES ('019b3be4-324b-738e-bf8e-4ce08f2aa2e4', '019b995a-86ef-78bb-87a8-0de554b128bb', false, '2025-10-31T16:50:58.307484+00:00', false, false, true) ON CONFLICT (document_id, flag_id) DO NOTHING;
INSERT INTO public.document_flags_junction (document_id, flag_id, value, created_at, generated, mcp, active) VALUES ('019b3be4-324b-738e-bf8e-4ce08f2aa2e4', '019be334-bfc4-7b69-96a1-6cf5422bba50', true, '2025-10-31T16:50:58.307484+00:00', false, false, true) ON CONFLICT (document_id, flag_id) DO NOTHING;
-- document_names_junction
INSERT INTO public.document_names_junction (document_id, name_id, created_at, generated, mcp, active) VALUES ('019b3be4-324b-738e-bf8e-4ce08f2aa2e4', '019b995c-8e8e-7a5f-bc7e-4b5c5f6b8cc3', '2025-10-31T16:50:58.307484+00:00', false, false, true) ON CONFLICT (document_id, name_id) DO NOTHING;
-- document_parameter_fields_junction
INSERT INTO public.document_parameter_fields_junction (document_id, parameter_field_id, active, generated, mcp, created_at) VALUES ('019b3be4-324b-738e-bf8e-4ce08f2aa2e4', 'e319e17c-434c-4845-913d-77f1a1bcd101', true, false, false, '2025-10-31T16:50:58.307484+00:00') ON CONFLICT (document_id, parameter_field_id) DO NOTHING;
INSERT INTO public.document_parameter_fields_junction (document_id, parameter_field_id, active, generated, mcp, created_at) VALUES ('019b3be4-324b-738e-bf8e-4ce08f2aa2e4', '6ad41434-4e38-4ff3-8769-ce161e18917a', true, false, false, '2025-12-03T13:30:24.007753+00:00') ON CONFLICT (document_id, parameter_field_id) DO NOTHING;
-- document_parameters_junction
INSERT INTO public.document_parameters_junction (document_id, parameter_id, type, created_at, active, generated, mcp) VALUES ('019b3be4-324b-738e-bf8e-4ce08f2aa2e4', '019bb25e-e620-7f9a-a3b6-8b7230c1e51c', 'direct', '2025-10-31T16:50:58.307484+00:00', true, false, false) ON CONFLICT (document_id, parameter_id, type) DO NOTHING;
INSERT INTO public.document_parameters_junction (document_id, parameter_id, type, created_at, active, generated, mcp) VALUES ('019b3be4-324b-738e-bf8e-4ce08f2aa2e4', '019bb25e-e621-7027-abc4-9b86171ee17b', 'direct', '2025-12-03T13:30:24.007753+00:00', true, false, false) ON CONFLICT (document_id, parameter_id, type) DO NOTHING;
-- document_departments_junction
INSERT INTO public.document_departments_junction (active, created_at, department_id, document_id, generated, mcp) VALUES (true, '2025-10-31T16:50:58.307484+00:00', '019bb25e-e624-7461-ae69-85ba6cc54ae7', '019b3be4-324b-73b8-bec8-e57f9b3775ba', false, false) ON CONFLICT (document_id, department_id) DO NOTHING;
-- document_descriptions_junction
INSERT INTO public.document_descriptions_junction (document_id, description_id, created_at, generated, mcp, active) VALUES ('019b3be4-324b-73b8-bec8-e57f9b3775ba', '019c0af9-a701-7982-b4a5-6bda4547dddd', '2026-01-29T18:17:39.327225+00:00', false, false, true) ON CONFLICT (document_id, description_id) DO NOTHING;
-- document_documents_junction
INSERT INTO public.document_documents_junction (document_id, documents_id, active, created_at, generated, mcp) VALUES ('019b3be4-324b-73b8-bec8-e57f9b3775ba', '019bb25e-e619-77fd-b0a7-0b118373ec3a', true, '2025-10-31T16:50:58.307484+00:00', false, false) ON CONFLICT (document_id, documents_id) DO NOTHING;
-- document_flags_junction
INSERT INTO public.document_flags_junction (document_id, flag_id, value, created_at, generated, mcp, active) VALUES ('019b3be4-324b-73b8-bec8-e57f9b3775ba', '019b995a-86ef-78bb-87a8-0de554b128bb', false, '2025-10-31T16:50:58.307484+00:00', false, false, true) ON CONFLICT (document_id, flag_id) DO NOTHING;
INSERT INTO public.document_flags_junction (document_id, flag_id, value, created_at, generated, mcp, active) VALUES ('019b3be4-324b-73b8-bec8-e57f9b3775ba', '019be334-bfc4-7b69-96a1-6cf5422bba50', true, '2025-10-31T16:50:58.307484+00:00', false, false, true) ON CONFLICT (document_id, flag_id) DO NOTHING;
-- document_names_junction
INSERT INTO public.document_names_junction (document_id, name_id, created_at, generated, mcp, active) VALUES ('019b3be4-324b-73b8-bec8-e57f9b3775ba', '019b995c-8e8e-7a1a-9a50-eda8471eb30c', '2025-10-31T16:50:58.307484+00:00', false, false, true) ON CONFLICT (document_id, name_id) DO NOTHING;
-- document_parameter_fields_junction
INSERT INTO public.document_parameter_fields_junction (document_id, parameter_field_id, active, generated, mcp, created_at) VALUES ('019b3be4-324b-73b8-bec8-e57f9b3775ba', '36f66040-4388-48cc-a3e8-39c2aefc7a06', true, false, false, '2025-10-31T16:50:58.307484+00:00') ON CONFLICT (document_id, parameter_field_id) DO NOTHING;
INSERT INTO public.document_parameter_fields_junction (document_id, parameter_field_id, active, generated, mcp, created_at) VALUES ('019b3be4-324b-73b8-bec8-e57f9b3775ba', '9899b09d-4360-49d1-af79-f1dffbc55197', true, false, false, '2025-12-03T13:30:24.007753+00:00') ON CONFLICT (document_id, parameter_field_id) DO NOTHING;
-- document_parameters_junction
INSERT INTO public.document_parameters_junction (document_id, parameter_id, type, created_at, active, generated, mcp) VALUES ('019b3be4-324b-73b8-bec8-e57f9b3775ba', '019bb25e-e620-7f9a-a3b6-8b7230c1e51c', 'direct', '2025-10-31T16:50:58.307484+00:00', true, false, false) ON CONFLICT (document_id, parameter_id, type) DO NOTHING;
INSERT INTO public.document_parameters_junction (document_id, parameter_id, type, created_at, active, generated, mcp) VALUES ('019b3be4-324b-73b8-bec8-e57f9b3775ba', '019bb25e-e621-7027-abc4-9b86171ee17b', 'direct', '2025-12-03T13:30:24.007753+00:00', true, false, false) ON CONFLICT (document_id, parameter_id, type) DO NOTHING;
-- document_departments_junction
INSERT INTO public.document_departments_junction (active, created_at, department_id, document_id, generated, mcp) VALUES (true, '2025-10-31T16:50:58.307484+00:00', '019bb25e-e624-7455-a0f7-2248e8c5a63b', '019b3be4-324b-7353-9a6f-3b3b7fa12b3d', false, false) ON CONFLICT (document_id, department_id) DO NOTHING;
-- document_descriptions_junction
INSERT INTO public.document_descriptions_junction (document_id, description_id, created_at, generated, mcp, active) VALUES ('019b3be4-324b-7353-9a6f-3b3b7fa12b3d', '019c0af9-a701-79d2-8b8e-5b2df94a9f02', '2026-01-29T18:17:39.327225+00:00', false, false, true) ON CONFLICT (document_id, description_id) DO NOTHING;
-- document_documents_junction
INSERT INTO public.document_documents_junction (document_id, documents_id, active, created_at, generated, mcp) VALUES ('019b3be4-324b-7353-9a6f-3b3b7fa12b3d', '019bb25e-e619-7801-89ca-4f1b2dc50497', true, '2025-10-31T16:50:58.307484+00:00', false, false) ON CONFLICT (document_id, documents_id) DO NOTHING;
-- document_flags_junction
INSERT INTO public.document_flags_junction (document_id, flag_id, value, created_at, generated, mcp, active) VALUES ('019b3be4-324b-7353-9a6f-3b3b7fa12b3d', '019b995a-86ef-78bb-87a8-0de554b128bb', false, '2025-10-31T16:50:58.307484+00:00', false, false, true) ON CONFLICT (document_id, flag_id) DO NOTHING;
INSERT INTO public.document_flags_junction (document_id, flag_id, value, created_at, generated, mcp, active) VALUES ('019b3be4-324b-7353-9a6f-3b3b7fa12b3d', '019be334-bfc4-7b69-96a1-6cf5422bba50', true, '2025-10-31T16:50:58.307484+00:00', false, false, true) ON CONFLICT (document_id, flag_id) DO NOTHING;
-- document_names_junction
INSERT INTO public.document_names_junction (document_id, name_id, created_at, generated, mcp, active) VALUES ('019b3be4-324b-7353-9a6f-3b3b7fa12b3d', '019b995c-8e8e-7a81-b2a9-37296cb6bf5e', '2025-10-31T16:50:58.307484+00:00', false, false, true) ON CONFLICT (document_id, name_id) DO NOTHING;
-- document_parameter_fields_junction
INSERT INTO public.document_parameter_fields_junction (document_id, parameter_field_id, active, generated, mcp, created_at) VALUES ('019b3be4-324b-7353-9a6f-3b3b7fa12b3d', 'f6762511-3911-4077-a56e-2599740df7b7', true, false, false, '2025-10-31T16:50:58.307484+00:00') ON CONFLICT (document_id, parameter_field_id) DO NOTHING;
INSERT INTO public.document_parameter_fields_junction (document_id, parameter_field_id, active, generated, mcp, created_at) VALUES ('019b3be4-324b-7353-9a6f-3b3b7fa12b3d', 'b491547d-bf08-4119-8c8a-09d61d41bfb9', true, false, false, '2025-12-03T13:30:24.007753+00:00') ON CONFLICT (document_id, parameter_field_id) DO NOTHING;
-- document_parameters_junction
INSERT INTO public.document_parameters_junction (document_id, parameter_id, type, created_at, active, generated, mcp) VALUES ('019b3be4-324b-7353-9a6f-3b3b7fa12b3d', '019bb25e-e620-7f9a-a3b6-8b7230c1e51c', 'direct', '2025-10-31T16:50:58.307484+00:00', true, false, false) ON CONFLICT (document_id, parameter_id, type) DO NOTHING;
INSERT INTO public.document_parameters_junction (document_id, parameter_id, type, created_at, active, generated, mcp) VALUES ('019b3be4-324b-7353-9a6f-3b3b7fa12b3d', '019bb25e-e621-7027-abc4-9b86171ee17b', 'direct', '2025-12-03T13:30:24.007753+00:00', true, false, false) ON CONFLICT (document_id, parameter_id, type) DO NOTHING;
-- document_departments_junction
INSERT INTO public.document_departments_junction (active, created_at, department_id, document_id, generated, mcp) VALUES (true, '2025-10-31T16:50:58.307484+00:00', '019bb25e-e624-7461-ae69-85ba6cc54ae7', '019b3be4-324b-73b3-bdce-2982018ffd77', false, false) ON CONFLICT (document_id, department_id) DO NOTHING;
-- document_descriptions_junction
INSERT INTO public.document_descriptions_junction (document_id, description_id, created_at, generated, mcp, active) VALUES ('019b3be4-324b-73b3-bdce-2982018ffd77', '019c0af9-a701-7a80-ac51-93285d0908fa', '2026-01-29T18:17:39.327225+00:00', false, false, true) ON CONFLICT (document_id, description_id) DO NOTHING;
-- document_documents_junction
INSERT INTO public.document_documents_junction (document_id, documents_id, active, created_at, generated, mcp) VALUES ('019b3be4-324b-73b3-bdce-2982018ffd77', '019bb25e-e619-7808-aebe-14cc6d12fddf', true, '2025-10-31T16:50:58.307484+00:00', false, false) ON CONFLICT (document_id, documents_id) DO NOTHING;
-- document_flags_junction
INSERT INTO public.document_flags_junction (document_id, flag_id, value, created_at, generated, mcp, active) VALUES ('019b3be4-324b-73b3-bdce-2982018ffd77', '019b995a-86ef-78bb-87a8-0de554b128bb', false, '2025-10-31T16:50:58.307484+00:00', false, false, true) ON CONFLICT (document_id, flag_id) DO NOTHING;
INSERT INTO public.document_flags_junction (document_id, flag_id, value, created_at, generated, mcp, active) VALUES ('019b3be4-324b-73b3-bdce-2982018ffd77', '019be334-bfc4-7b69-96a1-6cf5422bba50', true, '2025-10-31T16:50:58.307484+00:00', false, false, true) ON CONFLICT (document_id, flag_id) DO NOTHING;
-- document_names_junction
INSERT INTO public.document_names_junction (document_id, name_id, created_at, generated, mcp, active) VALUES ('019b3be4-324b-73b3-bdce-2982018ffd77', '019b995c-8e8e-7a40-a368-f799967938ce', '2025-10-31T16:50:58.307484+00:00', false, false, true) ON CONFLICT (document_id, name_id) DO NOTHING;
-- document_parameter_fields_junction
INSERT INTO public.document_parameter_fields_junction (document_id, parameter_field_id, active, generated, mcp, created_at) VALUES ('019b3be4-324b-73b3-bdce-2982018ffd77', '67cea0be-3c4e-4096-a250-c5129a1c8767', true, false, false, '2025-10-31T16:50:58.307484+00:00') ON CONFLICT (document_id, parameter_field_id) DO NOTHING;
INSERT INTO public.document_parameter_fields_junction (document_id, parameter_field_id, active, generated, mcp, created_at) VALUES ('019b3be4-324b-73b3-bdce-2982018ffd77', '5cd23cda-a5ce-4b62-8b8e-405d6c037101', true, false, false, '2025-12-03T13:30:24.007753+00:00') ON CONFLICT (document_id, parameter_field_id) DO NOTHING;
-- document_parameters_junction
INSERT INTO public.document_parameters_junction (document_id, parameter_id, type, created_at, active, generated, mcp) VALUES ('019b3be4-324b-73b3-bdce-2982018ffd77', '019bb25e-e620-7f9a-a3b6-8b7230c1e51c', 'direct', '2025-10-31T16:50:58.307484+00:00', true, false, false) ON CONFLICT (document_id, parameter_id, type) DO NOTHING;
INSERT INTO public.document_parameters_junction (document_id, parameter_id, type, created_at, active, generated, mcp) VALUES ('019b3be4-324b-73b3-bdce-2982018ffd77', '019bb25e-e621-7027-abc4-9b86171ee17b', 'direct', '2025-12-03T13:30:24.007753+00:00', true, false, false) ON CONFLICT (document_id, parameter_id, type) DO NOTHING;
-- document_departments_junction
INSERT INTO public.document_departments_junction (active, created_at, department_id, document_id, generated, mcp) VALUES (true, '2025-10-31T16:50:58.307484+00:00', '019bb25e-e624-744f-a6b0-21686815b719', '019b3be4-324b-7398-acfb-a10b47bd38fc', false, false) ON CONFLICT (document_id, department_id) DO NOTHING;
-- document_descriptions_junction
INSERT INTO public.document_descriptions_junction (document_id, description_id, created_at, generated, mcp, active) VALUES ('019b3be4-324b-7398-acfb-a10b47bd38fc', '019c0af9-a701-72af-bf0e-0172441698cf', '2026-01-29T18:17:39.327225+00:00', false, false, true) ON CONFLICT (document_id, description_id) DO NOTHING;
-- document_documents_junction
INSERT INTO public.document_documents_junction (document_id, documents_id, active, created_at, generated, mcp) VALUES ('019b3be4-324b-7398-acfb-a10b47bd38fc', '019bb25e-e619-77c3-ac44-56466d6f9f4f', true, '2025-10-31T16:50:58.307484+00:00', false, false) ON CONFLICT (document_id, documents_id) DO NOTHING;
-- document_flags_junction
INSERT INTO public.document_flags_junction (document_id, flag_id, value, created_at, generated, mcp, active) VALUES ('019b3be4-324b-7398-acfb-a10b47bd38fc', '019b995a-86ef-78bb-87a8-0de554b128bb', false, '2025-10-31T16:50:58.307484+00:00', false, false, true) ON CONFLICT (document_id, flag_id) DO NOTHING;
INSERT INTO public.document_flags_junction (document_id, flag_id, value, created_at, generated, mcp, active) VALUES ('019b3be4-324b-7398-acfb-a10b47bd38fc', '019be334-bfc4-7b69-96a1-6cf5422bba50', true, '2025-10-31T16:50:58.307484+00:00', false, false, true) ON CONFLICT (document_id, flag_id) DO NOTHING;
-- document_names_junction
INSERT INTO public.document_names_junction (document_id, name_id, created_at, generated, mcp, active) VALUES ('019b3be4-324b-7398-acfb-a10b47bd38fc', '019b995c-8e8e-7a4e-8715-115cf2bdeab7', '2025-10-31T16:50:58.307484+00:00', false, false, true) ON CONFLICT (document_id, name_id) DO NOTHING;
-- document_parameter_fields_junction
INSERT INTO public.document_parameter_fields_junction (document_id, parameter_field_id, active, generated, mcp, created_at) VALUES ('019b3be4-324b-7398-acfb-a10b47bd38fc', '2d8f9e49-01b4-4ece-847a-c5ba0e488429', true, false, false, '2025-10-31T16:50:58.307484+00:00') ON CONFLICT (document_id, parameter_field_id) DO NOTHING;
INSERT INTO public.document_parameter_fields_junction (document_id, parameter_field_id, active, generated, mcp, created_at) VALUES ('019b3be4-324b-7398-acfb-a10b47bd38fc', 'dbaebb21-93d5-4850-a692-83c294c75e73', true, false, false, '2025-12-03T13:30:24.007753+00:00') ON CONFLICT (document_id, parameter_field_id) DO NOTHING;
-- document_parameters_junction
INSERT INTO public.document_parameters_junction (document_id, parameter_id, type, created_at, active, generated, mcp) VALUES ('019b3be4-324b-7398-acfb-a10b47bd38fc', '019bb25e-e620-7f9a-a3b6-8b7230c1e51c', 'direct', '2025-10-31T16:50:58.307484+00:00', true, false, false) ON CONFLICT (document_id, parameter_id, type) DO NOTHING;
INSERT INTO public.document_parameters_junction (document_id, parameter_id, type, created_at, active, generated, mcp) VALUES ('019b3be4-324b-7398-acfb-a10b47bd38fc', '019bb25e-e621-7027-abc4-9b86171ee17b', 'direct', '2025-12-03T13:30:24.007753+00:00', true, false, false) ON CONFLICT (document_id, parameter_id, type) DO NOTHING;
-- document_departments_junction
INSERT INTO public.document_departments_junction (active, created_at, department_id, document_id, generated, mcp) VALUES (true, '2025-10-31T16:50:58.307484+00:00', '019bb25e-e624-745f-85ac-d4c79657d7e1', '019b3be4-324b-739d-9257-cf1300318418', false, false) ON CONFLICT (document_id, department_id) DO NOTHING;
-- document_descriptions_junction
INSERT INTO public.document_descriptions_junction (document_id, description_id, created_at, generated, mcp, active) VALUES ('019b3be4-324b-739d-9257-cf1300318418', '019c0af9-a701-7368-b56a-f6e6704bc4b4', '2026-01-29T18:17:39.327225+00:00', false, false, true) ON CONFLICT (document_id, description_id) DO NOTHING;
-- document_documents_junction
INSERT INTO public.document_documents_junction (document_id, documents_id, active, created_at, generated, mcp) VALUES ('019b3be4-324b-739d-9257-cf1300318418', '019bb25e-e619-77c4-a48b-5dc657593922', true, '2025-10-31T16:50:58.307484+00:00', false, false) ON CONFLICT (document_id, documents_id) DO NOTHING;
-- document_flags_junction
INSERT INTO public.document_flags_junction (document_id, flag_id, value, created_at, generated, mcp, active) VALUES ('019b3be4-324b-739d-9257-cf1300318418', '019b995a-86ef-78bb-87a8-0de554b128bb', false, '2025-10-31T16:50:58.307484+00:00', false, false, true) ON CONFLICT (document_id, flag_id) DO NOTHING;
INSERT INTO public.document_flags_junction (document_id, flag_id, value, created_at, generated, mcp, active) VALUES ('019b3be4-324b-739d-9257-cf1300318418', '019be334-bfc4-7b69-96a1-6cf5422bba50', true, '2025-10-31T16:50:58.307484+00:00', false, false, true) ON CONFLICT (document_id, flag_id) DO NOTHING;
-- document_names_junction
INSERT INTO public.document_names_junction (document_id, name_id, created_at, generated, mcp, active) VALUES ('019b3be4-324b-739d-9257-cf1300318418', '019b995c-8e8e-7a54-b505-2d74e07c5960', '2025-10-31T16:50:58.307484+00:00', false, false, true) ON CONFLICT (document_id, name_id) DO NOTHING;
-- document_parameter_fields_junction
INSERT INTO public.document_parameter_fields_junction (document_id, parameter_field_id, active, generated, mcp, created_at) VALUES ('019b3be4-324b-739d-9257-cf1300318418', 'ebf2df93-4931-4656-b066-ecb9fc310fe4', true, false, false, '2025-10-31T16:50:58.307484+00:00') ON CONFLICT (document_id, parameter_field_id) DO NOTHING;
INSERT INTO public.document_parameter_fields_junction (document_id, parameter_field_id, active, generated, mcp, created_at) VALUES ('019b3be4-324b-739d-9257-cf1300318418', '83779589-5109-4ff6-9d19-28d22a6fe19c', true, false, false, '2025-12-03T13:30:24.007753+00:00') ON CONFLICT (document_id, parameter_field_id) DO NOTHING;
-- document_parameters_junction
INSERT INTO public.document_parameters_junction (document_id, parameter_id, type, created_at, active, generated, mcp) VALUES ('019b3be4-324b-739d-9257-cf1300318418', '019bb25e-e620-7f9a-a3b6-8b7230c1e51c', 'direct', '2025-10-31T16:50:58.307484+00:00', true, false, false) ON CONFLICT (document_id, parameter_id, type) DO NOTHING;
INSERT INTO public.document_parameters_junction (document_id, parameter_id, type, created_at, active, generated, mcp) VALUES ('019b3be4-324b-739d-9257-cf1300318418', '019bb25e-e621-7027-abc4-9b86171ee17b', 'direct', '2025-12-03T13:30:24.007753+00:00', true, false, false) ON CONFLICT (document_id, parameter_id, type) DO NOTHING;
-- document_departments_junction
INSERT INTO public.document_departments_junction (active, created_at, department_id, document_id, generated, mcp) VALUES (true, '2025-10-31T16:50:58.307484+00:00', '019bb25e-e624-745f-85ac-d4c79657d7e1', '019b3be4-324b-73a4-9cd7-62ba7dfdc7ab', false, false) ON CONFLICT (document_id, department_id) DO NOTHING;
-- document_descriptions_junction
INSERT INTO public.document_descriptions_junction (document_id, description_id, created_at, generated, mcp, active) VALUES ('019b3be4-324b-73a4-9cd7-62ba7dfdc7ab', '019c0af9-a701-7420-bce7-8c7615ed29b0', '2026-01-29T18:17:39.327225+00:00', false, false, true) ON CONFLICT (document_id, description_id) DO NOTHING;
-- document_documents_junction
INSERT INTO public.document_documents_junction (document_id, documents_id, active, created_at, generated, mcp) VALUES ('019b3be4-324b-73a4-9cd7-62ba7dfdc7ab', '019bb25e-e619-77ca-b3e6-ea417e6ef5ab', true, '2025-10-31T16:50:58.307484+00:00', false, false) ON CONFLICT (document_id, documents_id) DO NOTHING;
-- document_flags_junction
INSERT INTO public.document_flags_junction (document_id, flag_id, value, created_at, generated, mcp, active) VALUES ('019b3be4-324b-73a4-9cd7-62ba7dfdc7ab', '019b995a-86ef-78bb-87a8-0de554b128bb', false, '2025-10-31T16:50:58.307484+00:00', false, false, true) ON CONFLICT (document_id, flag_id) DO NOTHING;
INSERT INTO public.document_flags_junction (document_id, flag_id, value, created_at, generated, mcp, active) VALUES ('019b3be4-324b-73a4-9cd7-62ba7dfdc7ab', '019be334-bfc4-7b69-96a1-6cf5422bba50', true, '2025-10-31T16:50:58.307484+00:00', false, false, true) ON CONFLICT (document_id, flag_id) DO NOTHING;
-- document_names_junction
INSERT INTO public.document_names_junction (document_id, name_id, created_at, generated, mcp, active) VALUES ('019b3be4-324b-73a4-9cd7-62ba7dfdc7ab', '019b995c-8e8e-7a87-b716-ffd07d152151', '2025-10-31T16:50:58.307484+00:00', false, false, true) ON CONFLICT (document_id, name_id) DO NOTHING;
-- document_parameter_fields_junction
INSERT INTO public.document_parameter_fields_junction (document_id, parameter_field_id, active, generated, mcp, created_at) VALUES ('019b3be4-324b-73a4-9cd7-62ba7dfdc7ab', '81bd5217-2b24-49f6-89dd-3916713382cd', true, false, false, '2025-10-31T16:50:58.307484+00:00') ON CONFLICT (document_id, parameter_field_id) DO NOTHING;
INSERT INTO public.document_parameter_fields_junction (document_id, parameter_field_id, active, generated, mcp, created_at) VALUES ('019b3be4-324b-73a4-9cd7-62ba7dfdc7ab', '285190b8-7dd9-4d55-8786-9e719ee66815', true, false, false, '2025-12-03T13:30:24.007753+00:00') ON CONFLICT (document_id, parameter_field_id) DO NOTHING;
-- document_parameters_junction
INSERT INTO public.document_parameters_junction (document_id, parameter_id, type, created_at, active, generated, mcp) VALUES ('019b3be4-324b-73a4-9cd7-62ba7dfdc7ab', '019bb25e-e620-7f9a-a3b6-8b7230c1e51c', 'direct', '2025-10-31T16:50:58.307484+00:00', true, false, false) ON CONFLICT (document_id, parameter_id, type) DO NOTHING;
INSERT INTO public.document_parameters_junction (document_id, parameter_id, type, created_at, active, generated, mcp) VALUES ('019b3be4-324b-73a4-9cd7-62ba7dfdc7ab', '019bb25e-e621-7027-abc4-9b86171ee17b', 'direct', '2025-12-03T13:30:24.007753+00:00', true, false, false) ON CONFLICT (document_id, parameter_id, type) DO NOTHING;
-- document_departments_junction
INSERT INTO public.document_departments_junction (active, created_at, department_id, document_id, generated, mcp) VALUES (true, '2025-10-31T16:50:58.307484+00:00', '019bb25e-e624-745f-85ac-d4c79657d7e1', '019b3be4-324b-73ac-9e8f-2116a198e90a', false, false) ON CONFLICT (document_id, department_id) DO NOTHING;
-- document_descriptions_junction
INSERT INTO public.document_descriptions_junction (document_id, description_id, created_at, generated, mcp, active) VALUES ('019b3be4-324b-73ac-9e8f-2116a198e90a', '019c0af9-a701-74d4-bbc6-b91b14c86e99', '2026-01-29T18:17:39.327225+00:00', false, false, true) ON CONFLICT (document_id, description_id) DO NOTHING;
-- document_documents_junction
INSERT INTO public.document_documents_junction (document_id, documents_id, active, created_at, generated, mcp) VALUES ('019b3be4-324b-73ac-9e8f-2116a198e90a', '019bb25e-e619-77cc-992c-2c1d2922d0eb', true, '2025-10-31T16:50:58.307484+00:00', false, false) ON CONFLICT (document_id, documents_id) DO NOTHING;
-- document_flags_junction
INSERT INTO public.document_flags_junction (document_id, flag_id, value, created_at, generated, mcp, active) VALUES ('019b3be4-324b-73ac-9e8f-2116a198e90a', '019b995a-86ef-78bb-87a8-0de554b128bb', false, '2025-10-31T16:50:58.307484+00:00', false, false, true) ON CONFLICT (document_id, flag_id) DO NOTHING;
INSERT INTO public.document_flags_junction (document_id, flag_id, value, created_at, generated, mcp, active) VALUES ('019b3be4-324b-73ac-9e8f-2116a198e90a', '019be334-bfc4-7b69-96a1-6cf5422bba50', true, '2025-10-31T16:50:58.307484+00:00', false, false, true) ON CONFLICT (document_id, flag_id) DO NOTHING;
-- document_names_junction
INSERT INTO public.document_names_junction (document_id, name_id, created_at, generated, mcp, active) VALUES ('019b3be4-324b-73ac-9e8f-2116a198e90a', '019b995c-8e8e-7a2d-9d73-00eddff46ad5', '2025-10-31T16:50:58.307484+00:00', false, false, true) ON CONFLICT (document_id, name_id) DO NOTHING;
-- document_parameter_fields_junction
INSERT INTO public.document_parameter_fields_junction (document_id, parameter_field_id, active, generated, mcp, created_at) VALUES ('019b3be4-324b-73ac-9e8f-2116a198e90a', '8143f9c5-2b96-4146-a8a0-5e02e0dbe53a', true, false, false, '2025-10-31T16:50:58.307484+00:00') ON CONFLICT (document_id, parameter_field_id) DO NOTHING;
INSERT INTO public.document_parameter_fields_junction (document_id, parameter_field_id, active, generated, mcp, created_at) VALUES ('019b3be4-324b-73ac-9e8f-2116a198e90a', 'd4cf49d4-6594-4b2c-bfff-dce612e8b83e', true, false, false, '2025-12-03T13:30:24.007753+00:00') ON CONFLICT (document_id, parameter_field_id) DO NOTHING;
-- document_parameters_junction
INSERT INTO public.document_parameters_junction (document_id, parameter_id, type, created_at, active, generated, mcp) VALUES ('019b3be4-324b-73ac-9e8f-2116a198e90a', '019bb25e-e620-7f9a-a3b6-8b7230c1e51c', 'direct', '2025-10-31T16:50:58.307484+00:00', true, false, false) ON CONFLICT (document_id, parameter_id, type) DO NOTHING;
INSERT INTO public.document_parameters_junction (document_id, parameter_id, type, created_at, active, generated, mcp) VALUES ('019b3be4-324b-73ac-9e8f-2116a198e90a', '019bb25e-e621-7027-abc4-9b86171ee17b', 'direct', '2025-12-03T13:30:24.007753+00:00', true, false, false) ON CONFLICT (document_id, parameter_id, type) DO NOTHING;
-- document_departments_junction
INSERT INTO public.document_departments_junction (active, created_at, department_id, document_id, generated, mcp) VALUES (true, '2025-10-31T16:50:58.307484+00:00', '019bb25e-e624-7461-ae69-85ba6cc54ae7', '019b3be4-324b-73bf-a1e9-4bff0f3ee1ac', false, false) ON CONFLICT (document_id, department_id) DO NOTHING;
-- document_descriptions_junction
INSERT INTO public.document_descriptions_junction (document_id, description_id, created_at, generated, mcp, active) VALUES ('019b3be4-324b-73bf-a1e9-4bff0f3ee1ac', '019c0af9-a701-7582-9f75-4d50e30c6eed', '2026-01-29T18:17:39.327225+00:00', false, false, true) ON CONFLICT (document_id, description_id) DO NOTHING;
-- document_documents_junction
INSERT INTO public.document_documents_junction (document_id, documents_id, active, created_at, generated, mcp) VALUES ('019b3be4-324b-73bf-a1e9-4bff0f3ee1ac', '019bb25e-e619-77d1-ac65-46fd496a132a', true, '2025-10-31T16:50:58.307484+00:00', false, false) ON CONFLICT (document_id, documents_id) DO NOTHING;
-- document_flags_junction
INSERT INTO public.document_flags_junction (document_id, flag_id, value, created_at, generated, mcp, active) VALUES ('019b3be4-324b-73bf-a1e9-4bff0f3ee1ac', '019b995a-86ef-78bb-87a8-0de554b128bb', false, '2025-10-31T16:50:58.307484+00:00', false, false, true) ON CONFLICT (document_id, flag_id) DO NOTHING;
INSERT INTO public.document_flags_junction (document_id, flag_id, value, created_at, generated, mcp, active) VALUES ('019b3be4-324b-73bf-a1e9-4bff0f3ee1ac', '019be334-bfc4-7b69-96a1-6cf5422bba50', true, '2025-10-31T16:50:58.307484+00:00', false, false, true) ON CONFLICT (document_id, flag_id) DO NOTHING;
-- document_names_junction
INSERT INTO public.document_names_junction (document_id, name_id, created_at, generated, mcp, active) VALUES ('019b3be4-324b-73bf-a1e9-4bff0f3ee1ac', '019b995c-8e8e-7a67-8edb-bcae0ccedc5a', '2025-10-31T16:50:58.307484+00:00', false, false, true) ON CONFLICT (document_id, name_id) DO NOTHING;
-- document_parameter_fields_junction
INSERT INTO public.document_parameter_fields_junction (document_id, parameter_field_id, active, generated, mcp, created_at) VALUES ('019b3be4-324b-73bf-a1e9-4bff0f3ee1ac', 'f11c060d-6f9e-4797-acf7-f4ca9a3ca883', true, false, false, '2025-10-31T16:50:58.307484+00:00') ON CONFLICT (document_id, parameter_field_id) DO NOTHING;
INSERT INTO public.document_parameter_fields_junction (document_id, parameter_field_id, active, generated, mcp, created_at) VALUES ('019b3be4-324b-73bf-a1e9-4bff0f3ee1ac', 'a2a6e56d-4b50-4a79-bda4-f49a37567b34', true, false, false, '2025-12-03T13:30:24.007753+00:00') ON CONFLICT (document_id, parameter_field_id) DO NOTHING;
-- document_parameters_junction
INSERT INTO public.document_parameters_junction (document_id, parameter_id, type, created_at, active, generated, mcp) VALUES ('019b3be4-324b-73bf-a1e9-4bff0f3ee1ac', '019bb25e-e620-7f9a-a3b6-8b7230c1e51c', 'direct', '2025-10-31T16:50:58.307484+00:00', true, false, false) ON CONFLICT (document_id, parameter_id, type) DO NOTHING;
INSERT INTO public.document_parameters_junction (document_id, parameter_id, type, created_at, active, generated, mcp) VALUES ('019b3be4-324b-73bf-a1e9-4bff0f3ee1ac', '019bb25e-e621-7027-abc4-9b86171ee17b', 'direct', '2025-12-03T13:30:24.007753+00:00', true, false, false) ON CONFLICT (document_id, parameter_id, type) DO NOTHING;
-- document_departments_junction
INSERT INTO public.document_departments_junction (active, created_at, department_id, document_id, generated, mcp) VALUES (true, '2025-10-31T16:50:58.307484+00:00', '019bb25e-e624-7455-a0f7-2248e8c5a63b', '019b3be4-324b-7349-930f-18c29f96c7cc', false, false) ON CONFLICT (document_id, department_id) DO NOTHING;
-- document_descriptions_junction
INSERT INTO public.document_descriptions_junction (document_id, description_id, created_at, generated, mcp, active) VALUES ('019b3be4-324b-7349-930f-18c29f96c7cc', '019c0af9-a701-75e6-8252-e91e43f65ef5', '2026-01-29T18:17:39.327225+00:00', false, false, true) ON CONFLICT (document_id, description_id) DO NOTHING;
-- document_documents_junction
INSERT INTO public.document_documents_junction (document_id, documents_id, active, created_at, generated, mcp) VALUES ('019b3be4-324b-7349-930f-18c29f96c7cc', '019bb25e-e619-77d6-928f-43f7b93cbb0a', true, '2025-10-31T16:50:58.307484+00:00', false, false) ON CONFLICT (document_id, documents_id) DO NOTHING;
-- document_flags_junction
INSERT INTO public.document_flags_junction (document_id, flag_id, value, created_at, generated, mcp, active) VALUES ('019b3be4-324b-7349-930f-18c29f96c7cc', '019b995a-86ef-78bb-87a8-0de554b128bb', false, '2025-10-31T16:50:58.307484+00:00', false, false, true) ON CONFLICT (document_id, flag_id) DO NOTHING;
INSERT INTO public.document_flags_junction (document_id, flag_id, value, created_at, generated, mcp, active) VALUES ('019b3be4-324b-7349-930f-18c29f96c7cc', '019be334-bfc4-7b69-96a1-6cf5422bba50', true, '2025-10-31T16:50:58.307484+00:00', false, false, true) ON CONFLICT (document_id, flag_id) DO NOTHING;
-- document_names_junction
INSERT INTO public.document_names_junction (document_id, name_id, created_at, generated, mcp, active) VALUES ('019b3be4-324b-7349-930f-18c29f96c7cc', '019b995c-8e8e-7a70-b6b5-b34b60b95769', '2025-10-31T16:50:58.307484+00:00', false, false, true) ON CONFLICT (document_id, name_id) DO NOTHING;
-- document_parameter_fields_junction
INSERT INTO public.document_parameter_fields_junction (document_id, parameter_field_id, active, generated, mcp, created_at) VALUES ('019b3be4-324b-7349-930f-18c29f96c7cc', '15b0a487-10b1-46ac-acd5-7bb6b5ba1328', true, false, false, '2025-10-31T16:50:58.307484+00:00') ON CONFLICT (document_id, parameter_field_id) DO NOTHING;
INSERT INTO public.document_parameter_fields_junction (document_id, parameter_field_id, active, generated, mcp, created_at) VALUES ('019b3be4-324b-7349-930f-18c29f96c7cc', '28b682bf-f4c8-40f2-b833-21e670db0ca2', true, false, false, '2025-12-03T13:30:24.007753+00:00') ON CONFLICT (document_id, parameter_field_id) DO NOTHING;
-- document_parameters_junction
INSERT INTO public.document_parameters_junction (document_id, parameter_id, type, created_at, active, generated, mcp) VALUES ('019b3be4-324b-7349-930f-18c29f96c7cc', '019bb25e-e620-7f9a-a3b6-8b7230c1e51c', 'direct', '2025-10-31T16:50:58.307484+00:00', true, false, false) ON CONFLICT (document_id, parameter_id, type) DO NOTHING;
INSERT INTO public.document_parameters_junction (document_id, parameter_id, type, created_at, active, generated, mcp) VALUES ('019b3be4-324b-7349-930f-18c29f96c7cc', '019bb25e-e621-7027-abc4-9b86171ee17b', 'direct', '2025-12-03T13:30:24.007753+00:00', true, false, false) ON CONFLICT (document_id, parameter_id, type) DO NOTHING;
-- document_descriptions_junction
INSERT INTO public.document_descriptions_junction (document_id, description_id, created_at, generated, mcp, active) VALUES ('019b3be4-324b-73d4-b4a8-bfeec508838d', '019c0af9-a701-7b34-8702-70c808e2f1fb', '2026-01-29T18:17:39.327225+00:00', false, false, true) ON CONFLICT (document_id, description_id) DO NOTHING;
-- document_documents_junction
INSERT INTO public.document_documents_junction (document_id, documents_id, active, created_at, generated, mcp) VALUES ('019b3be4-324b-73d4-b4a8-bfeec508838d', '019bb25e-e619-7839-b017-f8f078788555', true, '2025-12-02T21:29:26.457679+00:00', false, false) ON CONFLICT (document_id, documents_id) DO NOTHING;
-- document_flags_junction
INSERT INTO public.document_flags_junction (document_id, flag_id, value, created_at, generated, mcp, active) VALUES ('019b3be4-324b-73d4-b4a8-bfeec508838d', '019b995a-86ef-78bb-87a8-0de554b128bb', false, '2025-12-02T21:29:26.457679+00:00', false, false, true) ON CONFLICT (document_id, flag_id) DO NOTHING;
INSERT INTO public.document_flags_junction (document_id, flag_id, value, created_at, generated, mcp, active) VALUES ('019b3be4-324b-73d4-b4a8-bfeec508838d', '019be334-bfc4-7b69-96a1-6cf5422bba50', true, '2025-12-02T21:29:26.457679+00:00', false, false, true) ON CONFLICT (document_id, flag_id) DO NOTHING;
-- document_names_junction
INSERT INTO public.document_names_junction (document_id, name_id, created_at, generated, mcp, active) VALUES ('019b3be4-324b-73d4-b4a8-bfeec508838d', '019b995c-8e8e-7a78-88b1-df0930e2f34a', '2025-12-02T21:29:26.457679+00:00', false, false, true) ON CONFLICT (document_id, name_id) DO NOTHING;
-- document_parameter_fields_junction
INSERT INTO public.document_parameter_fields_junction (document_id, parameter_field_id, active, generated, mcp, created_at) VALUES ('019b3be4-324b-73d4-b4a8-bfeec508838d', '5106e06b-c4c6-4f9b-ad78-29fcaf668a50', true, false, false, '2025-12-08T22:19:28.213919+00:00') ON CONFLICT (document_id, parameter_field_id) DO NOTHING;
INSERT INTO public.document_parameter_fields_junction (document_id, parameter_field_id, active, generated, mcp, created_at) VALUES ('019b3be4-324b-73d4-b4a8-bfeec508838d', '1e6c2e8c-e6a9-4c99-a415-a70fc92f8cb6', true, false, false, '2025-12-08T22:19:28.213919+00:00') ON CONFLICT (document_id, parameter_field_id) DO NOTHING;
INSERT INTO public.document_parameter_fields_junction (document_id, parameter_field_id, active, generated, mcp, created_at) VALUES ('019b3be4-324b-73d4-b4a8-bfeec508838d', '9e621a39-b306-4219-8e18-cfe98eed09c2', true, false, false, '2025-12-08T22:19:28.213919+00:00') ON CONFLICT (document_id, parameter_field_id) DO NOTHING;
INSERT INTO public.document_parameter_fields_junction (document_id, parameter_field_id, active, generated, mcp, created_at) VALUES ('019b3be4-324b-73d4-b4a8-bfeec508838d', '6ea7a6cb-983a-46b7-86cc-62e5d9a91571', true, false, false, '2025-12-08T22:19:28.213919+00:00') ON CONFLICT (document_id, parameter_field_id) DO NOTHING;
INSERT INTO public.document_parameter_fields_junction (document_id, parameter_field_id, active, generated, mcp, created_at) VALUES ('019b3be4-324b-73d4-b4a8-bfeec508838d', '83909008-2134-49a5-966e-d41ebec9be53', true, false, false, '2025-12-07T20:44:58.161092+00:00') ON CONFLICT (document_id, parameter_field_id) DO NOTHING;
INSERT INTO public.document_parameter_fields_junction (document_id, parameter_field_id, active, generated, mcp, created_at) VALUES ('019b3be4-324b-73d4-b4a8-bfeec508838d', '26f7d32e-5e18-4c2e-8bd1-fed8aff752a8', true, false, false, '2025-12-04T13:22:00.014150+00:00') ON CONFLICT (document_id, parameter_field_id) DO NOTHING;
-- document_parameters_junction
INSERT INTO public.document_parameters_junction (document_id, parameter_id, type, created_at, active, generated, mcp) VALUES ('019b3be4-324b-73d4-b4a8-bfeec508838d', '019bb25e-e621-7018-96b0-6fa0d0ec3d1d', 'direct', '2025-12-07T20:44:58.161092+00:00', true, false, false) ON CONFLICT (document_id, parameter_id, type) DO NOTHING;
INSERT INTO public.document_parameters_junction (document_id, parameter_id, type, created_at, active, generated, mcp) VALUES ('019b3be4-324b-73d4-b4a8-bfeec508838d', '019bb25e-e621-7027-abc4-9b86171ee17b', 'direct', '2025-12-04T13:22:00.014150+00:00', true, false, false) ON CONFLICT (document_id, parameter_id, type) DO NOTHING;
-- document_descriptions_junction
INSERT INTO public.document_descriptions_junction (document_id, description_id, created_at, generated, mcp, active) VALUES ('019b3be4-324b-7406-a32e-f5da3b502d9f', '019b995c-8e90-77b4-90cc-9e10d11a9b0e', '2025-12-06T02:59:23.893847+00:00', false, false, true) ON CONFLICT (document_id, description_id) DO NOTHING;
-- document_documents_junction
INSERT INTO public.document_documents_junction (document_id, documents_id, active, created_at, generated, mcp) VALUES ('019b3be4-324b-7406-a32e-f5da3b502d9f', '019bb25e-e619-782a-bc79-d5e377de5794', true, '2025-12-06T02:59:23.893847+00:00', false, false) ON CONFLICT (document_id, documents_id) DO NOTHING;
-- document_flags_junction
INSERT INTO public.document_flags_junction (document_id, flag_id, value, created_at, generated, mcp, active) VALUES ('019b3be4-324b-7406-a32e-f5da3b502d9f', '019b995a-86ef-78bb-87a8-0de554b128bb', true, '2025-12-06T02:59:23.893847+00:00', false, false, true) ON CONFLICT (document_id, flag_id) DO NOTHING;
INSERT INTO public.document_flags_junction (document_id, flag_id, value, created_at, generated, mcp, active) VALUES ('019b3be4-324b-7406-a32e-f5da3b502d9f', '019be334-bfc4-7b69-96a1-6cf5422bba50', true, '2025-12-06T02:59:23.893847+00:00', false, false, true) ON CONFLICT (document_id, flag_id) DO NOTHING;
-- document_names_junction
INSERT INTO public.document_names_junction (document_id, name_id, created_at, generated, mcp, active) VALUES ('019b3be4-324b-7406-a32e-f5da3b502d9f', '019b995c-8e8e-7a3f-9dbf-ea54ccd86ca1', '2025-12-06T02:59:23.893847+00:00', false, false, true) ON CONFLICT (document_id, name_id) DO NOTHING;
-- document_parameter_fields_junction
INSERT INTO public.document_parameter_fields_junction (document_id, parameter_field_id, active, generated, mcp, created_at) VALUES ('019b3be4-324b-7406-a32e-f5da3b502d9f', '42d8e401-c9a3-4988-b2fb-b99060902212', true, false, false, '2025-12-06T02:59:23.893847+00:00') ON CONFLICT (document_id, parameter_field_id) DO NOTHING;
-- document_parameters_junction
INSERT INTO public.document_parameters_junction (document_id, parameter_id, type, created_at, active, generated, mcp) VALUES ('019b3be4-324b-7406-a32e-f5da3b502d9f', '019bb25e-e621-7027-abc4-9b86171ee17b', 'direct', '2025-12-06T02:59:23.893847+00:00', true, false, false) ON CONFLICT (document_id, parameter_id, type) DO NOTHING;
-- document_descriptions_junction
INSERT INTO public.document_descriptions_junction (document_id, description_id, created_at, generated, mcp, active) VALUES ('019b3be4-324b-740f-a3c2-84236b76b323', '019b995c-8e90-77bb-adb4-7e01e6fe2310', '2025-12-06T02:59:23.893847+00:00', false, false, true) ON CONFLICT (document_id, description_id) DO NOTHING;
-- document_documents_junction
INSERT INTO public.document_documents_junction (document_id, documents_id, active, created_at, generated, mcp) VALUES ('019b3be4-324b-740f-a3c2-84236b76b323', '019bb25e-e619-782f-8894-e5d20003dbee', true, '2025-12-06T02:59:23.893847+00:00', false, false) ON CONFLICT (document_id, documents_id) DO NOTHING;
-- document_flags_junction
INSERT INTO public.document_flags_junction (document_id, flag_id, value, created_at, generated, mcp, active) VALUES ('019b3be4-324b-740f-a3c2-84236b76b323', '019b995a-86ef-78bb-87a8-0de554b128bb', true, '2025-12-06T02:59:23.893847+00:00', false, false, true) ON CONFLICT (document_id, flag_id) DO NOTHING;
INSERT INTO public.document_flags_junction (document_id, flag_id, value, created_at, generated, mcp, active) VALUES ('019b3be4-324b-740f-a3c2-84236b76b323', '019be334-bfc4-7b69-96a1-6cf5422bba50', true, '2025-12-06T02:59:23.893847+00:00', false, false, true) ON CONFLICT (document_id, flag_id) DO NOTHING;
-- document_names_junction
INSERT INTO public.document_names_junction (document_id, name_id, created_at, generated, mcp, active) VALUES ('019b3be4-324b-740f-a3c2-84236b76b323', '019b995c-8e8e-7a91-9015-6ad20a273633', '2025-12-06T02:59:23.893847+00:00', false, false, true) ON CONFLICT (document_id, name_id) DO NOTHING;
-- document_parameter_fields_junction
INSERT INTO public.document_parameter_fields_junction (document_id, parameter_field_id, active, generated, mcp, created_at) VALUES ('019b3be4-324b-740f-a3c2-84236b76b323', '336cdcc7-f331-42e5-9d16-28aaf94e9eaa', true, false, false, '2025-12-08T22:19:28.213919+00:00') ON CONFLICT (document_id, parameter_field_id) DO NOTHING;
INSERT INTO public.document_parameter_fields_junction (document_id, parameter_field_id, active, generated, mcp, created_at) VALUES ('019b3be4-324b-740f-a3c2-84236b76b323', '0cb636f6-fd01-4cd1-99f9-cddecf4f9cb2', true, false, false, '2025-12-08T22:19:28.213919+00:00') ON CONFLICT (document_id, parameter_field_id) DO NOTHING;
INSERT INTO public.document_parameter_fields_junction (document_id, parameter_field_id, active, generated, mcp, created_at) VALUES ('019b3be4-324b-740f-a3c2-84236b76b323', '883475e9-ef6a-48cb-9cc5-a493eaf08996', true, false, false, '2025-12-08T22:19:28.213919+00:00') ON CONFLICT (document_id, parameter_field_id) DO NOTHING;
INSERT INTO public.document_parameter_fields_junction (document_id, parameter_field_id, active, generated, mcp, created_at) VALUES ('019b3be4-324b-740f-a3c2-84236b76b323', '86264bfc-edde-499e-ad65-76452f68737f', true, false, false, '2025-12-08T22:19:28.213919+00:00') ON CONFLICT (document_id, parameter_field_id) DO NOTHING;
INSERT INTO public.document_parameter_fields_junction (document_id, parameter_field_id, active, generated, mcp, created_at) VALUES ('019b3be4-324b-740f-a3c2-84236b76b323', '570c1022-536d-4bc5-b8bb-ae2aea881cdd', true, false, false, '2025-12-07T20:44:58.161092+00:00') ON CONFLICT (document_id, parameter_field_id) DO NOTHING;
INSERT INTO public.document_parameter_fields_junction (document_id, parameter_field_id, active, generated, mcp, created_at) VALUES ('019b3be4-324b-740f-a3c2-84236b76b323', '2026d5c3-ce92-43ce-8bf2-383cd287bfec', true, false, false, '2025-12-06T02:59:23.893847+00:00') ON CONFLICT (document_id, parameter_field_id) DO NOTHING;
-- document_parameters_junction
INSERT INTO public.document_parameters_junction (document_id, parameter_id, type, created_at, active, generated, mcp) VALUES ('019b3be4-324b-740f-a3c2-84236b76b323', '019bb25e-e621-7018-96b0-6fa0d0ec3d1d', 'direct', '2025-12-07T20:44:58.161092+00:00', true, false, false) ON CONFLICT (document_id, parameter_id, type) DO NOTHING;
INSERT INTO public.document_parameters_junction (document_id, parameter_id, type, created_at, active, generated, mcp) VALUES ('019b3be4-324b-740f-a3c2-84236b76b323', '019bb25e-e621-7027-abc4-9b86171ee17b', 'direct', '2025-12-06T02:59:23.893847+00:00', true, false, false) ON CONFLICT (document_id, parameter_id, type) DO NOTHING;
-- document_descriptions_junction
INSERT INTO public.document_descriptions_junction (document_id, description_id, created_at, generated, mcp, active) VALUES ('019b3be4-324b-73f4-b489-5bcf28fe78a1', '019b995c-8e90-77d5-9782-879984aed310', '2025-12-06T02:59:23.893847+00:00', false, false, true) ON CONFLICT (document_id, description_id) DO NOTHING;
-- document_documents_junction
INSERT INTO public.document_documents_junction (document_id, documents_id, active, created_at, generated, mcp) VALUES ('019b3be4-324b-73f4-b489-5bcf28fe78a1', '019bb25e-e619-7822-92c0-52e05377ed22', true, '2025-12-06T02:59:23.893847+00:00', false, false) ON CONFLICT (document_id, documents_id) DO NOTHING;
-- document_flags_junction
INSERT INTO public.document_flags_junction (document_id, flag_id, value, created_at, generated, mcp, active) VALUES ('019b3be4-324b-73f4-b489-5bcf28fe78a1', '019b995a-86ef-78bb-87a8-0de554b128bb', true, '2025-12-06T02:59:23.893847+00:00', false, false, true) ON CONFLICT (document_id, flag_id) DO NOTHING;
INSERT INTO public.document_flags_junction (document_id, flag_id, value, created_at, generated, mcp, active) VALUES ('019b3be4-324b-73f4-b489-5bcf28fe78a1', '019be334-bfc4-7b69-96a1-6cf5422bba50', true, '2025-12-06T02:59:23.893847+00:00', false, false, true) ON CONFLICT (document_id, flag_id) DO NOTHING;
-- document_names_junction
INSERT INTO public.document_names_junction (document_id, name_id, created_at, generated, mcp, active) VALUES ('019b3be4-324b-73f4-b489-5bcf28fe78a1', '019b995c-8e8e-7a68-8518-310195699a09', '2025-12-06T02:59:23.893847+00:00', false, false, true) ON CONFLICT (document_id, name_id) DO NOTHING;
-- document_parameter_fields_junction
INSERT INTO public.document_parameter_fields_junction (document_id, parameter_field_id, active, generated, mcp, created_at) VALUES ('019b3be4-324b-73f4-b489-5bcf28fe78a1', '59e138a8-5b11-4af2-b742-cc1a009a2475', true, false, false, '2025-12-06T02:59:23.893847+00:00') ON CONFLICT (document_id, parameter_field_id) DO NOTHING;
-- document_parameters_junction
INSERT INTO public.document_parameters_junction (document_id, parameter_id, type, created_at, active, generated, mcp) VALUES ('019b3be4-324b-73f4-b489-5bcf28fe78a1', '019bb25e-e621-7027-abc4-9b86171ee17b', 'direct', '2025-12-06T02:59:23.893847+00:00', true, false, false) ON CONFLICT (document_id, parameter_id, type) DO NOTHING;
-- document_descriptions_junction
INSERT INTO public.document_descriptions_junction (document_id, description_id, created_at, generated, mcp, active) VALUES ('019b3be4-324b-73ee-afba-5103618244d8', '019b995c-8e90-77cc-800b-b9884003b017', '2025-12-06T02:59:23.893847+00:00', false, false, true) ON CONFLICT (document_id, description_id) DO NOTHING;
-- document_documents_junction
INSERT INTO public.document_documents_junction (document_id, documents_id, active, created_at, generated, mcp) VALUES ('019b3be4-324b-73ee-afba-5103618244d8', '019bb25e-e619-781f-9283-8bae433caa45', true, '2025-12-06T02:59:23.893847+00:00', false, false) ON CONFLICT (document_id, documents_id) DO NOTHING;
-- document_flags_junction
INSERT INTO public.document_flags_junction (document_id, flag_id, value, created_at, generated, mcp, active) VALUES ('019b3be4-324b-73ee-afba-5103618244d8', '019b995a-86ef-78bb-87a8-0de554b128bb', true, '2025-12-06T02:59:23.893847+00:00', false, false, true) ON CONFLICT (document_id, flag_id) DO NOTHING;
INSERT INTO public.document_flags_junction (document_id, flag_id, value, created_at, generated, mcp, active) VALUES ('019b3be4-324b-73ee-afba-5103618244d8', '019be334-bfc4-7b69-96a1-6cf5422bba50', true, '2025-12-06T02:59:23.893847+00:00', false, false, true) ON CONFLICT (document_id, flag_id) DO NOTHING;
-- document_names_junction
INSERT INTO public.document_names_junction (document_id, name_id, created_at, generated, mcp, active) VALUES ('019b3be4-324b-73ee-afba-5103618244d8', '019b995c-8e8e-7a88-a050-44cf02b3f9b3', '2025-12-06T02:59:23.893847+00:00', false, false, true) ON CONFLICT (document_id, name_id) DO NOTHING;
-- document_parameter_fields_junction
INSERT INTO public.document_parameter_fields_junction (document_id, parameter_field_id, active, generated, mcp, created_at) VALUES ('019b3be4-324b-73ee-afba-5103618244d8', 'f4cec549-e224-427d-8b10-d37725893997', true, false, false, '2025-12-06T02:59:23.893847+00:00') ON CONFLICT (document_id, parameter_field_id) DO NOTHING;
-- document_parameters_junction
INSERT INTO public.document_parameters_junction (document_id, parameter_id, type, created_at, active, generated, mcp) VALUES ('019b3be4-324b-73ee-afba-5103618244d8', '019bb25e-e621-7027-abc4-9b86171ee17b', 'direct', '2025-12-06T02:59:23.893847+00:00', true, false, false) ON CONFLICT (document_id, parameter_id, type) DO NOTHING;
-- document_descriptions_junction
INSERT INTO public.document_descriptions_junction (document_id, description_id, created_at, generated, mcp, active) VALUES ('019b3be4-324b-73e0-834d-e62d15086a3d', '019b995c-8e90-77c1-b8c6-e265540379a2', '2025-12-06T02:59:23.893847+00:00', false, false, true) ON CONFLICT (document_id, description_id) DO NOTHING;
-- document_documents_junction
INSERT INTO public.document_documents_junction (document_id, documents_id, active, created_at, generated, mcp) VALUES ('019b3be4-324b-73e0-834d-e62d15086a3d', '019bb25e-e619-7815-931e-fede8281ae8e', true, '2025-12-06T02:59:23.893847+00:00', false, false) ON CONFLICT (document_id, documents_id) DO NOTHING;
-- document_flags_junction
INSERT INTO public.document_flags_junction (document_id, flag_id, value, created_at, generated, mcp, active) VALUES ('019b3be4-324b-73e0-834d-e62d15086a3d', '019b995a-86ef-78bb-87a8-0de554b128bb', true, '2025-12-06T02:59:23.893847+00:00', false, false, true) ON CONFLICT (document_id, flag_id) DO NOTHING;
INSERT INTO public.document_flags_junction (document_id, flag_id, value, created_at, generated, mcp, active) VALUES ('019b3be4-324b-73e0-834d-e62d15086a3d', '019be334-bfc4-7b69-96a1-6cf5422bba50', true, '2025-12-06T02:59:23.893847+00:00', false, false, true) ON CONFLICT (document_id, flag_id) DO NOTHING;
-- document_names_junction
INSERT INTO public.document_names_junction (document_id, name_id, created_at, generated, mcp, active) VALUES ('019b3be4-324b-73e0-834d-e62d15086a3d', '019b995c-8e8e-7a6e-a01f-0933605e690d', '2025-12-06T02:59:23.893847+00:00', false, false, true) ON CONFLICT (document_id, name_id) DO NOTHING;
-- document_parameter_fields_junction
INSERT INTO public.document_parameter_fields_junction (document_id, parameter_field_id, active, generated, mcp, created_at) VALUES ('019b3be4-324b-73e0-834d-e62d15086a3d', '4c10f131-af71-4219-93e4-bc6a54ff3180', true, false, false, '2025-12-06T02:59:23.893847+00:00') ON CONFLICT (document_id, parameter_field_id) DO NOTHING;
-- document_parameters_junction
INSERT INTO public.document_parameters_junction (document_id, parameter_id, type, created_at, active, generated, mcp) VALUES ('019b3be4-324b-73e0-834d-e62d15086a3d', '019bb25e-e621-7027-abc4-9b86171ee17b', 'direct', '2025-12-06T02:59:23.893847+00:00', true, false, false) ON CONFLICT (document_id, parameter_id, type) DO NOTHING;
-- document_descriptions_junction
INSERT INTO public.document_descriptions_junction (document_id, description_id, created_at, generated, mcp, active) VALUES ('019b3be4-324b-73f8-8c16-42af94c6869a', '019b995c-8e90-77ca-bf25-68b91816820d', '2025-12-06T02:59:23.893847+00:00', false, false, true) ON CONFLICT (document_id, description_id) DO NOTHING;
-- document_documents_junction
INSERT INTO public.document_documents_junction (document_id, documents_id, active, created_at, generated, mcp) VALUES ('019b3be4-324b-73f8-8c16-42af94c6869a', '019bb25e-e619-7825-b171-9c36d4d56c4a', true, '2025-12-06T02:59:23.893847+00:00', false, false) ON CONFLICT (document_id, documents_id) DO NOTHING;
-- document_flags_junction
INSERT INTO public.document_flags_junction (document_id, flag_id, value, created_at, generated, mcp, active) VALUES ('019b3be4-324b-73f8-8c16-42af94c6869a', '019b995a-86ef-78bb-87a8-0de554b128bb', true, '2025-12-06T02:59:23.893847+00:00', false, false, true) ON CONFLICT (document_id, flag_id) DO NOTHING;
INSERT INTO public.document_flags_junction (document_id, flag_id, value, created_at, generated, mcp, active) VALUES ('019b3be4-324b-73f8-8c16-42af94c6869a', '019be334-bfc4-7b69-96a1-6cf5422bba50', true, '2025-12-06T02:59:23.893847+00:00', false, false, true) ON CONFLICT (document_id, flag_id) DO NOTHING;
-- document_names_junction
INSERT INTO public.document_names_junction (document_id, name_id, created_at, generated, mcp, active) VALUES ('019b3be4-324b-73f8-8c16-42af94c6869a', '019b995c-8e8e-7a5b-9839-0b6c0395f901', '2025-12-06T02:59:23.893847+00:00', false, false, true) ON CONFLICT (document_id, name_id) DO NOTHING;
-- document_parameter_fields_junction
INSERT INTO public.document_parameter_fields_junction (document_id, parameter_field_id, active, generated, mcp, created_at) VALUES ('019b3be4-324b-73f8-8c16-42af94c6869a', '97b505e9-8270-4b0f-9532-18daf0edd9dc', true, false, false, '2025-12-06T02:59:23.893847+00:00') ON CONFLICT (document_id, parameter_field_id) DO NOTHING;
-- document_parameters_junction
INSERT INTO public.document_parameters_junction (document_id, parameter_id, type, created_at, active, generated, mcp) VALUES ('019b3be4-324b-73f8-8c16-42af94c6869a', '019bb25e-e621-7027-abc4-9b86171ee17b', 'direct', '2025-12-06T02:59:23.893847+00:00', true, false, false) ON CONFLICT (document_id, parameter_id, type) DO NOTHING;
-- document_descriptions_junction
INSERT INTO public.document_descriptions_junction (document_id, description_id, created_at, generated, mcp, active) VALUES ('019b3be4-324b-73eb-9ee8-cf65a16294d2', '019b995c-8e90-77d3-b672-9a7f0b03abfa', '2025-12-06T02:59:23.893847+00:00', false, false, true) ON CONFLICT (document_id, description_id) DO NOTHING;
-- document_documents_junction
INSERT INTO public.document_documents_junction (document_id, documents_id, active, created_at, generated, mcp) VALUES ('019b3be4-324b-73eb-9ee8-cf65a16294d2', '019bb25e-e619-781b-8652-f6e38264e233', true, '2025-12-06T02:59:23.893847+00:00', false, false) ON CONFLICT (document_id, documents_id) DO NOTHING;
-- document_flags_junction
INSERT INTO public.document_flags_junction (document_id, flag_id, value, created_at, generated, mcp, active) VALUES ('019b3be4-324b-73eb-9ee8-cf65a16294d2', '019b995a-86ef-78bb-87a8-0de554b128bb', true, '2025-12-06T02:59:23.893847+00:00', false, false, true) ON CONFLICT (document_id, flag_id) DO NOTHING;
INSERT INTO public.document_flags_junction (document_id, flag_id, value, created_at, generated, mcp, active) VALUES ('019b3be4-324b-73eb-9ee8-cf65a16294d2', '019be334-bfc4-7b69-96a1-6cf5422bba50', true, '2025-12-06T02:59:23.893847+00:00', false, false, true) ON CONFLICT (document_id, flag_id) DO NOTHING;
-- document_names_junction
INSERT INTO public.document_names_junction (document_id, name_id, created_at, generated, mcp, active) VALUES ('019b3be4-324b-73eb-9ee8-cf65a16294d2', '019b995c-8e8e-7a2a-82c5-d511d0998edf', '2025-12-06T02:59:23.893847+00:00', false, false, true) ON CONFLICT (document_id, name_id) DO NOTHING;
-- document_parameter_fields_junction
INSERT INTO public.document_parameter_fields_junction (document_id, parameter_field_id, active, generated, mcp, created_at) VALUES ('019b3be4-324b-73eb-9ee8-cf65a16294d2', '282de684-cb54-45f7-8cbe-2c5789a05b08', true, false, false, '2025-12-06T02:59:23.893847+00:00') ON CONFLICT (document_id, parameter_field_id) DO NOTHING;
-- document_parameters_junction
INSERT INTO public.document_parameters_junction (document_id, parameter_id, type, created_at, active, generated, mcp) VALUES ('019b3be4-324b-73eb-9ee8-cf65a16294d2', '019bb25e-e621-7027-abc4-9b86171ee17b', 'direct', '2025-12-06T02:59:23.893847+00:00', true, false, false) ON CONFLICT (document_id, parameter_id, type) DO NOTHING;
-- document_descriptions_junction
INSERT INTO public.document_descriptions_junction (document_id, description_id, created_at, generated, mcp, active) VALUES ('019b3be4-324b-73d9-955a-abf489b79ad0', '019b995c-8e90-77c7-a983-09ecb00042fe', '2025-12-06T02:59:23.893847+00:00', false, false, true) ON CONFLICT (document_id, description_id) DO NOTHING;
-- document_documents_junction
INSERT INTO public.document_documents_junction (document_id, documents_id, active, created_at, generated, mcp) VALUES ('019b3be4-324b-73d9-955a-abf489b79ad0', '019bb25e-e619-7810-bc6e-9640cb15e1cf', true, '2025-12-06T02:59:23.893847+00:00', false, false) ON CONFLICT (document_id, documents_id) DO NOTHING;
-- document_flags_junction
INSERT INTO public.document_flags_junction (document_id, flag_id, value, created_at, generated, mcp, active) VALUES ('019b3be4-324b-73d9-955a-abf489b79ad0', '019b995a-86ef-78bb-87a8-0de554b128bb', true, '2025-12-06T02:59:23.893847+00:00', false, false, true) ON CONFLICT (document_id, flag_id) DO NOTHING;
INSERT INTO public.document_flags_junction (document_id, flag_id, value, created_at, generated, mcp, active) VALUES ('019b3be4-324b-73d9-955a-abf489b79ad0', '019be334-bfc4-7b69-96a1-6cf5422bba50', true, '2025-12-06T02:59:23.893847+00:00', false, false, true) ON CONFLICT (document_id, flag_id) DO NOTHING;
-- document_names_junction
INSERT INTO public.document_names_junction (document_id, name_id, created_at, generated, mcp, active) VALUES ('019b3be4-324b-73d9-955a-abf489b79ad0', '019b995c-8e8e-7a38-a9ec-630fbd96d375', '2025-12-06T02:59:23.893847+00:00', false, false, true) ON CONFLICT (document_id, name_id) DO NOTHING;
-- document_parameter_fields_junction
INSERT INTO public.document_parameter_fields_junction (document_id, parameter_field_id, active, generated, mcp, created_at) VALUES ('019b3be4-324b-73d9-955a-abf489b79ad0', '14a21ccc-2058-484d-8c5d-c2dc5a28a2c2', true, false, false, '2025-12-06T02:59:23.893847+00:00') ON CONFLICT (document_id, parameter_field_id) DO NOTHING;
-- document_parameters_junction
INSERT INTO public.document_parameters_junction (document_id, parameter_id, type, created_at, active, generated, mcp) VALUES ('019b3be4-324b-73d9-955a-abf489b79ad0', '019bb25e-e621-7027-abc4-9b86171ee17b', 'direct', '2025-12-06T02:59:23.893847+00:00', true, false, false) ON CONFLICT (document_id, parameter_id, type) DO NOTHING;
-- document_descriptions_junction
INSERT INTO public.document_descriptions_junction (document_id, description_id, created_at, generated, mcp, active) VALUES ('019b3be4-324b-7f84-8679-0b395c7c5ddb', '019b995c-8e90-77bc-a551-5ea801f3cc75', '2025-12-12T13:44:32.428979+00:00', false, false, true) ON CONFLICT (document_id, description_id) DO NOTHING;
-- document_documents_junction
INSERT INTO public.document_documents_junction (document_id, documents_id, active, created_at, generated, mcp) VALUES ('019b3be4-324b-7f84-8679-0b395c7c5ddb', '019bb25e-e619-7831-a70a-a7fb065a1999', true, '2025-12-12T13:44:32.428979+00:00', false, false) ON CONFLICT (document_id, documents_id) DO NOTHING;
-- document_flags_junction
INSERT INTO public.document_flags_junction (document_id, flag_id, value, created_at, generated, mcp, active) VALUES ('019b3be4-324b-7f84-8679-0b395c7c5ddb', '019b995a-86ef-78bb-87a8-0de554b128bb', false, '2025-12-12T13:44:32.428979+00:00', false, false, true) ON CONFLICT (document_id, flag_id) DO NOTHING;
INSERT INTO public.document_flags_junction (document_id, flag_id, value, created_at, generated, mcp, active) VALUES ('019b3be4-324b-7f84-8679-0b395c7c5ddb', '019be334-bfc4-7b69-96a1-6cf5422bba50', true, '2025-12-12T13:44:32.428979+00:00', false, false, true) ON CONFLICT (document_id, flag_id) DO NOTHING;
-- document_names_junction
INSERT INTO public.document_names_junction (document_id, name_id, created_at, generated, mcp, active) VALUES ('019b3be4-324b-7f84-8679-0b395c7c5ddb', '019b995c-8e8e-7a22-a285-9726b43ab391', '2025-12-12T13:44:32.428979+00:00', false, false, true) ON CONFLICT (document_id, name_id) DO NOTHING;
-- document_descriptions_junction
INSERT INTO public.document_descriptions_junction (document_id, description_id, created_at, generated, mcp, active) VALUES ('019b3be4-324b-7fa2-9ab0-37f8daac8d07', '019b995c-8e90-77aa-b6d0-5f402ed30db6', '2025-12-12T13:44:32.428979+00:00', false, false, true) ON CONFLICT (document_id, description_id) DO NOTHING;
-- document_documents_junction
INSERT INTO public.document_documents_junction (document_id, documents_id, active, created_at, generated, mcp) VALUES ('019b3be4-324b-7fa2-9ab0-37f8daac8d07', '019bb25e-e619-7834-9cb3-66671ca36a7d', true, '2025-12-12T13:44:32.428979+00:00', false, false) ON CONFLICT (document_id, documents_id) DO NOTHING;
-- document_flags_junction
INSERT INTO public.document_flags_junction (document_id, flag_id, value, created_at, generated, mcp, active) VALUES ('019b3be4-324b-7fa2-9ab0-37f8daac8d07', '019b995a-86ef-78bb-87a8-0de554b128bb', false, '2025-12-12T13:44:32.428979+00:00', false, false, true) ON CONFLICT (document_id, flag_id) DO NOTHING;
INSERT INTO public.document_flags_junction (document_id, flag_id, value, created_at, generated, mcp, active) VALUES ('019b3be4-324b-7fa2-9ab0-37f8daac8d07', '019be334-bfc4-7b69-96a1-6cf5422bba50', true, '2025-12-12T13:44:32.428979+00:00', false, false, true) ON CONFLICT (document_id, flag_id) DO NOTHING;
-- document_names_junction
INSERT INTO public.document_names_junction (document_id, name_id, created_at, generated, mcp, active) VALUES ('019b3be4-324b-7fa2-9ab0-37f8daac8d07', '019b995c-8e8e-7a8e-a8f5-a9cc53ce422f', '2025-12-12T13:44:32.428979+00:00', false, false, true) ON CONFLICT (document_id, name_id) DO NOTHING;
