-- Module: all evals
-- Category: setup/university
-- Description: All eval artifacts for university setup
-- ============================================================

-- Resource rows
INSERT INTO public.descriptions_resource (id, description, created_at, active, generated, mcp) VALUES ('019b995c-8e8d-7b46-ae7e-ea6772143c82', 'Evaluation of simulation-text agent performance with aggressive personas (High and Medium intensity)', '2025-12-18T16:04:45.638195+00:00', true, false, false) ON CONFLICT (id) DO NOTHING;
INSERT INTO public.evals_resource (created_at, active, generated, mcp, id, group_id, name, description, department_ids) VALUES ('2025-12-18T16:04:45.638195+00:00', true, false, false, '019bb25e-e5ec-7cf8-b558-deab4f090ea4', '019ba0cd-7630-702b-ac37-ff09f16314ce', 'Simulation Text Agent - Aggressive Persona Evaluation', 'Evaluation of simulation-text agent performance with aggressive personas (High and Medium intensity)', '{}') ON CONFLICT (id) DO NOTHING;
INSERT INTO public.names_resource (id, name, created_at, active, generated, mcp) VALUES ('019b995c-8e8c-7c92-95d2-32b84eb95449', 'Simulation Text Agent - Aggressive Persona Evaluation', '2025-12-18T16:04:45.638195+00:00', true, false, false) ON CONFLICT (id) DO NOTHING;
INSERT INTO public.descriptions_resource (id, description, created_at, active, generated, mcp) VALUES ('019b995c-8e8d-7b40-9769-4c021f0a51b4', 'Evaluation of grade-text agent performance on rubric interpretation and grading accuracy', '2025-12-18T16:04:45.638195+00:00', true, false, false) ON CONFLICT (id) DO NOTHING;
INSERT INTO public.evals_resource (created_at, active, generated, mcp, id, group_id, name, description, department_ids) VALUES ('2025-12-18T16:04:45.638195+00:00', true, false, false, '019bb25e-e5ec-7db9-896b-f72db9e0957a', '019ba0cd-7628-7329-8b6b-f67b5bd2a01a', 'Grade Text Agent Evaluation', 'Evaluation of grade-text agent performance on rubric interpretation and grading accuracy', '{}') ON CONFLICT (id) DO NOTHING;
INSERT INTO public.names_resource (id, name, created_at, active, generated, mcp) VALUES ('019b995c-8e8c-7c83-b00b-bb1df6d7c846', 'Grade Text Agent Evaluation', '2025-12-18T16:04:45.638195+00:00', true, false, false) ON CONFLICT (id) DO NOTHING;
INSERT INTO public.descriptions_resource (id, description, created_at, active, generated, mcp) VALUES ('019b995c-8e8d-7b3b-9fde-3546b59b8567', 'Evaluation of scenario generation agent performance across diverse scenarios', '2025-12-18T16:04:45.638195+00:00', true, false, false) ON CONFLICT (id) DO NOTHING;
INSERT INTO public.evals_resource (created_at, active, generated, mcp, id, group_id, name, description, department_ids) VALUES ('2025-12-18T16:04:45.638195+00:00', true, false, false, '019bb25e-e5ec-7dc1-9139-aa9d58e73569', '019ba0cd-7621-7f61-ab57-148ec4cc41a2', 'Scenario Agent Evaluation', 'Evaluation of scenario generation agent performance across diverse scenarios', '{}') ON CONFLICT (id) DO NOTHING;
INSERT INTO public.names_resource (id, name, created_at, active, generated, mcp) VALUES ('019b995c-8e8c-7c8d-a86e-a0c71587cd9d', 'Scenario Agent Evaluation', '2025-12-18T16:04:45.638195+00:00', true, false, false) ON CONFLICT (id) DO NOTHING;

-- Artifacts
-- eval_artifact
INSERT INTO public.eval_artifact (created_at, updated_at, id, generated, mcp) VALUES ('2025-12-18T16:04:45.638195+00:00', '2025-12-18T16:04:45.638195+00:00', '019b3be4-3252-720d-895f-4c59a2501eaf', false, false) ON CONFLICT (id) DO NOTHING;
-- eval_artifact
INSERT INTO public.eval_artifact (created_at, updated_at, id, generated, mcp) VALUES ('2025-12-18T16:04:45.638195+00:00', '2025-12-18T16:04:45.638195+00:00', '019b3be4-3252-721f-a3ca-b12a0d6fb201', false, false) ON CONFLICT (id) DO NOTHING;
-- eval_artifact
INSERT INTO public.eval_artifact (created_at, updated_at, id, generated, mcp) VALUES ('2025-12-18T16:04:45.638195+00:00', '2025-12-18T16:04:45.638195+00:00', '019b3be4-3252-71b0-b927-9cee675d3cb7', false, false) ON CONFLICT (id) DO NOTHING;

-- Junctions
-- eval_descriptions_junction
INSERT INTO public.eval_descriptions_junction (eval_id, description_id, created_at, generated, mcp, active) VALUES ('019b3be4-3252-720d-895f-4c59a2501eaf', '019b995c-8e8d-7b46-ae7e-ea6772143c82', '2025-12-18T16:04:45.638195+00:00', false, false, true) ON CONFLICT (eval_id, description_id) DO NOTHING;
-- eval_evals_junction
INSERT INTO public.eval_evals_junction (eval_id, evals_id, active, created_at, generated, mcp) VALUES ('019b3be4-3252-720d-895f-4c59a2501eaf', '019bb25e-e5ec-7cf8-b558-deab4f090ea4', true, '2025-12-18T16:04:45.638195+00:00', false, false) ON CONFLICT (eval_id, evals_id) DO NOTHING;
-- eval_flags_junction
INSERT INTO public.eval_flags_junction (eval_id, flag_id, value, created_at, generated, mcp, active) VALUES ('019b3be4-3252-720d-895f-4c59a2501eaf', '019b995a-86ef-7879-89ed-3eadac3e0b84', false, '2025-12-18T16:04:45.638195+00:00', false, false, true) ON CONFLICT (eval_id, flag_id) DO NOTHING;
INSERT INTO public.eval_flags_junction (eval_id, flag_id, value, created_at, generated, mcp, active) VALUES ('019b3be4-3252-720d-895f-4c59a2501eaf', '019b995a-86ef-789f-94fa-2bd3e0707baa', false, '2025-12-18T16:04:45.638195+00:00', false, false, true) ON CONFLICT (eval_id, flag_id) DO NOTHING;
INSERT INTO public.eval_flags_junction (eval_id, flag_id, value, created_at, generated, mcp, active) VALUES ('019b3be4-3252-720d-895f-4c59a2501eaf', '019be334-bfc4-7c9d-b9f9-19eb0fc849ec', true, '2025-12-18T16:04:45.638195+00:00', false, false, true) ON CONFLICT (eval_id, flag_id) DO NOTHING;
-- eval_names_junction
INSERT INTO public.eval_names_junction (eval_id, name_id, created_at, generated, mcp, active) VALUES ('019b3be4-3252-720d-895f-4c59a2501eaf', '019b995c-8e8c-7c92-95d2-32b84eb95449', '2025-12-18T16:04:45.638195+00:00', false, false, true) ON CONFLICT (eval_id, name_id) DO NOTHING;
-- eval_runs_junction
INSERT INTO public.eval_runs_junction (completed, created_at, eval_id, run_id, generated, mcp, active) VALUES (false, '2025-12-18T16:04:45.639660+00:00', '019b3be4-3252-720d-895f-4c59a2501eaf', '019bbcb9-8678-7a65-bd44-9b3a8f6369c6', false, false, true) ON CONFLICT (eval_id, run_id) DO NOTHING;
INSERT INTO public.eval_runs_junction (completed, created_at, eval_id, run_id, generated, mcp, active) VALUES (false, '2025-12-18T16:04:45.639660+00:00', '019b3be4-3252-720d-895f-4c59a2501eaf', '019bbcb9-8678-7baa-bc39-2d68e5ab9669', false, false, true) ON CONFLICT (eval_id, run_id) DO NOTHING;
INSERT INTO public.eval_runs_junction (completed, created_at, eval_id, run_id, generated, mcp, active) VALUES (false, '2025-12-18T16:04:45.639660+00:00', '019b3be4-3252-720d-895f-4c59a2501eaf', '019bbcb9-8678-79c1-a665-06d28bd3afdc', false, false, true) ON CONFLICT (eval_id, run_id) DO NOTHING;
INSERT INTO public.eval_runs_junction (completed, created_at, eval_id, run_id, generated, mcp, active) VALUES (false, '2025-12-18T16:04:45.639660+00:00', '019b3be4-3252-720d-895f-4c59a2501eaf', '019bbcb9-8678-7201-8620-002127c08afb', false, false, true) ON CONFLICT (eval_id, run_id) DO NOTHING;
INSERT INTO public.eval_runs_junction (completed, created_at, eval_id, run_id, generated, mcp, active) VALUES (false, '2025-12-18T16:04:45.639660+00:00', '019b3be4-3252-720d-895f-4c59a2501eaf', '019bbcb9-8678-715d-9f87-f974d9216ae4', false, false, true) ON CONFLICT (eval_id, run_id) DO NOTHING;
INSERT INTO public.eval_runs_junction (completed, created_at, eval_id, run_id, generated, mcp, active) VALUES (false, '2025-12-18T16:04:45.639660+00:00', '019b3be4-3252-720d-895f-4c59a2501eaf', '019bbcb9-8678-7b05-bc64-441bcafaffbb', false, false, true) ON CONFLICT (eval_id, run_id) DO NOTHING;
INSERT INTO public.eval_runs_junction (completed, created_at, eval_id, run_id, generated, mcp, active) VALUES (false, '2025-12-18T16:04:45.639660+00:00', '019b3be4-3252-720d-895f-4c59a2501eaf', '019bbcb9-8678-70b8-b2fb-e7722b32161e', false, false, true) ON CONFLICT (eval_id, run_id) DO NOTHING;
INSERT INTO public.eval_runs_junction (completed, created_at, eval_id, run_id, generated, mcp, active) VALUES (false, '2025-12-18T16:04:45.639660+00:00', '019b3be4-3252-720d-895f-4c59a2501eaf', '019bbcb9-8678-7012-bc90-a900764240a4', false, false, true) ON CONFLICT (eval_id, run_id) DO NOTHING;
-- eval_descriptions_junction
INSERT INTO public.eval_descriptions_junction (eval_id, description_id, created_at, generated, mcp, active) VALUES ('019b3be4-3252-721f-a3ca-b12a0d6fb201', '019b995c-8e8d-7b40-9769-4c021f0a51b4', '2025-12-18T16:04:45.638195+00:00', false, false, true) ON CONFLICT (eval_id, description_id) DO NOTHING;
-- eval_evals_junction
INSERT INTO public.eval_evals_junction (eval_id, evals_id, active, created_at, generated, mcp) VALUES ('019b3be4-3252-721f-a3ca-b12a0d6fb201', '019bb25e-e5ec-7db9-896b-f72db9e0957a', true, '2025-12-18T16:04:45.638195+00:00', false, false) ON CONFLICT (eval_id, evals_id) DO NOTHING;
-- eval_flags_junction
INSERT INTO public.eval_flags_junction (eval_id, flag_id, value, created_at, generated, mcp, active) VALUES ('019b3be4-3252-721f-a3ca-b12a0d6fb201', '019b995a-86ef-7879-89ed-3eadac3e0b84', false, '2025-12-18T16:04:45.638195+00:00', false, false, true) ON CONFLICT (eval_id, flag_id) DO NOTHING;
INSERT INTO public.eval_flags_junction (eval_id, flag_id, value, created_at, generated, mcp, active) VALUES ('019b3be4-3252-721f-a3ca-b12a0d6fb201', '019b995a-86ef-789f-94fa-2bd3e0707baa', false, '2025-12-18T16:04:45.638195+00:00', false, false, true) ON CONFLICT (eval_id, flag_id) DO NOTHING;
INSERT INTO public.eval_flags_junction (eval_id, flag_id, value, created_at, generated, mcp, active) VALUES ('019b3be4-3252-721f-a3ca-b12a0d6fb201', '019be334-bfc4-7c9d-b9f9-19eb0fc849ec', true, '2025-12-18T16:04:45.638195+00:00', false, false, true) ON CONFLICT (eval_id, flag_id) DO NOTHING;
-- eval_names_junction
INSERT INTO public.eval_names_junction (eval_id, name_id, created_at, generated, mcp, active) VALUES ('019b3be4-3252-721f-a3ca-b12a0d6fb201', '019b995c-8e8c-7c83-b00b-bb1df6d7c846', '2025-12-18T16:04:45.638195+00:00', false, false, true) ON CONFLICT (eval_id, name_id) DO NOTHING;
-- eval_runs_junction
INSERT INTO public.eval_runs_junction (completed, created_at, eval_id, run_id, generated, mcp, active) VALUES (false, '2025-12-18T16:04:45.639660+00:00', '019b3be4-3252-721f-a3ca-b12a0d6fb201', '019bbcb9-82e7-75c5-b1e3-8f5d33dd17a7', false, false, true) ON CONFLICT (eval_id, run_id) DO NOTHING;
INSERT INTO public.eval_runs_junction (completed, created_at, eval_id, run_id, generated, mcp, active) VALUES (false, '2025-12-18T16:04:45.639660+00:00', '019b3be4-3252-721f-a3ca-b12a0d6fb201', '019bbcb9-82e7-71b9-90de-018f1ba81afd', false, false, true) ON CONFLICT (eval_id, run_id) DO NOTHING;
INSERT INTO public.eval_runs_junction (completed, created_at, eval_id, run_id, generated, mcp, active) VALUES (false, '2025-12-18T16:04:45.639660+00:00', '019b3be4-3252-721f-a3ca-b12a0d6fb201', '019bbcb9-82e7-7523-8e42-201167509a50', false, false, true) ON CONFLICT (eval_id, run_id) DO NOTHING;
INSERT INTO public.eval_runs_junction (completed, created_at, eval_id, run_id, generated, mcp, active) VALUES (false, '2025-12-18T16:04:45.639660+00:00', '019b3be4-3252-721f-a3ca-b12a0d6fb201', '019bbcb9-82e7-7115-a636-56d7068676bf', false, false, true) ON CONFLICT (eval_id, run_id) DO NOTHING;
INSERT INTO public.eval_runs_junction (completed, created_at, eval_id, run_id, generated, mcp, active) VALUES (false, '2025-12-18T16:04:45.639660+00:00', '019b3be4-3252-721f-a3ca-b12a0d6fb201', '019bbcb9-82e7-73db-845a-443a53e05ffb', false, false, true) ON CONFLICT (eval_id, run_id) DO NOTHING;
INSERT INTO public.eval_runs_junction (completed, created_at, eval_id, run_id, generated, mcp, active) VALUES (false, '2025-12-18T16:04:45.639660+00:00', '019b3be4-3252-721f-a3ca-b12a0d6fb201', '019bbcb9-82e7-747e-8d07-61bcbb50e8ab', false, false, true) ON CONFLICT (eval_id, run_id) DO NOTHING;
INSERT INTO public.eval_runs_junction (completed, created_at, eval_id, run_id, generated, mcp, active) VALUES (false, '2025-12-18T16:04:45.639660+00:00', '019b3be4-3252-721f-a3ca-b12a0d6fb201', '019bbcb9-82e7-7074-b5e4-524d7ab8f963', false, false, true) ON CONFLICT (eval_id, run_id) DO NOTHING;
INSERT INTO public.eval_runs_junction (completed, created_at, eval_id, run_id, generated, mcp, active) VALUES (false, '2025-12-18T16:04:45.639660+00:00', '019b3be4-3252-721f-a3ca-b12a0d6fb201', '019bbcb9-82e6-7e8d-b6bf-df4c8459f718', false, false, true) ON CONFLICT (eval_id, run_id) DO NOTHING;
-- eval_agents_junction
INSERT INTO public.eval_agents_junction (eval_id, agent_id, created_at, generated, mcp, active) VALUES ('019b3be4-3252-71b0-b927-9cee675d3cb7', '019b3be4-3112-7685-8967-a5488fadb090', '2025-12-18T16:04:45.638195+00:00', false, false, true) ON CONFLICT (eval_id, agent_id) DO NOTHING;
-- eval_descriptions_junction
INSERT INTO public.eval_descriptions_junction (eval_id, description_id, created_at, generated, mcp, active) VALUES ('019b3be4-3252-71b0-b927-9cee675d3cb7', '019b995c-8e8d-7b3b-9fde-3546b59b8567', '2025-12-18T16:04:45.638195+00:00', false, false, true) ON CONFLICT (eval_id, description_id) DO NOTHING;
-- eval_evals_junction
INSERT INTO public.eval_evals_junction (eval_id, evals_id, active, created_at, generated, mcp) VALUES ('019b3be4-3252-71b0-b927-9cee675d3cb7', '019bb25e-e5ec-7dc1-9139-aa9d58e73569', true, '2025-12-18T16:04:45.638195+00:00', false, false) ON CONFLICT (eval_id, evals_id) DO NOTHING;
-- eval_flags_junction
INSERT INTO public.eval_flags_junction (eval_id, flag_id, value, created_at, generated, mcp, active) VALUES ('019b3be4-3252-71b0-b927-9cee675d3cb7', '019b995a-86ef-7879-89ed-3eadac3e0b84', false, '2025-12-18T16:04:45.638195+00:00', false, false, true) ON CONFLICT (eval_id, flag_id) DO NOTHING;
INSERT INTO public.eval_flags_junction (eval_id, flag_id, value, created_at, generated, mcp, active) VALUES ('019b3be4-3252-71b0-b927-9cee675d3cb7', '019b995a-86ef-789f-94fa-2bd3e0707baa', false, '2025-12-18T16:04:45.638195+00:00', false, false, true) ON CONFLICT (eval_id, flag_id) DO NOTHING;
INSERT INTO public.eval_flags_junction (eval_id, flag_id, value, created_at, generated, mcp, active) VALUES ('019b3be4-3252-71b0-b927-9cee675d3cb7', '019be334-bfc4-7c9d-b9f9-19eb0fc849ec', true, '2025-12-18T16:04:45.638195+00:00', false, false, true) ON CONFLICT (eval_id, flag_id) DO NOTHING;
-- eval_names_junction
INSERT INTO public.eval_names_junction (eval_id, name_id, created_at, generated, mcp, active) VALUES ('019b3be4-3252-71b0-b927-9cee675d3cb7', '019b995c-8e8c-7c8d-a86e-a0c71587cd9d', '2025-12-18T16:04:45.638195+00:00', false, false, true) ON CONFLICT (eval_id, name_id) DO NOTHING;
-- eval_runs_junction
INSERT INTO public.eval_runs_junction (completed, created_at, eval_id, run_id, generated, mcp, active) VALUES (false, '2025-12-18T16:04:45.639660+00:00', '019b3be4-3252-71b0-b927-9cee675d3cb7', '019bbcb9-82e9-7087-ac90-96a97e09fdea', false, false, true) ON CONFLICT (eval_id, run_id) DO NOTHING;
INSERT INTO public.eval_runs_junction (completed, created_at, eval_id, run_id, generated, mcp, active) VALUES (false, '2025-12-18T16:04:45.639660+00:00', '019b3be4-3252-71b0-b927-9cee675d3cb7', '019bbcb9-82e8-7fe4-87c7-50d8295487db', false, false, true) ON CONFLICT (eval_id, run_id) DO NOTHING;
INSERT INTO public.eval_runs_junction (completed, created_at, eval_id, run_id, generated, mcp, active) VALUES (false, '2025-12-18T16:04:45.639660+00:00', '019b3be4-3252-71b0-b927-9cee675d3cb7', '019bbcb9-82e8-7f41-89bf-df499f5f4c14', false, false, true) ON CONFLICT (eval_id, run_id) DO NOTHING;
INSERT INTO public.eval_runs_junction (completed, created_at, eval_id, run_id, generated, mcp, active) VALUES (false, '2025-12-18T16:04:45.639660+00:00', '019b3be4-3252-71b0-b927-9cee675d3cb7', '019bbcb9-82e8-7ea0-a4e8-fdcce2446df0', false, false, true) ON CONFLICT (eval_id, run_id) DO NOTHING;
INSERT INTO public.eval_runs_junction (completed, created_at, eval_id, run_id, generated, mcp, active) VALUES (false, '2025-12-18T16:04:45.639660+00:00', '019b3be4-3252-71b0-b927-9cee675d3cb7', '019bbcb9-82e8-7e03-acbe-058bbd8d5172', false, false, true) ON CONFLICT (eval_id, run_id) DO NOTHING;
INSERT INTO public.eval_runs_junction (completed, created_at, eval_id, run_id, generated, mcp, active) VALUES (false, '2025-12-18T16:04:45.639660+00:00', '019b3be4-3252-71b0-b927-9cee675d3cb7', '019bbcb9-82e8-7d5d-9086-64ac1cf43f40', false, false, true) ON CONFLICT (eval_id, run_id) DO NOTHING;
INSERT INTO public.eval_runs_junction (completed, created_at, eval_id, run_id, generated, mcp, active) VALUES (false, '2025-12-18T16:04:45.639660+00:00', '019b3be4-3252-71b0-b927-9cee675d3cb7', '019bbcb9-82e8-7cba-9b82-d0b841ad4e68', false, false, true) ON CONFLICT (eval_id, run_id) DO NOTHING;
INSERT INTO public.eval_runs_junction (completed, created_at, eval_id, run_id, generated, mcp, active) VALUES (false, '2025-12-18T16:04:45.639660+00:00', '019b3be4-3252-71b0-b927-9cee675d3cb7', '019bbcb9-82e8-7c18-90c2-4610f0ba14f2', false, false, true) ON CONFLICT (eval_id, run_id) DO NOTHING;
