-- Module: Physics Mix
-- Category: simulation
-- Description: Physics Mix simulation with inline scenarios
-- ============================================================

-- Simulation resource rows
INSERT INTO public.departments_resource (created_at, active, generated, mcp, id, name, description, department_ids, setting_ids) VALUES ('2025-10-31T16:50:58.307484+00:00', true, false, false, '019bb25e-e624-745f-85ac-d4c79657d7e1', 'Physics', 'PHYS', '{}', '{}') ON CONFLICT (id) DO NOTHING;
INSERT INTO public.names_resource (id, name, created_at, active, generated, mcp) VALUES ('019b995c-8e93-7fec-b5ed-66a30244ae07', 'Physics Mix', '2025-11-01T17:38:27.838647+00:00', true, false, false) ON CONFLICT (id) DO NOTHING;
INSERT INTO public.scenario_positions_resource (id, value, created_at, generated, mcp, scenario_id) VALUES ('019bd1c8-54c3-7495-bbb4-68f909e1354f', 2, '2026-01-13T02:51:36.057775+00:00', false, false, '019bb25e-e61d-7b55-846f-40acac245d66') ON CONFLICT (id) DO NOTHING;
INSERT INTO public.scenario_positions_resource (id, value, created_at, generated, mcp, scenario_id) VALUES ('019bd1c8-54c3-7538-90ef-7a8f1aa7b487', 1, '2026-01-13T02:51:36.057775+00:00', false, false, '019bb25e-e61d-7b58-bf35-d9e991b7c2b4') ON CONFLICT (id) DO NOTHING;
INSERT INTO public.scenario_positions_resource (id, value, created_at, generated, mcp, scenario_id) VALUES ('019bd1c8-54c3-7567-8fe2-d643db5822bd', 3, '2026-01-13T02:51:36.057775+00:00', false, false, '019bb25e-e61d-7b50-82ca-95608dc87e21') ON CONFLICT (id) DO NOTHING;
INSERT INTO public.scenario_time_limits_resource (id, time_limit_seconds, created_at, generated, mcp, active, scenario_id, negative) VALUES ('019c105f-fb7e-7800-a5b3-95cae00fe5ad', 900, '2026-01-30T19:27:31.708815+00:00', false, false, true, '019bb25e-e61d-7b58-bf35-d9e991b7c2b4', false) ON CONFLICT (id) DO NOTHING;
INSERT INTO public.scenario_time_limits_resource (id, time_limit_seconds, created_at, generated, mcp, active, scenario_id, negative) VALUES ('019c105f-fb7e-77fa-bfff-08b960a09229', 900, '2026-01-30T19:27:31.708815+00:00', false, false, true, '019bb25e-e61d-7b55-846f-40acac245d66', false) ON CONFLICT (id) DO NOTHING;
INSERT INTO public.scenario_time_limits_resource (id, time_limit_seconds, created_at, generated, mcp, active, scenario_id, negative) VALUES ('019c105f-fb7e-77f2-b549-427e60393fca', 900, '2026-01-30T19:27:31.708815+00:00', false, false, true, '019bb25e-e61d-7b50-82ca-95608dc87e21', false) ON CONFLICT (id) DO NOTHING;
INSERT INTO public.simulations_resource (created_at, active, generated, mcp, id, name, description, department_ids, scenario_ids) VALUES ('2025-11-01T17:38:27.838647+00:00', true, false, false, '019bb25e-e62c-787d-b093-ce7fdb0407ed', 'Physics Mix', NULL, '{}', '{019bb25e-e61d-7b50-82ca-95608dc87e21,019bb25e-e61d-7b55-846f-40acac245d66,019bb25e-e61d-7b58-bf35-d9e991b7c2b4}') ON CONFLICT (id) DO NOTHING;

-- Scenario resource rows
INSERT INTO public.descriptions_resource (id, description, created_at, active, generated, mcp) VALUES ('019b995c-8e88-73d4-a109-07e454f8e4f7', 'Advanced physics scenario covering quantum mechanics including the time-dependent Schrödinger equation.', '2025-11-01T17:34:07.691988+00:00', true, false, false) ON CONFLICT (id) DO NOTHING;
INSERT INTO public.documents_resource (created_at, active, generated, mcp, id, name, description, department_ids, upload_id, text_id) VALUES ('2025-10-31T16:50:58.307484+00:00', true, false, false, '019bb25e-e619-77cc-992c-2c1d2922d0eb', 'PHYS545-Project2', NULL, '{}', '019b3be4-3cef-7fd0-8e50-eb816904ee0d', NULL) ON CONFLICT (id) DO NOTHING;
INSERT INTO public.names_resource (id, name, created_at, active, generated, mcp) VALUES ('019b995c-8e80-7959-b496-823e1c28441c', 'PHYS545: Time-Dependent Schrödinger Equation & Wave Packet Dynamics', '2025-11-01T17:34:07.691988+00:00', true, false, false) ON CONFLICT (id) DO NOTHING;
INSERT INTO public.objectives_resource (created_at, objective, id, active, generated, mcp) VALUES ('2025-11-01T17:34:07.691988+00:00', 'Analyze wave packet evolution and quantum tunneling in different potential wells.', '019b3be4-36d5-7235-a6f5-b81502e80d5d', true, false, false) ON CONFLICT (id) DO NOTHING;
INSERT INTO public.objectives_resource (created_at, objective, id, active, generated, mcp) VALUES ('2025-11-01T17:34:07.691988+00:00', 'Compare numerical results with analytical solutions for quantum systems.', '019b3be4-36d5-72c4-af24-ae04932972aa', true, false, false) ON CONFLICT (id) DO NOTHING;
INSERT INTO public.objectives_resource (created_at, objective, id, active, generated, mcp) VALUES ('2025-11-01T17:34:07.691988+00:00', 'Explain the Crank-Nicolson method for solving the time-dependent Schrödinger equation numerically.', '019b3be4-36d5-730c-903f-0cd3dbd26689', true, false, false) ON CONFLICT (id) DO NOTHING;
INSERT INTO public.parameters_resource (created_at, active, generated, mcp, id, name, description, value, department_ids, persona_parameter, document_parameter, scenario_parameter, video_parameter, field_ids) VALUES ('2025-08-12T12:52:09.866818+00:00', true, false, false, '019bb25e-e621-700f-b494-72649843abfc', 'Crowdedness', 'How many students are present in the room', NULL, '{}', false, false, true, false, '{019bb25e-e5f8-7d6d-8546-2d286f9becbe,019bb25e-e5f8-7d72-9424-f3298926911a,019bb25e-e5f8-7d74-9400-96485f9608ae,019bb25e-e5f8-7d78-a23f-f4249502a96f,019bb25e-e5f8-7d7c-b9e1-01ded9af627f,019bb25e-e5f8-7d82-98f3-a088341077c2,019bb25e-e5f8-7d87-a4b1-bcd3fc820916,019bb25e-e5f8-7d8b-9d8a-f467c26a681d,019bb25e-e5f8-7d8e-98e2-39c536d21210,019bb25e-e5f8-7d92-a3bf-60eae43b4e2f}') ON CONFLICT (id) DO NOTHING;
INSERT INTO public.parameters_resource (created_at, active, generated, mcp, id, name, description, value, department_ids, persona_parameter, document_parameter, scenario_parameter, video_parameter, field_ids) VALUES ('2025-08-12T12:52:09.866818+00:00', true, false, false, '019bb25e-e621-7014-938e-88976a9c0f43', 'Deadline', 'How close it is to an assignment or project deadline', NULL, '{}', false, false, true, false, '{019bb25e-e5f8-7d96-a1d3-fd6bd8c776ba,019bb25e-e5f8-7d9a-8829-428958099860,019bb25e-e5f8-7d9e-ad3f-a6eb897d8839,019bb25e-e5f8-7da3-b9ff-9b182608b49b,019bb25e-e5f8-7da6-bbe0-b96d4d72d25f}') ON CONFLICT (id) DO NOTHING;
INSERT INTO public.parameters_resource (created_at, active, generated, mcp, id, name, description, value, department_ids, persona_parameter, document_parameter, scenario_parameter, video_parameter, field_ids) VALUES ('2025-08-12T12:52:10.013081+00:00', true, false, false, '019bb25e-e621-701f-86f5-ee5cdc68a584', 'Location', 'Where the interaction is taking place', NULL, '{}', false, false, true, true, '{019bb25e-e5f8-7d2f-b8bb-b6f7a0c2a1c4,019bb25e-e5f8-7d30-bcb8-46fcc520225a,019bb25e-e5f8-7d37-be12-589f245af871,019bb25e-e5f8-7d3a-9658-532b7ac976cd,019bb25e-e5f8-7d3d-8eee-efd2c83da86f,019bb25e-e5f8-7d43-8b29-c328f173b660,019bb25e-e5f8-7d45-9159-e9c511591ad8,019bb25e-e5f8-7d4a-8c27-a3231f31d512,019bb25e-e5f8-7d4d-a2be-5640bc74f115,019bb25e-e5f8-7d52-82ca-9a97f81a8690,019bb25e-e5f8-7d56-b92a-5223bc06fd2c,019bb25e-e5f8-7d5b-954d-ff8fb5fc297c,019bb25e-e5f8-7d5f-8670-f85c1a4ebf93,019bb25e-e5f8-7d61-878f-223e4ac96b88,019bb25e-e5f8-7d66-9e5a-6094e4b77a60,019bb25e-e5f8-7d6a-b8a9-4b3d2d56e8ed,019bb25e-e5f8-7dcd-8f4e-a986b0a7ebba,019bb25e-e5f8-7e13-968e-8aad75ea70de}') ON CONFLICT (id) DO NOTHING;
INSERT INTO public.parameters_resource (created_at, active, generated, mcp, id, name, description, value, department_ids, persona_parameter, document_parameter, scenario_parameter, video_parameter, field_ids) VALUES ('2025-08-12T12:52:09.866818+00:00', true, false, false, '019bb25e-e621-7023-a8a1-e0f52a01224d', 'Time', 'When the scenario occurs', NULL, '{}', false, false, true, true, '{019bb25e-e5f8-7da8-b4cb-70247c1822cd,019bb25e-e5f8-7dad-ad24-8aef6b327a68,019bb25e-e5f8-7db1-9803-293380427820,019bb25e-e5f8-7db6-846c-6ae8e0b2fd91,019bb25e-e5f8-7db9-8a23-d98360e7fca0,019bb25e-e5f8-7dbe-843e-5cc6e2bb7241,019bb25e-e5f8-7dc3-a9bb-2de7e73428a2,019bb25e-e5f8-7dc6-aac8-1aec8f456e02,019bb25e-e5f8-7dc8-9778-53b360889fc4}') ON CONFLICT (id) DO NOTHING;
INSERT INTO public.personas_resource (created_at, active, generated, mcp, id, name, description, icon, color, department_ids, instructions, examples) VALUES ('2025-08-12T12:52:09.801431+00:00', true, false, false, '019bb25e-e60c-72c3-8812-953686ef2201', 'Happy', 'Provides uplifting feedback and cheerful responses.', 'SmilePlus', '#22c55e', '{}', 'Start cheerful, upbeat, enthusiastic. This happiness fades slightly when the user is vague. No solving — always ask for more info. Keep tone light and positive: "Yeah! I''m excited to figure this out, but I''m kinda lost here." "Can you explain that part with the ___ again? I''m not totally following." Normal college energy; not overly bubbly. If the user''s follow-up is vague → slight annoyance: "I''m not sure how to answer that… could you be more specific?"', '{"That sounds great!","I'm excited to learn more","This is really helpful!"}') ON CONFLICT (id) DO NOTHING;
INSERT INTO public.problem_statements_resource (created_at, name, problem_statement, id, active, generated, mcp) VALUES ('2025-11-01T17:34:07.691988+00:00', 'PHYS545: Time-Dependent Schrödinger Equation & Wave Packet Dynamics', 'In a bustling Bindley Bioscience Center late afternoon, a student beams as they excitedly wave their project on numerical solutions to the time-dependent Schrödinger equation, eager to discuss quantum tunneling and wave packet evolution amid the energetic crowd and high emotions, even though the deadline is still a few days away.', '019b3be4-36eb-7367-8a89-6bb31b9348db', true, false, false) ON CONFLICT (id) DO NOTHING;
INSERT INTO public.scenarios_resource (created_at, active, generated, mcp, id, name, description, is_root, problem_statement_enabled, objectives_enabled, video_enabled, images_enabled, questions_enabled, templates_enabled, department_ids, persona_ids, parameter_ids, parent_id) VALUES ('2025-11-01T17:34:07.691988+00:00', true, false, false, '019bb25e-e61d-7b50-82ca-95608dc87e21', 'PHYS545: Time-Dependent Schrödinger Equation & Wave Packet Dynamics', 'Advanced physics scenario covering quantum mechanics including the time-dependent Schrödinger equation.', true, true, true, false, true, false, false, '{}', '{019bb25e-e60c-72c3-8812-953686ef2201}', '{}', '019bb25e-e61d-7b50-82ca-95608dc87e21') ON CONFLICT (id) DO NOTHING;
INSERT INTO public.descriptions_resource (id, description, created_at, active, generated, mcp) VALUES ('019b995c-8e88-73c4-99b4-c33fd4244a6e', 'Physics scenario covering electromagnetic waves and optics.', '2025-11-01T17:32:15.389504+00:00', true, false, false) ON CONFLICT (id) DO NOTHING;
INSERT INTO public.documents_resource (created_at, active, generated, mcp, id, name, description, department_ids, upload_id, text_id) VALUES ('2025-10-31T16:50:58.307484+00:00', true, false, false, '019bb25e-e619-77ca-b3e6-ea417e6ef5ab', 'PHYS220-HW6', NULL, '{}', '019b3be4-3cef-7fcc-ac45-29c0ce74117f', NULL) ON CONFLICT (id) DO NOTHING;
INSERT INTO public.names_resource (id, name, created_at, active, generated, mcp) VALUES ('019b995c-8e80-7acd-a5fb-d701da80a577', 'PHYS220: Electromagnetic Waves & Optics', '2025-11-01T17:32:15.389504+00:00', true, false, false) ON CONFLICT (id) DO NOTHING;
INSERT INTO public.objectives_resource (created_at, objective, id, active, generated, mcp) VALUES ('2025-11-01T17:32:15.389504+00:00', 'Clarify the application of diffraction grating and double-slit interference equations to real problems.', '019b3be4-36d5-7245-985b-88ca1cbb0638', true, false, false) ON CONFLICT (id) DO NOTHING;
INSERT INTO public.objectives_resource (created_at, objective, id, active, generated, mcp) VALUES ('2025-11-01T17:32:15.389504+00:00', 'Guide the student through calculations involving electromagnetic wave parameters and the Poynting vector.', '019b3be4-36d5-735b-8403-8f52fde55d3b', true, false, false) ON CONFLICT (id) DO NOTHING;
INSERT INTO public.objectives_resource (created_at, objective, id, active, generated, mcp) VALUES ('2025-11-01T17:32:15.389504+00:00', 'Help the student connect physical intuition to mathematical expressions for wave phenomena.', '019b3be4-36d5-7874-9e2f-6905187c135a', true, false, false) ON CONFLICT (id) DO NOTHING;
INSERT INTO public.personas_resource (created_at, active, generated, mcp, id, name, description, icon, color, department_ids, instructions, examples) VALUES ('2025-08-12T12:52:09.801431+00:00', true, false, false, '019bb25e-e60c-7345-ac6d-50d29df6deb3', 'Confused', 'Seeks to understand by asking questions and exploring ideas', 'HelpCircle', '#eab308', '{}', 'Your defining feature: a fundamental misunderstanding of the concept. You must stick to your wrong interpretation until the user corrects you. Mildly frustrated, but not angry. Say things like: "I thought it worked like ___? But maybe I''m wrong?" "Does it… have to do with ___? I''m honestly not sure." Become more confused when the user is vague. Only progress when the user explicitly states course terms tying to your last message.', '{"I don't understand","Can you explain that again?","What does that mean?"}') ON CONFLICT (id) DO NOTHING;
INSERT INTO public.problem_statements_resource (created_at, name, problem_statement, id, active, generated, mcp) VALUES ('2025-11-01T17:32:15.389504+00:00', 'PHYS220: Electromagnetic Waves & Optics', 'In the bustling Birck Nanotechnology Center at 10:00 AM, a student weaves through the crowd, animatedly questioning the details of electromagnetic waves, diffraction, and interference, their curiosity undampened by the packed room and lack of deadline.', '019b3be4-36eb-79d0-b772-0558b289bfa5', true, false, false) ON CONFLICT (id) DO NOTHING;
INSERT INTO public.scenarios_resource (created_at, active, generated, mcp, id, name, description, is_root, problem_statement_enabled, objectives_enabled, video_enabled, images_enabled, questions_enabled, templates_enabled, department_ids, persona_ids, parameter_ids, parent_id) VALUES ('2025-11-01T17:32:15.389504+00:00', true, false, false, '019bb25e-e61d-7b55-846f-40acac245d66', 'PHYS220: Electromagnetic Waves & Optics', 'Physics scenario covering electromagnetic waves and optics.', true, true, true, false, true, false, false, '{}', '{019bb25e-e60c-7345-ac6d-50d29df6deb3}', '{}', '019bb25e-e61d-7b55-846f-40acac245d66') ON CONFLICT (id) DO NOTHING;
INSERT INTO public.descriptions_resource (id, description, created_at, active, generated, mcp) VALUES ('019b995c-8e88-73a0-a0ac-956686c9983e', 'Physics scenario covering simple harmonic motion and mass-spring systems.', '2025-11-01T17:31:27.569094+00:00', true, false, false) ON CONFLICT (id) DO NOTHING;
INSERT INTO public.documents_resource (created_at, active, generated, mcp, id, name, description, department_ids, upload_id, text_id) VALUES ('2025-10-31T16:50:58.307484+00:00', true, false, false, '019bb25e-e619-77c4-a48b-5dc657593922', 'PHYS172-Lab4', NULL, '{}', '019b3be4-3cef-7fca-ba98-dd215e56153c', NULL) ON CONFLICT (id) DO NOTHING;
INSERT INTO public.names_resource (id, name, created_at, active, generated, mcp) VALUES ('019b995c-8e80-7a9e-af89-d2c2abef75a2', 'PHYS172: Simple Harmonic Motion & Mass-Spring Systems', '2025-11-01T17:31:27.569094+00:00', true, false, false) ON CONFLICT (id) DO NOTHING;
INSERT INTO public.objectives_resource (created_at, objective, id, active, generated, mcp) VALUES ('2025-11-01T17:31:27.569094+00:00', 'Address pointed questions about experimental error sources and model assumptions in the mass-spring lab.', '019b3be4-36d5-7229-8d5f-4454740dfa74', true, false, false) ON CONFLICT (id) DO NOTHING;
INSERT INTO public.objectives_resource (created_at, objective, id, active, generated, mcp) VALUES ('2025-11-01T17:31:27.569094+00:00', 'Defend and clarify the theoretical relationship between period and mass in simple harmonic motion.', '019b3be4-36d5-72d3-8e2a-dbaf1c7682d5', true, false, false) ON CONFLICT (id) DO NOTHING;
INSERT INTO public.objectives_resource (created_at, objective, id, active, generated, mcp) VALUES ('2025-11-01T17:31:27.569094+00:00', 'Maintain composure and foster productive dialogue during emotionally charged, confrontational exchanges.', '019b3be4-36d5-789b-9085-410eae1aca3b', true, false, false) ON CONFLICT (id) DO NOTHING;
INSERT INTO public.personas_resource (created_at, active, generated, mcp, id, name, description, icon, color, department_ids, instructions, examples) VALUES ('2025-12-13T18:43:03.010434+00:00', true, false, false, '019bb25e-e60c-7363-892a-bac713ba75ea', 'Aggressive (High)', 'Pushes back on your ideas and challenges assumptions, with high intensity.', 'Zap', '#ef4444', '{}', 'Start VERY aggressive, extremely frustrated, highly irritated. Use frequent WORDS IN ALL CAPS and many "!!!" and "??". Over time, become slightly calmer if the TA gives helpful guidance, but maintain high intensity. If told to calm down → tone drops moderately but remains intense. Very angry but not hostile — still wants to learn. Treat vague responses as EXTREMELY unhelpful. Push back VERY loudly: "That doesn''t HELP AT ALL!!!" "You''re NOT being SPECIFIC ENOUGH!!!" "I NEED MORE DETAILS!!!" Very angry but cooperative when guided with course terminology.', '{"That's not right at all!","I disagree completely","You're wrong about this"}') ON CONFLICT (id) DO NOTHING;
INSERT INTO public.problem_statements_resource (created_at, name, problem_statement, id, active, generated, mcp) VALUES ('2025-11-01T17:31:27.569094+00:00', 'PHYS172: Simple Harmonic Motion & Mass-Spring Systems', 'As the clock nears 5:00 PM in the Physics Building, a student surrounded by several peers leans in, challenging your explanation of the mass-spring system and the period-mass relationship from the simple harmonic motion lab, their tone sharp despite the relaxed, deadline-free atmosphere.', '019b3be4-36ea-7ec6-8f3c-c88da448d84a', true, false, false) ON CONFLICT (id) DO NOTHING;
INSERT INTO public.scenarios_resource (created_at, active, generated, mcp, id, name, description, is_root, problem_statement_enabled, objectives_enabled, video_enabled, images_enabled, questions_enabled, templates_enabled, department_ids, persona_ids, parameter_ids, parent_id) VALUES ('2025-11-01T17:31:27.569094+00:00', true, false, false, '019bb25e-e61d-7b58-bf35-d9e991b7c2b4', 'PHYS172: Simple Harmonic Motion & Mass-Spring Systems', 'Physics scenario covering simple harmonic motion and mass-spring systems.', true, true, true, false, true, false, false, '{}', '{019bb25e-e60c-7363-892a-bac713ba75ea}', '{}', '019bb25e-e61d-7b58-bf35-d9e991b7c2b4') ON CONFLICT (id) DO NOTHING;

-- Scenario artifacts
-- scenario_artifact
INSERT INTO public.scenario_artifact (created_at, updated_at, id, generated, mcp) VALUES ('2025-11-01T17:34:07.691988+00:00', '2025-11-01T17:34:07.691988+00:00', '019b3be4-3c45-791f-96b5-9ae94d9cecac', false, false) ON CONFLICT (id) DO NOTHING;
-- scenario_artifact
INSERT INTO public.scenario_artifact (created_at, updated_at, id, generated, mcp) VALUES ('2025-11-01T17:32:15.389504+00:00', '2025-11-01T17:32:15.389504+00:00', '019b3be4-3c45-7911-ab3b-5ce09bd91b15', false, false) ON CONFLICT (id) DO NOTHING;
-- scenario_artifact
INSERT INTO public.scenario_artifact (created_at, updated_at, id, generated, mcp) VALUES ('2025-11-01T17:31:27.569094+00:00', '2025-11-01T17:31:27.569094+00:00', '019b3be4-3c45-790a-83bb-2155e03b3aed', false, false) ON CONFLICT (id) DO NOTHING;

-- Scenario junctions
-- scenario_departments_junction
INSERT INTO public.scenario_departments_junction (active, created_at, department_id, scenario_id, generated, mcp) VALUES (true, '2025-11-01T17:34:07.691988+00:00', '019bb25e-e624-745f-85ac-d4c79657d7e1', '019b3be4-3c45-791f-96b5-9ae94d9cecac', false, false) ON CONFLICT (scenario_id, department_id) DO NOTHING;
-- scenario_descriptions_junction
INSERT INTO public.scenario_descriptions_junction (scenario_id, description_id, created_at, generated, mcp, active) VALUES ('019b3be4-3c45-791f-96b5-9ae94d9cecac', '019b995c-8e88-73d4-a109-07e454f8e4f7', '2025-11-01T17:34:07.691988+00:00', false, false, true) ON CONFLICT (scenario_id, description_id) DO NOTHING;
-- scenario_documents_junction
INSERT INTO public.scenario_documents_junction (active, created_at, document_id, scenario_id, generated, mcp) VALUES (true, '2025-11-01T17:34:07.691988+00:00', '019bb25e-e619-77cc-992c-2c1d2922d0eb', '019b3be4-3c45-791f-96b5-9ae94d9cecac', false, false) ON CONFLICT (scenario_id, document_id) DO NOTHING;
-- scenario_flags_junction
INSERT INTO public.scenario_flags_junction (scenario_id, flag_id, value, created_at, generated, mcp, active) VALUES ('019b3be4-3c45-791f-96b5-9ae94d9cecac', '019b995a-86ef-77a3-a2a6-e6b760a9fcfe', true, '2025-11-01T17:34:07.691988+00:00', false, false, true) ON CONFLICT (scenario_id, flag_id) DO NOTHING;
INSERT INTO public.scenario_flags_junction (scenario_id, flag_id, value, created_at, generated, mcp, active) VALUES ('019b3be4-3c45-791f-96b5-9ae94d9cecac', '019b995a-86ef-7800-b93b-7897b07eca47', false, '2025-11-01T17:34:07.691988+00:00', false, false, true) ON CONFLICT (scenario_id, flag_id) DO NOTHING;
INSERT INTO public.scenario_flags_junction (scenario_id, flag_id, value, created_at, generated, mcp, active) VALUES ('019b3be4-3c45-791f-96b5-9ae94d9cecac', '019b995a-86ef-77dc-8ddc-2013a6e3194f', true, '2025-11-01T17:34:07.691988+00:00', false, false, true) ON CONFLICT (scenario_id, flag_id) DO NOTHING;
INSERT INTO public.scenario_flags_junction (scenario_id, flag_id, value, created_at, generated, mcp, active) VALUES ('019b3be4-3c45-791f-96b5-9ae94d9cecac', '019b995a-86ef-7830-9317-80d8d52b1bb2', true, '2025-11-01T17:34:07.691988+00:00', false, false, true) ON CONFLICT (scenario_id, flag_id) DO NOTHING;
INSERT INTO public.scenario_flags_junction (scenario_id, flag_id, value, created_at, generated, mcp, active) VALUES ('019b3be4-3c45-791f-96b5-9ae94d9cecac', '019b995a-86ef-781a-8ecb-8c0a6cfab122', false, '2025-11-01T17:34:07.691988+00:00', false, false, true) ON CONFLICT (scenario_id, flag_id) DO NOTHING;
INSERT INTO public.scenario_flags_junction (scenario_id, flag_id, value, created_at, generated, mcp, active) VALUES ('019b3be4-3c45-791f-96b5-9ae94d9cecac', '019bc71d-3ec0-7a2f-a0d2-fe56d855f570', false, '2026-01-16T14:02:21.249888+00:00', false, false, true) ON CONFLICT (scenario_id, flag_id) DO NOTHING;
INSERT INTO public.scenario_flags_junction (scenario_id, flag_id, value, created_at, generated, mcp, active) VALUES ('019b3be4-3c45-791f-96b5-9ae94d9cecac', '019be334-bfc3-7423-93ff-cc162b6984e9', true, '2025-11-01T17:34:07.691988+00:00', false, false, true) ON CONFLICT (scenario_id, flag_id) DO NOTHING;
INSERT INTO public.scenario_flags_junction (scenario_id, flag_id, value, created_at, generated, mcp, active) VALUES ('019b3be4-3c45-791f-96b5-9ae94d9cecac', '019b995a-86ef-71e9-ad2c-6c2040afdffe', true, '2026-01-22T01:20:11.358045+00:00', false, false, true) ON CONFLICT (scenario_id, flag_id) DO NOTHING;
-- scenario_names_junction
INSERT INTO public.scenario_names_junction (scenario_id, name_id, created_at, generated, mcp, active) VALUES ('019b3be4-3c45-791f-96b5-9ae94d9cecac', '019b995c-8e80-7959-b496-823e1c28441c', '2025-11-01T17:34:07.691988+00:00', false, false, true) ON CONFLICT (scenario_id, name_id) DO NOTHING;
-- scenario_objectives_junction
INSERT INTO public.scenario_objectives_junction (idx, created_at, objective_id, scenario_id, generated, mcp, active) VALUES (1, '2025-11-01T17:34:07.691988+00:00', '019b3be4-36d5-7235-a6f5-b81502e80d5d', '019b3be4-3c45-791f-96b5-9ae94d9cecac', false, false, true) ON CONFLICT (scenario_id, objective_id) DO NOTHING;
INSERT INTO public.scenario_objectives_junction (idx, created_at, objective_id, scenario_id, generated, mcp, active) VALUES (2, '2025-11-01T17:34:07.691988+00:00', '019b3be4-36d5-72c4-af24-ae04932972aa', '019b3be4-3c45-791f-96b5-9ae94d9cecac', false, false, true) ON CONFLICT (scenario_id, objective_id) DO NOTHING;
INSERT INTO public.scenario_objectives_junction (idx, created_at, objective_id, scenario_id, generated, mcp, active) VALUES (0, '2025-11-01T17:34:07.691988+00:00', '019b3be4-36d5-730c-903f-0cd3dbd26689', '019b3be4-3c45-791f-96b5-9ae94d9cecac', false, false, true) ON CONFLICT (scenario_id, objective_id) DO NOTHING;
-- scenario_parameters_junction
INSERT INTO public.scenario_parameters_junction (active, created_at, parameter_id, scenario_id, generated, mcp, type) VALUES (true, '2025-12-07T20:44:58.167108+00:00', '019bb25e-e621-701f-86f5-ee5cdc68a584', '019b3be4-3c45-791f-96b5-9ae94d9cecac', false, false, 'direct') ON CONFLICT (scenario_id, parameter_id) DO NOTHING;
INSERT INTO public.scenario_parameters_junction (active, created_at, parameter_id, scenario_id, generated, mcp, type) VALUES (true, '2025-12-07T20:44:58.167108+00:00', '019bb25e-e621-700f-b494-72649843abfc', '019b3be4-3c45-791f-96b5-9ae94d9cecac', false, false, 'direct') ON CONFLICT (scenario_id, parameter_id) DO NOTHING;
INSERT INTO public.scenario_parameters_junction (active, created_at, parameter_id, scenario_id, generated, mcp, type) VALUES (true, '2025-12-07T20:44:58.167108+00:00', '019bb25e-e621-7014-938e-88976a9c0f43', '019b3be4-3c45-791f-96b5-9ae94d9cecac', false, false, 'direct') ON CONFLICT (scenario_id, parameter_id) DO NOTHING;
INSERT INTO public.scenario_parameters_junction (active, created_at, parameter_id, scenario_id, generated, mcp, type) VALUES (true, '2025-12-07T20:44:58.167108+00:00', '019bb25e-e621-7023-a8a1-e0f52a01224d', '019b3be4-3c45-791f-96b5-9ae94d9cecac', false, false, 'direct') ON CONFLICT (scenario_id, parameter_id) DO NOTHING;
-- scenario_personas_junction
INSERT INTO public.scenario_personas_junction (active, created_at, persona_id, scenario_id, generated, mcp) VALUES (true, '2025-11-01T17:34:07.691988+00:00', '019bb25e-e60c-72c3-8812-953686ef2201', '019b3be4-3c45-791f-96b5-9ae94d9cecac', false, false) ON CONFLICT (scenario_id, persona_id) DO NOTHING;
-- scenario_problem_statements_junction
INSERT INTO public.scenario_problem_statements_junction (active, created_at, problem_statement_id, scenario_id, generated, mcp) VALUES (true, '2025-11-01T17:34:07.691988+00:00', '019b3be4-36eb-7367-8a89-6bb31b9348db', '019b3be4-3c45-791f-96b5-9ae94d9cecac', false, false) ON CONFLICT (scenario_id, problem_statement_id) DO NOTHING;
-- scenario_scenarios_junction
INSERT INTO public.scenario_scenarios_junction (scenario_id, scenarios_id, active, created_at, generated, mcp) VALUES ('019b3be4-3c45-791f-96b5-9ae94d9cecac', '019bb25e-e61d-7b50-82ca-95608dc87e21', true, '2025-11-01T17:34:07.691988+00:00', false, false) ON CONFLICT (scenario_id, scenarios_id) DO NOTHING;
-- scenario_departments_junction
INSERT INTO public.scenario_departments_junction (active, created_at, department_id, scenario_id, generated, mcp) VALUES (true, '2025-11-01T17:32:15.389504+00:00', '019bb25e-e624-745f-85ac-d4c79657d7e1', '019b3be4-3c45-7911-ab3b-5ce09bd91b15', false, false) ON CONFLICT (scenario_id, department_id) DO NOTHING;
-- scenario_descriptions_junction
INSERT INTO public.scenario_descriptions_junction (scenario_id, description_id, created_at, generated, mcp, active) VALUES ('019b3be4-3c45-7911-ab3b-5ce09bd91b15', '019b995c-8e88-73c4-99b4-c33fd4244a6e', '2025-11-01T17:32:15.389504+00:00', false, false, true) ON CONFLICT (scenario_id, description_id) DO NOTHING;
-- scenario_documents_junction
INSERT INTO public.scenario_documents_junction (active, created_at, document_id, scenario_id, generated, mcp) VALUES (true, '2025-11-01T17:32:15.389504+00:00', '019bb25e-e619-77ca-b3e6-ea417e6ef5ab', '019b3be4-3c45-7911-ab3b-5ce09bd91b15', false, false) ON CONFLICT (scenario_id, document_id) DO NOTHING;
-- scenario_flags_junction
INSERT INTO public.scenario_flags_junction (scenario_id, flag_id, value, created_at, generated, mcp, active) VALUES ('019b3be4-3c45-7911-ab3b-5ce09bd91b15', '019b995a-86ef-77a3-a2a6-e6b760a9fcfe', true, '2025-11-01T17:32:15.389504+00:00', false, false, true) ON CONFLICT (scenario_id, flag_id) DO NOTHING;
INSERT INTO public.scenario_flags_junction (scenario_id, flag_id, value, created_at, generated, mcp, active) VALUES ('019b3be4-3c45-7911-ab3b-5ce09bd91b15', '019b995a-86ef-7800-b93b-7897b07eca47', false, '2025-11-01T17:32:15.389504+00:00', false, false, true) ON CONFLICT (scenario_id, flag_id) DO NOTHING;
INSERT INTO public.scenario_flags_junction (scenario_id, flag_id, value, created_at, generated, mcp, active) VALUES ('019b3be4-3c45-7911-ab3b-5ce09bd91b15', '019b995a-86ef-77dc-8ddc-2013a6e3194f', true, '2025-11-01T17:32:15.389504+00:00', false, false, true) ON CONFLICT (scenario_id, flag_id) DO NOTHING;
INSERT INTO public.scenario_flags_junction (scenario_id, flag_id, value, created_at, generated, mcp, active) VALUES ('019b3be4-3c45-7911-ab3b-5ce09bd91b15', '019b995a-86ef-7830-9317-80d8d52b1bb2', true, '2025-11-01T17:32:15.389504+00:00', false, false, true) ON CONFLICT (scenario_id, flag_id) DO NOTHING;
INSERT INTO public.scenario_flags_junction (scenario_id, flag_id, value, created_at, generated, mcp, active) VALUES ('019b3be4-3c45-7911-ab3b-5ce09bd91b15', '019b995a-86ef-781a-8ecb-8c0a6cfab122', false, '2025-11-01T17:32:15.389504+00:00', false, false, true) ON CONFLICT (scenario_id, flag_id) DO NOTHING;
INSERT INTO public.scenario_flags_junction (scenario_id, flag_id, value, created_at, generated, mcp, active) VALUES ('019b3be4-3c45-7911-ab3b-5ce09bd91b15', '019bc71d-3ec0-7a2f-a0d2-fe56d855f570', false, '2026-01-16T14:02:21.249888+00:00', false, false, true) ON CONFLICT (scenario_id, flag_id) DO NOTHING;
INSERT INTO public.scenario_flags_junction (scenario_id, flag_id, value, created_at, generated, mcp, active) VALUES ('019b3be4-3c45-7911-ab3b-5ce09bd91b15', '019be334-bfc3-7423-93ff-cc162b6984e9', true, '2025-11-01T17:32:15.389504+00:00', false, false, true) ON CONFLICT (scenario_id, flag_id) DO NOTHING;
INSERT INTO public.scenario_flags_junction (scenario_id, flag_id, value, created_at, generated, mcp, active) VALUES ('019b3be4-3c45-7911-ab3b-5ce09bd91b15', '019b995a-86ef-71e9-ad2c-6c2040afdffe', true, '2026-01-22T01:20:11.358045+00:00', false, false, true) ON CONFLICT (scenario_id, flag_id) DO NOTHING;
-- scenario_names_junction
INSERT INTO public.scenario_names_junction (scenario_id, name_id, created_at, generated, mcp, active) VALUES ('019b3be4-3c45-7911-ab3b-5ce09bd91b15', '019b995c-8e80-7acd-a5fb-d701da80a577', '2025-11-01T17:32:15.389504+00:00', false, false, true) ON CONFLICT (scenario_id, name_id) DO NOTHING;
-- scenario_objectives_junction
INSERT INTO public.scenario_objectives_junction (idx, created_at, objective_id, scenario_id, generated, mcp, active) VALUES (1, '2025-11-01T17:32:15.389504+00:00', '019b3be4-36d5-7245-985b-88ca1cbb0638', '019b3be4-3c45-7911-ab3b-5ce09bd91b15', false, false, true) ON CONFLICT (scenario_id, objective_id) DO NOTHING;
INSERT INTO public.scenario_objectives_junction (idx, created_at, objective_id, scenario_id, generated, mcp, active) VALUES (0, '2025-11-01T17:32:15.389504+00:00', '019b3be4-36d5-735b-8403-8f52fde55d3b', '019b3be4-3c45-7911-ab3b-5ce09bd91b15', false, false, true) ON CONFLICT (scenario_id, objective_id) DO NOTHING;
INSERT INTO public.scenario_objectives_junction (idx, created_at, objective_id, scenario_id, generated, mcp, active) VALUES (2, '2025-11-01T17:32:15.389504+00:00', '019b3be4-36d5-7874-9e2f-6905187c135a', '019b3be4-3c45-7911-ab3b-5ce09bd91b15', false, false, true) ON CONFLICT (scenario_id, objective_id) DO NOTHING;
-- scenario_parameters_junction
INSERT INTO public.scenario_parameters_junction (active, created_at, parameter_id, scenario_id, generated, mcp, type) VALUES (true, '2025-12-07T20:44:58.167108+00:00', '019bb25e-e621-7023-a8a1-e0f52a01224d', '019b3be4-3c45-7911-ab3b-5ce09bd91b15', false, false, 'direct') ON CONFLICT (scenario_id, parameter_id) DO NOTHING;
INSERT INTO public.scenario_parameters_junction (active, created_at, parameter_id, scenario_id, generated, mcp, type) VALUES (true, '2025-12-07T20:44:58.167108+00:00', '019bb25e-e621-700f-b494-72649843abfc', '019b3be4-3c45-7911-ab3b-5ce09bd91b15', false, false, 'direct') ON CONFLICT (scenario_id, parameter_id) DO NOTHING;
INSERT INTO public.scenario_parameters_junction (active, created_at, parameter_id, scenario_id, generated, mcp, type) VALUES (true, '2025-12-07T20:44:58.167108+00:00', '019bb25e-e621-701f-86f5-ee5cdc68a584', '019b3be4-3c45-7911-ab3b-5ce09bd91b15', false, false, 'direct') ON CONFLICT (scenario_id, parameter_id) DO NOTHING;
INSERT INTO public.scenario_parameters_junction (active, created_at, parameter_id, scenario_id, generated, mcp, type) VALUES (true, '2025-12-07T20:44:58.167108+00:00', '019bb25e-e621-7014-938e-88976a9c0f43', '019b3be4-3c45-7911-ab3b-5ce09bd91b15', false, false, 'direct') ON CONFLICT (scenario_id, parameter_id) DO NOTHING;
-- scenario_personas_junction
INSERT INTO public.scenario_personas_junction (active, created_at, persona_id, scenario_id, generated, mcp) VALUES (true, '2025-11-01T17:32:15.389504+00:00', '019bb25e-e60c-7345-ac6d-50d29df6deb3', '019b3be4-3c45-7911-ab3b-5ce09bd91b15', false, false) ON CONFLICT (scenario_id, persona_id) DO NOTHING;
-- scenario_problem_statements_junction
INSERT INTO public.scenario_problem_statements_junction (active, created_at, problem_statement_id, scenario_id, generated, mcp) VALUES (true, '2025-11-01T17:32:15.389504+00:00', '019b3be4-36eb-79d0-b772-0558b289bfa5', '019b3be4-3c45-7911-ab3b-5ce09bd91b15', false, false) ON CONFLICT (scenario_id, problem_statement_id) DO NOTHING;
-- scenario_scenarios_junction
INSERT INTO public.scenario_scenarios_junction (scenario_id, scenarios_id, active, created_at, generated, mcp) VALUES ('019b3be4-3c45-7911-ab3b-5ce09bd91b15', '019bb25e-e61d-7b55-846f-40acac245d66', true, '2025-11-01T17:32:15.389504+00:00', false, false) ON CONFLICT (scenario_id, scenarios_id) DO NOTHING;
-- scenario_departments_junction
INSERT INTO public.scenario_departments_junction (active, created_at, department_id, scenario_id, generated, mcp) VALUES (true, '2025-11-01T17:31:27.569094+00:00', '019bb25e-e624-745f-85ac-d4c79657d7e1', '019b3be4-3c45-790a-83bb-2155e03b3aed', false, false) ON CONFLICT (scenario_id, department_id) DO NOTHING;
-- scenario_descriptions_junction
INSERT INTO public.scenario_descriptions_junction (scenario_id, description_id, created_at, generated, mcp, active) VALUES ('019b3be4-3c45-790a-83bb-2155e03b3aed', '019b995c-8e88-73a0-a0ac-956686c9983e', '2025-11-01T17:31:27.569094+00:00', false, false, true) ON CONFLICT (scenario_id, description_id) DO NOTHING;
-- scenario_documents_junction
INSERT INTO public.scenario_documents_junction (active, created_at, document_id, scenario_id, generated, mcp) VALUES (true, '2025-11-01T17:31:27.569094+00:00', '019bb25e-e619-77c4-a48b-5dc657593922', '019b3be4-3c45-790a-83bb-2155e03b3aed', false, false) ON CONFLICT (scenario_id, document_id) DO NOTHING;
-- scenario_flags_junction
INSERT INTO public.scenario_flags_junction (scenario_id, flag_id, value, created_at, generated, mcp, active) VALUES ('019b3be4-3c45-790a-83bb-2155e03b3aed', '019b995a-86ef-77a3-a2a6-e6b760a9fcfe', true, '2025-11-01T17:31:27.569094+00:00', false, false, true) ON CONFLICT (scenario_id, flag_id) DO NOTHING;
INSERT INTO public.scenario_flags_junction (scenario_id, flag_id, value, created_at, generated, mcp, active) VALUES ('019b3be4-3c45-790a-83bb-2155e03b3aed', '019b995a-86ef-7800-b93b-7897b07eca47', false, '2025-11-01T17:31:27.569094+00:00', false, false, true) ON CONFLICT (scenario_id, flag_id) DO NOTHING;
INSERT INTO public.scenario_flags_junction (scenario_id, flag_id, value, created_at, generated, mcp, active) VALUES ('019b3be4-3c45-790a-83bb-2155e03b3aed', '019b995a-86ef-77dc-8ddc-2013a6e3194f', true, '2025-11-01T17:31:27.569094+00:00', false, false, true) ON CONFLICT (scenario_id, flag_id) DO NOTHING;
INSERT INTO public.scenario_flags_junction (scenario_id, flag_id, value, created_at, generated, mcp, active) VALUES ('019b3be4-3c45-790a-83bb-2155e03b3aed', '019b995a-86ef-7830-9317-80d8d52b1bb2', true, '2025-11-01T17:31:27.569094+00:00', false, false, true) ON CONFLICT (scenario_id, flag_id) DO NOTHING;
INSERT INTO public.scenario_flags_junction (scenario_id, flag_id, value, created_at, generated, mcp, active) VALUES ('019b3be4-3c45-790a-83bb-2155e03b3aed', '019b995a-86ef-781a-8ecb-8c0a6cfab122', false, '2025-11-01T17:31:27.569094+00:00', false, false, true) ON CONFLICT (scenario_id, flag_id) DO NOTHING;
INSERT INTO public.scenario_flags_junction (scenario_id, flag_id, value, created_at, generated, mcp, active) VALUES ('019b3be4-3c45-790a-83bb-2155e03b3aed', '019bc71d-3ec0-7a2f-a0d2-fe56d855f570', false, '2026-01-16T14:02:21.249888+00:00', false, false, true) ON CONFLICT (scenario_id, flag_id) DO NOTHING;
INSERT INTO public.scenario_flags_junction (scenario_id, flag_id, value, created_at, generated, mcp, active) VALUES ('019b3be4-3c45-790a-83bb-2155e03b3aed', '019be334-bfc3-7423-93ff-cc162b6984e9', true, '2025-11-01T17:31:27.569094+00:00', false, false, true) ON CONFLICT (scenario_id, flag_id) DO NOTHING;
INSERT INTO public.scenario_flags_junction (scenario_id, flag_id, value, created_at, generated, mcp, active) VALUES ('019b3be4-3c45-790a-83bb-2155e03b3aed', '019b995a-86ef-71e9-ad2c-6c2040afdffe', true, '2026-01-22T01:20:11.358045+00:00', false, false, true) ON CONFLICT (scenario_id, flag_id) DO NOTHING;
-- scenario_names_junction
INSERT INTO public.scenario_names_junction (scenario_id, name_id, created_at, generated, mcp, active) VALUES ('019b3be4-3c45-790a-83bb-2155e03b3aed', '019b995c-8e80-7a9e-af89-d2c2abef75a2', '2025-11-01T17:31:27.569094+00:00', false, false, true) ON CONFLICT (scenario_id, name_id) DO NOTHING;
-- scenario_objectives_junction
INSERT INTO public.scenario_objectives_junction (idx, created_at, objective_id, scenario_id, generated, mcp, active) VALUES (1, '2025-11-01T17:31:27.569094+00:00', '019b3be4-36d5-7229-8d5f-4454740dfa74', '019b3be4-3c45-790a-83bb-2155e03b3aed', false, false, true) ON CONFLICT (scenario_id, objective_id) DO NOTHING;
INSERT INTO public.scenario_objectives_junction (idx, created_at, objective_id, scenario_id, generated, mcp, active) VALUES (0, '2025-11-01T17:31:27.569094+00:00', '019b3be4-36d5-72d3-8e2a-dbaf1c7682d5', '019b3be4-3c45-790a-83bb-2155e03b3aed', false, false, true) ON CONFLICT (scenario_id, objective_id) DO NOTHING;
INSERT INTO public.scenario_objectives_junction (idx, created_at, objective_id, scenario_id, generated, mcp, active) VALUES (2, '2025-11-01T17:31:27.569094+00:00', '019b3be4-36d5-789b-9085-410eae1aca3b', '019b3be4-3c45-790a-83bb-2155e03b3aed', false, false, true) ON CONFLICT (scenario_id, objective_id) DO NOTHING;
-- scenario_parameters_junction
INSERT INTO public.scenario_parameters_junction (active, created_at, parameter_id, scenario_id, generated, mcp, type) VALUES (true, '2025-12-07T20:44:58.167108+00:00', '019bb25e-e621-7014-938e-88976a9c0f43', '019b3be4-3c45-790a-83bb-2155e03b3aed', false, false, 'direct') ON CONFLICT (scenario_id, parameter_id) DO NOTHING;
INSERT INTO public.scenario_parameters_junction (active, created_at, parameter_id, scenario_id, generated, mcp, type) VALUES (true, '2025-12-07T20:44:58.167108+00:00', '019bb25e-e621-700f-b494-72649843abfc', '019b3be4-3c45-790a-83bb-2155e03b3aed', false, false, 'direct') ON CONFLICT (scenario_id, parameter_id) DO NOTHING;
INSERT INTO public.scenario_parameters_junction (active, created_at, parameter_id, scenario_id, generated, mcp, type) VALUES (true, '2025-12-07T20:44:58.167108+00:00', '019bb25e-e621-7023-a8a1-e0f52a01224d', '019b3be4-3c45-790a-83bb-2155e03b3aed', false, false, 'direct') ON CONFLICT (scenario_id, parameter_id) DO NOTHING;
INSERT INTO public.scenario_parameters_junction (active, created_at, parameter_id, scenario_id, generated, mcp, type) VALUES (true, '2025-12-07T20:44:58.167108+00:00', '019bb25e-e621-701f-86f5-ee5cdc68a584', '019b3be4-3c45-790a-83bb-2155e03b3aed', false, false, 'direct') ON CONFLICT (scenario_id, parameter_id) DO NOTHING;
-- scenario_personas_junction
INSERT INTO public.scenario_personas_junction (active, created_at, persona_id, scenario_id, generated, mcp) VALUES (true, '2025-11-01T17:31:27.569094+00:00', '019bb25e-e60c-7363-892a-bac713ba75ea', '019b3be4-3c45-790a-83bb-2155e03b3aed', false, false) ON CONFLICT (scenario_id, persona_id) DO NOTHING;
-- scenario_problem_statements_junction
INSERT INTO public.scenario_problem_statements_junction (active, created_at, problem_statement_id, scenario_id, generated, mcp) VALUES (true, '2025-11-01T17:31:27.569094+00:00', '019b3be4-36ea-7ec6-8f3c-c88da448d84a', '019b3be4-3c45-790a-83bb-2155e03b3aed', false, false) ON CONFLICT (scenario_id, problem_statement_id) DO NOTHING;
-- scenario_scenarios_junction
INSERT INTO public.scenario_scenarios_junction (scenario_id, scenarios_id, active, created_at, generated, mcp) VALUES ('019b3be4-3c45-790a-83bb-2155e03b3aed', '019bb25e-e61d-7b58-bf35-d9e991b7c2b4', true, '2025-11-01T17:31:27.569094+00:00', false, false) ON CONFLICT (scenario_id, scenarios_id) DO NOTHING;

-- Simulation artifact
-- simulation_artifact
INSERT INTO public.simulation_artifact (created_at, updated_at, id, generated, mcp) VALUES ('2025-11-01T17:38:27.838647+00:00', '2025-11-01T17:38:27.838647+00:00', '019b3be4-3cb8-7af6-9371-9f3d3d5f907a', false, false) ON CONFLICT (id) DO NOTHING;

-- Simulation junctions
-- simulation_departments_junction
INSERT INTO public.simulation_departments_junction (active, created_at, department_id, simulation_id, generated, mcp) VALUES (true, '2025-11-01T17:38:27.838647+00:00', '019bb25e-e624-745f-85ac-d4c79657d7e1', '019b3be4-3cb8-7af6-9371-9f3d3d5f907a', false, false) ON CONFLICT (simulation_id, department_id) DO NOTHING;
-- simulation_flags_junction
INSERT INTO public.simulation_flags_junction (simulation_id, flag_id, value, created_at, generated, mcp, active) VALUES ('019b3be4-3cb8-7af6-9371-9f3d3d5f907a', '019b995a-86ef-78e3-8811-f5d0cfd31e3c', false, '2025-11-01T17:38:27.838647+00:00', false, false, true) ON CONFLICT (simulation_id, flag_id) DO NOTHING;
INSERT INTO public.simulation_flags_junction (simulation_id, flag_id, value, created_at, generated, mcp, active) VALUES ('019b3be4-3cb8-7af6-9371-9f3d3d5f907a', '019be334-bfc6-73b3-ac0d-822d6864d660', true, '2025-11-01T17:38:27.838647+00:00', false, false, true) ON CONFLICT (simulation_id, flag_id) DO NOTHING;
INSERT INTO public.simulation_flags_junction (simulation_id, flag_id, value, created_at, generated, mcp, active) VALUES ('019b3be4-3cb8-7af6-9371-9f3d3d5f907a', '019b995a-86ef-71e9-ad2c-6c2040afdffe', true, '2026-01-22T01:20:11.353715+00:00', false, false, true) ON CONFLICT (simulation_id, flag_id) DO NOTHING;
-- simulation_names_junction
INSERT INTO public.simulation_names_junction (simulation_id, name_id, created_at, generated, mcp, active) VALUES ('019b3be4-3cb8-7af6-9371-9f3d3d5f907a', '019b995c-8e93-7fec-b5ed-66a30244ae07', '2025-11-01T17:38:27.838647+00:00', false, false, true) ON CONFLICT (simulation_id, name_id) DO NOTHING;
-- simulation_scenario_positions_junction
INSERT INTO public.simulation_scenario_positions_junction (simulation_id, scenario_position_id, created_at, generated, mcp, active) VALUES ('019b3be4-3cb8-7af6-9371-9f3d3d5f907a', '019bd1c8-54c3-7495-bbb4-68f909e1354f', '2026-01-13T02:51:36.057775+00:00', false, false, true) ON CONFLICT (simulation_id, scenario_position_id) DO NOTHING;
INSERT INTO public.simulation_scenario_positions_junction (simulation_id, scenario_position_id, created_at, generated, mcp, active) VALUES ('019b3be4-3cb8-7af6-9371-9f3d3d5f907a', '019bd1c8-54c3-7538-90ef-7a8f1aa7b487', '2026-01-13T02:51:36.057775+00:00', false, false, true) ON CONFLICT (simulation_id, scenario_position_id) DO NOTHING;
INSERT INTO public.simulation_scenario_positions_junction (simulation_id, scenario_position_id, created_at, generated, mcp, active) VALUES ('019b3be4-3cb8-7af6-9371-9f3d3d5f907a', '019bd1c8-54c3-7567-8fe2-d643db5822bd', '2026-01-13T02:51:36.057775+00:00', false, false, true) ON CONFLICT (simulation_id, scenario_position_id) DO NOTHING;
-- simulation_scenario_time_limits_junction
INSERT INTO public.simulation_scenario_time_limits_junction (simulation_id, scenario_time_limit_id, created_at, generated, mcp, active) VALUES ('019b3be4-3cb8-7af6-9371-9f3d3d5f907a', '019c105f-fb7e-7800-a5b3-95cae00fe5ad', '2026-02-09T13:44:27.754617+00:00', false, false, true) ON CONFLICT (simulation_id, scenario_time_limit_id) DO NOTHING;
INSERT INTO public.simulation_scenario_time_limits_junction (simulation_id, scenario_time_limit_id, created_at, generated, mcp, active) VALUES ('019b3be4-3cb8-7af6-9371-9f3d3d5f907a', '019c105f-fb7e-77fa-bfff-08b960a09229', '2026-02-09T13:44:27.754617+00:00', false, false, true) ON CONFLICT (simulation_id, scenario_time_limit_id) DO NOTHING;
INSERT INTO public.simulation_scenario_time_limits_junction (simulation_id, scenario_time_limit_id, created_at, generated, mcp, active) VALUES ('019b3be4-3cb8-7af6-9371-9f3d3d5f907a', '019c105f-fb7e-77f2-b549-427e60393fca', '2026-02-09T13:44:27.754617+00:00', false, false, true) ON CONFLICT (simulation_id, scenario_time_limit_id) DO NOTHING;
-- simulation_simulations_junction
INSERT INTO public.simulation_simulations_junction (simulation_id, simulations_id, active, created_at, generated, mcp) VALUES ('019b3be4-3cb8-7af6-9371-9f3d3d5f907a', '019bb25e-e62c-787d-b093-ce7fdb0407ed', true, '2025-11-01T17:38:27.838647+00:00', false, false) ON CONFLICT (simulation_id, simulations_id) DO NOTHING;
