-- Module: Video Practice
-- Category: simulation
-- Description: Video Practice simulation with inline scenarios
-- ============================================================

-- Simulation resource rows
INSERT INTO public.descriptions_resource (id, description, created_at, active, generated, mcp) VALUES ('019b995c-8e96-7733-b187-40f85ff1631d', 'Practice simulation for video-based training scenarios', '2025-12-12T13:44:32.428979+00:00', true, false, false) ON CONFLICT (id) DO NOTHING;
INSERT INTO public.names_resource (id, name, created_at, active, generated, mcp) VALUES ('019b995c-8e93-7fb0-8b73-e26bb1668e03', 'Video Practice', '2025-12-12T13:44:32.428979+00:00', true, false, false) ON CONFLICT (id) DO NOTHING;
INSERT INTO public.scenario_positions_resource (id, value, created_at, generated, mcp, scenario_id, active) VALUES ('019bd1c8-54c3-7550-8aff-ba10aadf87e8', 3, '2026-01-13T02:51:36.057775+00:00', false, false, '019bb25e-e61d-7ef1-979e-a32263560bdd', true) ON CONFLICT (id) DO NOTHING;
INSERT INTO public.scenario_positions_resource (id, value, created_at, generated, mcp, scenario_id, active) VALUES ('019bd1c8-54c3-7585-b721-ab3993035e9b', 1, '2026-01-13T02:51:36.057775+00:00', false, false, '019bb25e-e61d-7ef5-a65e-31bfa59971ae', true) ON CONFLICT (id) DO NOTHING;
INSERT INTO public.scenario_positions_resource (id, value, created_at, generated, mcp, scenario_id, active) VALUES ('019bd1c8-54c3-75a6-8355-c7f3cecd53a2', 2, '2026-01-13T02:51:36.057775+00:00', false, false, '019bb25e-e61d-7eef-a081-23b2efeacb6b', true) ON CONFLICT (id) DO NOTHING;
INSERT INTO public.simulations_resource (created_at, active, generated, mcp, id, name, description, department_ids, scenario_ids) VALUES ('2025-12-12T13:44:32.428979+00:00', true, false, false, '019bb25e-e62c-7894-b18e-ddd3518cec67', 'Video Practice', 'Practice simulation for video-based training scenarios', '{}', '{019bb25e-e61d-7eef-a081-23b2efeacb6b,019bb25e-e61d-7ef1-979e-a32263560bdd,019bb25e-e61d-7ef5-a65e-31bfa59971ae}') ON CONFLICT (id) DO NOTHING;

-- Scenario resource rows
INSERT INTO public.descriptions_resource (id, description, created_at, active, generated, mcp) VALUES ('019b995c-8e88-7420-a521-8a98826a7e87', 'Training scenario for practicing responses to academic integrity violations and policy enforcement.', '2025-12-13T13:42:21.259114+00:00', true, false, false) ON CONFLICT (id) DO NOTHING;
INSERT INTO public.documents_resource (created_at, active, generated, mcp, id, name, description, department_ids, upload_id, text_id, html) VALUES ('2025-12-12T13:44:32.428979+00:00', true, false, false, '019bb25e-e619-7834-9cb3-66671ca36a7d', 'Academic Integrity Policy', 'Academic integrity and honor code policy document', '{}', '019b3be4-3cf0-7032-a0e9-fd8b56aa4565', NULL, false) ON CONFLICT (id) DO NOTHING;
INSERT INTO public.documents_resource (created_at, active, generated, mcp, id, name, description, department_ids, upload_id, text_id, html) VALUES ('2025-12-06T02:59:23.893847+00:00', true, false, false, '019bb25e-e619-782f-8894-e5d20003dbee', 'Policy Template', 'Template document for policy', '{}', NULL, '97b50025-177e-4376-9bb0-997373e7bb40', true) ON CONFLICT (id) DO NOTHING;
INSERT INTO public.names_resource (id, name, created_at, active, generated, mcp) VALUES ('019b995c-8e80-7928-900e-d366eb410e53', 'Academic Integrity Training Scenario', '2025-12-13T13:42:21.259114+00:00', true, false, false) ON CONFLICT (id) DO NOTHING;
INSERT INTO public.objectives_resource (created_at, objective, id, active, generated, mcp) VALUES ('2025-12-14T19:07:45.268865+00:00', 'Recognize academic integrity violations and their consequences', '019b3be4-36d5-78eb-a475-9f472de97f6c', true, false, false) ON CONFLICT (id) DO NOTHING;
INSERT INTO public.objectives_resource (created_at, objective, id, active, generated, mcp) VALUES ('2025-12-14T19:07:45.268865+00:00', 'Address academic dishonesty with students in a professional manner', '019b3be4-36d5-78f1-a9e5-744693085121', true, false, false) ON CONFLICT (id) DO NOTHING;
INSERT INTO public.objectives_resource (created_at, objective, id, active, generated, mcp) VALUES ('2025-12-14T19:07:45.268865+00:00', 'Promote academic honesty and integrity in the classroom', '019b3be4-36d5-78fd-9ddb-7c637765a9a1', true, false, false) ON CONFLICT (id) DO NOTHING;
INSERT INTO public.options_resource (created_at, option_text, active, id, is_correct, generated, mcp, question_id) VALUES ('2025-12-12T13:44:32.428979+00:00', 'To ensure fair and honest academic work', true, '019b3be4-36d9-7014-87e6-b6c82f4b561f', true, false, false, '019b3be4-3703-79b7-bc10-2551249497b3') ON CONFLICT (id) DO NOTHING;
INSERT INTO public.options_resource (created_at, option_text, active, id, is_correct, generated, mcp, question_id) VALUES ('2025-12-12T13:44:32.428979+00:00', 'To increase enrollment', true, '019b3be4-36d9-701a-b8dd-5d77bd58f750', false, false, false, '019b3be4-3703-79b7-bc10-2551249497b3') ON CONFLICT (id) DO NOTHING;
INSERT INTO public.options_resource (created_at, option_text, active, id, is_correct, generated, mcp, question_id) VALUES ('2025-12-12T13:44:32.428979+00:00', 'To reduce grading workload', true, '019b3be4-36d9-7022-abb2-c88b26ef1d9a', false, false, false, '019b3be4-3703-79b7-bc10-2551249497b3') ON CONFLICT (id) DO NOTHING;
INSERT INTO public.options_resource (created_at, option_text, active, id, is_correct, generated, mcp, question_id) VALUES ('2025-12-12T13:44:32.428979+00:00', 'To limit student collaboration', true, '019b3be4-36d9-7025-b260-966b598bfd9b', false, false, false, '019b3be4-3703-79b7-bc10-2551249497b3') ON CONFLICT (id) DO NOTHING;
INSERT INTO public.options_resource (created_at, option_text, active, id, is_correct, generated, mcp, question_id) VALUES ('2025-12-12T13:44:32.428979+00:00', 'Looking at another student''s exam during a test', true, '019b3be4-36d9-702a-bb0d-144218b89910', true, false, false, '019b3be4-3703-79bc-9f38-6f2514e10a8e') ON CONFLICT (id) DO NOTHING;
INSERT INTO public.options_resource (created_at, option_text, active, id, is_correct, generated, mcp, question_id) VALUES ('2025-12-12T13:44:32.428979+00:00', 'Asking for clarification during an exam', true, '019b3be4-36d9-702e-a3bc-f34a46493b8d', false, false, false, '019b3be4-3703-79bc-9f38-6f2514e10a8e') ON CONFLICT (id) DO NOTHING;
INSERT INTO public.options_resource (created_at, option_text, active, id, is_correct, generated, mcp, question_id) VALUES ('2025-12-12T13:44:32.428979+00:00', 'Studying with classmates before an exam', true, '019b3be4-36d9-7037-9a5e-0a87a0b3afe2', false, false, false, '019b3be4-3703-79bc-9f38-6f2514e10a8e') ON CONFLICT (id) DO NOTHING;
INSERT INTO public.options_resource (created_at, option_text, active, id, is_correct, generated, mcp, question_id) VALUES ('2025-12-12T13:44:32.428979+00:00', 'Reviewing course materials during an open-book exam', true, '019b3be4-36d9-703b-b95b-a94808f0ada1', false, false, false, '019b3be4-3703-79bc-9f38-6f2514e10a8e') ON CONFLICT (id) DO NOTHING;
INSERT INTO public.options_resource (created_at, option_text, active, id, is_correct, generated, mcp, question_id) VALUES ('2025-12-12T13:44:32.428979+00:00', 'Copying answers from another student', true, '019b3be4-36d9-703f-b1a2-ffe3743a09c5', true, false, false, '019b3be4-3703-79c0-b082-cf460bdc7b52') ON CONFLICT (id) DO NOTHING;
INSERT INTO public.options_resource (created_at, option_text, active, id, is_correct, generated, mcp, question_id) VALUES ('2025-12-12T13:44:32.428979+00:00', 'Using unauthorized materials during an exam', true, '019b3be4-36d9-7045-8533-6ec7f6100f13', true, false, false, '019b3be4-3703-79c0-b082-cf460bdc7b52') ON CONFLICT (id) DO NOTHING;
INSERT INTO public.options_resource (created_at, option_text, active, id, is_correct, generated, mcp, question_id) VALUES ('2025-12-12T13:44:32.428979+00:00', 'Submitting work done by someone else', true, '019b3be4-36d9-704b-81e8-83d8bb416785', true, false, false, '019b3be4-3703-79c0-b082-cf460bdc7b52') ON CONFLICT (id) DO NOTHING;
INSERT INTO public.options_resource (created_at, option_text, active, id, is_correct, generated, mcp, question_id) VALUES ('2025-12-12T13:44:32.428979+00:00', 'Asking the professor for help during office hours', true, '019b3be4-36d9-704f-b7c8-ba6a69c23677', false, false, false, '019b3be4-3703-79c0-b082-cf460bdc7b52') ON CONFLICT (id) DO NOTHING;
INSERT INTO public.options_resource (created_at, option_text, active, id, is_correct, generated, mcp, question_id) VALUES ('2025-12-12T13:44:32.428979+00:00', 'Collaborating on homework when allowed', true, '019b3be4-36d9-7051-9b63-7569daac7c09', false, false, false, '019b3be4-3703-79c0-b082-cf460bdc7b52') ON CONFLICT (id) DO NOTHING;
INSERT INTO public.personas_resource (created_at, active, generated, mcp, id, name, description, icon, color, department_ids, instructions, examples) VALUES ('2025-12-12T13:26:55.656189+00:00', true, false, false, '019bb25e-e60c-7352-9b81-f411f56092a9', 'Student', 'Represents a typical student perspective, asking questions and seeking clarification on course material and policies.', 'GraduationCap', '#3b82f6', '{}', '', '{"Can you explain this concept again?","I''m not sure I understand the assignment requirements","What should I focus on for the exam?"}') ON CONFLICT (id) DO NOTHING;
INSERT INTO public.personas_resource (created_at, active, generated, mcp, id, name, description, icon, color, department_ids, instructions, examples) VALUES ('2025-12-12T13:26:55.656189+00:00', true, false, false, '019bb25e-e60c-7356-93ee-b176f32f08cf', 'Professor', 'Represents a faculty member perspective, providing guidance on academic policies and course expectations.', 'User', '#8b5cf6', '{}', '', '{"Let me clarify the course policy on this matter","Based on the syllabus, here''s what you need to know","I want to ensure you understand the academic integrity expectations"}') ON CONFLICT (id) DO NOTHING;
INSERT INTO public.problem_statements_resource (created_at, name, problem_statement, id, active, generated, mcp) VALUES ('2025-12-14T19:07:45.268865+00:00', 'Academic Integrity Training Problem Statement', 'A student is seen looking at another student''s exam paper during a test. The professor notices the behavior and must approach the student to discuss the violation, explain the consequences, and emphasize the importance of maintaining academic honesty.', '019b3be4-36ec-74eb-9f9b-f77642e4004e', true, false, false) ON CONFLICT (id) DO NOTHING;
INSERT INTO public.questions_resource (created_at, question_text, allow_multiple, active, id, time, generated, mcp) VALUES ('2025-12-12T13:44:32.428979+00:00', 'What is the main purpose of academic integrity policies?', false, true, '019b3be4-3703-79b7-bc10-2551249497b3', 0, false, false) ON CONFLICT (id) DO NOTHING;
INSERT INTO public.questions_resource (created_at, question_text, allow_multiple, active, id, time, generated, mcp) VALUES ('2025-12-12T13:44:32.428979+00:00', 'What behavior in the video constitutes an academic integrity violation?', false, true, '019b3be4-3703-79bc-9f38-6f2514e10a8e', 0, false, false) ON CONFLICT (id) DO NOTHING;
INSERT INTO public.questions_resource (created_at, question_text, allow_multiple, active, id, time, generated, mcp) VALUES ('2025-12-12T13:44:32.428979+00:00', 'Which actions violate academic integrity?', true, true, '019b3be4-3703-79c0-b082-cf460bdc7b52', 0, false, false) ON CONFLICT (id) DO NOTHING;
INSERT INTO public.scenarios_resource (created_at, active, generated, mcp, id, name, description, is_root, problem_statement_enabled, objectives_enabled, video_enabled, images_enabled, questions_enabled, department_ids, persona_ids, parameter_ids, parent_id) VALUES ('2025-12-13T13:42:21.259114+00:00', true, false, false, '019bb25e-e61d-7eef-a081-23b2efeacb6b', 'Academic Integrity Training Scenario', 'Training scenario for practicing responses to academic integrity violations and policy enforcement.', true, true, true, true, true, true, '{}', '{019bb25e-e60c-7352-9b81-f411f56092a9,019bb25e-e60c-7356-93ee-b176f32f08cf}', '{}', '019bb25e-e61d-7eef-a081-23b2efeacb6b') ON CONFLICT (id) DO NOTHING;
INSERT INTO public.videos_resource (created_at, name, length_seconds, active, completed, id, description, generated, mcp, upload_id) VALUES ('2025-12-12T13:44:32.428979+00:00', 'Academic Integrity Training', 8, true, true, '019b3be4-3cf5-73c1-b491-4a534c9ffe9f', 'Academic Integrity Training', false, false, '019b3be4-3cf0-7022-ba14-835ebde34447') ON CONFLICT (id) DO NOTHING;
INSERT INTO public.descriptions_resource (id, description, created_at, active, generated, mcp) VALUES ('019b995c-8e88-73fd-8579-c4a21dae63ef', 'Training scenario for practicing de-escalation techniques with upset or frustrated students.', '2025-12-13T13:42:21.259114+00:00', true, false, false) ON CONFLICT (id) DO NOTHING;
INSERT INTO public.documents_resource (created_at, active, generated, mcp, id, name, description, department_ids, upload_id, text_id, html) VALUES ('2026-02-12T18:03:14.816509+00:00', true, false, false, 'c2f4d2f1-dbc8-476b-89e7-cfec6ac84cd7', 'Upset Student Policy (HTML)', 'Distressed and disruptive student response policy for video-based training scenarios', '{}', NULL, '8a823596-f02f-4836-ab23-983c706ce7a2', true) ON CONFLICT (id) DO NOTHING;
INSERT INTO public.names_resource (id, name, created_at, active, generated, mcp) VALUES ('019b995c-8e80-7863-a9d8-d09b415f1a19', 'Upset Student Training Scenario', '2025-12-13T13:42:21.259114+00:00', true, false, false) ON CONFLICT (id) DO NOTHING;
INSERT INTO public.objectives_resource (created_at, objective, id, active, generated, mcp) VALUES ('2025-12-14T19:07:45.268865+00:00', 'Practice active listening and empathy when students express concerns', '019b3be4-36d5-7907-9ae5-0ff02f9a80e6', true, false, false) ON CONFLICT (id) DO NOTHING;
INSERT INTO public.objectives_resource (created_at, objective, id, active, generated, mcp) VALUES ('2025-12-14T19:07:45.268865+00:00', 'De-escalate tense situations with upset or frustrated students', '019b3be4-36d5-790c-9e3e-169a358af07b', true, false, false) ON CONFLICT (id) DO NOTHING;
INSERT INTO public.objectives_resource (created_at, objective, id, active, generated, mcp) VALUES ('2025-12-14T19:07:45.268865+00:00', 'Provide constructive feedback and support for student improvement', '019b3be4-36d5-7914-b4cd-11633f284912', true, false, false) ON CONFLICT (id) DO NOTHING;
INSERT INTO public.options_resource (created_at, option_text, active, id, is_correct, generated, mcp, question_id) VALUES ('2025-12-12T13:44:32.428979+00:00', 'Listen actively and acknowledge their concerns', true, '019b3be4-36d9-7058-a49f-b29884a63671', true, false, false, '019b3be4-3703-79c4-b7e7-7a5955d5b256') ON CONFLICT (id) DO NOTHING;
INSERT INTO public.options_resource (created_at, option_text, active, id, is_correct, generated, mcp, question_id) VALUES ('2025-12-12T13:44:32.428979+00:00', 'Immediately change the grade', true, '019b3be4-36d9-705c-8f91-791937b6e5ae', false, false, false, '019b3be4-3703-79c4-b7e7-7a5955d5b256') ON CONFLICT (id) DO NOTHING;
INSERT INTO public.options_resource (created_at, option_text, active, id, is_correct, generated, mcp, question_id) VALUES ('2025-12-12T13:44:32.428979+00:00', 'Dismiss their concerns', true, '019b3be4-36d9-7062-85af-da0b81768d1a', false, false, false, '019b3be4-3703-79c4-b7e7-7a5955d5b256') ON CONFLICT (id) DO NOTHING;
INSERT INTO public.options_resource (created_at, option_text, active, id, is_correct, generated, mcp, question_id) VALUES ('2025-12-12T13:44:32.428979+00:00', 'Refer them to another professor', true, '019b3be4-36d9-7067-909f-5c2975bf8d15', false, false, false, '019b3be4-3703-79c4-b7e7-7a5955d5b256') ON CONFLICT (id) DO NOTHING;
INSERT INTO public.options_resource (created_at, option_text, active, id, is_correct, generated, mcp, question_id) VALUES ('2025-12-12T13:44:32.428979+00:00', 'By listening, acknowledging concerns, and offering to review together', true, '019b3be4-36d9-706b-93f0-7c71ccce2bfc', true, false, false, '019b3be4-3703-79cf-8ee3-ce9851255782') ON CONFLICT (id) DO NOTHING;
INSERT INTO public.options_resource (created_at, option_text, active, id, is_correct, generated, mcp, question_id) VALUES ('2025-12-12T13:44:32.428979+00:00', 'By immediately changing the grade', true, '019b3be4-36d9-7070-b1d3-6e51fb9bb5b0', false, false, false, '019b3be4-3703-79cf-8ee3-ce9851255782') ON CONFLICT (id) DO NOTHING;
INSERT INTO public.options_resource (created_at, option_text, active, id, is_correct, generated, mcp, question_id) VALUES ('2025-12-12T13:44:32.428979+00:00', 'By telling them to accept the grade', true, '019b3be4-36dc-7f00-8e30-4559c5c2deab', false, false, false, '019b3be4-3703-79cf-8ee3-ce9851255782') ON CONFLICT (id) DO NOTHING;
INSERT INTO public.options_resource (created_at, option_text, active, id, is_correct, generated, mcp, question_id) VALUES ('2025-12-12T13:44:32.428979+00:00', 'By ignoring their concerns', true, '019b3be4-36dc-7f10-bd77-92732bb1b144', false, false, false, '019b3be4-3703-79cf-8ee3-ce9851255782') ON CONFLICT (id) DO NOTHING;
INSERT INTO public.options_resource (created_at, option_text, active, id, is_correct, generated, mcp, question_id) VALUES ('2025-12-12T13:44:32.428979+00:00', 'Active listening and acknowledging concerns', true, '019b3be4-36dc-7f1e-b68e-ccba3842e8fd', true, false, false, '019b3be4-3703-79d2-8795-1de545d3a019') ON CONFLICT (id) DO NOTHING;
INSERT INTO public.options_resource (created_at, option_text, active, id, is_correct, generated, mcp, question_id) VALUES ('2025-12-12T13:44:32.428979+00:00', 'Offering to review the work together', true, '019b3be4-36dc-7f25-accd-43eb63b65124', true, false, false, '019b3be4-3703-79d2-8795-1de545d3a019') ON CONFLICT (id) DO NOTHING;
INSERT INTO public.options_resource (created_at, option_text, active, id, is_correct, generated, mcp, question_id) VALUES ('2025-12-12T13:44:32.428979+00:00', 'Providing constructive feedback', true, '019b3be4-36dc-7f2f-a2a9-44a96fce19a1', true, false, false, '019b3be4-3703-79d2-8795-1de545d3a019') ON CONFLICT (id) DO NOTHING;
INSERT INTO public.options_resource (created_at, option_text, active, id, is_correct, generated, mcp, question_id) VALUES ('2025-12-12T13:44:32.428979+00:00', 'Dismissing their concerns immediately', true, '019b3be4-36dc-7f38-aa9b-e106dc613a5d', false, false, false, '019b3be4-3703-79d2-8795-1de545d3a019') ON CONFLICT (id) DO NOTHING;
INSERT INTO public.options_resource (created_at, option_text, active, id, is_correct, generated, mcp, question_id) VALUES ('2025-12-12T13:44:32.428979+00:00', 'Changing the grade without discussion', true, '019b3be4-36dc-7f42-8c4c-05683d2c8d76', false, false, false, '019b3be4-3703-79d2-8795-1de545d3a019') ON CONFLICT (id) DO NOTHING;
INSERT INTO public.problem_statements_resource (created_at, name, problem_statement, id, active, generated, mcp) VALUES ('2025-12-14T19:07:45.268865+00:00', 'Upset Student Training Problem Statement', 'A student approaches a professor''s office hours visibly upset about a grade. The student expresses frustration and concerns about the grading. The professor must listen attentively, acknowledge the student''s concerns, and offer to review the work together while providing constructive feedback.', '019b3be4-36ec-7506-9aff-801147525e0a', true, false, false) ON CONFLICT (id) DO NOTHING;
INSERT INTO public.questions_resource (created_at, question_text, allow_multiple, active, id, time, generated, mcp) VALUES ('2025-12-12T13:44:32.428979+00:00', 'What is the best initial response when a student is upset about a grade?', false, true, '019b3be4-3703-79c4-b7e7-7a5955d5b256', 0, false, false) ON CONFLICT (id) DO NOTHING;
INSERT INTO public.questions_resource (created_at, question_text, allow_multiple, active, id, time, generated, mcp) VALUES ('2025-12-12T13:44:32.428979+00:00', 'In the video, how does the professor handle the upset student?', false, true, '019b3be4-3703-79cf-8ee3-ce9851255782', 0, false, false) ON CONFLICT (id) DO NOTHING;
INSERT INTO public.questions_resource (created_at, question_text, allow_multiple, active, id, time, generated, mcp) VALUES ('2025-12-12T13:44:32.428979+00:00', 'Which strategies are effective when dealing with an upset student?', true, true, '019b3be4-3703-79d2-8795-1de545d3a019', 0, false, false) ON CONFLICT (id) DO NOTHING;
INSERT INTO public.scenarios_resource (created_at, active, generated, mcp, id, name, description, is_root, problem_statement_enabled, objectives_enabled, video_enabled, images_enabled, questions_enabled, department_ids, persona_ids, parameter_ids, parent_id) VALUES ('2025-12-13T13:42:21.259114+00:00', true, false, false, '019bb25e-e61d-7ef1-979e-a32263560bdd', 'Upset Student Training Scenario', 'Training scenario for practicing de-escalation techniques with upset or frustrated students.', true, true, true, true, true, true, '{}', '{019bb25e-e60c-7352-9b81-f411f56092a9,019bb25e-e60c-7356-93ee-b176f32f08cf}', '{}', '019bb25e-e61d-7ef1-979e-a32263560bdd') ON CONFLICT (id) DO NOTHING;
INSERT INTO public.videos_resource (created_at, name, length_seconds, active, completed, id, description, generated, mcp, upload_id) VALUES ('2025-12-12T13:44:32.428979+00:00', 'Upset Student Training', 8, true, true, '019b3be4-3cf5-73cb-b32a-080299a7680b', 'Upset Student Training', false, false, '019b3be4-3cf0-7027-81a3-b54324f9cd68') ON CONFLICT (id) DO NOTHING;
INSERT INTO public.descriptions_resource (id, description, created_at, active, generated, mcp) VALUES ('019b995c-8e88-73e5-a63a-7109d70b7f9f', 'Training scenario for practicing FERPA compliance and student privacy protection.', '2025-12-13T13:42:21.259114+00:00', true, false, false) ON CONFLICT (id) DO NOTHING;
INSERT INTO public.documents_resource (created_at, active, generated, mcp, id, name, description, department_ids, upload_id, text_id, html) VALUES ('2025-12-12T13:44:32.428979+00:00', true, false, false, '019bb25e-e619-7831-a70a-a7fb065a1999', 'FERPA Policy', 'Family Educational Rights and Privacy Act (FERPA) policy document', '{}', '019b3be4-3cf0-7029-82ab-3b4eda4f818d', NULL, false) ON CONFLICT (id) DO NOTHING;
INSERT INTO public.images_resource (created_at, name, active, completed, id, description, generated, mcp, upload_id) VALUES ('2025-12-12T13:44:32.428979+00:00', 'FERPA Image 1', true, true, '019b3be4-331f-77af-9736-9077cc061ad2', 'FERPA Image 1', false, false, '019b3be4-3cf0-7bfb-ba76-b9170c4fd9cf') ON CONFLICT (id) DO NOTHING;
INSERT INTO public.images_resource (created_at, name, active, completed, id, description, generated, mcp, upload_id) VALUES ('2025-12-12T13:44:32.428979+00:00', 'FERPA Image 2', true, true, '019b3be4-331f-7802-b8e3-54542f1431d5', 'FERPA Image 2', false, false, '019b3be4-3cf0-7cbc-adf4-988b54c93bd5') ON CONFLICT (id) DO NOTHING;
INSERT INTO public.images_resource (created_at, name, active, completed, id, description, generated, mcp, upload_id) VALUES ('2025-12-12T13:44:32.428979+00:00', 'FERPA Image 3', true, true, '019b3be4-331f-780c-a0df-594ebfd7d747', 'FERPA Image 3', false, false, '019b3be4-3cf0-7cd5-8349-0f47aa2f4642') ON CONFLICT (id) DO NOTHING;
INSERT INTO public.names_resource (id, name, created_at, active, generated, mcp) VALUES ('019b995c-8e80-79fd-bff8-46a48df89480', 'FERPA Training Scenario', '2025-12-13T13:42:21.259114+00:00', true, false, false) ON CONFLICT (id) DO NOTHING;
INSERT INTO public.objectives_resource (created_at, objective, id, active, generated, mcp) VALUES ('2025-12-14T19:07:45.268865+00:00', 'Understand FERPA regulations and student privacy protection requirements', '019b3be4-36d5-78d0-b2f4-0500ecad2e14', true, false, false) ON CONFLICT (id) DO NOTHING;
INSERT INTO public.objectives_resource (created_at, objective, id, active, generated, mcp) VALUES ('2025-12-14T19:07:45.268865+00:00', 'Identify common FERPA violations and how to prevent them', '019b3be4-36d5-78d8-982e-4efa4a5a0fc0', true, false, false) ON CONFLICT (id) DO NOTHING;
INSERT INTO public.objectives_resource (created_at, objective, id, active, generated, mcp) VALUES ('2025-12-14T19:07:45.268865+00:00', 'Respond appropriately when a FERPA violation is discovered', '019b3be4-36d5-78e2-9209-fb8595e60a06', true, false, false) ON CONFLICT (id) DO NOTHING;
INSERT INTO public.options_resource (created_at, option_text, active, id, is_correct, generated, mcp, question_id) VALUES ('2025-12-12T13:44:32.428979+00:00', 'Student privacy and educational records', true, '019b3be4-36d8-7f90-b704-4041bc95a7dd', true, false, false, '019b3be4-3703-796f-b2ad-03a4d0d2c38a') ON CONFLICT (id) DO NOTHING;
INSERT INTO public.options_resource (created_at, option_text, active, id, is_correct, generated, mcp, question_id) VALUES ('2025-12-12T13:44:32.428979+00:00', 'Faculty salaries', true, '019b3be4-36d8-7fce-84c0-3f41c048ffe5', false, false, false, '019b3be4-3703-796f-b2ad-03a4d0d2c38a') ON CONFLICT (id) DO NOTHING;
INSERT INTO public.options_resource (created_at, option_text, active, id, is_correct, generated, mcp, question_id) VALUES ('2025-12-12T13:44:32.428979+00:00', 'University finances', true, '019b3be4-36d8-7fdb-99a9-5b1c31bb76eb', false, false, false, '019b3be4-3703-796f-b2ad-03a4d0d2c38a') ON CONFLICT (id) DO NOTHING;
INSERT INTO public.options_resource (created_at, option_text, active, id, is_correct, generated, mcp, question_id) VALUES ('2025-12-12T13:44:32.428979+00:00', 'Research data', true, '019b3be4-36d8-7fdc-9da9-53d6a0eced92', false, false, false, '019b3be4-3703-796f-b2ad-03a4d0d2c38a') ON CONFLICT (id) DO NOTHING;
INSERT INTO public.options_resource (created_at, option_text, active, id, is_correct, generated, mcp, question_id) VALUES ('2025-12-12T13:44:32.428979+00:00', 'Leaving student grade information visible on a computer screen', true, '019b3be4-36d8-7fe7-98b1-a03bc67c1560', true, false, false, '019b3be4-3703-79ab-a675-9e8c0f7b6b12') ON CONFLICT (id) DO NOTHING;
INSERT INTO public.options_resource (created_at, option_text, active, id, is_correct, generated, mcp, question_id) VALUES ('2025-12-12T13:44:32.428979+00:00', 'Discussing grades in private office hours', true, '019b3be4-36d8-7feb-a277-1dc4cffc8622', false, false, false, '019b3be4-3703-79ab-a675-9e8c0f7b6b12') ON CONFLICT (id) DO NOTHING;
INSERT INTO public.options_resource (created_at, option_text, active, id, is_correct, generated, mcp, question_id) VALUES ('2025-12-12T13:44:32.428979+00:00', 'Posting grades on a secure portal', true, '019b3be4-36d8-7fef-b241-6349812557fa', false, false, false, '019b3be4-3703-79ab-a675-9e8c0f7b6b12') ON CONFLICT (id) DO NOTHING;
INSERT INTO public.options_resource (created_at, option_text, active, id, is_correct, generated, mcp, question_id) VALUES ('2025-12-12T13:44:32.428979+00:00', 'Emailing grades to students directly', true, '019b3be4-36d8-7ff5-b3e1-201f3325cd60', false, false, false, '019b3be4-3703-79ab-a675-9e8c0f7b6b12') ON CONFLICT (id) DO NOTHING;
INSERT INTO public.options_resource (created_at, option_text, active, id, is_correct, generated, mcp, question_id) VALUES ('2025-12-12T13:44:32.428979+00:00', 'Leaving student records visible on unattended computers', true, '019b3be4-36d8-7ffb-8bb0-f44d6ebee57f', true, false, false, '019b3be4-3703-79b2-9c9f-9c9a0cf90ed1') ON CONFLICT (id) DO NOTHING;
INSERT INTO public.options_resource (created_at, option_text, active, id, is_correct, generated, mcp, question_id) VALUES ('2025-12-12T13:44:32.428979+00:00', 'Sharing student information without consent', true, '019b3be4-36d9-7001-a483-f301bda9553e', true, false, false, '019b3be4-3703-79b2-9c9f-9c9a0cf90ed1') ON CONFLICT (id) DO NOTHING;
INSERT INTO public.options_resource (created_at, option_text, active, id, is_correct, generated, mcp, question_id) VALUES ('2025-12-12T13:44:32.428979+00:00', 'Discussing grades in private office hours', true, '019b3be4-36d9-7006-9fc1-38a46eba0610', false, false, false, '019b3be4-3703-79ab-a675-9e8c0f7b6b12') ON CONFLICT (id) DO NOTHING;
INSERT INTO public.options_resource (created_at, option_text, active, id, is_correct, generated, mcp, question_id) VALUES ('2025-12-12T13:44:32.428979+00:00', 'Posting directory information publicly', true, '019b3be4-36d9-700d-a413-191fdefb9ba9', true, false, false, '019b3be4-3703-79b2-9c9f-9c9a0cf90ed1') ON CONFLICT (id) DO NOTHING;
INSERT INTO public.options_resource (created_at, option_text, active, id, is_correct, generated, mcp, question_id) VALUES ('2025-12-12T13:44:32.428979+00:00', 'Using secure systems to access student records', true, '019b3be4-36d9-7013-89c8-7f039c52c564', false, false, false, '019b3be4-3703-79b2-9c9f-9c9a0cf90ed1') ON CONFLICT (id) DO NOTHING;
INSERT INTO public.personas_resource (created_at, active, generated, mcp, id, name, description, icon, color, department_ids, instructions, examples) VALUES ('2025-12-12T13:26:55.656189+00:00', true, false, false, '019bb25e-e60c-7359-9409-c72170bf358e', 'Instructional Staff', 'Represents teaching assistants and instructional support staff, helping students navigate course logistics and policies.', 'Users', '#10b981', '{}', '', '{"I can help you understand how to submit your assignment","Let me walk you through the grading policy","Here''s what you need to know about office hours"}') ON CONFLICT (id) DO NOTHING;
INSERT INTO public.problem_statements_resource (created_at, name, problem_statement, id, active, generated, mcp) VALUES ('2025-12-14T19:07:45.268865+00:00', 'FERPA Training Problem Statement', 'An instructional staff member accidentally leaves a student''s grade sheet visible on their computer screen. A student notices the visible information and questions whether this violates FERPA. The staff member must quickly address the situation and explain the importance of protecting student privacy.', '019b3be4-36ec-74e7-b543-ff2dcc3b946c', true, false, false) ON CONFLICT (id) DO NOTHING;
INSERT INTO public.questions_resource (created_at, question_text, allow_multiple, active, id, time, generated, mcp) VALUES ('2025-12-12T13:44:32.428979+00:00', 'What is FERPA primarily designed to protect?', false, true, '019b3be4-3703-796f-b2ad-03a4d0d2c38a', 0, false, false) ON CONFLICT (id) DO NOTHING;
INSERT INTO public.questions_resource (created_at, question_text, allow_multiple, active, id, time, generated, mcp) VALUES ('2025-12-12T13:44:32.428979+00:00', 'In the video, what action violated FERPA?', false, true, '019b3be4-3703-79ab-a675-9e8c0f7b6b12', 0, false, false) ON CONFLICT (id) DO NOTHING;
INSERT INTO public.questions_resource (created_at, question_text, allow_multiple, active, id, time, generated, mcp) VALUES ('2025-12-12T13:44:32.428979+00:00', 'Which of the following are examples of FERPA violations?', true, true, '019b3be4-3703-79b2-9c9f-9c9a0cf90ed1', 0, false, false) ON CONFLICT (id) DO NOTHING;
INSERT INTO public.scenarios_resource (created_at, active, generated, mcp, id, name, description, is_root, problem_statement_enabled, objectives_enabled, video_enabled, images_enabled, questions_enabled, department_ids, persona_ids, parameter_ids, parent_id) VALUES ('2025-12-13T13:42:21.259114+00:00', true, false, false, '019bb25e-e61d-7ef5-a65e-31bfa59971ae', 'FERPA Training Scenario', 'Training scenario for practicing FERPA compliance and student privacy protection.', true, true, true, true, true, true, '{}', '{019bb25e-e60c-7352-9b81-f411f56092a9,019bb25e-e60c-7356-93ee-b176f32f08cf,019bb25e-e60c-7359-9409-c72170bf358e}', '{}', '019bb25e-e61d-7ef5-a65e-31bfa59971ae') ON CONFLICT (id) DO NOTHING;
INSERT INTO public.videos_resource (created_at, name, length_seconds, active, completed, id, description, generated, mcp, upload_id) VALUES ('2025-12-12T13:44:32.428979+00:00', 'FERPA Training', 8, true, true, '019b3be4-3cf5-7379-b5fa-5eb5b7060d79', 'FERPA Training', false, false, '019b3be4-3cf0-701d-bc4a-8f277eb07e0f') ON CONFLICT (id) DO NOTHING;

-- Scenario artifacts
-- scenario_artifact
INSERT INTO public.scenario_artifact (created_at, updated_at, id, generated, mcp) VALUES ('2025-12-13T13:42:21.259114+00:00', '2025-12-13T13:42:21.259114+00:00', '019b3be4-3c3a-7a07-b866-50473cddc11e', false, false) ON CONFLICT (id) DO NOTHING;
-- scenario_artifact
INSERT INTO public.scenario_artifact (created_at, updated_at, id, generated, mcp) VALUES ('2025-12-13T13:42:21.259114+00:00', '2025-12-13T13:42:21.259114+00:00', '019b3be4-3c3a-79f1-9490-d4358ed29c92', false, false) ON CONFLICT (id) DO NOTHING;
-- scenario_artifact
INSERT INTO public.scenario_artifact (created_at, updated_at, id, generated, mcp) VALUES ('2025-12-13T13:42:21.259114+00:00', '2025-12-13T13:42:21.259114+00:00', '019b3be4-3c3a-79d9-8a7c-08f5beebc77f', false, false) ON CONFLICT (id) DO NOTHING;

-- Scenario junctions
-- scenario_descriptions_junction
INSERT INTO public.scenario_descriptions_junction (scenario_id, description_id, created_at, generated, mcp, active) VALUES ('019b3be4-3c3a-7a07-b866-50473cddc11e', '019b995c-8e88-7420-a521-8a98826a7e87', '2025-12-13T13:42:21.259114+00:00', false, false, true) ON CONFLICT (scenario_id, description_id) DO NOTHING;
-- scenario_documents_junction
INSERT INTO public.scenario_documents_junction (active, created_at, document_id, scenario_id, generated, mcp) VALUES (true, '2025-12-14T19:07:45.268865+00:00', '019bb25e-e619-7834-9cb3-66671ca36a7d', '019b3be4-3c3a-7a07-b866-50473cddc11e', false, false) ON CONFLICT (scenario_id, document_id) DO NOTHING;
INSERT INTO public.scenario_documents_junction (active, created_at, document_id, scenario_id, generated, mcp) VALUES (true, '2026-02-11T23:50:02.269303+00:00', '019bb25e-e619-782f-8894-e5d20003dbee', '019b3be4-3c3a-7a07-b866-50473cddc11e', false, false) ON CONFLICT (scenario_id, document_id) DO NOTHING;
-- scenario_flags_junction
INSERT INTO public.scenario_flags_junction (scenario_id, flag_id, value, created_at, generated, mcp, active) VALUES ('019b3be4-3c3a-7a07-b866-50473cddc11e', '019b995a-86ef-77dc-8ddc-2013a6e3194f', true, '2025-12-13T13:42:21.259114+00:00', false, false, true) ON CONFLICT (scenario_id, flag_id) DO NOTHING;
INSERT INTO public.scenario_flags_junction (scenario_id, flag_id, value, created_at, generated, mcp, active) VALUES ('019b3be4-3c3a-7a07-b866-50473cddc11e', '019b995a-86ef-77a3-a2a6-e6b760a9fcfe', true, '2025-12-13T13:42:21.259114+00:00', false, false, true) ON CONFLICT (scenario_id, flag_id) DO NOTHING;
INSERT INTO public.scenario_flags_junction (scenario_id, flag_id, value, created_at, generated, mcp, active) VALUES ('019b3be4-3c3a-7a07-b866-50473cddc11e', '019b995a-86ef-781a-8ecb-8c0a6cfab122', true, '2025-12-13T13:42:21.259114+00:00', false, false, true) ON CONFLICT (scenario_id, flag_id) DO NOTHING;
INSERT INTO public.scenario_flags_junction (scenario_id, flag_id, value, created_at, generated, mcp, active) VALUES ('019b3be4-3c3a-7a07-b866-50473cddc11e', '019b995a-86ef-7800-b93b-7897b07eca47', true, '2025-12-13T13:42:21.259114+00:00', false, false, true) ON CONFLICT (scenario_id, flag_id) DO NOTHING;
INSERT INTO public.scenario_flags_junction (scenario_id, flag_id, value, created_at, generated, mcp, active) VALUES ('019b3be4-3c3a-7a07-b866-50473cddc11e', '019b995a-86ef-7830-9317-80d8d52b1bb2', true, '2025-12-13T13:42:21.259114+00:00', false, false, true) ON CONFLICT (scenario_id, flag_id) DO NOTHING;
INSERT INTO public.scenario_flags_junction (scenario_id, flag_id, value, created_at, generated, mcp, active) VALUES ('019b3be4-3c3a-7a07-b866-50473cddc11e', '019be334-bfc3-7423-93ff-cc162b6984e9', true, '2025-12-13T13:42:21.259114+00:00', false, false, true) ON CONFLICT (scenario_id, flag_id) DO NOTHING;
INSERT INTO public.scenario_flags_junction (scenario_id, flag_id, value, created_at, generated, mcp, active) VALUES ('019b3be4-3c3a-7a07-b866-50473cddc11e', '019b995a-86ef-71e9-ad2c-6c2040afdffe', true, '2026-01-22T01:20:11.358045+00:00', false, false, true) ON CONFLICT (scenario_id, flag_id) DO NOTHING;
-- scenario_names_junction
INSERT INTO public.scenario_names_junction (scenario_id, name_id, created_at, generated, mcp, active) VALUES ('019b3be4-3c3a-7a07-b866-50473cddc11e', '019b995c-8e80-7928-900e-d366eb410e53', '2025-12-13T13:42:21.259114+00:00', false, false, true) ON CONFLICT (scenario_id, name_id) DO NOTHING;
-- scenario_objectives_junction
INSERT INTO public.scenario_objectives_junction (idx, created_at, objective_id, scenario_id, generated, mcp, active) VALUES (0, '2025-12-14T19:07:45.268865+00:00', '019b3be4-36d5-78eb-a475-9f472de97f6c', '019b3be4-3c3a-7a07-b866-50473cddc11e', false, false, true) ON CONFLICT (scenario_id, objective_id) DO NOTHING;
INSERT INTO public.scenario_objectives_junction (idx, created_at, objective_id, scenario_id, generated, mcp, active) VALUES (1, '2025-12-14T19:07:45.268865+00:00', '019b3be4-36d5-78f1-a9e5-744693085121', '019b3be4-3c3a-7a07-b866-50473cddc11e', false, false, true) ON CONFLICT (scenario_id, objective_id) DO NOTHING;
INSERT INTO public.scenario_objectives_junction (idx, created_at, objective_id, scenario_id, generated, mcp, active) VALUES (2, '2025-12-14T19:07:45.268865+00:00', '019b3be4-36d5-78fd-9ddb-7c637765a9a1', '019b3be4-3c3a-7a07-b866-50473cddc11e', false, false, true) ON CONFLICT (scenario_id, objective_id) DO NOTHING;
-- scenario_options_junction
INSERT INTO public.scenario_options_junction (scenario_id, option_id, active, created_at, generated, mcp) VALUES ('019b3be4-3c3a-7a07-b866-50473cddc11e', '019b3be4-36d9-7014-87e6-b6c82f4b561f', true, '2026-01-06T03:14:37.663016+00:00', false, false) ON CONFLICT (scenario_id, option_id) DO NOTHING;
INSERT INTO public.scenario_options_junction (scenario_id, option_id, active, created_at, generated, mcp) VALUES ('019b3be4-3c3a-7a07-b866-50473cddc11e', '019b3be4-36d9-701a-b8dd-5d77bd58f750', true, '2026-01-06T03:14:37.663016+00:00', false, false) ON CONFLICT (scenario_id, option_id) DO NOTHING;
INSERT INTO public.scenario_options_junction (scenario_id, option_id, active, created_at, generated, mcp) VALUES ('019b3be4-3c3a-7a07-b866-50473cddc11e', '019b3be4-36d9-7022-abb2-c88b26ef1d9a', true, '2026-01-06T03:14:37.663016+00:00', false, false) ON CONFLICT (scenario_id, option_id) DO NOTHING;
INSERT INTO public.scenario_options_junction (scenario_id, option_id, active, created_at, generated, mcp) VALUES ('019b3be4-3c3a-7a07-b866-50473cddc11e', '019b3be4-36d9-7025-b260-966b598bfd9b', true, '2026-01-06T03:14:37.663016+00:00', false, false) ON CONFLICT (scenario_id, option_id) DO NOTHING;
INSERT INTO public.scenario_options_junction (scenario_id, option_id, active, created_at, generated, mcp) VALUES ('019b3be4-3c3a-7a07-b866-50473cddc11e', '019b3be4-36d9-702a-bb0d-144218b89910', true, '2026-01-06T03:14:37.663016+00:00', false, false) ON CONFLICT (scenario_id, option_id) DO NOTHING;
INSERT INTO public.scenario_options_junction (scenario_id, option_id, active, created_at, generated, mcp) VALUES ('019b3be4-3c3a-7a07-b866-50473cddc11e', '019b3be4-36d9-702e-a3bc-f34a46493b8d', true, '2026-01-06T03:14:37.663016+00:00', false, false) ON CONFLICT (scenario_id, option_id) DO NOTHING;
INSERT INTO public.scenario_options_junction (scenario_id, option_id, active, created_at, generated, mcp) VALUES ('019b3be4-3c3a-7a07-b866-50473cddc11e', '019b3be4-36d9-7037-9a5e-0a87a0b3afe2', true, '2026-01-06T03:14:37.663016+00:00', false, false) ON CONFLICT (scenario_id, option_id) DO NOTHING;
INSERT INTO public.scenario_options_junction (scenario_id, option_id, active, created_at, generated, mcp) VALUES ('019b3be4-3c3a-7a07-b866-50473cddc11e', '019b3be4-36d9-703b-b95b-a94808f0ada1', true, '2026-01-06T03:14:37.663016+00:00', false, false) ON CONFLICT (scenario_id, option_id) DO NOTHING;
INSERT INTO public.scenario_options_junction (scenario_id, option_id, active, created_at, generated, mcp) VALUES ('019b3be4-3c3a-7a07-b866-50473cddc11e', '019b3be4-36d9-703f-b1a2-ffe3743a09c5', true, '2026-01-06T03:14:37.663016+00:00', false, false) ON CONFLICT (scenario_id, option_id) DO NOTHING;
INSERT INTO public.scenario_options_junction (scenario_id, option_id, active, created_at, generated, mcp) VALUES ('019b3be4-3c3a-7a07-b866-50473cddc11e', '019b3be4-36d9-7045-8533-6ec7f6100f13', true, '2026-01-06T03:14:37.663016+00:00', false, false) ON CONFLICT (scenario_id, option_id) DO NOTHING;
INSERT INTO public.scenario_options_junction (scenario_id, option_id, active, created_at, generated, mcp) VALUES ('019b3be4-3c3a-7a07-b866-50473cddc11e', '019b3be4-36d9-704b-81e8-83d8bb416785', true, '2026-01-06T03:14:37.663016+00:00', false, false) ON CONFLICT (scenario_id, option_id) DO NOTHING;
INSERT INTO public.scenario_options_junction (scenario_id, option_id, active, created_at, generated, mcp) VALUES ('019b3be4-3c3a-7a07-b866-50473cddc11e', '019b3be4-36d9-704f-b7c8-ba6a69c23677', true, '2026-01-06T03:14:37.663016+00:00', false, false) ON CONFLICT (scenario_id, option_id) DO NOTHING;
INSERT INTO public.scenario_options_junction (scenario_id, option_id, active, created_at, generated, mcp) VALUES ('019b3be4-3c3a-7a07-b866-50473cddc11e', '019b3be4-36d9-7051-9b63-7569daac7c09', true, '2026-01-06T03:14:37.663016+00:00', false, false) ON CONFLICT (scenario_id, option_id) DO NOTHING;
-- scenario_personas_junction
INSERT INTO public.scenario_personas_junction (active, created_at, persona_id, scenario_id, generated, mcp) VALUES (true, '2025-12-14T19:07:45.268865+00:00', '019bb25e-e60c-7352-9b81-f411f56092a9', '019b3be4-3c3a-7a07-b866-50473cddc11e', false, false) ON CONFLICT (scenario_id, persona_id) DO NOTHING;
INSERT INTO public.scenario_personas_junction (active, created_at, persona_id, scenario_id, generated, mcp) VALUES (true, '2025-12-14T19:07:45.268865+00:00', '019bb25e-e60c-7356-93ee-b176f32f08cf', '019b3be4-3c3a-7a07-b866-50473cddc11e', false, false) ON CONFLICT (scenario_id, persona_id) DO NOTHING;
-- scenario_problem_statements_junction
INSERT INTO public.scenario_problem_statements_junction (active, created_at, problem_statement_id, scenario_id, generated, mcp) VALUES (true, '2025-12-14T19:07:45.268865+00:00', '019b3be4-36ec-74eb-9f9b-f77642e4004e', '019b3be4-3c3a-7a07-b866-50473cddc11e', false, false) ON CONFLICT (scenario_id, problem_statement_id) DO NOTHING;
-- scenario_questions_junction
INSERT INTO public.scenario_questions_junction (active, created_at, question_id, scenario_id, generated, mcp) VALUES (true, '2025-12-13T13:42:21.277546+00:00', '019b3be4-3703-79b7-bc10-2551249497b3', '019b3be4-3c3a-7a07-b866-50473cddc11e', false, false) ON CONFLICT (scenario_id, question_id) DO NOTHING;
INSERT INTO public.scenario_questions_junction (active, created_at, question_id, scenario_id, generated, mcp) VALUES (true, '2025-12-13T13:42:21.277546+00:00', '019b3be4-3703-79bc-9f38-6f2514e10a8e', '019b3be4-3c3a-7a07-b866-50473cddc11e', false, false) ON CONFLICT (scenario_id, question_id) DO NOTHING;
INSERT INTO public.scenario_questions_junction (active, created_at, question_id, scenario_id, generated, mcp) VALUES (true, '2025-12-13T13:42:21.277546+00:00', '019b3be4-3703-79c0-b082-cf460bdc7b52', '019b3be4-3c3a-7a07-b866-50473cddc11e', false, false) ON CONFLICT (scenario_id, question_id) DO NOTHING;
-- scenario_scenarios_junction
INSERT INTO public.scenario_scenarios_junction (scenario_id, scenarios_id, active, created_at, generated, mcp) VALUES ('019b3be4-3c3a-7a07-b866-50473cddc11e', '019bb25e-e61d-7eef-a081-23b2efeacb6b', true, '2025-12-13T13:42:21.259114+00:00', false, false) ON CONFLICT (scenario_id, scenarios_id) DO NOTHING;
-- scenario_videos_junction
INSERT INTO public.scenario_videos_junction (active, created_at, scenario_id, video_id, generated, mcp) VALUES (true, '2025-12-13T13:42:21.259114+00:00', '019b3be4-3c3a-7a07-b866-50473cddc11e', '019b3be4-3cf5-73c1-b491-4a534c9ffe9f', false, false) ON CONFLICT (scenario_id, video_id) DO NOTHING;
-- scenario_descriptions_junction
INSERT INTO public.scenario_descriptions_junction (scenario_id, description_id, created_at, generated, mcp, active) VALUES ('019b3be4-3c3a-79f1-9490-d4358ed29c92', '019b995c-8e88-73fd-8579-c4a21dae63ef', '2025-12-13T13:42:21.259114+00:00', false, false, true) ON CONFLICT (scenario_id, description_id) DO NOTHING;
-- scenario_documents_junction
INSERT INTO public.scenario_documents_junction (active, created_at, document_id, scenario_id, generated, mcp) VALUES (true, '2026-02-11T23:50:02.269303+00:00', 'c2f4d2f1-dbc8-476b-89e7-cfec6ac84cd7', '019b3be4-3c3a-79f1-9490-d4358ed29c92', false, false) ON CONFLICT (scenario_id, document_id) DO NOTHING;
-- scenario_flags_junction
INSERT INTO public.scenario_flags_junction (scenario_id, flag_id, value, created_at, generated, mcp, active) VALUES ('019b3be4-3c3a-79f1-9490-d4358ed29c92', '019b995a-86ef-77dc-8ddc-2013a6e3194f', true, '2025-12-13T13:42:21.259114+00:00', false, false, true) ON CONFLICT (scenario_id, flag_id) DO NOTHING;
INSERT INTO public.scenario_flags_junction (scenario_id, flag_id, value, created_at, generated, mcp, active) VALUES ('019b3be4-3c3a-79f1-9490-d4358ed29c92', '019b995a-86ef-77a3-a2a6-e6b760a9fcfe', true, '2025-12-13T13:42:21.259114+00:00', false, false, true) ON CONFLICT (scenario_id, flag_id) DO NOTHING;
INSERT INTO public.scenario_flags_junction (scenario_id, flag_id, value, created_at, generated, mcp, active) VALUES ('019b3be4-3c3a-79f1-9490-d4358ed29c92', '019b995a-86ef-781a-8ecb-8c0a6cfab122', true, '2025-12-13T13:42:21.259114+00:00', false, false, true) ON CONFLICT (scenario_id, flag_id) DO NOTHING;
INSERT INTO public.scenario_flags_junction (scenario_id, flag_id, value, created_at, generated, mcp, active) VALUES ('019b3be4-3c3a-79f1-9490-d4358ed29c92', '019b995a-86ef-7800-b93b-7897b07eca47', true, '2025-12-13T13:42:21.259114+00:00', false, false, true) ON CONFLICT (scenario_id, flag_id) DO NOTHING;
INSERT INTO public.scenario_flags_junction (scenario_id, flag_id, value, created_at, generated, mcp, active) VALUES ('019b3be4-3c3a-79f1-9490-d4358ed29c92', '019b995a-86ef-7830-9317-80d8d52b1bb2', true, '2025-12-13T13:42:21.259114+00:00', false, false, true) ON CONFLICT (scenario_id, flag_id) DO NOTHING;
INSERT INTO public.scenario_flags_junction (scenario_id, flag_id, value, created_at, generated, mcp, active) VALUES ('019b3be4-3c3a-79f1-9490-d4358ed29c92', '019be334-bfc3-7423-93ff-cc162b6984e9', true, '2025-12-13T13:42:21.259114+00:00', false, false, true) ON CONFLICT (scenario_id, flag_id) DO NOTHING;
INSERT INTO public.scenario_flags_junction (scenario_id, flag_id, value, created_at, generated, mcp, active) VALUES ('019b3be4-3c3a-79f1-9490-d4358ed29c92', '019b995a-86ef-71e9-ad2c-6c2040afdffe', true, '2026-01-22T01:20:11.358045+00:00', false, false, true) ON CONFLICT (scenario_id, flag_id) DO NOTHING;
-- scenario_names_junction
INSERT INTO public.scenario_names_junction (scenario_id, name_id, created_at, generated, mcp, active) VALUES ('019b3be4-3c3a-79f1-9490-d4358ed29c92', '019b995c-8e80-7863-a9d8-d09b415f1a19', '2025-12-13T13:42:21.259114+00:00', false, false, true) ON CONFLICT (scenario_id, name_id) DO NOTHING;
-- scenario_objectives_junction
INSERT INTO public.scenario_objectives_junction (idx, created_at, objective_id, scenario_id, generated, mcp, active) VALUES (0, '2025-12-14T19:07:45.268865+00:00', '019b3be4-36d5-7907-9ae5-0ff02f9a80e6', '019b3be4-3c3a-79f1-9490-d4358ed29c92', false, false, true) ON CONFLICT (scenario_id, objective_id) DO NOTHING;
INSERT INTO public.scenario_objectives_junction (idx, created_at, objective_id, scenario_id, generated, mcp, active) VALUES (1, '2025-12-14T19:07:45.268865+00:00', '019b3be4-36d5-790c-9e3e-169a358af07b', '019b3be4-3c3a-79f1-9490-d4358ed29c92', false, false, true) ON CONFLICT (scenario_id, objective_id) DO NOTHING;
INSERT INTO public.scenario_objectives_junction (idx, created_at, objective_id, scenario_id, generated, mcp, active) VALUES (2, '2025-12-14T19:07:45.268865+00:00', '019b3be4-36d5-7914-b4cd-11633f284912', '019b3be4-3c3a-79f1-9490-d4358ed29c92', false, false, true) ON CONFLICT (scenario_id, objective_id) DO NOTHING;
-- scenario_options_junction
INSERT INTO public.scenario_options_junction (scenario_id, option_id, active, created_at, generated, mcp) VALUES ('019b3be4-3c3a-79f1-9490-d4358ed29c92', '019b3be4-36d9-7058-a49f-b29884a63671', true, '2026-01-06T03:14:37.663016+00:00', false, false) ON CONFLICT (scenario_id, option_id) DO NOTHING;
INSERT INTO public.scenario_options_junction (scenario_id, option_id, active, created_at, generated, mcp) VALUES ('019b3be4-3c3a-79f1-9490-d4358ed29c92', '019b3be4-36d9-705c-8f91-791937b6e5ae', true, '2026-01-06T03:14:37.663016+00:00', false, false) ON CONFLICT (scenario_id, option_id) DO NOTHING;
INSERT INTO public.scenario_options_junction (scenario_id, option_id, active, created_at, generated, mcp) VALUES ('019b3be4-3c3a-79f1-9490-d4358ed29c92', '019b3be4-36d9-7062-85af-da0b81768d1a', true, '2026-01-06T03:14:37.663016+00:00', false, false) ON CONFLICT (scenario_id, option_id) DO NOTHING;
INSERT INTO public.scenario_options_junction (scenario_id, option_id, active, created_at, generated, mcp) VALUES ('019b3be4-3c3a-79f1-9490-d4358ed29c92', '019b3be4-36d9-7067-909f-5c2975bf8d15', true, '2026-01-06T03:14:37.663016+00:00', false, false) ON CONFLICT (scenario_id, option_id) DO NOTHING;
INSERT INTO public.scenario_options_junction (scenario_id, option_id, active, created_at, generated, mcp) VALUES ('019b3be4-3c3a-79f1-9490-d4358ed29c92', '019b3be4-36d9-706b-93f0-7c71ccce2bfc', true, '2026-01-06T03:14:37.663016+00:00', false, false) ON CONFLICT (scenario_id, option_id) DO NOTHING;
INSERT INTO public.scenario_options_junction (scenario_id, option_id, active, created_at, generated, mcp) VALUES ('019b3be4-3c3a-79f1-9490-d4358ed29c92', '019b3be4-36d9-7070-b1d3-6e51fb9bb5b0', true, '2026-01-06T03:14:37.663016+00:00', false, false) ON CONFLICT (scenario_id, option_id) DO NOTHING;
INSERT INTO public.scenario_options_junction (scenario_id, option_id, active, created_at, generated, mcp) VALUES ('019b3be4-3c3a-79f1-9490-d4358ed29c92', '019b3be4-36dc-7f00-8e30-4559c5c2deab', true, '2026-01-06T03:14:37.663016+00:00', false, false) ON CONFLICT (scenario_id, option_id) DO NOTHING;
INSERT INTO public.scenario_options_junction (scenario_id, option_id, active, created_at, generated, mcp) VALUES ('019b3be4-3c3a-79f1-9490-d4358ed29c92', '019b3be4-36dc-7f10-bd77-92732bb1b144', true, '2026-01-06T03:14:37.663016+00:00', false, false) ON CONFLICT (scenario_id, option_id) DO NOTHING;
INSERT INTO public.scenario_options_junction (scenario_id, option_id, active, created_at, generated, mcp) VALUES ('019b3be4-3c3a-79f1-9490-d4358ed29c92', '019b3be4-36dc-7f1e-b68e-ccba3842e8fd', true, '2026-01-06T03:14:37.663016+00:00', false, false) ON CONFLICT (scenario_id, option_id) DO NOTHING;
INSERT INTO public.scenario_options_junction (scenario_id, option_id, active, created_at, generated, mcp) VALUES ('019b3be4-3c3a-79f1-9490-d4358ed29c92', '019b3be4-36dc-7f25-accd-43eb63b65124', true, '2026-01-06T03:14:37.663016+00:00', false, false) ON CONFLICT (scenario_id, option_id) DO NOTHING;
INSERT INTO public.scenario_options_junction (scenario_id, option_id, active, created_at, generated, mcp) VALUES ('019b3be4-3c3a-79f1-9490-d4358ed29c92', '019b3be4-36dc-7f2f-a2a9-44a96fce19a1', true, '2026-01-06T03:14:37.663016+00:00', false, false) ON CONFLICT (scenario_id, option_id) DO NOTHING;
INSERT INTO public.scenario_options_junction (scenario_id, option_id, active, created_at, generated, mcp) VALUES ('019b3be4-3c3a-79f1-9490-d4358ed29c92', '019b3be4-36dc-7f38-aa9b-e106dc613a5d', true, '2026-01-06T03:14:37.663016+00:00', false, false) ON CONFLICT (scenario_id, option_id) DO NOTHING;
INSERT INTO public.scenario_options_junction (scenario_id, option_id, active, created_at, generated, mcp) VALUES ('019b3be4-3c3a-79f1-9490-d4358ed29c92', '019b3be4-36dc-7f42-8c4c-05683d2c8d76', true, '2026-01-06T03:14:37.663016+00:00', false, false) ON CONFLICT (scenario_id, option_id) DO NOTHING;
-- scenario_personas_junction
INSERT INTO public.scenario_personas_junction (active, created_at, persona_id, scenario_id, generated, mcp) VALUES (true, '2025-12-14T19:07:45.268865+00:00', '019bb25e-e60c-7352-9b81-f411f56092a9', '019b3be4-3c3a-79f1-9490-d4358ed29c92', false, false) ON CONFLICT (scenario_id, persona_id) DO NOTHING;
INSERT INTO public.scenario_personas_junction (active, created_at, persona_id, scenario_id, generated, mcp) VALUES (true, '2025-12-14T19:07:45.268865+00:00', '019bb25e-e60c-7356-93ee-b176f32f08cf', '019b3be4-3c3a-79f1-9490-d4358ed29c92', false, false) ON CONFLICT (scenario_id, persona_id) DO NOTHING;
-- scenario_problem_statements_junction
INSERT INTO public.scenario_problem_statements_junction (active, created_at, problem_statement_id, scenario_id, generated, mcp) VALUES (true, '2025-12-14T19:07:45.268865+00:00', '019b3be4-36ec-7506-9aff-801147525e0a', '019b3be4-3c3a-79f1-9490-d4358ed29c92', false, false) ON CONFLICT (scenario_id, problem_statement_id) DO NOTHING;
-- scenario_questions_junction
INSERT INTO public.scenario_questions_junction (active, created_at, question_id, scenario_id, generated, mcp) VALUES (true, '2025-12-13T13:42:21.277546+00:00', '019b3be4-3703-79c4-b7e7-7a5955d5b256', '019b3be4-3c3a-79f1-9490-d4358ed29c92', false, false) ON CONFLICT (scenario_id, question_id) DO NOTHING;
INSERT INTO public.scenario_questions_junction (active, created_at, question_id, scenario_id, generated, mcp) VALUES (true, '2025-12-13T13:42:21.277546+00:00', '019b3be4-3703-79cf-8ee3-ce9851255782', '019b3be4-3c3a-79f1-9490-d4358ed29c92', false, false) ON CONFLICT (scenario_id, question_id) DO NOTHING;
INSERT INTO public.scenario_questions_junction (active, created_at, question_id, scenario_id, generated, mcp) VALUES (true, '2025-12-13T13:42:21.277546+00:00', '019b3be4-3703-79d2-8795-1de545d3a019', '019b3be4-3c3a-79f1-9490-d4358ed29c92', false, false) ON CONFLICT (scenario_id, question_id) DO NOTHING;
-- scenario_scenarios_junction
INSERT INTO public.scenario_scenarios_junction (scenario_id, scenarios_id, active, created_at, generated, mcp) VALUES ('019b3be4-3c3a-79f1-9490-d4358ed29c92', '019bb25e-e61d-7ef1-979e-a32263560bdd', true, '2025-12-13T13:42:21.259114+00:00', false, false) ON CONFLICT (scenario_id, scenarios_id) DO NOTHING;
-- scenario_videos_junction
INSERT INTO public.scenario_videos_junction (active, created_at, scenario_id, video_id, generated, mcp) VALUES (true, '2025-12-13T13:42:21.259114+00:00', '019b3be4-3c3a-79f1-9490-d4358ed29c92', '019b3be4-3cf5-73cb-b32a-080299a7680b', false, false) ON CONFLICT (scenario_id, video_id) DO NOTHING;
-- scenario_descriptions_junction
INSERT INTO public.scenario_descriptions_junction (scenario_id, description_id, created_at, generated, mcp, active) VALUES ('019b3be4-3c3a-79d9-8a7c-08f5beebc77f', '019b995c-8e88-73e5-a63a-7109d70b7f9f', '2025-12-13T13:42:21.259114+00:00', false, false, true) ON CONFLICT (scenario_id, description_id) DO NOTHING;
-- scenario_documents_junction
INSERT INTO public.scenario_documents_junction (active, created_at, document_id, scenario_id, generated, mcp) VALUES (true, '2025-12-14T19:07:45.268865+00:00', '019bb25e-e619-7831-a70a-a7fb065a1999', '019b3be4-3c3a-79d9-8a7c-08f5beebc77f', false, false) ON CONFLICT (scenario_id, document_id) DO NOTHING;
-- scenario_flags_junction
INSERT INTO public.scenario_flags_junction (scenario_id, flag_id, value, created_at, generated, mcp, active) VALUES ('019b3be4-3c3a-79d9-8a7c-08f5beebc77f', '019b995a-86ef-77dc-8ddc-2013a6e3194f', true, '2025-12-13T13:42:21.259114+00:00', false, false, true) ON CONFLICT (scenario_id, flag_id) DO NOTHING;
INSERT INTO public.scenario_flags_junction (scenario_id, flag_id, value, created_at, generated, mcp, active) VALUES ('019b3be4-3c3a-79d9-8a7c-08f5beebc77f', '019b995a-86ef-77a3-a2a6-e6b760a9fcfe', true, '2025-12-13T13:42:21.259114+00:00', false, false, true) ON CONFLICT (scenario_id, flag_id) DO NOTHING;
INSERT INTO public.scenario_flags_junction (scenario_id, flag_id, value, created_at, generated, mcp, active) VALUES ('019b3be4-3c3a-79d9-8a7c-08f5beebc77f', '019b995a-86ef-781a-8ecb-8c0a6cfab122', true, '2025-12-13T13:42:21.259114+00:00', false, false, true) ON CONFLICT (scenario_id, flag_id) DO NOTHING;
INSERT INTO public.scenario_flags_junction (scenario_id, flag_id, value, created_at, generated, mcp, active) VALUES ('019b3be4-3c3a-79d9-8a7c-08f5beebc77f', '019b995a-86ef-7800-b93b-7897b07eca47', true, '2025-12-13T13:42:21.259114+00:00', false, false, true) ON CONFLICT (scenario_id, flag_id) DO NOTHING;
INSERT INTO public.scenario_flags_junction (scenario_id, flag_id, value, created_at, generated, mcp, active) VALUES ('019b3be4-3c3a-79d9-8a7c-08f5beebc77f', '019b995a-86ef-7830-9317-80d8d52b1bb2', true, '2025-12-13T13:42:21.259114+00:00', false, false, true) ON CONFLICT (scenario_id, flag_id) DO NOTHING;
INSERT INTO public.scenario_flags_junction (scenario_id, flag_id, value, created_at, generated, mcp, active) VALUES ('019b3be4-3c3a-79d9-8a7c-08f5beebc77f', '019be334-bfc3-7423-93ff-cc162b6984e9', true, '2025-12-13T13:42:21.259114+00:00', false, false, true) ON CONFLICT (scenario_id, flag_id) DO NOTHING;
INSERT INTO public.scenario_flags_junction (scenario_id, flag_id, value, created_at, generated, mcp, active) VALUES ('019b3be4-3c3a-79d9-8a7c-08f5beebc77f', '019b995a-86ef-71e9-ad2c-6c2040afdffe', true, '2026-01-22T01:20:11.358045+00:00', false, false, true) ON CONFLICT (scenario_id, flag_id) DO NOTHING;
-- scenario_images_junction
INSERT INTO public.scenario_images_junction (active, created_at, image_id, scenario_id, generated, mcp) VALUES (true, '2025-12-14T19:07:45.268865+00:00', '019b3be4-331f-77af-9736-9077cc061ad2', '019b3be4-3c3a-79d9-8a7c-08f5beebc77f', false, false) ON CONFLICT (scenario_id, image_id) DO NOTHING;
INSERT INTO public.scenario_images_junction (active, created_at, image_id, scenario_id, generated, mcp) VALUES (true, '2025-12-14T19:07:45.268865+00:00', '019b3be4-331f-7802-b8e3-54542f1431d5', '019b3be4-3c3a-79d9-8a7c-08f5beebc77f', false, false) ON CONFLICT (scenario_id, image_id) DO NOTHING;
INSERT INTO public.scenario_images_junction (active, created_at, image_id, scenario_id, generated, mcp) VALUES (true, '2025-12-14T19:07:45.268865+00:00', '019b3be4-331f-780c-a0df-594ebfd7d747', '019b3be4-3c3a-79d9-8a7c-08f5beebc77f', false, false) ON CONFLICT (scenario_id, image_id) DO NOTHING;
-- scenario_names_junction
INSERT INTO public.scenario_names_junction (scenario_id, name_id, created_at, generated, mcp, active) VALUES ('019b3be4-3c3a-79d9-8a7c-08f5beebc77f', '019b995c-8e80-79fd-bff8-46a48df89480', '2025-12-13T13:42:21.259114+00:00', false, false, true) ON CONFLICT (scenario_id, name_id) DO NOTHING;
-- scenario_objectives_junction
INSERT INTO public.scenario_objectives_junction (idx, created_at, objective_id, scenario_id, generated, mcp, active) VALUES (0, '2025-12-14T19:07:45.268865+00:00', '019b3be4-36d5-78d0-b2f4-0500ecad2e14', '019b3be4-3c3a-79d9-8a7c-08f5beebc77f', false, false, true) ON CONFLICT (scenario_id, objective_id) DO NOTHING;
INSERT INTO public.scenario_objectives_junction (idx, created_at, objective_id, scenario_id, generated, mcp, active) VALUES (1, '2025-12-14T19:07:45.268865+00:00', '019b3be4-36d5-78d8-982e-4efa4a5a0fc0', '019b3be4-3c3a-79d9-8a7c-08f5beebc77f', false, false, true) ON CONFLICT (scenario_id, objective_id) DO NOTHING;
INSERT INTO public.scenario_objectives_junction (idx, created_at, objective_id, scenario_id, generated, mcp, active) VALUES (2, '2025-12-14T19:07:45.268865+00:00', '019b3be4-36d5-78e2-9209-fb8595e60a06', '019b3be4-3c3a-79d9-8a7c-08f5beebc77f', false, false, true) ON CONFLICT (scenario_id, objective_id) DO NOTHING;
-- scenario_options_junction
INSERT INTO public.scenario_options_junction (scenario_id, option_id, active, created_at, generated, mcp) VALUES ('019b3be4-3c3a-79d9-8a7c-08f5beebc77f', '019b3be4-36d8-7f90-b704-4041bc95a7dd', true, '2026-01-06T03:14:37.663016+00:00', false, false) ON CONFLICT (scenario_id, option_id) DO NOTHING;
INSERT INTO public.scenario_options_junction (scenario_id, option_id, active, created_at, generated, mcp) VALUES ('019b3be4-3c3a-79d9-8a7c-08f5beebc77f', '019b3be4-36d8-7fce-84c0-3f41c048ffe5', true, '2026-01-06T03:14:37.663016+00:00', false, false) ON CONFLICT (scenario_id, option_id) DO NOTHING;
INSERT INTO public.scenario_options_junction (scenario_id, option_id, active, created_at, generated, mcp) VALUES ('019b3be4-3c3a-79d9-8a7c-08f5beebc77f', '019b3be4-36d8-7fdb-99a9-5b1c31bb76eb', true, '2026-01-06T03:14:37.663016+00:00', false, false) ON CONFLICT (scenario_id, option_id) DO NOTHING;
INSERT INTO public.scenario_options_junction (scenario_id, option_id, active, created_at, generated, mcp) VALUES ('019b3be4-3c3a-79d9-8a7c-08f5beebc77f', '019b3be4-36d8-7fdc-9da9-53d6a0eced92', true, '2026-01-06T03:14:37.663016+00:00', false, false) ON CONFLICT (scenario_id, option_id) DO NOTHING;
INSERT INTO public.scenario_options_junction (scenario_id, option_id, active, created_at, generated, mcp) VALUES ('019b3be4-3c3a-79d9-8a7c-08f5beebc77f', '019b3be4-36d8-7fe7-98b1-a03bc67c1560', true, '2026-01-06T03:14:37.663016+00:00', false, false) ON CONFLICT (scenario_id, option_id) DO NOTHING;
INSERT INTO public.scenario_options_junction (scenario_id, option_id, active, created_at, generated, mcp) VALUES ('019b3be4-3c3a-79d9-8a7c-08f5beebc77f', '019b3be4-36d8-7feb-a277-1dc4cffc8622', true, '2026-01-06T03:14:37.663016+00:00', false, false) ON CONFLICT (scenario_id, option_id) DO NOTHING;
INSERT INTO public.scenario_options_junction (scenario_id, option_id, active, created_at, generated, mcp) VALUES ('019b3be4-3c3a-79d9-8a7c-08f5beebc77f', '019b3be4-36d8-7fef-b241-6349812557fa', true, '2026-01-06T03:14:37.663016+00:00', false, false) ON CONFLICT (scenario_id, option_id) DO NOTHING;
INSERT INTO public.scenario_options_junction (scenario_id, option_id, active, created_at, generated, mcp) VALUES ('019b3be4-3c3a-79d9-8a7c-08f5beebc77f', '019b3be4-36d8-7ff5-b3e1-201f3325cd60', true, '2026-01-06T03:14:37.663016+00:00', false, false) ON CONFLICT (scenario_id, option_id) DO NOTHING;
INSERT INTO public.scenario_options_junction (scenario_id, option_id, active, created_at, generated, mcp) VALUES ('019b3be4-3c3a-79d9-8a7c-08f5beebc77f', '019b3be4-36d8-7ffb-8bb0-f44d6ebee57f', true, '2026-01-06T03:14:37.663016+00:00', false, false) ON CONFLICT (scenario_id, option_id) DO NOTHING;
INSERT INTO public.scenario_options_junction (scenario_id, option_id, active, created_at, generated, mcp) VALUES ('019b3be4-3c3a-79d9-8a7c-08f5beebc77f', '019b3be4-36d9-7001-a483-f301bda9553e', true, '2026-01-06T03:14:37.663016+00:00', false, false) ON CONFLICT (scenario_id, option_id) DO NOTHING;
INSERT INTO public.scenario_options_junction (scenario_id, option_id, active, created_at, generated, mcp) VALUES ('019b3be4-3c3a-79d9-8a7c-08f5beebc77f', '019b3be4-36d9-7006-9fc1-38a46eba0610', true, '2026-01-06T03:14:37.663016+00:00', false, false) ON CONFLICT (scenario_id, option_id) DO NOTHING;
INSERT INTO public.scenario_options_junction (scenario_id, option_id, active, created_at, generated, mcp) VALUES ('019b3be4-3c3a-79d9-8a7c-08f5beebc77f', '019b3be4-36d9-700d-a413-191fdefb9ba9', true, '2026-01-06T03:14:37.663016+00:00', false, false) ON CONFLICT (scenario_id, option_id) DO NOTHING;
INSERT INTO public.scenario_options_junction (scenario_id, option_id, active, created_at, generated, mcp) VALUES ('019b3be4-3c3a-79d9-8a7c-08f5beebc77f', '019b3be4-36d9-7013-89c8-7f039c52c564', true, '2026-01-06T03:14:37.663016+00:00', false, false) ON CONFLICT (scenario_id, option_id) DO NOTHING;
-- scenario_personas_junction
INSERT INTO public.scenario_personas_junction (active, created_at, persona_id, scenario_id, generated, mcp) VALUES (true, '2025-12-14T19:07:45.268865+00:00', '019bb25e-e60c-7352-9b81-f411f56092a9', '019b3be4-3c3a-79d9-8a7c-08f5beebc77f', false, false) ON CONFLICT (scenario_id, persona_id) DO NOTHING;
INSERT INTO public.scenario_personas_junction (active, created_at, persona_id, scenario_id, generated, mcp) VALUES (true, '2025-12-14T19:07:45.268865+00:00', '019bb25e-e60c-7356-93ee-b176f32f08cf', '019b3be4-3c3a-79d9-8a7c-08f5beebc77f', false, false) ON CONFLICT (scenario_id, persona_id) DO NOTHING;
INSERT INTO public.scenario_personas_junction (active, created_at, persona_id, scenario_id, generated, mcp) VALUES (true, '2025-12-14T19:07:45.268865+00:00', '019bb25e-e60c-7359-9409-c72170bf358e', '019b3be4-3c3a-79d9-8a7c-08f5beebc77f', false, false) ON CONFLICT (scenario_id, persona_id) DO NOTHING;
-- scenario_problem_statements_junction
INSERT INTO public.scenario_problem_statements_junction (active, created_at, problem_statement_id, scenario_id, generated, mcp) VALUES (true, '2025-12-14T19:07:45.268865+00:00', '019b3be4-36ec-74e7-b543-ff2dcc3b946c', '019b3be4-3c3a-79d9-8a7c-08f5beebc77f', false, false) ON CONFLICT (scenario_id, problem_statement_id) DO NOTHING;
-- scenario_questions_junction
INSERT INTO public.scenario_questions_junction (active, created_at, question_id, scenario_id, generated, mcp) VALUES (true, '2025-12-13T13:42:21.277546+00:00', '019b3be4-3703-796f-b2ad-03a4d0d2c38a', '019b3be4-3c3a-79d9-8a7c-08f5beebc77f', false, false) ON CONFLICT (scenario_id, question_id) DO NOTHING;
INSERT INTO public.scenario_questions_junction (active, created_at, question_id, scenario_id, generated, mcp) VALUES (true, '2025-12-13T13:42:21.277546+00:00', '019b3be4-3703-79ab-a675-9e8c0f7b6b12', '019b3be4-3c3a-79d9-8a7c-08f5beebc77f', false, false) ON CONFLICT (scenario_id, question_id) DO NOTHING;
INSERT INTO public.scenario_questions_junction (active, created_at, question_id, scenario_id, generated, mcp) VALUES (true, '2025-12-13T13:42:21.277546+00:00', '019b3be4-3703-79b2-9c9f-9c9a0cf90ed1', '019b3be4-3c3a-79d9-8a7c-08f5beebc77f', false, false) ON CONFLICT (scenario_id, question_id) DO NOTHING;
-- scenario_scenarios_junction
INSERT INTO public.scenario_scenarios_junction (scenario_id, scenarios_id, active, created_at, generated, mcp) VALUES ('019b3be4-3c3a-79d9-8a7c-08f5beebc77f', '019bb25e-e61d-7ef5-a65e-31bfa59971ae', true, '2025-12-13T13:42:21.259114+00:00', false, false) ON CONFLICT (scenario_id, scenarios_id) DO NOTHING;
-- scenario_videos_junction
INSERT INTO public.scenario_videos_junction (active, created_at, scenario_id, video_id, generated, mcp) VALUES (true, '2025-12-13T13:42:21.259114+00:00', '019b3be4-3c3a-79d9-8a7c-08f5beebc77f', '019b3be4-3cf5-7379-b5fa-5eb5b7060d79', false, false) ON CONFLICT (scenario_id, video_id) DO NOTHING;

-- Simulation artifact
-- simulation_artifact
INSERT INTO public.simulation_artifact (created_at, updated_at, id, generated, mcp) VALUES ('2025-12-12T13:44:32.428979+00:00', '2025-12-12T13:44:32.428979+00:00', '019b3be4-3cb8-7a73-864d-28feafce7f55', false, false) ON CONFLICT (id) DO NOTHING;

-- Simulation junctions
-- simulation_descriptions_junction
INSERT INTO public.simulation_descriptions_junction (simulation_id, description_id, created_at, generated, mcp, active) VALUES ('019b3be4-3cb8-7a73-864d-28feafce7f55', '019b995c-8e96-7733-b187-40f85ff1631d', '2025-12-12T13:44:32.428979+00:00', false, false, true) ON CONFLICT (simulation_id, description_id) DO NOTHING;
-- simulation_flags_junction
INSERT INTO public.simulation_flags_junction (simulation_id, flag_id, value, created_at, generated, mcp, active) VALUES ('019b3be4-3cb8-7a73-864d-28feafce7f55', '019b995a-86ef-78e3-8811-f5d0cfd31e3c', true, '2025-12-12T13:44:32.428979+00:00', false, false, true) ON CONFLICT (simulation_id, flag_id) DO NOTHING;
INSERT INTO public.simulation_flags_junction (simulation_id, flag_id, value, created_at, generated, mcp, active) VALUES ('019b3be4-3cb8-7a73-864d-28feafce7f55', '019be334-bfc6-73b3-ac0d-822d6864d660', true, '2025-12-12T13:44:32.428979+00:00', false, false, true) ON CONFLICT (simulation_id, flag_id) DO NOTHING;
INSERT INTO public.simulation_flags_junction (simulation_id, flag_id, value, created_at, generated, mcp, active) VALUES ('019b3be4-3cb8-7a73-864d-28feafce7f55', '019b995a-86ef-71e9-ad2c-6c2040afdffe', true, '2026-01-22T01:20:11.353715+00:00', false, false, true) ON CONFLICT (simulation_id, flag_id) DO NOTHING;
-- simulation_names_junction
INSERT INTO public.simulation_names_junction (simulation_id, name_id, created_at, generated, mcp, active) VALUES ('019b3be4-3cb8-7a73-864d-28feafce7f55', '019b995c-8e93-7fb0-8b73-e26bb1668e03', '2025-12-12T13:44:32.428979+00:00', false, false, true) ON CONFLICT (simulation_id, name_id) DO NOTHING;
-- simulation_scenario_positions_junction
INSERT INTO public.simulation_scenario_positions_junction (simulation_id, scenario_position_id, created_at, generated, mcp, active) VALUES ('019b3be4-3cb8-7a73-864d-28feafce7f55', '019bd1c8-54c3-7550-8aff-ba10aadf87e8', '2026-01-13T02:51:36.057775+00:00', false, false, true) ON CONFLICT (simulation_id, scenario_position_id) DO NOTHING;
INSERT INTO public.simulation_scenario_positions_junction (simulation_id, scenario_position_id, created_at, generated, mcp, active) VALUES ('019b3be4-3cb8-7a73-864d-28feafce7f55', '019bd1c8-54c3-7585-b721-ab3993035e9b', '2026-01-13T02:51:36.057775+00:00', false, false, true) ON CONFLICT (simulation_id, scenario_position_id) DO NOTHING;
INSERT INTO public.simulation_scenario_positions_junction (simulation_id, scenario_position_id, created_at, generated, mcp, active) VALUES ('019b3be4-3cb8-7a73-864d-28feafce7f55', '019bd1c8-54c3-75a6-8355-c7f3cecd53a2', '2026-01-13T02:51:36.057775+00:00', false, false, true) ON CONFLICT (simulation_id, scenario_position_id) DO NOTHING;
-- simulation_simulations_junction
INSERT INTO public.simulation_simulations_junction (simulation_id, simulations_id, active, created_at, generated, mcp) VALUES ('019b3be4-3cb8-7a73-864d-28feafce7f55', '019bb25e-e62c-7894-b18e-ddd3518cec67', true, '2025-12-12T13:44:32.428979+00:00', false, false) ON CONFLICT (simulation_id, simulations_id) DO NOTHING;
