-- Module: Grade Voice Agent Rubric
-- Category: rubric
-- Description: Grade Voice Agent Rubric rubric
-- ============================================================


-- Resource rows
INSERT INTO public.descriptions_resource (id, description, created_at, active, generated, mcp) VALUES ('019b995c-8ea8-790c-b91e-4b52a7d3209a', 'Evaluates voice-based grading agents on rubric interpretation, evidence use, scoring accuracy, feedback quality, tool usage, reasoning level, transcript/audio consistency, and voice emotion interpretation.', '2025-12-03T14:42:00.751864+00:00', true, false, false) ON CONFLICT (id) DO NOTHING;
INSERT INTO public.names_resource (id, name, created_at, active, generated, mcp) VALUES ('019b995c-8ea7-76d7-8c67-bfc71c029d4a', 'Grade Voice Agent Rubric', '2025-12-03T14:42:00.751864+00:00', true, false, false) ON CONFLICT (id) DO NOTHING;
INSERT INTO public.rubrics_resource (created_at, active, generated, mcp, id, name, description, department_ids, total_points, pass_points, simulation_rubric, video_rubric) VALUES ('2025-12-03T14:42:00.751864+00:00', true, false, false, '019bb25e-e608-7eac-ab1e-b596233e4edd', 'Grade Voice Agent Rubric', 'Evaluates voice-based grading agents on rubric interpretation, evidence use, scoring accuracy, feedback quality, tool usage, reasoning level, transcript/audio consistency, and voice emotion interpretation.', '{}', 25, 20, false, false) ON CONFLICT (id) DO NOTHING;
INSERT INTO public.standard_groups_resource (created_at, name, short_name, description, points, pass_points, active, id, generated, mcp) VALUES ('2025-12-03T14:42:00.751864+00:00', 'Structure and Completeness', 'Structure', 'Assesses response structure and completeness of evaluation.', 5, 4, true, '019b3be4-3cbf-78bb-a4c3-ae6510eae546', false, false) ON CONFLICT (id) DO NOTHING;
INSERT INTO public.standard_groups_resource (created_at, name, short_name, description, points, pass_points, active, id, generated, mcp) VALUES ('2025-12-03T14:42:00.751864+00:00', 'Rubric Understanding and Evidence', 'Understanding', 'Measures rubric interpretation accuracy and evidence citation quality.', 5, 4, true, '019b3be4-3cbf-78c8-a8b3-54246e5431c4', false, false) ON CONFLICT (id) DO NOTHING;
INSERT INTO public.standard_groups_resource (created_at, name, short_name, description, points, pass_points, active, id, generated, mcp) VALUES ('2025-12-03T14:42:00.751864+00:00', 'Scoring and Feedback Quality', 'Scoring', 'Assesses score calibration and feedback clarity/actionability.', 5, 4, true, '019b3be4-3cbf-78d8-b342-9214b28bae3b', false, false) ON CONFLICT (id) DO NOTHING;
INSERT INTO public.standard_groups_resource (created_at, name, short_name, description, points, pass_points, active, id, generated, mcp) VALUES ('2025-12-03T14:42:00.751864+00:00', 'Tool Usage and Reasoning', 'Tools Reasoning', 'Evaluates proper tool usage and reasoning level appropriateness.', 5, 4, true, '019b3be4-3cbf-78e4-8d1d-00b8219cf8f1', false, false) ON CONFLICT (id) DO NOTHING;
INSERT INTO public.standard_groups_resource (created_at, name, short_name, description, points, pass_points, active, id, generated, mcp) VALUES ('2025-12-03T14:42:00.751864+00:00', 'Audio Analysis Accuracy', 'Audio Analysis', 'Assesses transcript/audio consistency and voice emotion interpretation accuracy.', 5, 4, true, '019b3be4-3cbf-78f0-b8f7-927bc12809bd', false, false) ON CONFLICT (id) DO NOTHING;
INSERT INTO public.standards_resource (created_at, name, description, points, id, standard_group_id, active, generated, mcp) VALUES ('2025-12-03T14:42:00.751864+00:00', 'Poor', 'No structure; incomplete evaluation.', 1, '019b3be4-3cd0-7173-af55-6344f04c6173', '019b3be4-3cbf-78bb-a4c3-ae6510eae546', true, false, false) ON CONFLICT (id) DO NOTHING;
INSERT INTO public.standards_resource (created_at, name, description, points, id, standard_group_id, active, generated, mcp) VALUES ('2025-12-03T14:42:00.751864+00:00', 'Marginal', 'Poor structure; missing many criteria.', 2, '019b3be4-3cd0-7169-962d-c9591561b7eb', '019b3be4-3cbf-78bb-a4c3-ae6510eae546', true, false, false) ON CONFLICT (id) DO NOTHING;
INSERT INTO public.standards_resource (created_at, name, description, points, id, standard_group_id, active, generated, mcp) VALUES ('2025-12-03T14:42:00.751864+00:00', 'Acceptable', 'Adequate structure; covers some criteria.', 3, '019b3be4-3cd0-7160-bc79-edc6f9b6871f', '019b3be4-3cbf-78bb-a4c3-ae6510eae546', true, false, false) ON CONFLICT (id) DO NOTHING;
INSERT INTO public.standards_resource (created_at, name, description, points, id, standard_group_id, active, generated, mcp) VALUES ('2025-12-03T14:42:00.751864+00:00', 'Good', 'Mostly structured; covers most criteria.', 4, '019b3be4-3cd0-7158-8d58-5abc793d3829', '019b3be4-3cbf-78bb-a4c3-ae6510eae546', true, false, false) ON CONFLICT (id) DO NOTHING;
INSERT INTO public.standards_resource (created_at, name, description, points, id, standard_group_id, active, generated, mcp) VALUES ('2025-12-03T14:42:00.751864+00:00', 'Excellent', 'Perfect structure; complete evaluation covering all criteria.', 5, '019b3be4-3cd0-7149-9058-1e3a5bbb9087', '019b3be4-3cbf-78bb-a4c3-ae6510eae546', true, false, false) ON CONFLICT (id) DO NOTHING;
INSERT INTO public.standards_resource (created_at, name, description, points, id, standard_group_id, active, generated, mcp) VALUES ('2025-12-03T14:42:00.751864+00:00', 'Poor', 'Misinterprets rubric; no evidence provided.', 1, '019b3be4-3ccf-7d18-b37d-2db12617929b', '019b3be4-3cbf-78c8-a8b3-54246e5431c4', true, false, false) ON CONFLICT (id) DO NOTHING;
INSERT INTO public.standards_resource (created_at, name, description, points, id, standard_group_id, active, generated, mcp) VALUES ('2025-12-03T14:42:00.751864+00:00', 'Marginal', 'Many rubric errors; weak evidence.', 2, '019b3be4-3ccf-7d13-8fc9-83cd8a233fc3', '019b3be4-3cbf-78c8-a8b3-54246e5431c4', true, false, false) ON CONFLICT (id) DO NOTHING;
INSERT INTO public.standards_resource (created_at, name, description, points, id, standard_group_id, active, generated, mcp) VALUES ('2025-12-03T14:42:00.751864+00:00', 'Acceptable', 'Some rubric misreadings; some evidence provided.', 3, '019b3be4-3ccf-7d07-a3c3-71be05ea002b', '019b3be4-3cbf-78c8-a8b3-54246e5431c4', true, false, false) ON CONFLICT (id) DO NOTHING;
INSERT INTO public.standards_resource (created_at, name, description, points, id, standard_group_id, active, generated, mcp) VALUES ('2025-12-03T14:42:00.751864+00:00', 'Good', 'Mostly correct rubric understanding; mostly evidence-based citations.', 4, '019b3be4-3ccf-7cfd-9cba-7fce9c6991d1', '019b3be4-3cbf-78c8-a8b3-54246e5431c4', true, false, false) ON CONFLICT (id) DO NOTHING;
INSERT INTO public.standards_resource (created_at, name, description, points, id, standard_group_id, active, generated, mcp) VALUES ('2025-12-03T14:42:00.751864+00:00', 'Excellent', 'Perfect rubric application; precise quote-backed evidence citations.', 5, '019b3be4-3ccf-7cf0-84f4-2a983431134b', '019b3be4-3cbf-78c8-a8b3-54246e5431c4', true, false, false) ON CONFLICT (id) DO NOTHING;
INSERT INTO public.standards_resource (created_at, name, description, points, id, standard_group_id, active, generated, mcp) VALUES ('2025-12-03T14:42:00.751864+00:00', 'Poor', 'Random scores; useless or missing feedback.', 1, '019b3be4-3ccf-7d40-a7ee-9a5fa563dee1', '019b3be4-3cbf-78d8-b342-9214b28bae3b', true, false, false) ON CONFLICT (id) DO NOTHING;
INSERT INTO public.standards_resource (created_at, name, description, points, id, standard_group_id, active, generated, mcp) VALUES ('2025-12-03T14:42:00.751864+00:00', 'Marginal', 'Frequent score mismatches; weak feedback.', 2, '019b3be4-3ccf-7d38-a349-4e9268c9e6cb', '019b3be4-3cbf-78d8-b342-9214b28bae3b', true, false, false) ON CONFLICT (id) DO NOTHING;
INSERT INTO public.standards_resource (created_at, name, description, points, id, standard_group_id, active, generated, mcp) VALUES ('2025-12-03T14:42:00.751864+00:00', 'Acceptable', 'Some score mismatches; somewhat helpful feedback.', 3, '019b3be4-3ccf-7d33-89d3-1146eb611fd2', '019b3be4-3cbf-78d8-b342-9214b28bae3b', true, false, false) ON CONFLICT (id) DO NOTHING;
INSERT INTO public.standards_resource (created_at, name, description, points, id, standard_group_id, active, generated, mcp) VALUES ('2025-12-03T14:42:00.751864+00:00', 'Good', 'Mostly calibrated scores; mostly helpful feedback.', 4, '019b3be4-3ccf-7d2a-b9dc-d31f01da057e', '019b3be4-3cbf-78d8-b342-9214b28bae3b', true, false, false) ON CONFLICT (id) DO NOTHING;
INSERT INTO public.standards_resource (created_at, name, description, points, id, standard_group_id, active, generated, mcp) VALUES ('2025-12-03T14:42:00.751864+00:00', 'Excellent', 'Perfectly proportional scores; clear, concise, actionable feedback.', 5, '019b3be4-3ccf-7d23-b7bc-a775acf6cf08', '019b3be4-3cbf-78d8-b342-9214b28bae3b', true, false, false) ON CONFLICT (id) DO NOTHING;
INSERT INTO public.standards_resource (created_at, name, description, points, id, standard_group_id, active, generated, mcp) VALUES ('2025-12-03T14:42:00.751864+00:00', 'Poor', 'No tool usage or invalid calls; wrong reasoning level.', 1, '019b3be4-3cd0-711a-9f52-9a6c09d6865c', '019b3be4-3cbf-78e4-8d1d-00b8219cf8f1', true, false, false) ON CONFLICT (id) DO NOTHING;
INSERT INTO public.standards_resource (created_at, name, description, points, id, standard_group_id, active, generated, mcp) VALUES ('2025-12-03T14:42:00.751864+00:00', 'Marginal', 'Frequent tool misuse; inappropriate reasoning level.', 2, '019b3be4-3cd0-7113-97b0-b0995fe2e6f7', '019b3be4-3cbf-78e4-8d1d-00b8219cf8f1', true, false, false) ON CONFLICT (id) DO NOTHING;
INSERT INTO public.standards_resource (created_at, name, description, points, id, standard_group_id, active, generated, mcp) VALUES ('2025-12-03T14:42:00.751864+00:00', 'Acceptable', 'Some tool misuse; adequate reasoning level.', 3, '019b3be4-3cd0-7093-8053-91663b7b2f41', '019b3be4-3cbf-78e4-8d1d-00b8219cf8f1', true, false, false) ON CONFLICT (id) DO NOTHING;
INSERT INTO public.standards_resource (created_at, name, description, points, id, standard_group_id, active, generated, mcp) VALUES ('2025-12-03T14:42:00.751864+00:00', 'Good', 'Minor tool omissions; mostly appropriate reasoning.', 4, '019b3be4-3ccf-7d59-aef5-83c88c2afd87', '019b3be4-3cbf-78e4-8d1d-00b8219cf8f1', true, false, false) ON CONFLICT (id) DO NOTHING;
INSERT INTO public.standards_resource (created_at, name, description, points, id, standard_group_id, active, generated, mcp) VALUES ('2025-12-03T14:42:00.751864+00:00', 'Excellent', 'Perfect tool calls; appropriate reasoning level for task.', 5, '019b3be4-3ccf-7d4a-8100-274037ae02cd', '019b3be4-3cbf-78e4-8d1d-00b8219cf8f1', true, false, false) ON CONFLICT (id) DO NOTHING;
INSERT INTO public.standards_resource (created_at, name, description, points, id, standard_group_id, active, generated, mcp) VALUES ('2025-12-03T14:42:00.751864+00:00', 'Poor', 'No transcript/audio consistency; incorrect emotion interpretation.', 1, '019b3be4-3cd0-7142-81aa-4ede9ec89447', '019b3be4-3cbf-78f0-b8f7-927bc12809bd', true, false, false) ON CONFLICT (id) DO NOTHING;
INSERT INTO public.standards_resource (created_at, name, description, points, id, standard_group_id, active, generated, mcp) VALUES ('2025-12-03T14:42:00.751864+00:00', 'Marginal', 'Frequent transcript/audio inconsistencies; weak emotion interpretation.', 2, '019b3be4-3cd0-713b-848d-23286191d95c', '019b3be4-3cbf-78f0-b8f7-927bc12809bd', true, false, false) ON CONFLICT (id) DO NOTHING;
INSERT INTO public.standards_resource (created_at, name, description, points, id, standard_group_id, active, generated, mcp) VALUES ('2025-12-03T14:42:00.751864+00:00', 'Acceptable', 'Some transcript/audio inconsistencies; adequate emotion interpretation.', 3, '019b3be4-3cd0-7133-a545-8fdda27ff34d', '019b3be4-3cbf-78f0-b8f7-927bc12809bd', true, false, false) ON CONFLICT (id) DO NOTHING;
INSERT INTO public.standards_resource (created_at, name, description, points, id, standard_group_id, active, generated, mcp) VALUES ('2025-12-03T14:42:00.751864+00:00', 'Good', 'Mostly consistent transcript/audio; mostly accurate emotion interpretation.', 4, '019b3be4-3cd0-7128-aa0c-4562a29a0f12', '019b3be4-3cbf-78f0-b8f7-927bc12809bd', true, false, false) ON CONFLICT (id) DO NOTHING;
INSERT INTO public.standards_resource (created_at, name, description, points, id, standard_group_id, active, generated, mcp) VALUES ('2025-12-03T14:42:00.751864+00:00', 'Excellent', 'Perfect transcript/audio consistency; accurate voice emotion interpretation.', 5, '019b3be4-3cd0-7121-b7e8-f7a33224fd10', '019b3be4-3cbf-78f0-b8f7-927bc12809bd', true, false, false) ON CONFLICT (id) DO NOTHING;

-- Artifact
-- rubric_artifact
INSERT INTO public.rubric_artifact (created_at, updated_at, id, generated, mcp) VALUES ('2025-12-03T14:42:00.751864+00:00', '2026-01-04T16:09:49.835499+00:00', '019b3be4-3707-77d2-a1a5-683fb3ba1ec7', false, false) ON CONFLICT (id) DO NOTHING;

-- Junctions
-- rubric_descriptions_junction
INSERT INTO public.rubric_descriptions_junction (rubric_id, description_id, created_at, generated, mcp, active) VALUES ('019b3be4-3707-77d2-a1a5-683fb3ba1ec7', '019b995c-8ea8-790c-b91e-4b52a7d3209a', '2025-12-03T14:42:00.751864+00:00', false, false, true) ON CONFLICT (rubric_id, description_id) DO NOTHING;
-- rubric_flags_junction
INSERT INTO public.rubric_flags_junction (rubric_id, flag_id, value, created_at, generated, mcp, active) VALUES ('019b3be4-3707-77d2-a1a5-683fb3ba1ec7', '019be334-bfc5-7dbf-aefd-d61c2e8eebc1', true, '2025-12-03T14:42:00.751864+00:00', false, false, true) ON CONFLICT (rubric_id, flag_id) DO NOTHING;
-- rubric_names_junction
INSERT INTO public.rubric_names_junction (rubric_id, name_id, created_at, generated, mcp, active) VALUES ('019b3be4-3707-77d2-a1a5-683fb3ba1ec7', '019b995c-8ea7-76d7-8c67-bfc71c029d4a', '2025-12-03T14:42:00.751864+00:00', false, false, true) ON CONFLICT (rubric_id, name_id) DO NOTHING;
-- rubric_points_junction
INSERT INTO public.rubric_points_junction (rubric_id, point_id, type, created_at, generated, mcp, active) VALUES ('019b3be4-3707-77d2-a1a5-683fb3ba1ec7', '019b995b-52ed-7233-bdaf-88cbcc29083e', 'pass', '2025-12-03T14:42:00.751864+00:00', false, false, true) ON CONFLICT (rubric_id, point_id, type) DO NOTHING;
INSERT INTO public.rubric_points_junction (rubric_id, point_id, type, created_at, generated, mcp, active) VALUES ('019b3be4-3707-77d2-a1a5-683fb3ba1ec7', '019b995b-52ec-7b7e-9cc6-35aae7c0fe5f', 'pass', '2025-12-03T14:42:00.751864+00:00', false, false, true) ON CONFLICT (rubric_id, point_id, type) DO NOTHING;
INSERT INTO public.rubric_points_junction (rubric_id, point_id, type, created_at, generated, mcp, active) VALUES ('019b3be4-3707-77d2-a1a5-683fb3ba1ec7', '019b995b-52ec-7b7b-baf4-2c7b3162100b', 'total', '2025-12-03T14:42:00.751864+00:00', false, false, true) ON CONFLICT (rubric_id, point_id, type) DO NOTHING;
-- rubric_rubrics_junction
INSERT INTO public.rubric_rubrics_junction (rubric_id, rubrics_id, active, created_at, generated, mcp) VALUES ('019b3be4-3707-77d2-a1a5-683fb3ba1ec7', '019bb25e-e608-7eac-ab1e-b596233e4edd', true, '2025-12-03T14:42:00.751864+00:00', false, false) ON CONFLICT (rubric_id, rubrics_id) DO NOTHING;
-- rubric_standard_groups_junction
INSERT INTO public.rubric_standard_groups_junction (rubric_id, standard_group_id, position, active, created_at, generated, mcp) VALUES ('019b3be4-3707-77d2-a1a5-683fb3ba1ec7', '019b3be4-3cbf-78bb-a4c3-ae6510eae546', 1, true, '2025-12-03T14:42:00.751864+00:00', false, false) ON CONFLICT (rubric_id, standard_group_id) DO NOTHING;
INSERT INTO public.rubric_standard_groups_junction (rubric_id, standard_group_id, position, active, created_at, generated, mcp) VALUES ('019b3be4-3707-77d2-a1a5-683fb3ba1ec7', '019b3be4-3cbf-78c8-a8b3-54246e5431c4', 2, true, '2025-12-03T14:42:00.751864+00:00', false, false) ON CONFLICT (rubric_id, standard_group_id) DO NOTHING;
INSERT INTO public.rubric_standard_groups_junction (rubric_id, standard_group_id, position, active, created_at, generated, mcp) VALUES ('019b3be4-3707-77d2-a1a5-683fb3ba1ec7', '019b3be4-3cbf-78d8-b342-9214b28bae3b', 3, true, '2025-12-03T14:42:00.751864+00:00', false, false) ON CONFLICT (rubric_id, standard_group_id) DO NOTHING;
INSERT INTO public.rubric_standard_groups_junction (rubric_id, standard_group_id, position, active, created_at, generated, mcp) VALUES ('019b3be4-3707-77d2-a1a5-683fb3ba1ec7', '019b3be4-3cbf-78e4-8d1d-00b8219cf8f1', 4, true, '2025-12-03T14:42:00.751864+00:00', false, false) ON CONFLICT (rubric_id, standard_group_id) DO NOTHING;
INSERT INTO public.rubric_standard_groups_junction (rubric_id, standard_group_id, position, active, created_at, generated, mcp) VALUES ('019b3be4-3707-77d2-a1a5-683fb3ba1ec7', '019b3be4-3cbf-78f0-b8f7-927bc12809bd', 5, true, '2025-12-03T14:42:00.751864+00:00', false, false) ON CONFLICT (rubric_id, standard_group_id) DO NOTHING;
-- rubric_standards_junction
INSERT INTO public.rubric_standards_junction (rubric_id, standard_id, created_at, generated, mcp, active) VALUES ('019b3be4-3707-77d2-a1a5-683fb3ba1ec7', '019b3be4-3cd0-7173-af55-6344f04c6173', '2025-12-03T14:42:00.751864+00:00', false, false, true) ON CONFLICT (rubric_id, standard_id) DO NOTHING;
INSERT INTO public.rubric_standards_junction (rubric_id, standard_id, created_at, generated, mcp, active) VALUES ('019b3be4-3707-77d2-a1a5-683fb3ba1ec7', '019b3be4-3cd0-7169-962d-c9591561b7eb', '2025-12-03T14:42:00.751864+00:00', false, false, true) ON CONFLICT (rubric_id, standard_id) DO NOTHING;
INSERT INTO public.rubric_standards_junction (rubric_id, standard_id, created_at, generated, mcp, active) VALUES ('019b3be4-3707-77d2-a1a5-683fb3ba1ec7', '019b3be4-3cd0-7160-bc79-edc6f9b6871f', '2025-12-03T14:42:00.751864+00:00', false, false, true) ON CONFLICT (rubric_id, standard_id) DO NOTHING;
INSERT INTO public.rubric_standards_junction (rubric_id, standard_id, created_at, generated, mcp, active) VALUES ('019b3be4-3707-77d2-a1a5-683fb3ba1ec7', '019b3be4-3cd0-7158-8d58-5abc793d3829', '2025-12-03T14:42:00.751864+00:00', false, false, true) ON CONFLICT (rubric_id, standard_id) DO NOTHING;
INSERT INTO public.rubric_standards_junction (rubric_id, standard_id, created_at, generated, mcp, active) VALUES ('019b3be4-3707-77d2-a1a5-683fb3ba1ec7', '019b3be4-3cd0-7149-9058-1e3a5bbb9087', '2025-12-03T14:42:00.751864+00:00', false, false, true) ON CONFLICT (rubric_id, standard_id) DO NOTHING;
INSERT INTO public.rubric_standards_junction (rubric_id, standard_id, created_at, generated, mcp, active) VALUES ('019b3be4-3707-77d2-a1a5-683fb3ba1ec7', '019b3be4-3ccf-7d18-b37d-2db12617929b', '2025-12-03T14:42:00.751864+00:00', false, false, true) ON CONFLICT (rubric_id, standard_id) DO NOTHING;
INSERT INTO public.rubric_standards_junction (rubric_id, standard_id, created_at, generated, mcp, active) VALUES ('019b3be4-3707-77d2-a1a5-683fb3ba1ec7', '019b3be4-3ccf-7d13-8fc9-83cd8a233fc3', '2025-12-03T14:42:00.751864+00:00', false, false, true) ON CONFLICT (rubric_id, standard_id) DO NOTHING;
INSERT INTO public.rubric_standards_junction (rubric_id, standard_id, created_at, generated, mcp, active) VALUES ('019b3be4-3707-77d2-a1a5-683fb3ba1ec7', '019b3be4-3ccf-7d07-a3c3-71be05ea002b', '2025-12-03T14:42:00.751864+00:00', false, false, true) ON CONFLICT (rubric_id, standard_id) DO NOTHING;
INSERT INTO public.rubric_standards_junction (rubric_id, standard_id, created_at, generated, mcp, active) VALUES ('019b3be4-3707-77d2-a1a5-683fb3ba1ec7', '019b3be4-3ccf-7cfd-9cba-7fce9c6991d1', '2025-12-03T14:42:00.751864+00:00', false, false, true) ON CONFLICT (rubric_id, standard_id) DO NOTHING;
INSERT INTO public.rubric_standards_junction (rubric_id, standard_id, created_at, generated, mcp, active) VALUES ('019b3be4-3707-77d2-a1a5-683fb3ba1ec7', '019b3be4-3ccf-7cf0-84f4-2a983431134b', '2025-12-03T14:42:00.751864+00:00', false, false, true) ON CONFLICT (rubric_id, standard_id) DO NOTHING;
INSERT INTO public.rubric_standards_junction (rubric_id, standard_id, created_at, generated, mcp, active) VALUES ('019b3be4-3707-77d2-a1a5-683fb3ba1ec7', '019b3be4-3ccf-7d40-a7ee-9a5fa563dee1', '2025-12-03T14:42:00.751864+00:00', false, false, true) ON CONFLICT (rubric_id, standard_id) DO NOTHING;
INSERT INTO public.rubric_standards_junction (rubric_id, standard_id, created_at, generated, mcp, active) VALUES ('019b3be4-3707-77d2-a1a5-683fb3ba1ec7', '019b3be4-3ccf-7d38-a349-4e9268c9e6cb', '2025-12-03T14:42:00.751864+00:00', false, false, true) ON CONFLICT (rubric_id, standard_id) DO NOTHING;
INSERT INTO public.rubric_standards_junction (rubric_id, standard_id, created_at, generated, mcp, active) VALUES ('019b3be4-3707-77d2-a1a5-683fb3ba1ec7', '019b3be4-3ccf-7d33-89d3-1146eb611fd2', '2025-12-03T14:42:00.751864+00:00', false, false, true) ON CONFLICT (rubric_id, standard_id) DO NOTHING;
INSERT INTO public.rubric_standards_junction (rubric_id, standard_id, created_at, generated, mcp, active) VALUES ('019b3be4-3707-77d2-a1a5-683fb3ba1ec7', '019b3be4-3ccf-7d2a-b9dc-d31f01da057e', '2025-12-03T14:42:00.751864+00:00', false, false, true) ON CONFLICT (rubric_id, standard_id) DO NOTHING;
INSERT INTO public.rubric_standards_junction (rubric_id, standard_id, created_at, generated, mcp, active) VALUES ('019b3be4-3707-77d2-a1a5-683fb3ba1ec7', '019b3be4-3ccf-7d23-b7bc-a775acf6cf08', '2025-12-03T14:42:00.751864+00:00', false, false, true) ON CONFLICT (rubric_id, standard_id) DO NOTHING;
INSERT INTO public.rubric_standards_junction (rubric_id, standard_id, created_at, generated, mcp, active) VALUES ('019b3be4-3707-77d2-a1a5-683fb3ba1ec7', '019b3be4-3cd0-711a-9f52-9a6c09d6865c', '2025-12-03T14:42:00.751864+00:00', false, false, true) ON CONFLICT (rubric_id, standard_id) DO NOTHING;
INSERT INTO public.rubric_standards_junction (rubric_id, standard_id, created_at, generated, mcp, active) VALUES ('019b3be4-3707-77d2-a1a5-683fb3ba1ec7', '019b3be4-3cd0-7113-97b0-b0995fe2e6f7', '2025-12-03T14:42:00.751864+00:00', false, false, true) ON CONFLICT (rubric_id, standard_id) DO NOTHING;
INSERT INTO public.rubric_standards_junction (rubric_id, standard_id, created_at, generated, mcp, active) VALUES ('019b3be4-3707-77d2-a1a5-683fb3ba1ec7', '019b3be4-3cd0-7093-8053-91663b7b2f41', '2025-12-03T14:42:00.751864+00:00', false, false, true) ON CONFLICT (rubric_id, standard_id) DO NOTHING;
INSERT INTO public.rubric_standards_junction (rubric_id, standard_id, created_at, generated, mcp, active) VALUES ('019b3be4-3707-77d2-a1a5-683fb3ba1ec7', '019b3be4-3ccf-7d59-aef5-83c88c2afd87', '2025-12-03T14:42:00.751864+00:00', false, false, true) ON CONFLICT (rubric_id, standard_id) DO NOTHING;
INSERT INTO public.rubric_standards_junction (rubric_id, standard_id, created_at, generated, mcp, active) VALUES ('019b3be4-3707-77d2-a1a5-683fb3ba1ec7', '019b3be4-3ccf-7d4a-8100-274037ae02cd', '2025-12-03T14:42:00.751864+00:00', false, false, true) ON CONFLICT (rubric_id, standard_id) DO NOTHING;
INSERT INTO public.rubric_standards_junction (rubric_id, standard_id, created_at, generated, mcp, active) VALUES ('019b3be4-3707-77d2-a1a5-683fb3ba1ec7', '019b3be4-3cd0-7142-81aa-4ede9ec89447', '2025-12-03T14:42:00.751864+00:00', false, false, true) ON CONFLICT (rubric_id, standard_id) DO NOTHING;
INSERT INTO public.rubric_standards_junction (rubric_id, standard_id, created_at, generated, mcp, active) VALUES ('019b3be4-3707-77d2-a1a5-683fb3ba1ec7', '019b3be4-3cd0-713b-848d-23286191d95c', '2025-12-03T14:42:00.751864+00:00', false, false, true) ON CONFLICT (rubric_id, standard_id) DO NOTHING;
INSERT INTO public.rubric_standards_junction (rubric_id, standard_id, created_at, generated, mcp, active) VALUES ('019b3be4-3707-77d2-a1a5-683fb3ba1ec7', '019b3be4-3cd0-7133-a545-8fdda27ff34d', '2025-12-03T14:42:00.751864+00:00', false, false, true) ON CONFLICT (rubric_id, standard_id) DO NOTHING;
INSERT INTO public.rubric_standards_junction (rubric_id, standard_id, created_at, generated, mcp, active) VALUES ('019b3be4-3707-77d2-a1a5-683fb3ba1ec7', '019b3be4-3cd0-7128-aa0c-4562a29a0f12', '2025-12-03T14:42:00.751864+00:00', false, false, true) ON CONFLICT (rubric_id, standard_id) DO NOTHING;
INSERT INTO public.rubric_standards_junction (rubric_id, standard_id, created_at, generated, mcp, active) VALUES ('019b3be4-3707-77d2-a1a5-683fb3ba1ec7', '019b3be4-3cd0-7121-b7e8-f7a33224fd10', '2025-12-03T14:42:00.751864+00:00', false, false, true) ON CONFLICT (rubric_id, standard_id) DO NOTHING;
