-- Module: Outline Agent Rubric
-- Category: rubric
-- Description: Outline Agent Rubric rubric
-- ============================================================


-- Resource rows
INSERT INTO public.descriptions_resource (id, description, created_at, active, generated, mcp) VALUES ('019b995c-8ea8-792e-8a9d-381d2ec94b80', 'Evaluates outline generation agents on three questions (correct types), timestamp assignment, outline quality, alignment with policies, and tool calls correctness.', '2025-12-03T14:42:00.758148+00:00', true, false, false) ON CONFLICT (id) DO NOTHING;
INSERT INTO public.names_resource (id, name, created_at, active, generated, mcp) VALUES ('019b995c-8ea7-76e7-b93d-ef1749cc1e5e', 'Outline Agent Rubric', '2025-12-03T14:42:00.758148+00:00', true, false, false) ON CONFLICT (id) DO NOTHING;
INSERT INTO public.rubrics_resource (created_at, active, generated, mcp, id, name, description, department_ids, total_points, pass_points, simulation_rubric, video_rubric) VALUES ('2025-12-03T14:42:00.758148+00:00', true, false, false, '019bb25e-e608-7ea0-bd42-abb1c3ef5fb6', 'Outline Agent Rubric', 'Evaluates outline generation agents on three questions (correct types), timestamp assignment, outline quality, alignment with policies, and tool calls correctness.', '{}', 10, 8, false, false) ON CONFLICT (id) DO NOTHING;
INSERT INTO public.standard_groups_resource (created_at, name, short_name, description, points, pass_points, active, id, generated, mcp) VALUES ('2025-12-03T14:42:00.758148+00:00', 'Question Generation and Timestamps', 'Questions', 'Measures generation of exactly three questions (multiple choice, free response, multi-select) and timestamp assignment accuracy.', 5, 4, true, '019b3be4-3cc0-71ba-a2b8-a3da1633fbef', false, false) ON CONFLICT (id) DO NOTHING;
INSERT INTO public.standard_groups_resource (created_at, name, short_name, description, points, pass_points, active, id, generated, mcp) VALUES ('2025-12-03T14:42:00.758148+00:00', 'Outline Quality and Tool Usage', 'Outline Quality', 'Assesses outline quality, alignment with policies, and tool calls correctness.', 5, 4, true, '019b3be4-3cc0-71c6-abf5-4a849b9bbdcf', false, false) ON CONFLICT (id) DO NOTHING;
INSERT INTO public.standards_resource (created_at, name, description, points, id, standard_group_id, active, generated, mcp) VALUES ('2025-12-03T14:42:00.758148+00:00', 'Poor', 'Missing questions or completely wrong types; invalid timestamps.', 1, '019b3be4-3cd1-7007-960f-0425f818141a', '019b3be4-3cc0-71ba-a2b8-a3da1633fbef', true, false, false) ON CONFLICT (id) DO NOTHING;
INSERT INTO public.standards_resource (created_at, name, description, points, id, standard_group_id, active, generated, mcp) VALUES ('2025-12-03T14:42:00.758148+00:00', 'Marginal', 'Wrong number of questions or incorrect types; frequent timestamp errors.', 2, '019b3be4-3cd0-7ffb-aee6-2149ccf2f478', '019b3be4-3cc0-71ba-a2b8-a3da1633fbef', true, false, false) ON CONFLICT (id) DO NOTHING;
INSERT INTO public.standards_resource (created_at, name, description, points, id, standard_group_id, active, generated, mcp) VALUES ('2025-12-03T14:42:00.758148+00:00', 'Acceptable', '2-3 questions with some type errors; some timestamp errors.', 3, '019b3be4-3cd0-7ff3-867b-2127c98d7f42', '019b3be4-3cc0-71ba-a2b8-a3da1633fbef', true, false, false) ON CONFLICT (id) DO NOTHING;
INSERT INTO public.standards_resource (created_at, name, description, points, id, standard_group_id, active, generated, mcp) VALUES ('2025-12-03T14:42:00.758148+00:00', 'Good', '3 questions with mostly correct types; mostly accurate timestamps.', 4, '019b3be4-3cd0-7fe8-b012-853351f25955', '019b3be4-3cc0-71ba-a2b8-a3da1633fbef', true, false, false) ON CONFLICT (id) DO NOTHING;
INSERT INTO public.standards_resource (created_at, name, description, points, id, standard_group_id, active, generated, mcp) VALUES ('2025-12-03T14:42:00.758148+00:00', 'Excellent', 'Exactly 3 questions with correct types; perfect timestamp assignment within video duration.', 5, '019b3be4-3cd0-7fdd-8505-ce3cab5287c7', '019b3be4-3cc0-71ba-a2b8-a3da1633fbef', true, false, false) ON CONFLICT (id) DO NOTHING;
INSERT INTO public.standards_resource (created_at, name, description, points, id, standard_group_id, active, generated, mcp) VALUES ('2025-12-03T14:42:00.758148+00:00', 'Poor', 'No meaningful outline; incorrect or missing tool calls; no policy alignment.', 1, '019b3be4-3cd1-702e-ad81-bbebe016f629', '019b3be4-3cc0-71c6-abf5-4a849b9bbdcf', true, false, false) ON CONFLICT (id) DO NOTHING;
INSERT INTO public.standards_resource (created_at, name, description, points, id, standard_group_id, active, generated, mcp) VALUES ('2025-12-03T14:42:00.758148+00:00', 'Marginal', 'Poor outline quality; frequent tool call errors; poor policy alignment.', 2, '019b3be4-3cd1-7024-b1ce-037172cc7489', '019b3be4-3cc0-71c6-abf5-4a849b9bbdcf', true, false, false) ON CONFLICT (id) DO NOTHING;
INSERT INTO public.standards_resource (created_at, name, description, points, id, standard_group_id, active, generated, mcp) VALUES ('2025-12-03T14:42:00.758148+00:00', 'Acceptable', 'Acceptable outline; some tool call errors; some question alignment issues.', 3, '019b3be4-3cd1-701d-acfb-5d68997c81fb', '019b3be4-3cc0-71c6-abf5-4a849b9bbdcf', true, false, false) ON CONFLICT (id) DO NOTHING;
INSERT INTO public.standards_resource (created_at, name, description, points, id, standard_group_id, active, generated, mcp) VALUES ('2025-12-03T14:42:00.758148+00:00', 'Good', 'Good outline with policy integration; mostly correct tool calls; questions mostly addressed.', 4, '019b3be4-3cd1-7015-81a3-82ad84f699b8', '019b3be4-3cc0-71c6-abf5-4a849b9bbdcf', true, false, false) ON CONFLICT (id) DO NOTHING;
INSERT INTO public.standards_resource (created_at, name, description, points, id, standard_group_id, active, generated, mcp) VALUES ('2025-12-03T14:42:00.758148+00:00', 'Excellent', 'High-quality outline incorporating policies; perfect tool calls; questions naturally addressed.', 5, '019b3be4-3cd1-700c-8716-c63fb5b60453', '019b3be4-3cc0-71c6-abf5-4a849b9bbdcf', true, false, false) ON CONFLICT (id) DO NOTHING;

-- Artifact
-- rubric_artifact
INSERT INTO public.rubric_artifact (created_at, updated_at, id, generated, mcp) VALUES ('2025-12-03T14:42:00.758148+00:00', '2026-01-04T16:09:49.835499+00:00', '019b3be4-3707-7807-bd9b-f582b561851f', false, false) ON CONFLICT (id) DO NOTHING;

-- Junctions
-- rubric_descriptions_junction
INSERT INTO public.rubric_descriptions_junction (rubric_id, description_id, created_at, generated, mcp, active) VALUES ('019b3be4-3707-7807-bd9b-f582b561851f', '019b995c-8ea8-792e-8a9d-381d2ec94b80', '2025-12-03T14:42:00.758148+00:00', false, false, true) ON CONFLICT (rubric_id, description_id) DO NOTHING;
-- rubric_flags_junction
INSERT INTO public.rubric_flags_junction (rubric_id, flag_id, value, created_at, generated, mcp, active) VALUES ('019b3be4-3707-7807-bd9b-f582b561851f', '019be334-bfc5-7dbf-aefd-d61c2e8eebc1', true, '2025-12-03T14:42:00.758148+00:00', false, false, true) ON CONFLICT (rubric_id, flag_id) DO NOTHING;
-- rubric_names_junction
INSERT INTO public.rubric_names_junction (rubric_id, name_id, created_at, generated, mcp, active) VALUES ('019b3be4-3707-7807-bd9b-f582b561851f', '019b995c-8ea7-76e7-b93d-ef1749cc1e5e', '2025-12-03T14:42:00.758148+00:00', false, false, true) ON CONFLICT (rubric_id, name_id) DO NOTHING;
-- rubric_points_junction
INSERT INTO public.rubric_points_junction (rubric_id, point_id, type, created_at, generated, mcp, active) VALUES ('019b3be4-3707-7807-bd9b-f582b561851f', '019b995b-52ed-7236-9af7-2d462ea8f059', 'pass', '2025-12-03T14:42:00.758148+00:00', false, false, true) ON CONFLICT (rubric_id, point_id, type) DO NOTHING;
INSERT INTO public.rubric_points_junction (rubric_id, point_id, type, created_at, generated, mcp, active) VALUES ('019b3be4-3707-7807-bd9b-f582b561851f', '019b995b-52ec-7b66-9bd8-f1c13b810392', 'total', '2025-12-03T14:42:00.758148+00:00', false, false, true) ON CONFLICT (rubric_id, point_id, type) DO NOTHING;
-- rubric_rubrics_junction
INSERT INTO public.rubric_rubrics_junction (rubric_id, rubrics_id, active, created_at, generated, mcp) VALUES ('019b3be4-3707-7807-bd9b-f582b561851f', '019bb25e-e608-7ea0-bd42-abb1c3ef5fb6', true, '2025-12-03T14:42:00.758148+00:00', false, false) ON CONFLICT (rubric_id, rubrics_id) DO NOTHING;
-- rubric_standard_groups_junction
INSERT INTO public.rubric_standard_groups_junction (rubric_id, standard_group_id, position, active, created_at, generated, mcp) VALUES ('019b3be4-3707-7807-bd9b-f582b561851f', '019b3be4-3cc0-71ba-a2b8-a3da1633fbef', 1, true, '2025-12-03T14:42:00.758148+00:00', false, false) ON CONFLICT (rubric_id, standard_group_id) DO NOTHING;
INSERT INTO public.rubric_standard_groups_junction (rubric_id, standard_group_id, position, active, created_at, generated, mcp) VALUES ('019b3be4-3707-7807-bd9b-f582b561851f', '019b3be4-3cc0-71c6-abf5-4a849b9bbdcf', 2, true, '2025-12-03T14:42:00.758148+00:00', false, false) ON CONFLICT (rubric_id, standard_group_id) DO NOTHING;
-- rubric_standards_junction
INSERT INTO public.rubric_standards_junction (rubric_id, standard_id, created_at, generated, mcp, active) VALUES ('019b3be4-3707-7807-bd9b-f582b561851f', '019b3be4-3cd1-7007-960f-0425f818141a', '2025-12-03T14:42:00.758148+00:00', false, false, true) ON CONFLICT (rubric_id, standard_id) DO NOTHING;
INSERT INTO public.rubric_standards_junction (rubric_id, standard_id, created_at, generated, mcp, active) VALUES ('019b3be4-3707-7807-bd9b-f582b561851f', '019b3be4-3cd0-7ffb-aee6-2149ccf2f478', '2025-12-03T14:42:00.758148+00:00', false, false, true) ON CONFLICT (rubric_id, standard_id) DO NOTHING;
INSERT INTO public.rubric_standards_junction (rubric_id, standard_id, created_at, generated, mcp, active) VALUES ('019b3be4-3707-7807-bd9b-f582b561851f', '019b3be4-3cd0-7ff3-867b-2127c98d7f42', '2025-12-03T14:42:00.758148+00:00', false, false, true) ON CONFLICT (rubric_id, standard_id) DO NOTHING;
INSERT INTO public.rubric_standards_junction (rubric_id, standard_id, created_at, generated, mcp, active) VALUES ('019b3be4-3707-7807-bd9b-f582b561851f', '019b3be4-3cd0-7fe8-b012-853351f25955', '2025-12-03T14:42:00.758148+00:00', false, false, true) ON CONFLICT (rubric_id, standard_id) DO NOTHING;
INSERT INTO public.rubric_standards_junction (rubric_id, standard_id, created_at, generated, mcp, active) VALUES ('019b3be4-3707-7807-bd9b-f582b561851f', '019b3be4-3cd0-7fdd-8505-ce3cab5287c7', '2025-12-03T14:42:00.758148+00:00', false, false, true) ON CONFLICT (rubric_id, standard_id) DO NOTHING;
INSERT INTO public.rubric_standards_junction (rubric_id, standard_id, created_at, generated, mcp, active) VALUES ('019b3be4-3707-7807-bd9b-f582b561851f', '019b3be4-3cd1-702e-ad81-bbebe016f629', '2025-12-03T14:42:00.758148+00:00', false, false, true) ON CONFLICT (rubric_id, standard_id) DO NOTHING;
INSERT INTO public.rubric_standards_junction (rubric_id, standard_id, created_at, generated, mcp, active) VALUES ('019b3be4-3707-7807-bd9b-f582b561851f', '019b3be4-3cd1-7024-b1ce-037172cc7489', '2025-12-03T14:42:00.758148+00:00', false, false, true) ON CONFLICT (rubric_id, standard_id) DO NOTHING;
INSERT INTO public.rubric_standards_junction (rubric_id, standard_id, created_at, generated, mcp, active) VALUES ('019b3be4-3707-7807-bd9b-f582b561851f', '019b3be4-3cd1-701d-acfb-5d68997c81fb', '2025-12-03T14:42:00.758148+00:00', false, false, true) ON CONFLICT (rubric_id, standard_id) DO NOTHING;
INSERT INTO public.rubric_standards_junction (rubric_id, standard_id, created_at, generated, mcp, active) VALUES ('019b3be4-3707-7807-bd9b-f582b561851f', '019b3be4-3cd1-7015-81a3-82ad84f699b8', '2025-12-03T14:42:00.758148+00:00', false, false, true) ON CONFLICT (rubric_id, standard_id) DO NOTHING;
INSERT INTO public.rubric_standards_junction (rubric_id, standard_id, created_at, generated, mcp, active) VALUES ('019b3be4-3707-7807-bd9b-f582b561851f', '019b3be4-3cd1-700c-8716-c63fb5b60453', '2025-12-03T14:42:00.758148+00:00', false, false, true) ON CONFLICT (rubric_id, standard_id) DO NOTHING;
