-- Module: Scenario Agent Rubric
-- Category: rubric
-- Description: Scenario Agent Rubric rubric
-- ============================================================


-- Resource rows
INSERT INTO public.descriptions_resource (id, description, created_at, active, generated, mcp) VALUES ('019b995c-8ea8-7905-a80d-0e2a7c8ba46a', 'Evaluates scenario generation agents on course extraction accuracy, topic extraction accuracy, title quality, description constraints (1-2 sentences), objective quality (3 aligned bullets), tool call accuracy, and environment integration.', '2025-12-03T14:42:00.756864+00:00', true, false, false) ON CONFLICT (id) DO NOTHING;
INSERT INTO public.names_resource (id, name, created_at, active, generated, mcp) VALUES ('019b995c-8ea7-76da-81b1-3e6ded2dd064', 'Scenario Agent Rubric', '2025-12-03T14:42:00.756864+00:00', true, false, false) ON CONFLICT (id) DO NOTHING;
INSERT INTO public.rubrics_resource (created_at, active, generated, mcp, id, name, description, department_ids, total_points, pass_points, simulation_rubric, video_rubric) VALUES ('2025-12-03T14:42:00.756864+00:00', true, false, false, '019bb25e-e608-7e9d-a3f7-f9e83d37e398', 'Scenario Agent Rubric', 'Evaluates scenario generation agents on course extraction accuracy, topic extraction accuracy, title quality, description constraints (1-2 sentences), objective quality (3 aligned bullets), tool call accuracy, and environment integration.', '{}', 20, 16, false, false) ON CONFLICT (id) DO NOTHING;
INSERT INTO public.standard_groups_resource (created_at, name, short_name, description, points, pass_points, active, id, generated, mcp) VALUES ('2025-12-03T14:42:00.756864+00:00', 'Tool Usage and Environment', 'Tools Environment', 'Evaluates tool call accuracy and environment integration.', 5, 4, true, '019b3be4-3cc0-7184-bf47-80be884d084d', false, false) ON CONFLICT (id) DO NOTHING;
INSERT INTO public.standard_groups_resource (created_at, name, short_name, description, points, pass_points, active, id, generated, mcp) VALUES ('2025-12-03T14:42:00.756864+00:00', 'Content Extraction Accuracy', 'Extraction', 'Measures course extraction accuracy and topic extraction accuracy.', 5, 4, true, '019b3be4-3cc0-7191-b4ef-c9e9de05f800', false, false) ON CONFLICT (id) DO NOTHING;
INSERT INTO public.standard_groups_resource (created_at, name, short_name, description, points, pass_points, active, id, generated, mcp) VALUES ('2025-12-03T14:42:00.756864+00:00', 'Output Quality and Constraints', 'Output Quality', 'Assesses title quality, description constraints (1-2 sentences), and objective quality (3 aligned bullets).', 5, 4, true, '019b3be4-3cc0-719c-baba-0a6889809e4d', false, false) ON CONFLICT (id) DO NOTHING;
INSERT INTO public.standard_groups_resource (created_at, name, short_name, description, points, pass_points, active, id, generated, mcp) VALUES ('2025-12-03T14:42:00.756864+00:00', 'Persona and Single Source of Truth', 'Persona SSoT', 'Assesses persona demonstration (show don''t tell) and single source of truth adherence (documents over environment).', 5, 4, true, '019b3be4-3cc0-71ab-beb7-00e77c1d2f65', false, false) ON CONFLICT (id) DO NOTHING;
INSERT INTO public.standards_resource (created_at, name, description, points, id, standard_group_id, active, generated, mcp) VALUES ('2025-12-03T14:42:00.756864+00:00', 'Poor', 'Incorrect tool calls; no environment integration.', 1, '019b3be4-3cd0-7eac-837e-ccd6c6cee596', '019b3be4-3cc0-7184-bf47-80be884d084d', true, false, false) ON CONFLICT (id) DO NOTHING;
INSERT INTO public.standards_resource (created_at, name, description, points, id, standard_group_id, active, generated, mcp) VALUES ('2025-12-03T14:42:00.756864+00:00', 'Marginal', 'Frequent tool call errors; poor environment integration.', 2, '019b3be4-3cd0-7ea0-b389-c91ccc93123d', '019b3be4-3cc0-7184-bf47-80be884d084d', true, false, false) ON CONFLICT (id) DO NOTHING;
INSERT INTO public.standards_resource (created_at, name, description, points, id, standard_group_id, active, generated, mcp) VALUES ('2025-12-03T14:42:00.756864+00:00', 'Acceptable', 'Some tool call errors; some environment integration.', 3, '019b3be4-3cd0-7e05-9e44-07d07ac9f1ad', '019b3be4-3cc0-7184-bf47-80be884d084d', true, false, false) ON CONFLICT (id) DO NOTHING;
INSERT INTO public.standards_resource (created_at, name, description, points, id, standard_group_id, active, generated, mcp) VALUES ('2025-12-03T14:42:00.756864+00:00', 'Good', 'Mostly correct tool calls; mostly integrated environment details.', 4, '019b3be4-3cd0-7df6-a51a-803e770f32f2', '019b3be4-3cc0-7184-bf47-80be884d084d', true, false, false) ON CONFLICT (id) DO NOTHING;
INSERT INTO public.standards_resource (created_at, name, description, points, id, standard_group_id, active, generated, mcp) VALUES ('2025-12-03T14:42:00.756864+00:00', 'Excellent', 'Perfect tool calls; perfect environment integration (time, crowdedness, intensity, deadline, location).', 5, '019b3be4-3cd0-7ded-83da-e0ffdaaef9a4', '019b3be4-3cc0-7184-bf47-80be884d084d', true, false, false) ON CONFLICT (id) DO NOTHING;
INSERT INTO public.standards_resource (created_at, name, description, points, id, standard_group_id, active, generated, mcp) VALUES ('2025-12-03T14:42:00.756864+00:00', 'Poor', 'Incorrect course extraction; incorrect topic extraction; fails to handle conflicts.', 1, '019b3be4-3cd0-7dbe-9182-f0311b4e421d', '019b3be4-3cc0-7191-b4ef-c9e9de05f800', true, false, false) ON CONFLICT (id) DO NOTHING;
INSERT INTO public.standards_resource (created_at, name, description, points, id, standard_group_id, active, generated, mcp) VALUES ('2025-12-03T14:42:00.756864+00:00', 'Marginal', 'Many course extraction errors; many topic extraction errors; frequent conflict issues.', 2, '019b3be4-3cd0-7d2d-a7c0-813976208b30', '019b3be4-3cc0-7191-b4ef-c9e9de05f800', true, false, false) ON CONFLICT (id) DO NOTHING;
INSERT INTO public.standards_resource (created_at, name, description, points, id, standard_group_id, active, generated, mcp) VALUES ('2025-12-03T14:42:00.756864+00:00', 'Acceptable', 'Some course extraction errors; some topic extraction errors; some conflict handling issues.', 3, '019b3be4-3cd0-7d23-a9c4-ee8382197b35', '019b3be4-3cc0-7191-b4ef-c9e9de05f800', true, false, false) ON CONFLICT (id) DO NOTHING;
INSERT INTO public.standards_resource (created_at, name, description, points, id, standard_group_id, active, generated, mcp) VALUES ('2025-12-03T14:42:00.756864+00:00', 'Good', 'Mostly accurate course extraction; mostly accurate topic extraction; mostly ignores conflicts.', 4, '019b3be4-3cd0-7d15-8722-e62710f33a9e', '019b3be4-3cc0-7191-b4ef-c9e9de05f800', true, false, false) ON CONFLICT (id) DO NOTHING;
INSERT INTO public.standards_resource (created_at, name, description, points, id, standard_group_id, active, generated, mcp) VALUES ('2025-12-03T14:42:00.756864+00:00', 'Excellent', 'Perfect course extraction from documents; perfect topic extraction; ignores conflicting environment info.', 5, '019b3be4-3cd0-7d0a-a72b-ab9659f23034', '019b3be4-3cc0-7191-b4ef-c9e9de05f800', true, false, false) ON CONFLICT (id) DO NOTHING;
INSERT INTO public.standards_resource (created_at, name, description, points, id, standard_group_id, active, generated, mcp) VALUES ('2025-12-03T14:42:00.756864+00:00', 'Poor', 'No course code in title; description not 1-2 sentences; wrong number of objectives or no alignment.', 1, '019b3be4-3cd0-7de5-b1ee-f3c8c9e419b7', '019b3be4-3cc0-719c-baba-0a6889809e4d', true, false, false) ON CONFLICT (id) DO NOTHING;
INSERT INTO public.standards_resource (created_at, name, description, points, id, standard_group_id, active, generated, mcp) VALUES ('2025-12-03T14:42:00.756864+00:00', 'Marginal', 'Poor title quality; frequent description constraint violations; wrong number of objectives or poor alignment.', 2, '019b3be4-3cd0-7ddd-9354-a03205561dcb', '019b3be4-3cc0-719c-baba-0a6889809e4d', true, false, false) ON CONFLICT (id) DO NOTHING;
INSERT INTO public.standards_resource (created_at, name, description, points, id, standard_group_id, active, generated, mcp) VALUES ('2025-12-03T14:42:00.756864+00:00', 'Acceptable', 'Acceptable title; some description length issues; 2-3 objectives with some alignment.', 3, '019b3be4-3cd0-7dd6-9576-bc9f7f94578e', '019b3be4-3cc0-719c-baba-0a6889809e4d', true, false, false) ON CONFLICT (id) DO NOTHING;
INSERT INTO public.standards_resource (created_at, name, description, points, id, standard_group_id, active, generated, mcp) VALUES ('2025-12-03T14:42:00.756864+00:00', 'Good', 'Good title with course code; mostly correct description length; 3 mostly aligned objectives.', 4, '019b3be4-3cd0-7dcd-9b66-56d2dd6e2fef', '019b3be4-3cc0-719c-baba-0a6889809e4d', true, false, false) ON CONFLICT (id) DO NOTHING;
INSERT INTO public.standards_resource (created_at, name, description, points, id, standard_group_id, active, generated, mcp) VALUES ('2025-12-03T14:42:00.756864+00:00', 'Excellent', 'High-quality title with course code; perfect 1-2 sentence description; exactly 3 well-aligned objectives.', 5, '019b3be4-3cd0-7dc7-ba91-18d65ebb6b8d', '019b3be4-3cc0-719c-baba-0a6889809e4d', true, false, false) ON CONFLICT (id) DO NOTHING;
INSERT INTO public.standards_resource (created_at, name, description, points, id, standard_group_id, active, generated, mcp) VALUES ('2025-12-03T14:42:00.756864+00:00', 'Poor', 'Labels persona by name/trait; ignores single source of truth.', 1, '019b3be4-3cd0-7ede-a3bd-1a75e36332d2', '019b3be4-3cc0-71ab-beb7-00e77c1d2f65', true, false, false) ON CONFLICT (id) DO NOTHING;
INSERT INTO public.standards_resource (created_at, name, description, points, id, standard_group_id, active, generated, mcp) VALUES ('2025-12-03T14:42:00.756864+00:00', 'Marginal', 'Frequent persona labeling; frequent single source of truth violations.', 2, '019b3be4-3cd0-7ed4-8066-074ec9c53a12', '019b3be4-3cc0-71ab-beb7-00e77c1d2f65', true, false, false) ON CONFLICT (id) DO NOTHING;
INSERT INTO public.standards_resource (created_at, name, description, points, id, standard_group_id, active, generated, mcp) VALUES ('2025-12-03T14:42:00.756864+00:00', 'Acceptable', 'Some persona labeling; some single source of truth issues.', 3, '019b3be4-3cd0-7ece-b866-64643fd3bcdd', '019b3be4-3cc0-71ab-beb7-00e77c1d2f65', true, false, false) ON CONFLICT (id) DO NOTHING;
INSERT INTO public.standards_resource (created_at, name, description, points, id, standard_group_id, active, generated, mcp) VALUES ('2025-12-03T14:42:00.756864+00:00', 'Good', 'Mostly demonstrates persona without labels; mostly adheres to single source of truth.', 4, '019b3be4-3cd0-7ec2-8aef-00cbca5dc507', '019b3be4-3cc0-71ab-beb7-00e77c1d2f65', true, false, false) ON CONFLICT (id) DO NOTHING;
INSERT INTO public.standards_resource (created_at, name, description, points, id, standard_group_id, active, generated, mcp) VALUES ('2025-12-03T14:42:00.756864+00:00', 'Excellent', 'Perfect persona demonstration (show don''t tell); perfect single source of truth adherence.', 5, '019b3be4-3cd0-7eb8-ad02-5c9419b1b9a4', '019b3be4-3cc0-71ab-beb7-00e77c1d2f65', true, false, false) ON CONFLICT (id) DO NOTHING;

-- Artifact
-- rubric_artifact
INSERT INTO public.rubric_artifact (created_at, updated_at, id, generated, mcp) VALUES ('2025-12-03T14:42:00.756864+00:00', '2026-01-04T16:09:49.835499+00:00', '019b3be4-3707-7801-a55f-951d72b8cbee', false, false) ON CONFLICT (id) DO NOTHING;

-- Junctions
-- rubric_descriptions_junction
INSERT INTO public.rubric_descriptions_junction (rubric_id, description_id, created_at, generated, mcp, active) VALUES ('019b3be4-3707-7801-a55f-951d72b8cbee', '019b995c-8ea8-7905-a80d-0e2a7c8ba46a', '2025-12-03T14:42:00.756864+00:00', false, false, true) ON CONFLICT (rubric_id, description_id) DO NOTHING;
-- rubric_flags_junction
INSERT INTO public.rubric_flags_junction (rubric_id, flag_id, value, created_at, generated, mcp, active) VALUES ('019b3be4-3707-7801-a55f-951d72b8cbee', '019be334-bfc5-7dbf-aefd-d61c2e8eebc1', true, '2025-12-03T14:42:00.756864+00:00', false, false, true) ON CONFLICT (rubric_id, flag_id) DO NOTHING;
-- rubric_names_junction
INSERT INTO public.rubric_names_junction (rubric_id, name_id, created_at, generated, mcp, active) VALUES ('019b3be4-3707-7801-a55f-951d72b8cbee', '019b995c-8ea7-76da-81b1-3e6ded2dd064', '2025-12-03T14:42:00.756864+00:00', false, false, true) ON CONFLICT (rubric_id, name_id) DO NOTHING;
-- rubric_points_junction
INSERT INTO public.rubric_points_junction (rubric_id, point_id, type, created_at, generated, mcp, active) VALUES ('019b3be4-3707-7801-a55f-951d72b8cbee', '019b995b-52ed-7224-85a6-2fe8ff7b0c32', 'pass', '2025-12-03T14:42:00.756864+00:00', false, false, true) ON CONFLICT (rubric_id, point_id, type) DO NOTHING;
INSERT INTO public.rubric_points_junction (rubric_id, point_id, type, created_at, generated, mcp, active) VALUES ('019b3be4-3707-7801-a55f-951d72b8cbee', '019b995b-52ed-7233-bdaf-88cbcc29083e', 'total', '2025-12-03T14:42:00.756864+00:00', false, false, true) ON CONFLICT (rubric_id, point_id, type) DO NOTHING;
INSERT INTO public.rubric_points_junction (rubric_id, point_id, type, created_at, generated, mcp, active) VALUES ('019b3be4-3707-7801-a55f-951d72b8cbee', '019b995b-52ec-7b7e-9cc6-35aae7c0fe5f', 'total', '2025-12-03T14:42:00.756864+00:00', false, false, true) ON CONFLICT (rubric_id, point_id, type) DO NOTHING;
-- rubric_rubrics_junction
INSERT INTO public.rubric_rubrics_junction (rubric_id, rubrics_id, active, created_at, generated, mcp) VALUES ('019b3be4-3707-7801-a55f-951d72b8cbee', '019bb25e-e608-7e9d-a3f7-f9e83d37e398', true, '2025-12-03T14:42:00.756864+00:00', false, false) ON CONFLICT (rubric_id, rubrics_id) DO NOTHING;
-- rubric_standard_groups_junction
INSERT INTO public.rubric_standard_groups_junction (rubric_id, standard_group_id, position, active, created_at, generated, mcp) VALUES ('019b3be4-3707-7801-a55f-951d72b8cbee', '019b3be4-3cc0-7184-bf47-80be884d084d', 1, true, '2025-12-03T14:42:00.756864+00:00', false, false) ON CONFLICT (rubric_id, standard_group_id) DO NOTHING;
INSERT INTO public.rubric_standard_groups_junction (rubric_id, standard_group_id, position, active, created_at, generated, mcp) VALUES ('019b3be4-3707-7801-a55f-951d72b8cbee', '019b3be4-3cc0-7191-b4ef-c9e9de05f800', 2, true, '2025-12-03T14:42:00.756864+00:00', false, false) ON CONFLICT (rubric_id, standard_group_id) DO NOTHING;
INSERT INTO public.rubric_standard_groups_junction (rubric_id, standard_group_id, position, active, created_at, generated, mcp) VALUES ('019b3be4-3707-7801-a55f-951d72b8cbee', '019b3be4-3cc0-719c-baba-0a6889809e4d', 3, true, '2025-12-03T14:42:00.756864+00:00', false, false) ON CONFLICT (rubric_id, standard_group_id) DO NOTHING;
INSERT INTO public.rubric_standard_groups_junction (rubric_id, standard_group_id, position, active, created_at, generated, mcp) VALUES ('019b3be4-3707-7801-a55f-951d72b8cbee', '019b3be4-3cc0-71ab-beb7-00e77c1d2f65', 4, true, '2025-12-03T14:42:00.756864+00:00', false, false) ON CONFLICT (rubric_id, standard_group_id) DO NOTHING;
-- rubric_standards_junction
INSERT INTO public.rubric_standards_junction (rubric_id, standard_id, created_at, generated, mcp, active) VALUES ('019b3be4-3707-7801-a55f-951d72b8cbee', '019b3be4-3cd0-7eac-837e-ccd6c6cee596', '2025-12-03T14:42:00.756864+00:00', false, false, true) ON CONFLICT (rubric_id, standard_id) DO NOTHING;
INSERT INTO public.rubric_standards_junction (rubric_id, standard_id, created_at, generated, mcp, active) VALUES ('019b3be4-3707-7801-a55f-951d72b8cbee', '019b3be4-3cd0-7ea0-b389-c91ccc93123d', '2025-12-03T14:42:00.756864+00:00', false, false, true) ON CONFLICT (rubric_id, standard_id) DO NOTHING;
INSERT INTO public.rubric_standards_junction (rubric_id, standard_id, created_at, generated, mcp, active) VALUES ('019b3be4-3707-7801-a55f-951d72b8cbee', '019b3be4-3cd0-7e05-9e44-07d07ac9f1ad', '2025-12-03T14:42:00.756864+00:00', false, false, true) ON CONFLICT (rubric_id, standard_id) DO NOTHING;
INSERT INTO public.rubric_standards_junction (rubric_id, standard_id, created_at, generated, mcp, active) VALUES ('019b3be4-3707-7801-a55f-951d72b8cbee', '019b3be4-3cd0-7df6-a51a-803e770f32f2', '2025-12-03T14:42:00.756864+00:00', false, false, true) ON CONFLICT (rubric_id, standard_id) DO NOTHING;
INSERT INTO public.rubric_standards_junction (rubric_id, standard_id, created_at, generated, mcp, active) VALUES ('019b3be4-3707-7801-a55f-951d72b8cbee', '019b3be4-3cd0-7ded-83da-e0ffdaaef9a4', '2025-12-03T14:42:00.756864+00:00', false, false, true) ON CONFLICT (rubric_id, standard_id) DO NOTHING;
INSERT INTO public.rubric_standards_junction (rubric_id, standard_id, created_at, generated, mcp, active) VALUES ('019b3be4-3707-7801-a55f-951d72b8cbee', '019b3be4-3cd0-7dbe-9182-f0311b4e421d', '2025-12-03T14:42:00.756864+00:00', false, false, true) ON CONFLICT (rubric_id, standard_id) DO NOTHING;
INSERT INTO public.rubric_standards_junction (rubric_id, standard_id, created_at, generated, mcp, active) VALUES ('019b3be4-3707-7801-a55f-951d72b8cbee', '019b3be4-3cd0-7d2d-a7c0-813976208b30', '2025-12-03T14:42:00.756864+00:00', false, false, true) ON CONFLICT (rubric_id, standard_id) DO NOTHING;
INSERT INTO public.rubric_standards_junction (rubric_id, standard_id, created_at, generated, mcp, active) VALUES ('019b3be4-3707-7801-a55f-951d72b8cbee', '019b3be4-3cd0-7d23-a9c4-ee8382197b35', '2025-12-03T14:42:00.756864+00:00', false, false, true) ON CONFLICT (rubric_id, standard_id) DO NOTHING;
INSERT INTO public.rubric_standards_junction (rubric_id, standard_id, created_at, generated, mcp, active) VALUES ('019b3be4-3707-7801-a55f-951d72b8cbee', '019b3be4-3cd0-7d15-8722-e62710f33a9e', '2025-12-03T14:42:00.756864+00:00', false, false, true) ON CONFLICT (rubric_id, standard_id) DO NOTHING;
INSERT INTO public.rubric_standards_junction (rubric_id, standard_id, created_at, generated, mcp, active) VALUES ('019b3be4-3707-7801-a55f-951d72b8cbee', '019b3be4-3cd0-7d0a-a72b-ab9659f23034', '2025-12-03T14:42:00.756864+00:00', false, false, true) ON CONFLICT (rubric_id, standard_id) DO NOTHING;
INSERT INTO public.rubric_standards_junction (rubric_id, standard_id, created_at, generated, mcp, active) VALUES ('019b3be4-3707-7801-a55f-951d72b8cbee', '019b3be4-3cd0-7de5-b1ee-f3c8c9e419b7', '2025-12-03T14:42:00.756864+00:00', false, false, true) ON CONFLICT (rubric_id, standard_id) DO NOTHING;
INSERT INTO public.rubric_standards_junction (rubric_id, standard_id, created_at, generated, mcp, active) VALUES ('019b3be4-3707-7801-a55f-951d72b8cbee', '019b3be4-3cd0-7ddd-9354-a03205561dcb', '2025-12-03T14:42:00.756864+00:00', false, false, true) ON CONFLICT (rubric_id, standard_id) DO NOTHING;
INSERT INTO public.rubric_standards_junction (rubric_id, standard_id, created_at, generated, mcp, active) VALUES ('019b3be4-3707-7801-a55f-951d72b8cbee', '019b3be4-3cd0-7dd6-9576-bc9f7f94578e', '2025-12-03T14:42:00.756864+00:00', false, false, true) ON CONFLICT (rubric_id, standard_id) DO NOTHING;
INSERT INTO public.rubric_standards_junction (rubric_id, standard_id, created_at, generated, mcp, active) VALUES ('019b3be4-3707-7801-a55f-951d72b8cbee', '019b3be4-3cd0-7dcd-9b66-56d2dd6e2fef', '2025-12-03T14:42:00.756864+00:00', false, false, true) ON CONFLICT (rubric_id, standard_id) DO NOTHING;
INSERT INTO public.rubric_standards_junction (rubric_id, standard_id, created_at, generated, mcp, active) VALUES ('019b3be4-3707-7801-a55f-951d72b8cbee', '019b3be4-3cd0-7dc7-ba91-18d65ebb6b8d', '2025-12-03T14:42:00.756864+00:00', false, false, true) ON CONFLICT (rubric_id, standard_id) DO NOTHING;
INSERT INTO public.rubric_standards_junction (rubric_id, standard_id, created_at, generated, mcp, active) VALUES ('019b3be4-3707-7801-a55f-951d72b8cbee', '019b3be4-3cd0-7ede-a3bd-1a75e36332d2', '2025-12-03T14:42:00.756864+00:00', false, false, true) ON CONFLICT (rubric_id, standard_id) DO NOTHING;
INSERT INTO public.rubric_standards_junction (rubric_id, standard_id, created_at, generated, mcp, active) VALUES ('019b3be4-3707-7801-a55f-951d72b8cbee', '019b3be4-3cd0-7ed4-8066-074ec9c53a12', '2025-12-03T14:42:00.756864+00:00', false, false, true) ON CONFLICT (rubric_id, standard_id) DO NOTHING;
INSERT INTO public.rubric_standards_junction (rubric_id, standard_id, created_at, generated, mcp, active) VALUES ('019b3be4-3707-7801-a55f-951d72b8cbee', '019b3be4-3cd0-7ece-b866-64643fd3bcdd', '2025-12-03T14:42:00.756864+00:00', false, false, true) ON CONFLICT (rubric_id, standard_id) DO NOTHING;
INSERT INTO public.rubric_standards_junction (rubric_id, standard_id, created_at, generated, mcp, active) VALUES ('019b3be4-3707-7801-a55f-951d72b8cbee', '019b3be4-3cd0-7ec2-8aef-00cbca5dc507', '2025-12-03T14:42:00.756864+00:00', false, false, true) ON CONFLICT (rubric_id, standard_id) DO NOTHING;
INSERT INTO public.rubric_standards_junction (rubric_id, standard_id, created_at, generated, mcp, active) VALUES ('019b3be4-3707-7801-a55f-951d72b8cbee', '019b3be4-3cd0-7eb8-ad02-5c9419b1b9a4', '2025-12-03T14:42:00.756864+00:00', false, false, true) ON CONFLICT (rubric_id, standard_id) DO NOTHING;
