-- Module: Simulation Text Agent Rubric
-- Category: rubric
-- Description: Simulation Text Agent Rubric rubric
-- ============================================================


-- Resource rows
INSERT INTO public.descriptions_resource (id, description, created_at, active, generated, mcp) VALUES ('019b995c-8ea8-7934-bb8d-2a0b9b8f091f', 'Evaluates text-based simulation agents on response quality, persona consistency, role integrity, and knowledge behavior control.', '2025-12-03T14:42:00.736541+00:00', true, false, false) ON CONFLICT (id) DO NOTHING;
INSERT INTO public.names_resource (id, name, created_at, active, generated, mcp) VALUES ('019b995c-8ea7-76dc-990f-91848042d47e', 'Simulation Text Agent Rubric', '2025-12-03T14:42:00.736541+00:00', true, false, false) ON CONFLICT (id) DO NOTHING;
INSERT INTO public.rubrics_resource (created_at, active, generated, mcp, id, name, description, department_ids, total_points, pass_points, simulation_rubric, video_rubric) VALUES ('2025-12-03T14:42:00.736541+00:00', true, false, false, '019bb25e-e608-7e9a-9abb-03b0e6c00196', 'Simulation Text Agent Rubric', 'Evaluates text-based simulation agents on response quality, persona consistency, role integrity, and knowledge behavior control.', '{}', 25, 20, false, false) ON CONFLICT (id) DO NOTHING;
INSERT INTO public.standard_groups_resource (created_at, name, short_name, description, points, pass_points, active, id, generated, mcp) VALUES ('2025-12-03T14:42:00.736541+00:00', 'Context Alignment', 'Context Alignment', 'Evaluates alignment with scenario context and document content.', 5, 4, true, '019b3be4-3cbe-78b1-a175-6e566929cf65', false, false) ON CONFLICT (id) DO NOTHING;
INSERT INTO public.standard_groups_resource (created_at, name, short_name, description, points, pass_points, active, id, generated, mcp) VALUES ('2025-12-03T14:42:00.736541+00:00', 'Response Quality and Variation', 'Response Quality', 'Measures variation, length compliance, format leakage, and scenario/document adherence.', 5, 4, true, '019b3be4-3cbf-73b7-95b0-07350baa5a47', false, false) ON CONFLICT (id) DO NOTHING;
INSERT INTO public.standard_groups_resource (created_at, name, short_name, description, points, pass_points, active, id, generated, mcp) VALUES ('2025-12-03T14:42:00.736541+00:00', 'Persona Consistency', 'Persona Consistency', 'Evaluates persona start traits, continuation, and proportional trait adjustment.', 5, 4, true, '019b3be4-3cbf-73ca-a8af-14cd6f3258ad', false, false) ON CONFLICT (id) DO NOTHING;
INSERT INTO public.standard_groups_resource (created_at, name, short_name, description, points, pass_points, active, id, generated, mcp) VALUES ('2025-12-03T14:42:00.736541+00:00', 'Role Integrity', 'Role Integrity', 'Assesses role switching prevention, answer leak prevention, and scope adherence.', 5, 4, true, '019b3be4-3cbf-73db-ad43-ac8634fbfc5e', false, false) ON CONFLICT (id) DO NOTHING;
INSERT INTO public.standard_groups_resource (created_at, name, short_name, description, points, pass_points, active, id, generated, mcp) VALUES ('2025-12-03T14:42:00.736541+00:00', 'Knowledge Behavior Control', 'Knowledge Control', 'Measures misconception presence, baseline knowledge accuracy, and competency vs grade matching.', 5, 4, true, '019b3be4-3cbf-7493-9f74-cdc3aa7c0806', false, false) ON CONFLICT (id) DO NOTHING;
INSERT INTO public.standards_resource (created_at, name, description, points, id, standard_group_id, active, generated, mcp) VALUES ('2025-12-03T14:42:00.736541+00:00', 'Poor', 'No alignment with context; no connection to documents.', 1, '019b3be4-3ccd-708a-9a81-8f062913a839', '019b3be4-3cbe-78b1-a175-6e566929cf65', true, false, false) ON CONFLICT (id) DO NOTHING;
INSERT INTO public.standards_resource (created_at, name, description, points, id, standard_group_id, active, generated, mcp) VALUES ('2025-12-03T14:42:00.736541+00:00', 'Marginal', 'Weak alignment; barely relevant document usage.', 2, '019b3be4-3ccd-7083-a861-20cf2b19a1f9', '019b3be4-3cbe-78b1-a175-6e566929cf65', true, false, false) ON CONFLICT (id) DO NOTHING;
INSERT INTO public.standards_resource (created_at, name, description, points, id, standard_group_id, active, generated, mcp) VALUES ('2025-12-03T14:42:00.736541+00:00', 'Acceptable', 'Adequate alignment; moderately relevant document usage.', 3, '019b3be4-3ccd-7070-9cde-cda49ffcb04d', '019b3be4-3cbe-78b1-a175-6e566929cf65', true, false, false) ON CONFLICT (id) DO NOTHING;
INSERT INTO public.standards_resource (created_at, name, description, points, id, standard_group_id, active, generated, mcp) VALUES ('2025-12-03T14:42:00.736541+00:00', 'Good', 'Mostly aligned with context; mostly relevant document usage.', 4, '019b3be4-3ccd-705d-b778-388a0b7c72ce', '019b3be4-3cbe-78b1-a175-6e566929cf65', true, false, false) ON CONFLICT (id) DO NOTHING;
INSERT INTO public.standards_resource (created_at, name, description, points, id, standard_group_id, active, generated, mcp) VALUES ('2025-12-03T14:42:00.736541+00:00', 'Excellent', 'Perfectly aligned with scenario context and document content; uses content implicitly and naturally.', 5, '019b3be4-3ccc-7960-b496-d89f2c2522db', '019b3be4-3cbe-78b1-a175-6e566929cf65', true, false, false) ON CONFLICT (id) DO NOTHING;
INSERT INTO public.standards_resource (created_at, name, description, points, id, standard_group_id, active, generated, mcp) VALUES ('2025-12-03T14:42:00.736541+00:00', 'Poor', 'Near-copy responses; consistently ignores bounds; severe format leakage; not in scenario or no document connection.', 1, '019b3be4-3ccc-7428-a048-2c364f623ce3', '019b3be4-3cbf-73b7-95b0-07350baa5a47', true, false, false) ON CONFLICT (id) DO NOTHING;
INSERT INTO public.standards_resource (created_at, name, description, points, id, standard_group_id, active, generated, mcp) VALUES ('2025-12-03T14:42:00.736541+00:00', 'Marginal', 'Mostly repetitive; frequently violates length bounds; frequent format leakage; frequent drift from scenario/documents.', 2, '019b3be4-3ccc-7421-be4d-910974c21536', '019b3be4-3cbf-73b7-95b0-07350baa5a47', true, false, false) ON CONFLICT (id) DO NOTHING;
INSERT INTO public.standards_resource (created_at, name, description, points, id, standard_group_id, active, generated, mcp) VALUES ('2025-12-03T14:42:00.736541+00:00', 'Acceptable', 'Noticeable repetition; several messages borderline length; occasional format leakage; minor drift from scenario/documents.', 3, '019b3be4-3ccc-7419-87bb-c4be066a8a40', '019b3be4-3cbf-73b7-95b0-07350baa5a47', true, false, false) ON CONFLICT (id) DO NOTHING;
INSERT INTO public.standards_resource (created_at, name, description, points, id, standard_group_id, active, generated, mcp) VALUES ('2025-12-03T14:42:00.736541+00:00', 'Good', 'Minor repetition but acceptable; slightly short/long but acceptable; tiny format leakage; mostly correct scenario/document adherence.', 4, '019b3be4-3ccc-7411-b4bf-69c9d1a335e9', '019b3be4-3cbf-73b7-95b0-07350baa5a47', true, false, false) ON CONFLICT (id) DO NOTHING;
INSERT INTO public.standards_resource (created_at, name, description, points, id, standard_group_id, active, generated, mcp) VALUES ('2025-12-03T14:42:00.736541+00:00', 'Excellent', 'Strongly varied responses with no template-like repetition; perfectly within length bounds; no AI-format leakage; fully adheres to scenario and documents.', 5, '019b3be4-3ccc-7409-b648-64c2cb7c167d', '019b3be4-3cbf-73b7-95b0-07350baa5a47', true, false, false) ON CONFLICT (id) DO NOTHING;
INSERT INTO public.standards_resource (created_at, name, description, points, id, standard_group_id, active, generated, mcp) VALUES ('2025-12-03T14:42:00.736541+00:00', 'Poor', 'Missing or incorrect persona; ignores persona; random or wrong intensity.', 1, '019b3be4-3ccc-7457-85b3-b3eb8db3a4ef', '019b3be4-3cbf-73ca-a8af-14cd6f3258ad', true, false, false) ON CONFLICT (id) DO NOTHING;
INSERT INTO public.standards_resource (created_at, name, description, points, id, standard_group_id, active, generated, mcp) VALUES ('2025-12-03T14:42:00.736541+00:00', 'Marginal', 'Weakly expressed persona; frequent breaks; very inconsistent intensity.', 2, '019b3be4-3ccc-744e-9b90-8664f294deb5', '019b3be4-3cbf-73ca-a8af-14cd6f3258ad', true, false, false) ON CONFLICT (id) DO NOTHING;
INSERT INTO public.standards_resource (created_at, name, description, points, id, standard_group_id, active, generated, mcp) VALUES ('2025-12-03T14:42:00.736541+00:00', 'Acceptable', 'Adequate persona expression; some inconsistency; occasionally off intensity.', 3, '019b3be4-3ccc-7446-a159-7d4db04d7190', '019b3be4-3cbf-73ca-a8af-14cd6f3258ad', true, false, false) ON CONFLICT (id) DO NOTHING;
INSERT INTO public.standards_resource (created_at, name, description, points, id, standard_group_id, active, generated, mcp) VALUES ('2025-12-03T14:42:00.736541+00:00', 'Good', 'Nearly perfect persona match; mostly consistent traits; mostly balanced intensity.', 4, '019b3be4-3ccc-743c-b9b0-ba1777a951f1', '019b3be4-3cbf-73ca-a8af-14cd6f3258ad', true, false, false) ON CONFLICT (id) DO NOTHING;
INSERT INTO public.standards_resource (created_at, name, description, points, id, standard_group_id, active, generated, mcp) VALUES ('2025-12-03T14:42:00.736541+00:00', 'Excellent', 'First message perfectly matches persona; traits maintained or adapt correctly to TA behavior; perfect intensity control.', 5, '019b3be4-3ccc-7437-90c2-6be12059b827', '019b3be4-3cbf-73ca-a8af-14cd6f3258ad', true, false, false) ON CONFLICT (id) DO NOTHING;
INSERT INTO public.standards_resource (created_at, name, description, points, id, standard_group_id, active, generated, mcp) VALUES ('2025-12-03T14:42:00.736541+00:00', 'Poor', 'Behaves like TA; direct answers/instructions; completely off-scope.', 1, '019b3be4-3ccc-747d-aae7-175b8033b500', '019b3be4-3cbf-73db-ad43-ac8634fbfc5e', true, false, false) ON CONFLICT (id) DO NOTHING;
INSERT INTO public.standards_resource (created_at, name, description, points, id, standard_group_id, active, generated, mcp) VALUES ('2025-12-03T14:42:00.736541+00:00', 'Marginal', 'Frequent role slips; frequent conceptual leakage; frequent irrelevance.', 2, '019b3be4-3ccc-7474-bc9d-557ef278cf58', '019b3be4-3cbf-73db-ad43-ac8634fbfc5e', true, false, false) ON CONFLICT (id) DO NOTHING;
INSERT INTO public.standards_resource (created_at, name, description, points, id, standard_group_id, active, generated, mcp) VALUES ('2025-12-03T14:42:00.736541+00:00', 'Acceptable', 'Some role slips; some conceptual leakage; some irrelevant content.', 3, '019b3be4-3ccc-746f-be95-53667d8fb073', '019b3be4-3cbf-73db-ad43-ac8634fbfc5e', true, false, false) ON CONFLICT (id) DO NOTHING;
INSERT INTO public.standards_resource (created_at, name, description, points, id, standard_group_id, active, generated, mcp) VALUES ('2025-12-03T14:42:00.736541+00:00', 'Good', 'Very rare slip; tiny conceptual leakage; minor scope drift.', 4, '019b3be4-3ccc-7467-8346-0f4a81f79538', '019b3be4-3cbf-73db-ad43-ac8634fbfc5e', true, false, false) ON CONFLICT (id) DO NOTHING;
INSERT INTO public.standards_resource (created_at, name, description, points, id, standard_group_id, active, generated, mcp) VALUES ('2025-12-03T14:42:00.736541+00:00', 'Excellent', 'Never flips into TA-like modes; zero revealing hints; fully stays in defined scope.', 5, '019b3be4-3ccc-745f-8494-5c06f3a2dd78', '019b3be4-3cbf-73db-ad43-ac8634fbfc5e', true, false, false) ON CONFLICT (id) DO NOTHING;
INSERT INTO public.standards_resource (created_at, name, description, points, id, standard_group_id, active, generated, mcp) VALUES ('2025-12-03T14:42:00.736541+00:00', 'Poor', 'Incorrect or missing misconceptions; incorrect knowledge; unrealistic for grade.', 1, '019b3be4-3ccc-7953-b8a6-978796bad230', '019b3be4-3cbf-7493-9f74-cdc3aa7c0806', true, false, false) ON CONFLICT (id) DO NOTHING;
INSERT INTO public.standards_resource (created_at, name, description, points, id, standard_group_id, active, generated, mcp) VALUES ('2025-12-03T14:42:00.736541+00:00', 'Marginal', 'Rare misconceptions; weak knowledge; significantly off ability.', 2, '019b3be4-3ccc-7941-9bd2-3f499894c0f8', '019b3be4-3cbf-7493-9f74-cdc3aa7c0806', true, false, false) ON CONFLICT (id) DO NOTHING;
INSERT INTO public.standards_resource (created_at, name, description, points, id, standard_group_id, active, generated, mcp) VALUES ('2025-12-03T14:42:00.736541+00:00', 'Acceptable', 'Inconsistent misconceptions; adequate knowledge; moderately off ability.', 3, '019b3be4-3ccc-7607-bada-22e8b0b40fee', '019b3be4-3cbf-7493-9f74-cdc3aa7c0806', true, false, false) ON CONFLICT (id) DO NOTHING;
INSERT INTO public.standards_resource (created_at, name, description, points, id, standard_group_id, active, generated, mcp) VALUES ('2025-12-03T14:42:00.736541+00:00', 'Good', 'Mostly consistent misconceptions; mostly correct knowledge; slightly off ability level.', 4, '019b3be4-3ccc-7532-8bc9-3e0a65ad04a9', '019b3be4-3cbf-7493-9f74-cdc3aa7c0806', true, false, false) ON CONFLICT (id) DO NOTHING;
INSERT INTO public.standards_resource (created_at, name, description, points, id, standard_group_id, active, generated, mcp) VALUES ('2025-12-03T14:42:00.736541+00:00', 'Excellent', 'Natural, scenario-driven misconceptions; matches grade level perfectly; exactly matches expected ability.', 5, '019b3be4-3ccc-7524-b3eb-3696f2096dfb', '019b3be4-3cbf-7493-9f74-cdc3aa7c0806', true, false, false) ON CONFLICT (id) DO NOTHING;

-- Artifact
-- rubric_artifact
INSERT INTO public.rubric_artifact (created_at, updated_at, id, generated, mcp) VALUES ('2025-12-03T14:42:00.736541+00:00', '2026-01-04T16:09:49.835499+00:00', '019b3be4-3707-7752-b6c9-041e2de27e6a', false, false) ON CONFLICT (id) DO NOTHING;

-- Junctions
-- rubric_descriptions_junction
INSERT INTO public.rubric_descriptions_junction (rubric_id, description_id, created_at, generated, mcp, active) VALUES ('019b3be4-3707-7752-b6c9-041e2de27e6a', '019b995c-8ea8-7934-bb8d-2a0b9b8f091f', '2025-12-03T14:42:00.736541+00:00', false, false, true) ON CONFLICT (rubric_id, description_id) DO NOTHING;
-- rubric_flags_junction
INSERT INTO public.rubric_flags_junction (rubric_id, flag_id, value, created_at, generated, mcp, active) VALUES ('019b3be4-3707-7752-b6c9-041e2de27e6a', '019be334-bfc5-7dbf-aefd-d61c2e8eebc1', true, '2025-12-03T14:42:00.736541+00:00', false, false, true) ON CONFLICT (rubric_id, flag_id) DO NOTHING;
-- rubric_names_junction
INSERT INTO public.rubric_names_junction (rubric_id, name_id, created_at, generated, mcp, active) VALUES ('019b3be4-3707-7752-b6c9-041e2de27e6a', '019b995c-8ea7-76dc-990f-91848042d47e', '2025-12-03T14:42:00.736541+00:00', false, false, true) ON CONFLICT (rubric_id, name_id) DO NOTHING;
-- rubric_points_junction
INSERT INTO public.rubric_points_junction (rubric_id, point_id, type, created_at, generated, mcp, active) VALUES ('019b3be4-3707-7752-b6c9-041e2de27e6a', '019b995b-52ed-7233-bdaf-88cbcc29083e', 'pass', '2025-12-03T14:42:00.736541+00:00', false, false, true) ON CONFLICT (rubric_id, point_id, type) DO NOTHING;
INSERT INTO public.rubric_points_junction (rubric_id, point_id, type, created_at, generated, mcp, active) VALUES ('019b3be4-3707-7752-b6c9-041e2de27e6a', '019b995b-52ec-7b7e-9cc6-35aae7c0fe5f', 'pass', '2025-12-03T14:42:00.736541+00:00', false, false, true) ON CONFLICT (rubric_id, point_id, type) DO NOTHING;
INSERT INTO public.rubric_points_junction (rubric_id, point_id, type, created_at, generated, mcp, active) VALUES ('019b3be4-3707-7752-b6c9-041e2de27e6a', '019b995b-52ec-7b7b-baf4-2c7b3162100b', 'total', '2025-12-03T14:42:00.736541+00:00', false, false, true) ON CONFLICT (rubric_id, point_id, type) DO NOTHING;
-- rubric_rubrics_junction
INSERT INTO public.rubric_rubrics_junction (rubric_id, rubrics_id, active, created_at, generated, mcp) VALUES ('019b3be4-3707-7752-b6c9-041e2de27e6a', '019bb25e-e608-7e9a-9abb-03b0e6c00196', true, '2025-12-03T14:42:00.736541+00:00', false, false) ON CONFLICT (rubric_id, rubrics_id) DO NOTHING;
-- rubric_standard_groups_junction
INSERT INTO public.rubric_standard_groups_junction (rubric_id, standard_group_id, position, active, created_at, generated, mcp) VALUES ('019b3be4-3707-7752-b6c9-041e2de27e6a', '019b3be4-3cbe-78b1-a175-6e566929cf65', 1, true, '2025-12-03T14:42:00.736541+00:00', false, false) ON CONFLICT (rubric_id, standard_group_id) DO NOTHING;
INSERT INTO public.rubric_standard_groups_junction (rubric_id, standard_group_id, position, active, created_at, generated, mcp) VALUES ('019b3be4-3707-7752-b6c9-041e2de27e6a', '019b3be4-3cbf-73b7-95b0-07350baa5a47', 2, true, '2025-12-03T14:42:00.736541+00:00', false, false) ON CONFLICT (rubric_id, standard_group_id) DO NOTHING;
INSERT INTO public.rubric_standard_groups_junction (rubric_id, standard_group_id, position, active, created_at, generated, mcp) VALUES ('019b3be4-3707-7752-b6c9-041e2de27e6a', '019b3be4-3cbf-73ca-a8af-14cd6f3258ad', 3, true, '2025-12-03T14:42:00.736541+00:00', false, false) ON CONFLICT (rubric_id, standard_group_id) DO NOTHING;
INSERT INTO public.rubric_standard_groups_junction (rubric_id, standard_group_id, position, active, created_at, generated, mcp) VALUES ('019b3be4-3707-7752-b6c9-041e2de27e6a', '019b3be4-3cbf-73db-ad43-ac8634fbfc5e', 4, true, '2025-12-03T14:42:00.736541+00:00', false, false) ON CONFLICT (rubric_id, standard_group_id) DO NOTHING;
INSERT INTO public.rubric_standard_groups_junction (rubric_id, standard_group_id, position, active, created_at, generated, mcp) VALUES ('019b3be4-3707-7752-b6c9-041e2de27e6a', '019b3be4-3cbf-7493-9f74-cdc3aa7c0806', 5, true, '2025-12-03T14:42:00.736541+00:00', false, false) ON CONFLICT (rubric_id, standard_group_id) DO NOTHING;
-- rubric_standards_junction
INSERT INTO public.rubric_standards_junction (rubric_id, standard_id, created_at, generated, mcp, active) VALUES ('019b3be4-3707-7752-b6c9-041e2de27e6a', '019b3be4-3ccd-708a-9a81-8f062913a839', '2025-12-03T14:42:00.736541+00:00', false, false, true) ON CONFLICT (rubric_id, standard_id) DO NOTHING;
INSERT INTO public.rubric_standards_junction (rubric_id, standard_id, created_at, generated, mcp, active) VALUES ('019b3be4-3707-7752-b6c9-041e2de27e6a', '019b3be4-3ccd-7083-a861-20cf2b19a1f9', '2025-12-03T14:42:00.736541+00:00', false, false, true) ON CONFLICT (rubric_id, standard_id) DO NOTHING;
INSERT INTO public.rubric_standards_junction (rubric_id, standard_id, created_at, generated, mcp, active) VALUES ('019b3be4-3707-7752-b6c9-041e2de27e6a', '019b3be4-3ccd-7070-9cde-cda49ffcb04d', '2025-12-03T14:42:00.736541+00:00', false, false, true) ON CONFLICT (rubric_id, standard_id) DO NOTHING;
INSERT INTO public.rubric_standards_junction (rubric_id, standard_id, created_at, generated, mcp, active) VALUES ('019b3be4-3707-7752-b6c9-041e2de27e6a', '019b3be4-3ccd-705d-b778-388a0b7c72ce', '2025-12-03T14:42:00.736541+00:00', false, false, true) ON CONFLICT (rubric_id, standard_id) DO NOTHING;
INSERT INTO public.rubric_standards_junction (rubric_id, standard_id, created_at, generated, mcp, active) VALUES ('019b3be4-3707-7752-b6c9-041e2de27e6a', '019b3be4-3ccc-7960-b496-d89f2c2522db', '2025-12-03T14:42:00.736541+00:00', false, false, true) ON CONFLICT (rubric_id, standard_id) DO NOTHING;
INSERT INTO public.rubric_standards_junction (rubric_id, standard_id, created_at, generated, mcp, active) VALUES ('019b3be4-3707-7752-b6c9-041e2de27e6a', '019b3be4-3ccc-7428-a048-2c364f623ce3', '2025-12-03T14:42:00.736541+00:00', false, false, true) ON CONFLICT (rubric_id, standard_id) DO NOTHING;
INSERT INTO public.rubric_standards_junction (rubric_id, standard_id, created_at, generated, mcp, active) VALUES ('019b3be4-3707-7752-b6c9-041e2de27e6a', '019b3be4-3ccc-7421-be4d-910974c21536', '2025-12-03T14:42:00.736541+00:00', false, false, true) ON CONFLICT (rubric_id, standard_id) DO NOTHING;
INSERT INTO public.rubric_standards_junction (rubric_id, standard_id, created_at, generated, mcp, active) VALUES ('019b3be4-3707-7752-b6c9-041e2de27e6a', '019b3be4-3ccc-7419-87bb-c4be066a8a40', '2025-12-03T14:42:00.736541+00:00', false, false, true) ON CONFLICT (rubric_id, standard_id) DO NOTHING;
INSERT INTO public.rubric_standards_junction (rubric_id, standard_id, created_at, generated, mcp, active) VALUES ('019b3be4-3707-7752-b6c9-041e2de27e6a', '019b3be4-3ccc-7411-b4bf-69c9d1a335e9', '2025-12-03T14:42:00.736541+00:00', false, false, true) ON CONFLICT (rubric_id, standard_id) DO NOTHING;
INSERT INTO public.rubric_standards_junction (rubric_id, standard_id, created_at, generated, mcp, active) VALUES ('019b3be4-3707-7752-b6c9-041e2de27e6a', '019b3be4-3ccc-7409-b648-64c2cb7c167d', '2025-12-03T14:42:00.736541+00:00', false, false, true) ON CONFLICT (rubric_id, standard_id) DO NOTHING;
INSERT INTO public.rubric_standards_junction (rubric_id, standard_id, created_at, generated, mcp, active) VALUES ('019b3be4-3707-7752-b6c9-041e2de27e6a', '019b3be4-3ccc-7457-85b3-b3eb8db3a4ef', '2025-12-03T14:42:00.736541+00:00', false, false, true) ON CONFLICT (rubric_id, standard_id) DO NOTHING;
INSERT INTO public.rubric_standards_junction (rubric_id, standard_id, created_at, generated, mcp, active) VALUES ('019b3be4-3707-7752-b6c9-041e2de27e6a', '019b3be4-3ccc-744e-9b90-8664f294deb5', '2025-12-03T14:42:00.736541+00:00', false, false, true) ON CONFLICT (rubric_id, standard_id) DO NOTHING;
INSERT INTO public.rubric_standards_junction (rubric_id, standard_id, created_at, generated, mcp, active) VALUES ('019b3be4-3707-7752-b6c9-041e2de27e6a', '019b3be4-3ccc-7446-a159-7d4db04d7190', '2025-12-03T14:42:00.736541+00:00', false, false, true) ON CONFLICT (rubric_id, standard_id) DO NOTHING;
INSERT INTO public.rubric_standards_junction (rubric_id, standard_id, created_at, generated, mcp, active) VALUES ('019b3be4-3707-7752-b6c9-041e2de27e6a', '019b3be4-3ccc-743c-b9b0-ba1777a951f1', '2025-12-03T14:42:00.736541+00:00', false, false, true) ON CONFLICT (rubric_id, standard_id) DO NOTHING;
INSERT INTO public.rubric_standards_junction (rubric_id, standard_id, created_at, generated, mcp, active) VALUES ('019b3be4-3707-7752-b6c9-041e2de27e6a', '019b3be4-3ccc-7437-90c2-6be12059b827', '2025-12-03T14:42:00.736541+00:00', false, false, true) ON CONFLICT (rubric_id, standard_id) DO NOTHING;
INSERT INTO public.rubric_standards_junction (rubric_id, standard_id, created_at, generated, mcp, active) VALUES ('019b3be4-3707-7752-b6c9-041e2de27e6a', '019b3be4-3ccc-747d-aae7-175b8033b500', '2025-12-03T14:42:00.736541+00:00', false, false, true) ON CONFLICT (rubric_id, standard_id) DO NOTHING;
INSERT INTO public.rubric_standards_junction (rubric_id, standard_id, created_at, generated, mcp, active) VALUES ('019b3be4-3707-7752-b6c9-041e2de27e6a', '019b3be4-3ccc-7474-bc9d-557ef278cf58', '2025-12-03T14:42:00.736541+00:00', false, false, true) ON CONFLICT (rubric_id, standard_id) DO NOTHING;
INSERT INTO public.rubric_standards_junction (rubric_id, standard_id, created_at, generated, mcp, active) VALUES ('019b3be4-3707-7752-b6c9-041e2de27e6a', '019b3be4-3ccc-746f-be95-53667d8fb073', '2025-12-03T14:42:00.736541+00:00', false, false, true) ON CONFLICT (rubric_id, standard_id) DO NOTHING;
INSERT INTO public.rubric_standards_junction (rubric_id, standard_id, created_at, generated, mcp, active) VALUES ('019b3be4-3707-7752-b6c9-041e2de27e6a', '019b3be4-3ccc-7467-8346-0f4a81f79538', '2025-12-03T14:42:00.736541+00:00', false, false, true) ON CONFLICT (rubric_id, standard_id) DO NOTHING;
INSERT INTO public.rubric_standards_junction (rubric_id, standard_id, created_at, generated, mcp, active) VALUES ('019b3be4-3707-7752-b6c9-041e2de27e6a', '019b3be4-3ccc-745f-8494-5c06f3a2dd78', '2025-12-03T14:42:00.736541+00:00', false, false, true) ON CONFLICT (rubric_id, standard_id) DO NOTHING;
INSERT INTO public.rubric_standards_junction (rubric_id, standard_id, created_at, generated, mcp, active) VALUES ('019b3be4-3707-7752-b6c9-041e2de27e6a', '019b3be4-3ccc-7953-b8a6-978796bad230', '2025-12-03T14:42:00.736541+00:00', false, false, true) ON CONFLICT (rubric_id, standard_id) DO NOTHING;
INSERT INTO public.rubric_standards_junction (rubric_id, standard_id, created_at, generated, mcp, active) VALUES ('019b3be4-3707-7752-b6c9-041e2de27e6a', '019b3be4-3ccc-7941-9bd2-3f499894c0f8', '2025-12-03T14:42:00.736541+00:00', false, false, true) ON CONFLICT (rubric_id, standard_id) DO NOTHING;
INSERT INTO public.rubric_standards_junction (rubric_id, standard_id, created_at, generated, mcp, active) VALUES ('019b3be4-3707-7752-b6c9-041e2de27e6a', '019b3be4-3ccc-7607-bada-22e8b0b40fee', '2025-12-03T14:42:00.736541+00:00', false, false, true) ON CONFLICT (rubric_id, standard_id) DO NOTHING;
INSERT INTO public.rubric_standards_junction (rubric_id, standard_id, created_at, generated, mcp, active) VALUES ('019b3be4-3707-7752-b6c9-041e2de27e6a', '019b3be4-3ccc-7532-8bc9-3e0a65ad04a9', '2025-12-03T14:42:00.736541+00:00', false, false, true) ON CONFLICT (rubric_id, standard_id) DO NOTHING;
INSERT INTO public.rubric_standards_junction (rubric_id, standard_id, created_at, generated, mcp, active) VALUES ('019b3be4-3707-7752-b6c9-041e2de27e6a', '019b3be4-3ccc-7524-b3eb-3696f2096dfb', '2025-12-03T14:42:00.736541+00:00', false, false, true) ON CONFLICT (rubric_id, standard_id) DO NOTHING;
