-- Module: Academic Integrity Training Scenario
-- Category: scenario
-- Description: Academic Integrity Training Scenario scenario
-- ============================================================


-- Resource rows
INSERT INTO public.descriptions_resource (id, description, created_at, active, generated, mcp) VALUES ('019b995c-8e88-7420-a521-8a98826a7e87', 'Training scenario for practicing responses to academic integrity violations and policy enforcement.', '2025-12-13T13:42:21.259114+00:00', true, false, false) ON CONFLICT (id) DO NOTHING;
INSERT INTO public.names_resource (id, name, created_at, active, generated, mcp) VALUES ('019b995c-8e80-7928-900e-d366eb410e53', 'Academic Integrity Training Scenario', '2025-12-13T13:42:21.259114+00:00', true, false, false) ON CONFLICT (id) DO NOTHING;
INSERT INTO public.objectives_resource (created_at, objective, id, active, generated, mcp) VALUES ('2025-12-14T19:07:45.268865+00:00', 'Recognize academic integrity violations and their consequences', '019b3be4-36d5-78eb-a475-9f472de97f6c', true, false, false) ON CONFLICT (id) DO NOTHING;
INSERT INTO public.objectives_resource (created_at, objective, id, active, generated, mcp) VALUES ('2025-12-14T19:07:45.268865+00:00', 'Address academic dishonesty with students in a professional manner', '019b3be4-36d5-78f1-a9e5-744693085121', true, false, false) ON CONFLICT (id) DO NOTHING;
INSERT INTO public.objectives_resource (created_at, objective, id, active, generated, mcp) VALUES ('2025-12-14T19:07:45.268865+00:00', 'Promote academic honesty and integrity in the classroom', '019b3be4-36d5-78fd-9ddb-7c637765a9a1', true, false, false) ON CONFLICT (id) DO NOTHING;
INSERT INTO public.options_resource (created_at, option_text, active, id, is_correct, generated, mcp, question_id) VALUES ('2025-12-12T13:44:32.428979+00:00', 'To ensure fair and honest academic work', true, '019b3be4-36d9-7014-87e6-b6c82f4b561f', true, false, false, '019b3be4-3703-79b7-bc10-2551249497b3') ON CONFLICT (id) DO NOTHING;
INSERT INTO public.options_resource (created_at, option_text, active, id, is_correct, generated, mcp, question_id) VALUES ('2025-12-12T13:44:32.428979+00:00', 'To increase enrollment', true, '019b3be4-36d9-701a-b8dd-5d77bd58f750', false, false, false, '019b3be4-3703-79b7-bc10-2551249497b3') ON CONFLICT (id) DO NOTHING;
INSERT INTO public.options_resource (created_at, option_text, active, id, is_correct, generated, mcp, question_id) VALUES ('2025-12-12T13:44:32.428979+00:00', 'To reduce grading workload', true, '019b3be4-36d9-7022-abb2-c88b26ef1d9a', false, false, false, '019b3be4-3703-79b7-bc10-2551249497b3') ON CONFLICT (id) DO NOTHING;
INSERT INTO public.options_resource (created_at, option_text, active, id, is_correct, generated, mcp, question_id) VALUES ('2025-12-12T13:44:32.428979+00:00', 'To limit student collaboration', true, '019b3be4-36d9-7025-b260-966b598bfd9b', false, false, false, '019b3be4-3703-79b7-bc10-2551249497b3') ON CONFLICT (id) DO NOTHING;
INSERT INTO public.options_resource (created_at, option_text, active, id, is_correct, generated, mcp, question_id) VALUES ('2025-12-12T13:44:32.428979+00:00', 'Looking at another student''s exam during a test', true, '019b3be4-36d9-702a-bb0d-144218b89910', true, false, false, '019b3be4-3703-79bc-9f38-6f2514e10a8e') ON CONFLICT (id) DO NOTHING;
INSERT INTO public.options_resource (created_at, option_text, active, id, is_correct, generated, mcp, question_id) VALUES ('2025-12-12T13:44:32.428979+00:00', 'Asking for clarification during an exam', true, '019b3be4-36d9-702e-a3bc-f34a46493b8d', false, false, false, '019b3be4-3703-79bc-9f38-6f2514e10a8e') ON CONFLICT (id) DO NOTHING;
INSERT INTO public.options_resource (created_at, option_text, active, id, is_correct, generated, mcp, question_id) VALUES ('2025-12-12T13:44:32.428979+00:00', 'Studying with classmates before an exam', true, '019b3be4-36d9-7037-9a5e-0a87a0b3afe2', false, false, false, '019b3be4-3703-79bc-9f38-6f2514e10a8e') ON CONFLICT (id) DO NOTHING;
INSERT INTO public.options_resource (created_at, option_text, active, id, is_correct, generated, mcp, question_id) VALUES ('2025-12-12T13:44:32.428979+00:00', 'Reviewing course materials during an open-book exam', true, '019b3be4-36d9-703b-b95b-a94808f0ada1', false, false, false, '019b3be4-3703-79bc-9f38-6f2514e10a8e') ON CONFLICT (id) DO NOTHING;
INSERT INTO public.options_resource (created_at, option_text, active, id, is_correct, generated, mcp, question_id) VALUES ('2025-12-12T13:44:32.428979+00:00', 'Copying answers from another student', true, '019b3be4-36d9-703f-b1a2-ffe3743a09c5', true, false, false, '019b3be4-3703-79c0-b082-cf460bdc7b52') ON CONFLICT (id) DO NOTHING;
INSERT INTO public.options_resource (created_at, option_text, active, id, is_correct, generated, mcp, question_id) VALUES ('2025-12-12T13:44:32.428979+00:00', 'Using unauthorized materials during an exam', true, '019b3be4-36d9-7045-8533-6ec7f6100f13', true, false, false, '019b3be4-3703-79c0-b082-cf460bdc7b52') ON CONFLICT (id) DO NOTHING;
INSERT INTO public.options_resource (created_at, option_text, active, id, is_correct, generated, mcp, question_id) VALUES ('2025-12-12T13:44:32.428979+00:00', 'Submitting work done by someone else', true, '019b3be4-36d9-704b-81e8-83d8bb416785', true, false, false, '019b3be4-3703-79c0-b082-cf460bdc7b52') ON CONFLICT (id) DO NOTHING;
INSERT INTO public.options_resource (created_at, option_text, active, id, is_correct, generated, mcp, question_id) VALUES ('2025-12-12T13:44:32.428979+00:00', 'Asking the professor for help during office hours', true, '019b3be4-36d9-704f-b7c8-ba6a69c23677', false, false, false, '019b3be4-3703-79c0-b082-cf460bdc7b52') ON CONFLICT (id) DO NOTHING;
INSERT INTO public.options_resource (created_at, option_text, active, id, is_correct, generated, mcp, question_id) VALUES ('2025-12-12T13:44:32.428979+00:00', 'Collaborating on homework when allowed', true, '019b3be4-36d9-7051-9b63-7569daac7c09', false, false, false, '019b3be4-3703-79c0-b082-cf460bdc7b52') ON CONFLICT (id) DO NOTHING;
INSERT INTO public.problem_statements_resource (created_at, name, problem_statement, id, active, generated, mcp) VALUES ('2025-12-14T19:07:45.268865+00:00', 'Academic Integrity Training Problem Statement', 'A student is seen looking at another student''s exam paper during a test. The professor notices the behavior and must approach the student to discuss the violation, explain the consequences, and emphasize the importance of maintaining academic honesty.', '019b3be4-36ec-74eb-9f9b-f77642e4004e', true, false, false) ON CONFLICT (id) DO NOTHING;
INSERT INTO public.questions_resource (created_at, question_text, allow_multiple, active, id, time, generated, mcp) VALUES ('2025-12-12T13:44:32.428979+00:00', 'What is the main purpose of academic integrity policies?', false, true, '019b3be4-3703-79b7-bc10-2551249497b3', 0, false, false) ON CONFLICT (id) DO NOTHING;
INSERT INTO public.questions_resource (created_at, question_text, allow_multiple, active, id, time, generated, mcp) VALUES ('2025-12-12T13:44:32.428979+00:00', 'What behavior in the video constitutes an academic integrity violation?', false, true, '019b3be4-3703-79bc-9f38-6f2514e10a8e', 0, false, false) ON CONFLICT (id) DO NOTHING;
INSERT INTO public.questions_resource (created_at, question_text, allow_multiple, active, id, time, generated, mcp) VALUES ('2025-12-12T13:44:32.428979+00:00', 'Which actions violate academic integrity?', true, true, '019b3be4-3703-79c0-b082-cf460bdc7b52', 0, false, false) ON CONFLICT (id) DO NOTHING;
INSERT INTO public.scenarios_resource (created_at, active, generated, mcp, id, name, description, is_root, problem_statement_enabled, objectives_enabled, video_enabled, images_enabled, questions_enabled, department_ids, persona_ids, parameter_ids, parent_id) VALUES ('2025-12-13T13:42:21.259114+00:00', true, false, false, '019bb25e-e61d-7eef-a081-23b2efeacb6b', 'Academic Integrity Training Scenario', 'Training scenario for practicing responses to academic integrity violations and policy enforcement.', true, true, true, true, true, true, '{}', '{019bb25e-e60c-7352-9b81-f411f56092a9,019bb25e-e60c-7356-93ee-b176f32f08cf}', '{}', '019bb25e-e61d-7eef-a081-23b2efeacb6b') ON CONFLICT (id) DO NOTHING;
INSERT INTO public.videos_resource (created_at, name, length_seconds, active, completed, id, description, generated, mcp, upload_id) VALUES ('2025-12-12T13:44:32.428979+00:00', 'Academic Integrity Training', 8, true, true, '019b3be4-3cf5-73c1-b491-4a534c9ffe9f', 'Academic Integrity Training', false, false, '019b3be4-3cf0-7022-ba14-835ebde34447') ON CONFLICT (id) DO NOTHING;

-- Artifact
-- scenario_artifact
INSERT INTO public.scenario_artifact (created_at, updated_at, id, generated, mcp) VALUES ('2025-12-13T13:42:21.259114+00:00', '2025-12-13T13:42:21.259114+00:00', '019b3be4-3c3a-7a07-b866-50473cddc11e', false, false) ON CONFLICT (id) DO NOTHING;

-- Junctions
-- scenario_descriptions_junction
INSERT INTO public.scenario_descriptions_junction (scenario_id, description_id, created_at, generated, mcp, active) VALUES ('019b3be4-3c3a-7a07-b866-50473cddc11e', '019b995c-8e88-7420-a521-8a98826a7e87', '2025-12-13T13:42:21.259114+00:00', false, false, true) ON CONFLICT (scenario_id, description_id) DO NOTHING;
-- scenario_documents_junction
INSERT INTO public.scenario_documents_junction (active, created_at, document_id, scenario_id, generated, mcp) VALUES (true, '2025-12-14T19:07:45.268865+00:00', '019bb25e-e619-7834-9cb3-66671ca36a7d', '019b3be4-3c3a-7a07-b866-50473cddc11e', false, false) ON CONFLICT (scenario_id, document_id) DO NOTHING;
INSERT INTO public.scenario_documents_junction (active, created_at, document_id, scenario_id, generated, mcp) VALUES (true, '2026-02-11T23:50:02.269303+00:00', '019bb25e-e619-782f-8894-e5d20003dbee', '019b3be4-3c3a-7a07-b866-50473cddc11e', false, false) ON CONFLICT (scenario_id, document_id) DO NOTHING;
-- scenario_flags_junction
INSERT INTO public.scenario_flags_junction (scenario_id, flag_id, value, created_at, generated, mcp, active) VALUES ('019b3be4-3c3a-7a07-b866-50473cddc11e', '019b995a-86ef-77dc-8ddc-2013a6e3194f', true, '2025-12-13T13:42:21.259114+00:00', false, false, true) ON CONFLICT (scenario_id, flag_id) DO NOTHING;
INSERT INTO public.scenario_flags_junction (scenario_id, flag_id, value, created_at, generated, mcp, active) VALUES ('019b3be4-3c3a-7a07-b866-50473cddc11e', '019b995a-86ef-77a3-a2a6-e6b760a9fcfe', true, '2025-12-13T13:42:21.259114+00:00', false, false, true) ON CONFLICT (scenario_id, flag_id) DO NOTHING;
INSERT INTO public.scenario_flags_junction (scenario_id, flag_id, value, created_at, generated, mcp, active) VALUES ('019b3be4-3c3a-7a07-b866-50473cddc11e', '019b995a-86ef-781a-8ecb-8c0a6cfab122', true, '2025-12-13T13:42:21.259114+00:00', false, false, true) ON CONFLICT (scenario_id, flag_id) DO NOTHING;
INSERT INTO public.scenario_flags_junction (scenario_id, flag_id, value, created_at, generated, mcp, active) VALUES ('019b3be4-3c3a-7a07-b866-50473cddc11e', '019b995a-86ef-7800-b93b-7897b07eca47', true, '2025-12-13T13:42:21.259114+00:00', false, false, true) ON CONFLICT (scenario_id, flag_id) DO NOTHING;
INSERT INTO public.scenario_flags_junction (scenario_id, flag_id, value, created_at, generated, mcp, active) VALUES ('019b3be4-3c3a-7a07-b866-50473cddc11e', '019b995a-86ef-7830-9317-80d8d52b1bb2', true, '2025-12-13T13:42:21.259114+00:00', false, false, true) ON CONFLICT (scenario_id, flag_id) DO NOTHING;
INSERT INTO public.scenario_flags_junction (scenario_id, flag_id, value, created_at, generated, mcp, active) VALUES ('019b3be4-3c3a-7a07-b866-50473cddc11e', '019be334-bfc3-7423-93ff-cc162b6984e9', true, '2025-12-13T13:42:21.259114+00:00', false, false, true) ON CONFLICT (scenario_id, flag_id) DO NOTHING;
INSERT INTO public.scenario_flags_junction (scenario_id, flag_id, value, created_at, generated, mcp, active) VALUES ('019b3be4-3c3a-7a07-b866-50473cddc11e', '019b995a-86ef-71e9-ad2c-6c2040afdffe', true, '2026-01-22T01:20:11.358045+00:00', false, false, true) ON CONFLICT (scenario_id, flag_id) DO NOTHING;
-- scenario_names_junction
INSERT INTO public.scenario_names_junction (scenario_id, name_id, created_at, generated, mcp, active) VALUES ('019b3be4-3c3a-7a07-b866-50473cddc11e', '019b995c-8e80-7928-900e-d366eb410e53', '2025-12-13T13:42:21.259114+00:00', false, false, true) ON CONFLICT (scenario_id, name_id) DO NOTHING;
-- scenario_objectives_junction
INSERT INTO public.scenario_objectives_junction (idx, created_at, objective_id, scenario_id, generated, mcp, active) VALUES (0, '2025-12-14T19:07:45.268865+00:00', '019b3be4-36d5-78eb-a475-9f472de97f6c', '019b3be4-3c3a-7a07-b866-50473cddc11e', false, false, true) ON CONFLICT (scenario_id, objective_id) DO NOTHING;
INSERT INTO public.scenario_objectives_junction (idx, created_at, objective_id, scenario_id, generated, mcp, active) VALUES (1, '2025-12-14T19:07:45.268865+00:00', '019b3be4-36d5-78f1-a9e5-744693085121', '019b3be4-3c3a-7a07-b866-50473cddc11e', false, false, true) ON CONFLICT (scenario_id, objective_id) DO NOTHING;
INSERT INTO public.scenario_objectives_junction (idx, created_at, objective_id, scenario_id, generated, mcp, active) VALUES (2, '2025-12-14T19:07:45.268865+00:00', '019b3be4-36d5-78fd-9ddb-7c637765a9a1', '019b3be4-3c3a-7a07-b866-50473cddc11e', false, false, true) ON CONFLICT (scenario_id, objective_id) DO NOTHING;
-- scenario_options_junction
INSERT INTO public.scenario_options_junction (scenario_id, option_id, active, created_at, generated, mcp) VALUES ('019b3be4-3c3a-7a07-b866-50473cddc11e', '019b3be4-36d9-7014-87e6-b6c82f4b561f', true, '2026-01-06T03:14:37.663016+00:00', false, false) ON CONFLICT (scenario_id, option_id) DO NOTHING;
INSERT INTO public.scenario_options_junction (scenario_id, option_id, active, created_at, generated, mcp) VALUES ('019b3be4-3c3a-7a07-b866-50473cddc11e', '019b3be4-36d9-701a-b8dd-5d77bd58f750', true, '2026-01-06T03:14:37.663016+00:00', false, false) ON CONFLICT (scenario_id, option_id) DO NOTHING;
INSERT INTO public.scenario_options_junction (scenario_id, option_id, active, created_at, generated, mcp) VALUES ('019b3be4-3c3a-7a07-b866-50473cddc11e', '019b3be4-36d9-7022-abb2-c88b26ef1d9a', true, '2026-01-06T03:14:37.663016+00:00', false, false) ON CONFLICT (scenario_id, option_id) DO NOTHING;
INSERT INTO public.scenario_options_junction (scenario_id, option_id, active, created_at, generated, mcp) VALUES ('019b3be4-3c3a-7a07-b866-50473cddc11e', '019b3be4-36d9-7025-b260-966b598bfd9b', true, '2026-01-06T03:14:37.663016+00:00', false, false) ON CONFLICT (scenario_id, option_id) DO NOTHING;
INSERT INTO public.scenario_options_junction (scenario_id, option_id, active, created_at, generated, mcp) VALUES ('019b3be4-3c3a-7a07-b866-50473cddc11e', '019b3be4-36d9-702a-bb0d-144218b89910', true, '2026-01-06T03:14:37.663016+00:00', false, false) ON CONFLICT (scenario_id, option_id) DO NOTHING;
INSERT INTO public.scenario_options_junction (scenario_id, option_id, active, created_at, generated, mcp) VALUES ('019b3be4-3c3a-7a07-b866-50473cddc11e', '019b3be4-36d9-702e-a3bc-f34a46493b8d', true, '2026-01-06T03:14:37.663016+00:00', false, false) ON CONFLICT (scenario_id, option_id) DO NOTHING;
INSERT INTO public.scenario_options_junction (scenario_id, option_id, active, created_at, generated, mcp) VALUES ('019b3be4-3c3a-7a07-b866-50473cddc11e', '019b3be4-36d9-7037-9a5e-0a87a0b3afe2', true, '2026-01-06T03:14:37.663016+00:00', false, false) ON CONFLICT (scenario_id, option_id) DO NOTHING;
INSERT INTO public.scenario_options_junction (scenario_id, option_id, active, created_at, generated, mcp) VALUES ('019b3be4-3c3a-7a07-b866-50473cddc11e', '019b3be4-36d9-703b-b95b-a94808f0ada1', true, '2026-01-06T03:14:37.663016+00:00', false, false) ON CONFLICT (scenario_id, option_id) DO NOTHING;
INSERT INTO public.scenario_options_junction (scenario_id, option_id, active, created_at, generated, mcp) VALUES ('019b3be4-3c3a-7a07-b866-50473cddc11e', '019b3be4-36d9-703f-b1a2-ffe3743a09c5', true, '2026-01-06T03:14:37.663016+00:00', false, false) ON CONFLICT (scenario_id, option_id) DO NOTHING;
INSERT INTO public.scenario_options_junction (scenario_id, option_id, active, created_at, generated, mcp) VALUES ('019b3be4-3c3a-7a07-b866-50473cddc11e', '019b3be4-36d9-7045-8533-6ec7f6100f13', true, '2026-01-06T03:14:37.663016+00:00', false, false) ON CONFLICT (scenario_id, option_id) DO NOTHING;
INSERT INTO public.scenario_options_junction (scenario_id, option_id, active, created_at, generated, mcp) VALUES ('019b3be4-3c3a-7a07-b866-50473cddc11e', '019b3be4-36d9-704b-81e8-83d8bb416785', true, '2026-01-06T03:14:37.663016+00:00', false, false) ON CONFLICT (scenario_id, option_id) DO NOTHING;
INSERT INTO public.scenario_options_junction (scenario_id, option_id, active, created_at, generated, mcp) VALUES ('019b3be4-3c3a-7a07-b866-50473cddc11e', '019b3be4-36d9-704f-b7c8-ba6a69c23677', true, '2026-01-06T03:14:37.663016+00:00', false, false) ON CONFLICT (scenario_id, option_id) DO NOTHING;
INSERT INTO public.scenario_options_junction (scenario_id, option_id, active, created_at, generated, mcp) VALUES ('019b3be4-3c3a-7a07-b866-50473cddc11e', '019b3be4-36d9-7051-9b63-7569daac7c09', true, '2026-01-06T03:14:37.663016+00:00', false, false) ON CONFLICT (scenario_id, option_id) DO NOTHING;
-- scenario_personas_junction
INSERT INTO public.scenario_personas_junction (active, created_at, persona_id, scenario_id, generated, mcp) VALUES (true, '2025-12-14T19:07:45.268865+00:00', '019bb25e-e60c-7352-9b81-f411f56092a9', '019b3be4-3c3a-7a07-b866-50473cddc11e', false, false) ON CONFLICT (scenario_id, persona_id) DO NOTHING;
INSERT INTO public.scenario_personas_junction (active, created_at, persona_id, scenario_id, generated, mcp) VALUES (true, '2025-12-14T19:07:45.268865+00:00', '019bb25e-e60c-7356-93ee-b176f32f08cf', '019b3be4-3c3a-7a07-b866-50473cddc11e', false, false) ON CONFLICT (scenario_id, persona_id) DO NOTHING;
-- scenario_problem_statements_junction
INSERT INTO public.scenario_problem_statements_junction (active, created_at, problem_statement_id, scenario_id, generated, mcp) VALUES (true, '2025-12-14T19:07:45.268865+00:00', '019b3be4-36ec-74eb-9f9b-f77642e4004e', '019b3be4-3c3a-7a07-b866-50473cddc11e', false, false) ON CONFLICT (scenario_id, problem_statement_id) DO NOTHING;
-- scenario_questions_junction
INSERT INTO public.scenario_questions_junction (active, created_at, question_id, scenario_id, generated, mcp) VALUES (true, '2025-12-13T13:42:21.277546+00:00', '019b3be4-3703-79b7-bc10-2551249497b3', '019b3be4-3c3a-7a07-b866-50473cddc11e', false, false) ON CONFLICT (scenario_id, question_id) DO NOTHING;
INSERT INTO public.scenario_questions_junction (active, created_at, question_id, scenario_id, generated, mcp) VALUES (true, '2025-12-13T13:42:21.277546+00:00', '019b3be4-3703-79bc-9f38-6f2514e10a8e', '019b3be4-3c3a-7a07-b866-50473cddc11e', false, false) ON CONFLICT (scenario_id, question_id) DO NOTHING;
INSERT INTO public.scenario_questions_junction (active, created_at, question_id, scenario_id, generated, mcp) VALUES (true, '2025-12-13T13:42:21.277546+00:00', '019b3be4-3703-79c0-b082-cf460bdc7b52', '019b3be4-3c3a-7a07-b866-50473cddc11e', false, false) ON CONFLICT (scenario_id, question_id) DO NOTHING;
-- scenario_scenarios_junction
INSERT INTO public.scenario_scenarios_junction (scenario_id, scenarios_id, active, created_at, generated, mcp) VALUES ('019b3be4-3c3a-7a07-b866-50473cddc11e', '019bb25e-e61d-7eef-a081-23b2efeacb6b', true, '2025-12-13T13:42:21.259114+00:00', false, false) ON CONFLICT (scenario_id, scenarios_id) DO NOTHING;
-- scenario_videos_junction
INSERT INTO public.scenario_videos_junction (active, created_at, scenario_id, video_id, generated, mcp) VALUES (true, '2025-12-13T13:42:21.259114+00:00', '019b3be4-3c3a-7a07-b866-50473cddc11e', '019b3be4-3cf5-73c1-b491-4a534c9ffe9f', false, false) ON CONFLICT (scenario_id, video_id) DO NOTHING;
