-- Module: Upset Student Training Scenario
-- Category: scenario
-- Description: Upset Student Training Scenario scenario
-- ============================================================


-- Resource rows
INSERT INTO public.descriptions_resource (id, description, created_at, active, generated, mcp) VALUES ('019b995c-8e88-73fd-8579-c4a21dae63ef', 'Training scenario for practicing de-escalation techniques with upset or frustrated students.', '2025-12-13T13:42:21.259114+00:00', true, false, false) ON CONFLICT (id) DO NOTHING;
INSERT INTO public.names_resource (id, name, created_at, active, generated, mcp) VALUES ('019b995c-8e80-7863-a9d8-d09b415f1a19', 'Upset Student Training Scenario', '2025-12-13T13:42:21.259114+00:00', true, false, false) ON CONFLICT (id) DO NOTHING;
INSERT INTO public.objectives_resource (created_at, objective, id, active, generated, mcp) VALUES ('2025-12-14T19:07:45.268865+00:00', 'Practice active listening and empathy when students express concerns', '019b3be4-36d5-7907-9ae5-0ff02f9a80e6', true, false, false) ON CONFLICT (id) DO NOTHING;
INSERT INTO public.objectives_resource (created_at, objective, id, active, generated, mcp) VALUES ('2025-12-14T19:07:45.268865+00:00', 'De-escalate tense situations with upset or frustrated students', '019b3be4-36d5-790c-9e3e-169a358af07b', true, false, false) ON CONFLICT (id) DO NOTHING;
INSERT INTO public.objectives_resource (created_at, objective, id, active, generated, mcp) VALUES ('2025-12-14T19:07:45.268865+00:00', 'Provide constructive feedback and support for student improvement', '019b3be4-36d5-7914-b4cd-11633f284912', true, false, false) ON CONFLICT (id) DO NOTHING;
INSERT INTO public.questions_resource (created_at, question_text, allow_multiple, active, id, time, generated, mcp) VALUES ('2025-12-12T13:44:32.428979+00:00', 'What is the best initial response when a student is upset about a grade?', false, true, '019b3be4-3703-79c4-b7e7-7a5955d5b256', 0, false, false) ON CONFLICT (id) DO NOTHING;
INSERT INTO public.options_resource (created_at, option_text, active, id, is_correct, generated, mcp, question_id) VALUES ('2025-12-12T13:44:32.428979+00:00', 'Listen actively and acknowledge their concerns', true, '019b3be4-36d9-7058-a49f-b29884a63671', true, false, false, '019b3be4-3703-79c4-b7e7-7a5955d5b256') ON CONFLICT (id) DO NOTHING;
INSERT INTO public.options_resource (created_at, option_text, active, id, is_correct, generated, mcp, question_id) VALUES ('2025-12-12T13:44:32.428979+00:00', 'Immediately change the grade', true, '019b3be4-36d9-705c-8f91-791937b6e5ae', false, false, false, '019b3be4-3703-79c4-b7e7-7a5955d5b256') ON CONFLICT (id) DO NOTHING;
INSERT INTO public.options_resource (created_at, option_text, active, id, is_correct, generated, mcp, question_id) VALUES ('2025-12-12T13:44:32.428979+00:00', 'Dismiss their concerns', true, '019b3be4-36d9-7062-85af-da0b81768d1a', false, false, false, '019b3be4-3703-79c4-b7e7-7a5955d5b256') ON CONFLICT (id) DO NOTHING;
INSERT INTO public.options_resource (created_at, option_text, active, id, is_correct, generated, mcp, question_id) VALUES ('2025-12-12T13:44:32.428979+00:00', 'Refer them to another professor', true, '019b3be4-36d9-7067-909f-5c2975bf8d15', false, false, false, '019b3be4-3703-79c4-b7e7-7a5955d5b256') ON CONFLICT (id) DO NOTHING;
INSERT INTO public.questions_resource (created_at, question_text, allow_multiple, active, id, time, generated, mcp) VALUES ('2025-12-12T13:44:32.428979+00:00', 'In the video, how does the professor handle the upset student?', false, true, '019b3be4-3703-79cf-8ee3-ce9851255782', 0, false, false) ON CONFLICT (id) DO NOTHING;
INSERT INTO public.options_resource (created_at, option_text, active, id, is_correct, generated, mcp, question_id) VALUES ('2025-12-12T13:44:32.428979+00:00', 'By listening, acknowledging concerns, and offering to review together', true, '019b3be4-36d9-706b-93f0-7c71ccce2bfc', true, false, false, '019b3be4-3703-79cf-8ee3-ce9851255782') ON CONFLICT (id) DO NOTHING;
INSERT INTO public.options_resource (created_at, option_text, active, id, is_correct, generated, mcp, question_id) VALUES ('2025-12-12T13:44:32.428979+00:00', 'By immediately changing the grade', true, '019b3be4-36d9-7070-b1d3-6e51fb9bb5b0', false, false, false, '019b3be4-3703-79cf-8ee3-ce9851255782') ON CONFLICT (id) DO NOTHING;
INSERT INTO public.options_resource (created_at, option_text, active, id, is_correct, generated, mcp, question_id) VALUES ('2025-12-12T13:44:32.428979+00:00', 'By telling them to accept the grade', true, '019b3be4-36dc-7f00-8e30-4559c5c2deab', false, false, false, '019b3be4-3703-79cf-8ee3-ce9851255782') ON CONFLICT (id) DO NOTHING;
INSERT INTO public.options_resource (created_at, option_text, active, id, is_correct, generated, mcp, question_id) VALUES ('2025-12-12T13:44:32.428979+00:00', 'By ignoring their concerns', true, '019b3be4-36dc-7f10-bd77-92732bb1b144', false, false, false, '019b3be4-3703-79cf-8ee3-ce9851255782') ON CONFLICT (id) DO NOTHING;
INSERT INTO public.questions_resource (created_at, question_text, allow_multiple, active, id, time, generated, mcp) VALUES ('2025-12-12T13:44:32.428979+00:00', 'Which strategies are effective when dealing with an upset student?', true, true, '019b3be4-3703-79d2-8795-1de545d3a019', 0, false, false) ON CONFLICT (id) DO NOTHING;
INSERT INTO public.options_resource (created_at, option_text, active, id, is_correct, generated, mcp, question_id) VALUES ('2025-12-12T13:44:32.428979+00:00', 'Active listening and acknowledging concerns', true, '019b3be4-36dc-7f1e-b68e-ccba3842e8fd', true, false, false, '019b3be4-3703-79d2-8795-1de545d3a019') ON CONFLICT (id) DO NOTHING;
INSERT INTO public.options_resource (created_at, option_text, active, id, is_correct, generated, mcp, question_id) VALUES ('2025-12-12T13:44:32.428979+00:00', 'Offering to review the work together', true, '019b3be4-36dc-7f25-accd-43eb63b65124', true, false, false, '019b3be4-3703-79d2-8795-1de545d3a019') ON CONFLICT (id) DO NOTHING;
INSERT INTO public.options_resource (created_at, option_text, active, id, is_correct, generated, mcp, question_id) VALUES ('2025-12-12T13:44:32.428979+00:00', 'Providing constructive feedback', true, '019b3be4-36dc-7f2f-a2a9-44a96fce19a1', true, false, false, '019b3be4-3703-79d2-8795-1de545d3a019') ON CONFLICT (id) DO NOTHING;
INSERT INTO public.options_resource (created_at, option_text, active, id, is_correct, generated, mcp, question_id) VALUES ('2025-12-12T13:44:32.428979+00:00', 'Dismissing their concerns immediately', true, '019b3be4-36dc-7f38-aa9b-e106dc613a5d', false, false, false, '019b3be4-3703-79d2-8795-1de545d3a019') ON CONFLICT (id) DO NOTHING;
INSERT INTO public.options_resource (created_at, option_text, active, id, is_correct, generated, mcp, question_id) VALUES ('2025-12-12T13:44:32.428979+00:00', 'Changing the grade without discussion', true, '019b3be4-36dc-7f42-8c4c-05683d2c8d76', false, false, false, '019b3be4-3703-79d2-8795-1de545d3a019') ON CONFLICT (id) DO NOTHING;
INSERT INTO public.problem_statements_resource (created_at, name, problem_statement, id, active, generated, mcp) VALUES ('2025-12-14T19:07:45.268865+00:00', 'Upset Student Training Problem Statement', 'A student approaches a professor''s office hours visibly upset about a grade. The student expresses frustration and concerns about the grading. The professor must listen attentively, acknowledge the student''s concerns, and offer to review the work together while providing constructive feedback.', '019b3be4-36ec-7506-9aff-801147525e0a', true, false, false) ON CONFLICT (id) DO NOTHING;
INSERT INTO public.scenarios_resource (created_at, active, generated, mcp, id, name, description, problem_statement_enabled, objectives_enabled, video_enabled, images_enabled, questions_enabled, department_ids, persona_ids, parameter_field_ids, document_ids, objective_ids, image_ids, video_ids, question_ids, option_ids, problem_statement_ids) VALUES ('2025-12-13T13:42:21.259114+00:00', true, false, false, '019bb25e-e61d-7ef1-979e-a32263560bdd', 'Upset Student Training Scenario', 'Training scenario for practicing de-escalation techniques with upset or frustrated students.', true, true, true, true, true, '{}', '{019bb25e-e60c-7352-9b81-f411f56092a9,019bb25e-e60c-7356-93ee-b176f32f08cf}', '{}', '{}', '{}', '{}', '{}', '{}', '{}', '{}') ON CONFLICT (id) DO NOTHING;
INSERT INTO public.videos_resource (created_at, name, active, id, description, generated, mcp) VALUES ('2025-12-12T13:44:32.428979+00:00', 'Upset Student Training', true, '019b3be4-3cf5-73cb-b32a-080299a7680b', 'Upset Student Training', false, false) ON CONFLICT (id) DO NOTHING;

-- Artifact
-- scenario_artifact
INSERT INTO public.scenario_artifact (created_at, updated_at, id, generated, mcp) VALUES ('2025-12-13T13:42:21.259114+00:00', '2025-12-13T13:42:21.259114+00:00', '019b3be4-3c3a-79f1-9490-d4358ed29c92', false, false) ON CONFLICT (id) DO NOTHING;

-- Junctions
-- scenario_descriptions_junction
INSERT INTO public.scenario_descriptions_junction (scenario_id, description_id, created_at, generated, mcp, active) VALUES ('019b3be4-3c3a-79f1-9490-d4358ed29c92', '019b995c-8e88-73fd-8579-c4a21dae63ef', '2025-12-13T13:42:21.259114+00:00', false, false, true) ON CONFLICT (scenario_id, description_id) DO NOTHING;
-- scenario_documents_junction
INSERT INTO public.scenario_documents_junction (active, created_at, document_id, scenario_id, generated, mcp) VALUES (true, '2026-02-11T23:50:02.269303+00:00', 'c2f4d2f1-dbc8-476b-89e7-cfec6ac84cd7', '019b3be4-3c3a-79f1-9490-d4358ed29c92', false, false) ON CONFLICT (scenario_id, document_id) DO NOTHING;
-- scenario_flags_junction
INSERT INTO public.scenario_flags_junction (scenario_id, flag_id, value, created_at, generated, mcp, active) VALUES ('019b3be4-3c3a-79f1-9490-d4358ed29c92', '019b995a-86ef-77dc-8ddc-2013a6e3194f', true, '2025-12-13T13:42:21.259114+00:00', false, false, true) ON CONFLICT (scenario_id, flag_id) DO NOTHING;
INSERT INTO public.scenario_flags_junction (scenario_id, flag_id, value, created_at, generated, mcp, active) VALUES ('019b3be4-3c3a-79f1-9490-d4358ed29c92', '019b995a-86ef-77a3-a2a6-e6b760a9fcfe', true, '2025-12-13T13:42:21.259114+00:00', false, false, true) ON CONFLICT (scenario_id, flag_id) DO NOTHING;
INSERT INTO public.scenario_flags_junction (scenario_id, flag_id, value, created_at, generated, mcp, active) VALUES ('019b3be4-3c3a-79f1-9490-d4358ed29c92', '019b995a-86ef-781a-8ecb-8c0a6cfab122', true, '2025-12-13T13:42:21.259114+00:00', false, false, true) ON CONFLICT (scenario_id, flag_id) DO NOTHING;
INSERT INTO public.scenario_flags_junction (scenario_id, flag_id, value, created_at, generated, mcp, active) VALUES ('019b3be4-3c3a-79f1-9490-d4358ed29c92', '019b995a-86ef-7800-b93b-7897b07eca47', true, '2025-12-13T13:42:21.259114+00:00', false, false, true) ON CONFLICT (scenario_id, flag_id) DO NOTHING;
INSERT INTO public.scenario_flags_junction (scenario_id, flag_id, value, created_at, generated, mcp, active) VALUES ('019b3be4-3c3a-79f1-9490-d4358ed29c92', '019b995a-86ef-7830-9317-80d8d52b1bb2', true, '2025-12-13T13:42:21.259114+00:00', false, false, true) ON CONFLICT (scenario_id, flag_id) DO NOTHING;
INSERT INTO public.scenario_flags_junction (scenario_id, flag_id, value, created_at, generated, mcp, active) VALUES ('019b3be4-3c3a-79f1-9490-d4358ed29c92', '019be334-bfc3-7423-93ff-cc162b6984e9', true, '2025-12-13T13:42:21.259114+00:00', false, false, true) ON CONFLICT (scenario_id, flag_id) DO NOTHING;
INSERT INTO public.scenario_flags_junction (scenario_id, flag_id, value, created_at, generated, mcp, active) VALUES ('019b3be4-3c3a-79f1-9490-d4358ed29c92', '019b995a-86ef-71e9-ad2c-6c2040afdffe', true, '2026-01-22T01:20:11.358045+00:00', false, false, true) ON CONFLICT (scenario_id, flag_id) DO NOTHING;
INSERT INTO public.scenario_flags_junction (scenario_id, flag_id, value, created_at, generated, mcp, active) VALUES ('019b3be4-3c3a-79f1-9490-d4358ed29c92', '019c7307-6fd8-7fa2-955b-b06b6c5f9896', true, '2026-02-18T23:13:13.181902+00:00', false, false, true) ON CONFLICT (scenario_id, flag_id) DO NOTHING;
INSERT INTO public.scenario_flags_junction (scenario_id, flag_id, value, created_at, generated, mcp, active) VALUES ('019b3be4-3c3a-79f1-9490-d4358ed29c92', '019c7307-6fd9-7487-aaea-6d896596223b', true, '2026-02-18T23:13:13.181902+00:00', false, false, true) ON CONFLICT (scenario_id, flag_id) DO NOTHING;
INSERT INTO public.scenario_flags_junction (scenario_id, flag_id, value, created_at, generated, mcp, active) VALUES ('019b3be4-3c3a-79f1-9490-d4358ed29c92', '019c7307-6fd9-74b2-bc6a-ad91933ee830', true, '2026-02-18T23:13:13.181902+00:00', false, false, true) ON CONFLICT (scenario_id, flag_id) DO NOTHING;
INSERT INTO public.scenario_flags_junction (scenario_id, flag_id, value, created_at, generated, mcp, active) VALUES ('019b3be4-3c3a-79f1-9490-d4358ed29c92', '019c7307-6fd9-7454-8f14-6f55256edc46', true, '2026-02-18T23:13:13.181902+00:00', false, false, true) ON CONFLICT (scenario_id, flag_id) DO NOTHING;
INSERT INTO public.scenario_flags_junction (scenario_id, flag_id, value, created_at, generated, mcp, active) VALUES ('019b3be4-3c3a-79f1-9490-d4358ed29c92', '019c7307-6fd9-73ba-ab1f-03fb6719f8dd', true, '2026-02-18T23:13:13.181902+00:00', false, false, true) ON CONFLICT (scenario_id, flag_id) DO NOTHING;
INSERT INTO public.scenario_flags_junction (scenario_id, flag_id, value, created_at, generated, mcp, active) VALUES ('019b3be4-3c3a-79f1-9490-d4358ed29c92', '019c7307-6fd9-7433-ad75-ac78d08e7ede', true, '2026-02-18T23:13:13.181902+00:00', false, false, true) ON CONFLICT (scenario_id, flag_id) DO NOTHING;
-- scenario_names_junction
INSERT INTO public.scenario_names_junction (scenario_id, name_id, created_at, generated, mcp, active) VALUES ('019b3be4-3c3a-79f1-9490-d4358ed29c92', '019b995c-8e80-7863-a9d8-d09b415f1a19', '2025-12-13T13:42:21.259114+00:00', false, false, true) ON CONFLICT (scenario_id, name_id) DO NOTHING;
-- scenario_objectives_junction
INSERT INTO public.scenario_objectives_junction (idx, created_at, objective_id, scenario_id, generated, mcp, active) VALUES (0, '2025-12-14T19:07:45.268865+00:00', '019b3be4-36d5-7907-9ae5-0ff02f9a80e6', '019b3be4-3c3a-79f1-9490-d4358ed29c92', false, false, true) ON CONFLICT (scenario_id, objective_id) DO NOTHING;
INSERT INTO public.scenario_objectives_junction (idx, created_at, objective_id, scenario_id, generated, mcp, active) VALUES (1, '2025-12-14T19:07:45.268865+00:00', '019b3be4-36d5-790c-9e3e-169a358af07b', '019b3be4-3c3a-79f1-9490-d4358ed29c92', false, false, true) ON CONFLICT (scenario_id, objective_id) DO NOTHING;
INSERT INTO public.scenario_objectives_junction (idx, created_at, objective_id, scenario_id, generated, mcp, active) VALUES (2, '2025-12-14T19:07:45.268865+00:00', '019b3be4-36d5-7914-b4cd-11633f284912', '019b3be4-3c3a-79f1-9490-d4358ed29c92', false, false, true) ON CONFLICT (scenario_id, objective_id) DO NOTHING;
-- scenario_options_junction
INSERT INTO public.scenario_options_junction (scenario_id, option_id, active, created_at, generated, mcp) VALUES ('019b3be4-3c3a-79f1-9490-d4358ed29c92', '019b3be4-36d9-7058-a49f-b29884a63671', true, '2026-01-06T03:14:37.663016+00:00', false, false) ON CONFLICT (scenario_id, option_id) DO NOTHING;
INSERT INTO public.scenario_options_junction (scenario_id, option_id, active, created_at, generated, mcp) VALUES ('019b3be4-3c3a-79f1-9490-d4358ed29c92', '019b3be4-36d9-705c-8f91-791937b6e5ae', true, '2026-01-06T03:14:37.663016+00:00', false, false) ON CONFLICT (scenario_id, option_id) DO NOTHING;
INSERT INTO public.scenario_options_junction (scenario_id, option_id, active, created_at, generated, mcp) VALUES ('019b3be4-3c3a-79f1-9490-d4358ed29c92', '019b3be4-36d9-7062-85af-da0b81768d1a', true, '2026-01-06T03:14:37.663016+00:00', false, false) ON CONFLICT (scenario_id, option_id) DO NOTHING;
INSERT INTO public.scenario_options_junction (scenario_id, option_id, active, created_at, generated, mcp) VALUES ('019b3be4-3c3a-79f1-9490-d4358ed29c92', '019b3be4-36d9-7067-909f-5c2975bf8d15', true, '2026-01-06T03:14:37.663016+00:00', false, false) ON CONFLICT (scenario_id, option_id) DO NOTHING;
INSERT INTO public.scenario_options_junction (scenario_id, option_id, active, created_at, generated, mcp) VALUES ('019b3be4-3c3a-79f1-9490-d4358ed29c92', '019b3be4-36d9-706b-93f0-7c71ccce2bfc', true, '2026-01-06T03:14:37.663016+00:00', false, false) ON CONFLICT (scenario_id, option_id) DO NOTHING;
INSERT INTO public.scenario_options_junction (scenario_id, option_id, active, created_at, generated, mcp) VALUES ('019b3be4-3c3a-79f1-9490-d4358ed29c92', '019b3be4-36d9-7070-b1d3-6e51fb9bb5b0', true, '2026-01-06T03:14:37.663016+00:00', false, false) ON CONFLICT (scenario_id, option_id) DO NOTHING;
INSERT INTO public.scenario_options_junction (scenario_id, option_id, active, created_at, generated, mcp) VALUES ('019b3be4-3c3a-79f1-9490-d4358ed29c92', '019b3be4-36dc-7f00-8e30-4559c5c2deab', true, '2026-01-06T03:14:37.663016+00:00', false, false) ON CONFLICT (scenario_id, option_id) DO NOTHING;
INSERT INTO public.scenario_options_junction (scenario_id, option_id, active, created_at, generated, mcp) VALUES ('019b3be4-3c3a-79f1-9490-d4358ed29c92', '019b3be4-36dc-7f10-bd77-92732bb1b144', true, '2026-01-06T03:14:37.663016+00:00', false, false) ON CONFLICT (scenario_id, option_id) DO NOTHING;
INSERT INTO public.scenario_options_junction (scenario_id, option_id, active, created_at, generated, mcp) VALUES ('019b3be4-3c3a-79f1-9490-d4358ed29c92', '019b3be4-36dc-7f1e-b68e-ccba3842e8fd', true, '2026-01-06T03:14:37.663016+00:00', false, false) ON CONFLICT (scenario_id, option_id) DO NOTHING;
INSERT INTO public.scenario_options_junction (scenario_id, option_id, active, created_at, generated, mcp) VALUES ('019b3be4-3c3a-79f1-9490-d4358ed29c92', '019b3be4-36dc-7f25-accd-43eb63b65124', true, '2026-01-06T03:14:37.663016+00:00', false, false) ON CONFLICT (scenario_id, option_id) DO NOTHING;
INSERT INTO public.scenario_options_junction (scenario_id, option_id, active, created_at, generated, mcp) VALUES ('019b3be4-3c3a-79f1-9490-d4358ed29c92', '019b3be4-36dc-7f2f-a2a9-44a96fce19a1', true, '2026-01-06T03:14:37.663016+00:00', false, false) ON CONFLICT (scenario_id, option_id) DO NOTHING;
INSERT INTO public.scenario_options_junction (scenario_id, option_id, active, created_at, generated, mcp) VALUES ('019b3be4-3c3a-79f1-9490-d4358ed29c92', '019b3be4-36dc-7f38-aa9b-e106dc613a5d', true, '2026-01-06T03:14:37.663016+00:00', false, false) ON CONFLICT (scenario_id, option_id) DO NOTHING;
INSERT INTO public.scenario_options_junction (scenario_id, option_id, active, created_at, generated, mcp) VALUES ('019b3be4-3c3a-79f1-9490-d4358ed29c92', '019b3be4-36dc-7f42-8c4c-05683d2c8d76', true, '2026-01-06T03:14:37.663016+00:00', false, false) ON CONFLICT (scenario_id, option_id) DO NOTHING;
-- scenario_personas_junction
INSERT INTO public.scenario_personas_junction (active, created_at, persona_id, scenario_id, generated, mcp) VALUES (true, '2025-12-14T19:07:45.268865+00:00', '019bb25e-e60c-7352-9b81-f411f56092a9', '019b3be4-3c3a-79f1-9490-d4358ed29c92', false, false) ON CONFLICT (scenario_id, persona_id) DO NOTHING;
INSERT INTO public.scenario_personas_junction (active, created_at, persona_id, scenario_id, generated, mcp) VALUES (true, '2025-12-14T19:07:45.268865+00:00', '019bb25e-e60c-7356-93ee-b176f32f08cf', '019b3be4-3c3a-79f1-9490-d4358ed29c92', false, false) ON CONFLICT (scenario_id, persona_id) DO NOTHING;
-- scenario_problem_statements_junction
INSERT INTO public.scenario_problem_statements_junction (active, created_at, problem_statement_id, scenario_id, generated, mcp) VALUES (true, '2025-12-14T19:07:45.268865+00:00', '019b3be4-36ec-7506-9aff-801147525e0a', '019b3be4-3c3a-79f1-9490-d4358ed29c92', false, false) ON CONFLICT (scenario_id, problem_statement_id) DO NOTHING;
-- scenario_questions_junction
INSERT INTO public.scenario_questions_junction (active, created_at, question_id, scenario_id, generated, mcp) VALUES (true, '2025-12-13T13:42:21.277546+00:00', '019b3be4-3703-79c4-b7e7-7a5955d5b256', '019b3be4-3c3a-79f1-9490-d4358ed29c92', false, false) ON CONFLICT (scenario_id, question_id) DO NOTHING;
INSERT INTO public.scenario_questions_junction (active, created_at, question_id, scenario_id, generated, mcp) VALUES (true, '2025-12-13T13:42:21.277546+00:00', '019b3be4-3703-79cf-8ee3-ce9851255782', '019b3be4-3c3a-79f1-9490-d4358ed29c92', false, false) ON CONFLICT (scenario_id, question_id) DO NOTHING;
INSERT INTO public.scenario_questions_junction (active, created_at, question_id, scenario_id, generated, mcp) VALUES (true, '2025-12-13T13:42:21.277546+00:00', '019b3be4-3703-79d2-8795-1de545d3a019', '019b3be4-3c3a-79f1-9490-d4358ed29c92', false, false) ON CONFLICT (scenario_id, question_id) DO NOTHING;
-- scenario_scenarios_junction
INSERT INTO public.scenario_scenarios_junction (scenario_id, scenarios_id, active, created_at, generated, mcp) VALUES ('019b3be4-3c3a-79f1-9490-d4358ed29c92', '019bb25e-e61d-7ef1-979e-a32263560bdd', true, '2025-12-13T13:42:21.259114+00:00', false, false) ON CONFLICT (scenario_id, scenarios_id) DO NOTHING;
-- scenario_videos_junction
INSERT INTO public.scenario_videos_junction (active, created_at, scenario_id, video_id, generated, mcp) VALUES (true, '2025-12-13T13:42:21.259114+00:00', '019b3be4-3c3a-79f1-9490-d4358ed29c92', '019b3be4-3cf5-73cb-b32a-080299a7680b', false, false) ON CONFLICT (scenario_id, video_id) DO NOTHING;
