-- Module: create_test_invocation
-- Category: tool
-- Description: create_test_invocation MCP tool
-- ============================================================


-- Entry resource
INSERT INTO public.entries_resource (id, entry, created_at, active, generated, mcp) VALUES ('bbb9e0c1-ae92-46ce-838e-55fc991c9895', 'test_invocations', '2026-02-27T00:00:00.000000+00:00', true, false, false) ON CONFLICT (id) DO NOTHING;

-- Resource rows
INSERT INTO public.args_resource (id, name, description, field_type, required, default_value, created_at, active, generated, mcp) VALUES ('be742589-263f-42ac-b491-3bdf62f88caf', 'title', '', 'string', false, '', '2026-02-27T00:00:00.000000+00:00', true, false, false) ON CONFLICT (id) DO NOTHING;
INSERT INTO public.arg_positions_resource (id, args_id, value, created_at, active, generated, mcp) VALUES ('db16da99-f487-4a39-8b1b-76af9c85208a', 'be742589-263f-42ac-b491-3bdf62f88caf', 0, '2026-02-27T00:00:00.000000+00:00', true, false, false) ON CONFLICT (id) DO NOTHING;
INSERT INTO public.args_outputs_resource (id, args_id, name, template, created_at, active, generated, mcp) VALUES ('f886fbb0-f46f-43de-9c79-e1d2ceb4fd0e', 'be742589-263f-42ac-b491-3bdf62f88caf', 'title', '{{ title }}', '2026-02-27T00:00:00.000000+00:00', true, false, false) ON CONFLICT (id) DO NOTHING;
INSERT INTO public.args_resource (id, name, description, field_type, required, default_value, created_at, active, generated, mcp) VALUES ('8ed8f1f8-b0bb-460c-8133-8ef9b1ead0f4', 'group_id', '', 'string', false, '', '2026-02-27T00:00:00.000000+00:00', true, false, false) ON CONFLICT (id) DO NOTHING;
INSERT INTO public.arg_positions_resource (id, args_id, value, created_at, active, generated, mcp) VALUES ('c93b2682-907d-4515-ab31-98aef241a741', '8ed8f1f8-b0bb-460c-8133-8ef9b1ead0f4', 1, '2026-02-27T00:00:00.000000+00:00', true, false, false) ON CONFLICT (id) DO NOTHING;
INSERT INTO public.args_outputs_resource (id, args_id, name, template, created_at, active, generated, mcp) VALUES ('8a3c0175-cb8f-41ed-94f2-352e42b76927', '8ed8f1f8-b0bb-460c-8133-8ef9b1ead0f4', 'group_id', '{{ group_id }}', '2026-02-27T00:00:00.000000+00:00', true, false, false) ON CONFLICT (id) DO NOTHING;
INSERT INTO public.args_resource (id, name, description, field_type, required, default_value, created_at, active, generated, mcp) VALUES ('7a16448f-d5d6-40ae-8a38-5d17ee6da677', 'invocation_id', '', 'string', false, '', '2026-02-27T00:00:00.000000+00:00', true, false, false) ON CONFLICT (id) DO NOTHING;
INSERT INTO public.arg_positions_resource (id, args_id, value, created_at, active, generated, mcp) VALUES ('0653e339-7018-4f81-b932-72fd4725ae05', '7a16448f-d5d6-40ae-8a38-5d17ee6da677', 2, '2026-02-27T00:00:00.000000+00:00', true, false, false) ON CONFLICT (id) DO NOTHING;
INSERT INTO public.args_outputs_resource (id, args_id, name, template, created_at, active, generated, mcp) VALUES ('109c8d05-035d-45e2-b0e7-f6e768f1e108', '7a16448f-d5d6-40ae-8a38-5d17ee6da677', 'invocation_id', '{{ invocation_id }}', '2026-02-27T00:00:00.000000+00:00', true, false, false) ON CONFLICT (id) DO NOTHING;
INSERT INTO public.args_resource (id, name, description, field_type, required, default_value, created_at, active, generated, mcp) VALUES ('e5e13aec-79b9-438a-a593-303887ca528d', 'departments_id', '', 'string', false, '', '2026-02-27T00:00:00.000000+00:00', true, false, false) ON CONFLICT (id) DO NOTHING;
INSERT INTO public.arg_positions_resource (id, args_id, value, created_at, active, generated, mcp) VALUES ('2b4b2f18-c378-4518-8a15-77ca3c8e14c3', 'e5e13aec-79b9-438a-a593-303887ca528d', 3, '2026-02-27T00:00:00.000000+00:00', true, false, false) ON CONFLICT (id) DO NOTHING;
INSERT INTO public.args_outputs_resource (id, args_id, name, template, created_at, active, generated, mcp) VALUES ('29dba445-6245-4a6b-81e2-eeefb59efaea', 'e5e13aec-79b9-438a-a593-303887ca528d', 'departments_id', '{{ departments_id }}', '2026-02-27T00:00:00.000000+00:00', true, false, false) ON CONFLICT (id) DO NOTHING;
INSERT INTO public.args_resource (id, name, description, field_type, required, default_value, created_at, active, generated, mcp) VALUES ('cc4ba0a6-21aa-4876-9639-47aace988c27', 'config_signature', '', 'string', false, '', '2026-02-27T00:00:00.000000+00:00', true, false, false) ON CONFLICT (id) DO NOTHING;
INSERT INTO public.arg_positions_resource (id, args_id, value, created_at, active, generated, mcp) VALUES ('67865d12-9dbf-470a-8ce2-5db4b64515d2', 'cc4ba0a6-21aa-4876-9639-47aace988c27', 4, '2026-02-27T00:00:00.000000+00:00', true, false, false) ON CONFLICT (id) DO NOTHING;
INSERT INTO public.args_outputs_resource (id, args_id, name, template, created_at, active, generated, mcp) VALUES ('77c78caf-9712-4488-8866-85dd2654d441', 'cc4ba0a6-21aa-4876-9639-47aace988c27', 'config_signature', '{{ config_signature }}', '2026-02-27T00:00:00.000000+00:00', true, false, false) ON CONFLICT (id) DO NOTHING;
INSERT INTO public.args_resource (id, name, description, field_type, required, default_value, created_at, active, generated, mcp) VALUES ('563cc992-b98b-495b-9deb-6b33da63fdbc', 'test_id', '', 'string', false, '', '2026-02-27T00:00:00.000000+00:00', true, false, false) ON CONFLICT (id) DO NOTHING;
INSERT INTO public.arg_positions_resource (id, args_id, value, created_at, active, generated, mcp) VALUES ('2d17a718-d976-4fc8-bdf0-7ce408417f4b', '563cc992-b98b-495b-9deb-6b33da63fdbc', 5, '2026-02-27T00:00:00.000000+00:00', true, false, false) ON CONFLICT (id) DO NOTHING;
INSERT INTO public.args_outputs_resource (id, args_id, name, template, created_at, active, generated, mcp) VALUES ('91d326ea-8504-4cc7-97ff-ccc061f76a3a', '563cc992-b98b-495b-9deb-6b33da63fdbc', 'test_id', '{{ test_id }}', '2026-02-27T00:00:00.000000+00:00', true, false, false) ON CONFLICT (id) DO NOTHING;
INSERT INTO public.descriptions_resource (id, description, created_at, active, generated, mcp) VALUES ('152587af-485b-437a-8980-d8e7ca964c0c', 'Create a new test invocation entry', '2026-02-27T00:00:00.000000+00:00', true, false, false) ON CONFLICT (id) DO NOTHING;
INSERT INTO public.names_resource (id, name, created_at, active, generated, mcp) VALUES ('5fa2f380-2be0-4ea9-912a-3c5b6418364c', 'create_test_invocation', '2026-02-27T00:00:00.000000+00:00', true, false, false) ON CONFLICT (id) DO NOTHING;
INSERT INTO public.tools_resource (id, created_at, generated, mcp, active, name, description, department_ids, operation, args_ids, args_output_ids, resources, entries, artifacts) VALUES ('c43130fd-110f-40c4-b63c-8fddd02dcdf4', '2026-02-27T00:00:00.000000+00:00', false, false, true, 'create_test_invocation', 'Create a new test invocation entry', '{}', 'create', '{be742589-263f-42ac-b491-3bdf62f88caf,8ed8f1f8-b0bb-460c-8133-8ef9b1ead0f4,7a16448f-d5d6-40ae-8a38-5d17ee6da677,e5e13aec-79b9-438a-a593-303887ca528d,cc4ba0a6-21aa-4876-9639-47aace988c27,563cc992-b98b-495b-9deb-6b33da63fdbc}', '{f886fbb0-f46f-43de-9c79-e1d2ceb4fd0e,8a3c0175-cb8f-41ed-94f2-352e42b76927,109c8d05-035d-45e2-b0e7-f6e768f1e108,29dba445-6245-4a6b-81e2-eeefb59efaea,77c78caf-9712-4488-8866-85dd2654d441,91d326ea-8504-4cc7-97ff-ccc061f76a3a}', '{}'::text[], '{test_invocations}'::text[], '{}'::text[]) ON CONFLICT (id) DO NOTHING;

-- Artifact
-- tool_artifact
INSERT INTO public.tool_artifact (id, created_at, updated_at, generated, mcp) VALUES ('81d73176-2cbc-42ac-9271-d0f148fc3255', '2026-02-27T00:00:00.000000+00:00', '2026-02-27T00:00:00.000000+00:00', false, false) ON CONFLICT (id) DO NOTHING;

-- Junctions
-- tool_arg_positions_junction
INSERT INTO public.tool_arg_positions_junction (tool_id, arg_positions_id, created_at, active, generated, mcp) VALUES ('81d73176-2cbc-42ac-9271-d0f148fc3255', 'db16da99-f487-4a39-8b1b-76af9c85208a', '2026-02-27T00:00:00.000000+00:00', true, false, false) ON CONFLICT (tool_id, arg_positions_id) DO NOTHING;
INSERT INTO public.tool_arg_positions_junction (tool_id, arg_positions_id, created_at, active, generated, mcp) VALUES ('81d73176-2cbc-42ac-9271-d0f148fc3255', 'c93b2682-907d-4515-ab31-98aef241a741', '2026-02-27T00:00:00.000000+00:00', true, false, false) ON CONFLICT (tool_id, arg_positions_id) DO NOTHING;
INSERT INTO public.tool_arg_positions_junction (tool_id, arg_positions_id, created_at, active, generated, mcp) VALUES ('81d73176-2cbc-42ac-9271-d0f148fc3255', '0653e339-7018-4f81-b932-72fd4725ae05', '2026-02-27T00:00:00.000000+00:00', true, false, false) ON CONFLICT (tool_id, arg_positions_id) DO NOTHING;
INSERT INTO public.tool_arg_positions_junction (tool_id, arg_positions_id, created_at, active, generated, mcp) VALUES ('81d73176-2cbc-42ac-9271-d0f148fc3255', '2b4b2f18-c378-4518-8a15-77ca3c8e14c3', '2026-02-27T00:00:00.000000+00:00', true, false, false) ON CONFLICT (tool_id, arg_positions_id) DO NOTHING;
INSERT INTO public.tool_arg_positions_junction (tool_id, arg_positions_id, created_at, active, generated, mcp) VALUES ('81d73176-2cbc-42ac-9271-d0f148fc3255', '67865d12-9dbf-470a-8ce2-5db4b64515d2', '2026-02-27T00:00:00.000000+00:00', true, false, false) ON CONFLICT (tool_id, arg_positions_id) DO NOTHING;
INSERT INTO public.tool_arg_positions_junction (tool_id, arg_positions_id, created_at, active, generated, mcp) VALUES ('81d73176-2cbc-42ac-9271-d0f148fc3255', '2d17a718-d976-4fc8-bdf0-7ce408417f4b', '2026-02-27T00:00:00.000000+00:00', true, false, false) ON CONFLICT (tool_id, arg_positions_id) DO NOTHING;
-- tool_args_junction
INSERT INTO public.tool_args_junction (tool_id, args_id, created_at, generated, mcp, active) VALUES ('81d73176-2cbc-42ac-9271-d0f148fc3255', 'be742589-263f-42ac-b491-3bdf62f88caf', '2026-02-27T00:00:00.000000+00:00', false, false, true) ON CONFLICT (tool_id, args_id) DO NOTHING;
INSERT INTO public.tool_args_junction (tool_id, args_id, created_at, generated, mcp, active) VALUES ('81d73176-2cbc-42ac-9271-d0f148fc3255', '8ed8f1f8-b0bb-460c-8133-8ef9b1ead0f4', '2026-02-27T00:00:00.000000+00:00', false, false, true) ON CONFLICT (tool_id, args_id) DO NOTHING;
INSERT INTO public.tool_args_junction (tool_id, args_id, created_at, generated, mcp, active) VALUES ('81d73176-2cbc-42ac-9271-d0f148fc3255', '7a16448f-d5d6-40ae-8a38-5d17ee6da677', '2026-02-27T00:00:00.000000+00:00', false, false, true) ON CONFLICT (tool_id, args_id) DO NOTHING;
INSERT INTO public.tool_args_junction (tool_id, args_id, created_at, generated, mcp, active) VALUES ('81d73176-2cbc-42ac-9271-d0f148fc3255', 'e5e13aec-79b9-438a-a593-303887ca528d', '2026-02-27T00:00:00.000000+00:00', false, false, true) ON CONFLICT (tool_id, args_id) DO NOTHING;
INSERT INTO public.tool_args_junction (tool_id, args_id, created_at, generated, mcp, active) VALUES ('81d73176-2cbc-42ac-9271-d0f148fc3255', 'cc4ba0a6-21aa-4876-9639-47aace988c27', '2026-02-27T00:00:00.000000+00:00', false, false, true) ON CONFLICT (tool_id, args_id) DO NOTHING;
INSERT INTO public.tool_args_junction (tool_id, args_id, created_at, generated, mcp, active) VALUES ('81d73176-2cbc-42ac-9271-d0f148fc3255', '563cc992-b98b-495b-9deb-6b33da63fdbc', '2026-02-27T00:00:00.000000+00:00', false, false, true) ON CONFLICT (tool_id, args_id) DO NOTHING;
-- tool_args_outputs_junction
INSERT INTO public.tool_args_outputs_junction (tool_id, args_outputs_id, created_at, generated, mcp, active) VALUES ('81d73176-2cbc-42ac-9271-d0f148fc3255', 'f886fbb0-f46f-43de-9c79-e1d2ceb4fd0e', '2026-02-27T00:00:00.000000+00:00', false, false, true) ON CONFLICT (tool_id, args_outputs_id) DO NOTHING;
INSERT INTO public.tool_args_outputs_junction (tool_id, args_outputs_id, created_at, generated, mcp, active) VALUES ('81d73176-2cbc-42ac-9271-d0f148fc3255', '8a3c0175-cb8f-41ed-94f2-352e42b76927', '2026-02-27T00:00:00.000000+00:00', false, false, true) ON CONFLICT (tool_id, args_outputs_id) DO NOTHING;
INSERT INTO public.tool_args_outputs_junction (tool_id, args_outputs_id, created_at, generated, mcp, active) VALUES ('81d73176-2cbc-42ac-9271-d0f148fc3255', '109c8d05-035d-45e2-b0e7-f6e768f1e108', '2026-02-27T00:00:00.000000+00:00', false, false, true) ON CONFLICT (tool_id, args_outputs_id) DO NOTHING;
INSERT INTO public.tool_args_outputs_junction (tool_id, args_outputs_id, created_at, generated, mcp, active) VALUES ('81d73176-2cbc-42ac-9271-d0f148fc3255', '29dba445-6245-4a6b-81e2-eeefb59efaea', '2026-02-27T00:00:00.000000+00:00', false, false, true) ON CONFLICT (tool_id, args_outputs_id) DO NOTHING;
INSERT INTO public.tool_args_outputs_junction (tool_id, args_outputs_id, created_at, generated, mcp, active) VALUES ('81d73176-2cbc-42ac-9271-d0f148fc3255', '77c78caf-9712-4488-8866-85dd2654d441', '2026-02-27T00:00:00.000000+00:00', false, false, true) ON CONFLICT (tool_id, args_outputs_id) DO NOTHING;
INSERT INTO public.tool_args_outputs_junction (tool_id, args_outputs_id, created_at, generated, mcp, active) VALUES ('81d73176-2cbc-42ac-9271-d0f148fc3255', '91d326ea-8504-4cc7-97ff-ccc061f76a3a', '2026-02-27T00:00:00.000000+00:00', false, false, true) ON CONFLICT (tool_id, args_outputs_id) DO NOTHING;
-- tool_entries_junction
INSERT INTO public.tool_entries_junction (tool_id, entry_id, active, created_at, generated, mcp) VALUES ('81d73176-2cbc-42ac-9271-d0f148fc3255', 'bbb9e0c1-ae92-46ce-838e-55fc991c9895', true, '2026-02-27T00:00:00.000000+00:00', false, false) ON CONFLICT (tool_id, entry_id) DO NOTHING;
-- tool_descriptions_junction
INSERT INTO public.tool_descriptions_junction (tool_id, description_id, created_at, generated, mcp, active) VALUES ('81d73176-2cbc-42ac-9271-d0f148fc3255', '152587af-485b-437a-8980-d8e7ca964c0c', '2026-02-27T00:00:00.000000+00:00', false, false, true) ON CONFLICT (tool_id, description_id) DO NOTHING;
-- tool_flags_junction
INSERT INTO public.tool_flags_junction (tool_id, flag_id, value, created_at, generated, mcp, active) VALUES ('81d73176-2cbc-42ac-9271-d0f148fc3255', '019be334-bfc6-74fb-be11-ea6b522945bb', true, '2026-02-27T00:00:00.000000+00:00', false, false, true) ON CONFLICT (tool_id, flag_id) DO NOTHING;
-- tool_operations_junction
INSERT INTO public.tool_operations_junction (tool_id, operation_id, created_at, active, generated, mcp) VALUES ('81d73176-2cbc-42ac-9271-d0f148fc3255', '019d0000-0001-7000-8000-000000000002', '2026-02-27T00:00:00.000000+00:00', true, false, false) ON CONFLICT (tool_id, operation_id) DO NOTHING;
-- tool_names_junction
INSERT INTO public.tool_names_junction (tool_id, name_id, created_at, generated, mcp, active) VALUES ('81d73176-2cbc-42ac-9271-d0f148fc3255', '5fa2f380-2be0-4ea9-912a-3c5b6418364c', '2026-02-27T00:00:00.000000+00:00', false, false, true) ON CONFLICT (tool_id, name_id) DO NOTHING;
-- tool_tools_junction
INSERT INTO public.tool_tools_junction (tool_id, tools_id, active, created_at, generated, mcp) VALUES ('81d73176-2cbc-42ac-9271-d0f148fc3255', 'c43130fd-110f-40c4-b63c-8fddd02dcdf4', true, '2026-02-27T00:00:00.000000+00:00', false, false) ON CONFLICT (tool_id, tools_id) DO NOTHING;
