-- Module: create_test_grade
-- Category: tool
-- Description: create_test_grade MCP tool
-- ============================================================


-- Entry resource
INSERT INTO public.entries_resource (id, entry, created_at, active, generated, mcp) VALUES ('eefad120-6919-47f9-a72e-40052d7b804d', 'test_grades', '2026-02-27T00:00:00.000000+00:00', true, false, false) ON CONFLICT (id) DO NOTHING;

-- Resource rows
INSERT INTO public.args_resource (id, name, description, field_type, required, default_value, created_at, active, generated, mcp) VALUES ('10f15ddc-0b4e-437b-8f18-c2aef2c7d579', 'call_id', '', 'string', false, '', '2026-02-27T00:00:00.000000+00:00', true, false, false) ON CONFLICT (id) DO NOTHING;
INSERT INTO public.arg_positions_resource (id, args_id, value, created_at, active, generated, mcp) VALUES ('6adbd996-5000-4e68-b5ad-dd09d362cf4b', '10f15ddc-0b4e-437b-8f18-c2aef2c7d579', 0, '2026-02-27T00:00:00.000000+00:00', true, false, false) ON CONFLICT (id) DO NOTHING;
INSERT INTO public.args_outputs_resource (id, args_id, name, template, created_at, active, generated, mcp) VALUES ('1da8d6ce-17e4-4d4c-bac5-fc88b197cc72', '10f15ddc-0b4e-437b-8f18-c2aef2c7d579', 'call_id', '{{ call_id }}', '2026-02-27T00:00:00.000000+00:00', true, false, false) ON CONFLICT (id) DO NOTHING;
INSERT INTO public.args_resource (id, name, description, field_type, required, default_value, created_at, active, generated, mcp) VALUES ('873d64af-5ed5-4c4f-b926-36a5c6e87ff8', 'invocation_id', '', 'string', true, '', '2026-02-27T00:00:00.000000+00:00', true, false, false) ON CONFLICT (id) DO NOTHING;
INSERT INTO public.arg_positions_resource (id, args_id, value, created_at, active, generated, mcp) VALUES ('dc177bdd-cdc7-4f6a-a3c5-aadc212df577', '873d64af-5ed5-4c4f-b926-36a5c6e87ff8', 1, '2026-02-27T00:00:00.000000+00:00', true, false, false) ON CONFLICT (id) DO NOTHING;
INSERT INTO public.args_outputs_resource (id, args_id, name, template, created_at, active, generated, mcp) VALUES ('2a7a978a-47f9-4c3f-9f19-4dcf9e19d25a', '873d64af-5ed5-4c4f-b926-36a5c6e87ff8', 'invocation_id', '{{ invocation_id }}', '2026-02-27T00:00:00.000000+00:00', true, false, false) ON CONFLICT (id) DO NOTHING;
INSERT INTO public.args_resource (id, name, description, field_type, required, default_value, created_at, active, generated, mcp) VALUES ('3f11daed-8b31-4e67-8cf9-4a0ab3b7d2a5', 'run_id', '', 'string', false, '', '2026-02-27T00:00:00.000000+00:00', true, false, false) ON CONFLICT (id) DO NOTHING;
INSERT INTO public.arg_positions_resource (id, args_id, value, created_at, active, generated, mcp) VALUES ('0d70c351-7949-4347-ac30-859efe0dc232', '3f11daed-8b31-4e67-8cf9-4a0ab3b7d2a5', 2, '2026-02-27T00:00:00.000000+00:00', true, false, false) ON CONFLICT (id) DO NOTHING;
INSERT INTO public.args_outputs_resource (id, args_id, name, template, created_at, active, generated, mcp) VALUES ('273d1979-e462-42d6-bc93-59a0abf9c2fa', '3f11daed-8b31-4e67-8cf9-4a0ab3b7d2a5', 'run_id', '{{ run_id }}', '2026-02-27T00:00:00.000000+00:00', true, false, false) ON CONFLICT (id) DO NOTHING;
INSERT INTO public.args_resource (id, name, description, field_type, required, default_value, created_at, active, generated, mcp) VALUES ('0e84fb79-0290-445d-a941-917e57eb4a84', 'passed', '', 'boolean', true, '', '2026-02-27T00:00:00.000000+00:00', true, false, false) ON CONFLICT (id) DO NOTHING;
INSERT INTO public.arg_positions_resource (id, args_id, value, created_at, active, generated, mcp) VALUES ('9be56433-0bd2-4fe2-be37-5e7b2aceb670', '0e84fb79-0290-445d-a941-917e57eb4a84', 3, '2026-02-27T00:00:00.000000+00:00', true, false, false) ON CONFLICT (id) DO NOTHING;
INSERT INTO public.args_outputs_resource (id, args_id, name, template, created_at, active, generated, mcp) VALUES ('3fbb3aac-34ba-4797-898d-ef08cb9b9938', '0e84fb79-0290-445d-a941-917e57eb4a84', 'passed', '{{ passed }}', '2026-02-27T00:00:00.000000+00:00', true, false, false) ON CONFLICT (id) DO NOTHING;
INSERT INTO public.args_resource (id, name, description, field_type, required, default_value, created_at, active, generated, mcp) VALUES ('7fdeb1b3-5df5-4c7c-8a83-e92abfc610d6', 'score', '', 'number', true, '', '2026-02-27T00:00:00.000000+00:00', true, false, false) ON CONFLICT (id) DO NOTHING;
INSERT INTO public.arg_positions_resource (id, args_id, value, created_at, active, generated, mcp) VALUES ('f401f90c-b3ed-4ab2-9ff7-1002f65540fd', '7fdeb1b3-5df5-4c7c-8a83-e92abfc610d6', 4, '2026-02-27T00:00:00.000000+00:00', true, false, false) ON CONFLICT (id) DO NOTHING;
INSERT INTO public.args_outputs_resource (id, args_id, name, template, created_at, active, generated, mcp) VALUES ('82368f4f-b146-4af8-96d8-598db06f8707', '7fdeb1b3-5df5-4c7c-8a83-e92abfc610d6', 'score', '{{ score }}', '2026-02-27T00:00:00.000000+00:00', true, false, false) ON CONFLICT (id) DO NOTHING;
INSERT INTO public.args_resource (id, name, description, field_type, required, default_value, created_at, active, generated, mcp) VALUES ('c69bc4d6-dc15-4c6e-9da0-1f4ff39974b5', 'time_taken', '', 'number', false, '', '2026-02-27T00:00:00.000000+00:00', true, false, false) ON CONFLICT (id) DO NOTHING;
INSERT INTO public.arg_positions_resource (id, args_id, value, created_at, active, generated, mcp) VALUES ('f2164c90-0363-4024-91a5-57509f0ecbd5', 'c69bc4d6-dc15-4c6e-9da0-1f4ff39974b5', 5, '2026-02-27T00:00:00.000000+00:00', true, false, false) ON CONFLICT (id) DO NOTHING;
INSERT INTO public.args_outputs_resource (id, args_id, name, template, created_at, active, generated, mcp) VALUES ('828ef430-692a-4491-8cc2-2d0f2e17a41f', 'c69bc4d6-dc15-4c6e-9da0-1f4ff39974b5', 'time_taken', '{{ time_taken }}', '2026-02-27T00:00:00.000000+00:00', true, false, false) ON CONFLICT (id) DO NOTHING;
INSERT INTO public.descriptions_resource (id, description, created_at, active, generated, mcp) VALUES ('9e16bd70-2722-4ffe-bfd3-b3926e5a7c8b', 'Create a new test grade entry', '2026-02-27T00:00:00.000000+00:00', true, false, false) ON CONFLICT (id) DO NOTHING;
INSERT INTO public.names_resource (id, name, created_at, active, generated, mcp) VALUES ('7a2111cf-317e-442f-9d95-fb005de6e05a', 'create_test_grade', '2026-02-27T00:00:00.000000+00:00', true, false, false) ON CONFLICT (id) DO NOTHING;
INSERT INTO public.tools_resource (id, created_at, generated, mcp, active, name, description, department_ids, operation, args_ids, args_output_ids, resources, entries, artifacts) VALUES ('850b12ff-a1e7-4b59-b64b-6944847e19e4', '2026-02-27T00:00:00.000000+00:00', false, false, true, 'create_test_grade', 'Create a new test grade entry', '{}', 'create', '{10f15ddc-0b4e-437b-8f18-c2aef2c7d579,873d64af-5ed5-4c4f-b926-36a5c6e87ff8,3f11daed-8b31-4e67-8cf9-4a0ab3b7d2a5,0e84fb79-0290-445d-a941-917e57eb4a84,7fdeb1b3-5df5-4c7c-8a83-e92abfc610d6,c69bc4d6-dc15-4c6e-9da0-1f4ff39974b5}', '{1da8d6ce-17e4-4d4c-bac5-fc88b197cc72,2a7a978a-47f9-4c3f-9f19-4dcf9e19d25a,273d1979-e462-42d6-bc93-59a0abf9c2fa,3fbb3aac-34ba-4797-898d-ef08cb9b9938,82368f4f-b146-4af8-96d8-598db06f8707,828ef430-692a-4491-8cc2-2d0f2e17a41f}', '{}'::text[], '{test_grades}'::text[], '{}'::text[]) ON CONFLICT (id) DO NOTHING;

-- Artifact
-- tool_artifact
INSERT INTO public.tool_artifact (id, created_at, updated_at, generated, mcp) VALUES ('7d2cdf61-d8b2-4d43-88d6-b5b485174d85', '2026-02-27T00:00:00.000000+00:00', '2026-02-27T00:00:00.000000+00:00', false, false) ON CONFLICT (id) DO NOTHING;

-- Junctions
-- tool_arg_positions_junction
INSERT INTO public.tool_arg_positions_junction (tool_id, arg_positions_id, created_at, active, generated, mcp) VALUES ('7d2cdf61-d8b2-4d43-88d6-b5b485174d85', '6adbd996-5000-4e68-b5ad-dd09d362cf4b', '2026-02-27T00:00:00.000000+00:00', true, false, false) ON CONFLICT (tool_id, arg_positions_id) DO NOTHING;
INSERT INTO public.tool_arg_positions_junction (tool_id, arg_positions_id, created_at, active, generated, mcp) VALUES ('7d2cdf61-d8b2-4d43-88d6-b5b485174d85', 'dc177bdd-cdc7-4f6a-a3c5-aadc212df577', '2026-02-27T00:00:00.000000+00:00', true, false, false) ON CONFLICT (tool_id, arg_positions_id) DO NOTHING;
INSERT INTO public.tool_arg_positions_junction (tool_id, arg_positions_id, created_at, active, generated, mcp) VALUES ('7d2cdf61-d8b2-4d43-88d6-b5b485174d85', '0d70c351-7949-4347-ac30-859efe0dc232', '2026-02-27T00:00:00.000000+00:00', true, false, false) ON CONFLICT (tool_id, arg_positions_id) DO NOTHING;
INSERT INTO public.tool_arg_positions_junction (tool_id, arg_positions_id, created_at, active, generated, mcp) VALUES ('7d2cdf61-d8b2-4d43-88d6-b5b485174d85', '9be56433-0bd2-4fe2-be37-5e7b2aceb670', '2026-02-27T00:00:00.000000+00:00', true, false, false) ON CONFLICT (tool_id, arg_positions_id) DO NOTHING;
INSERT INTO public.tool_arg_positions_junction (tool_id, arg_positions_id, created_at, active, generated, mcp) VALUES ('7d2cdf61-d8b2-4d43-88d6-b5b485174d85', 'f401f90c-b3ed-4ab2-9ff7-1002f65540fd', '2026-02-27T00:00:00.000000+00:00', true, false, false) ON CONFLICT (tool_id, arg_positions_id) DO NOTHING;
INSERT INTO public.tool_arg_positions_junction (tool_id, arg_positions_id, created_at, active, generated, mcp) VALUES ('7d2cdf61-d8b2-4d43-88d6-b5b485174d85', 'f2164c90-0363-4024-91a5-57509f0ecbd5', '2026-02-27T00:00:00.000000+00:00', true, false, false) ON CONFLICT (tool_id, arg_positions_id) DO NOTHING;
-- tool_args_junction
INSERT INTO public.tool_args_junction (tool_id, args_id, created_at, generated, mcp, active) VALUES ('7d2cdf61-d8b2-4d43-88d6-b5b485174d85', '10f15ddc-0b4e-437b-8f18-c2aef2c7d579', '2026-02-27T00:00:00.000000+00:00', false, false, true) ON CONFLICT (tool_id, args_id) DO NOTHING;
INSERT INTO public.tool_args_junction (tool_id, args_id, created_at, generated, mcp, active) VALUES ('7d2cdf61-d8b2-4d43-88d6-b5b485174d85', '873d64af-5ed5-4c4f-b926-36a5c6e87ff8', '2026-02-27T00:00:00.000000+00:00', false, false, true) ON CONFLICT (tool_id, args_id) DO NOTHING;
INSERT INTO public.tool_args_junction (tool_id, args_id, created_at, generated, mcp, active) VALUES ('7d2cdf61-d8b2-4d43-88d6-b5b485174d85', '3f11daed-8b31-4e67-8cf9-4a0ab3b7d2a5', '2026-02-27T00:00:00.000000+00:00', false, false, true) ON CONFLICT (tool_id, args_id) DO NOTHING;
INSERT INTO public.tool_args_junction (tool_id, args_id, created_at, generated, mcp, active) VALUES ('7d2cdf61-d8b2-4d43-88d6-b5b485174d85', '0e84fb79-0290-445d-a941-917e57eb4a84', '2026-02-27T00:00:00.000000+00:00', false, false, true) ON CONFLICT (tool_id, args_id) DO NOTHING;
INSERT INTO public.tool_args_junction (tool_id, args_id, created_at, generated, mcp, active) VALUES ('7d2cdf61-d8b2-4d43-88d6-b5b485174d85', '7fdeb1b3-5df5-4c7c-8a83-e92abfc610d6', '2026-02-27T00:00:00.000000+00:00', false, false, true) ON CONFLICT (tool_id, args_id) DO NOTHING;
INSERT INTO public.tool_args_junction (tool_id, args_id, created_at, generated, mcp, active) VALUES ('7d2cdf61-d8b2-4d43-88d6-b5b485174d85', 'c69bc4d6-dc15-4c6e-9da0-1f4ff39974b5', '2026-02-27T00:00:00.000000+00:00', false, false, true) ON CONFLICT (tool_id, args_id) DO NOTHING;
-- tool_args_outputs_junction
INSERT INTO public.tool_args_outputs_junction (tool_id, args_outputs_id, created_at, generated, mcp, active) VALUES ('7d2cdf61-d8b2-4d43-88d6-b5b485174d85', '1da8d6ce-17e4-4d4c-bac5-fc88b197cc72', '2026-02-27T00:00:00.000000+00:00', false, false, true) ON CONFLICT (tool_id, args_outputs_id) DO NOTHING;
INSERT INTO public.tool_args_outputs_junction (tool_id, args_outputs_id, created_at, generated, mcp, active) VALUES ('7d2cdf61-d8b2-4d43-88d6-b5b485174d85', '2a7a978a-47f9-4c3f-9f19-4dcf9e19d25a', '2026-02-27T00:00:00.000000+00:00', false, false, true) ON CONFLICT (tool_id, args_outputs_id) DO NOTHING;
INSERT INTO public.tool_args_outputs_junction (tool_id, args_outputs_id, created_at, generated, mcp, active) VALUES ('7d2cdf61-d8b2-4d43-88d6-b5b485174d85', '273d1979-e462-42d6-bc93-59a0abf9c2fa', '2026-02-27T00:00:00.000000+00:00', false, false, true) ON CONFLICT (tool_id, args_outputs_id) DO NOTHING;
INSERT INTO public.tool_args_outputs_junction (tool_id, args_outputs_id, created_at, generated, mcp, active) VALUES ('7d2cdf61-d8b2-4d43-88d6-b5b485174d85', '3fbb3aac-34ba-4797-898d-ef08cb9b9938', '2026-02-27T00:00:00.000000+00:00', false, false, true) ON CONFLICT (tool_id, args_outputs_id) DO NOTHING;
INSERT INTO public.tool_args_outputs_junction (tool_id, args_outputs_id, created_at, generated, mcp, active) VALUES ('7d2cdf61-d8b2-4d43-88d6-b5b485174d85', '82368f4f-b146-4af8-96d8-598db06f8707', '2026-02-27T00:00:00.000000+00:00', false, false, true) ON CONFLICT (tool_id, args_outputs_id) DO NOTHING;
INSERT INTO public.tool_args_outputs_junction (tool_id, args_outputs_id, created_at, generated, mcp, active) VALUES ('7d2cdf61-d8b2-4d43-88d6-b5b485174d85', '828ef430-692a-4491-8cc2-2d0f2e17a41f', '2026-02-27T00:00:00.000000+00:00', false, false, true) ON CONFLICT (tool_id, args_outputs_id) DO NOTHING;
-- tool_entries_junction
INSERT INTO public.tool_entries_junction (tool_id, entry_id, active, created_at, generated, mcp) VALUES ('7d2cdf61-d8b2-4d43-88d6-b5b485174d85', 'eefad120-6919-47f9-a72e-40052d7b804d', true, '2026-02-27T00:00:00.000000+00:00', false, false) ON CONFLICT (tool_id, entry_id) DO NOTHING;
-- tool_descriptions_junction
INSERT INTO public.tool_descriptions_junction (tool_id, description_id, created_at, generated, mcp, active) VALUES ('7d2cdf61-d8b2-4d43-88d6-b5b485174d85', '9e16bd70-2722-4ffe-bfd3-b3926e5a7c8b', '2026-02-27T00:00:00.000000+00:00', false, false, true) ON CONFLICT (tool_id, description_id) DO NOTHING;
-- tool_flags_junction
INSERT INTO public.tool_flags_junction (tool_id, flag_id, created_at, generated, mcp, active) VALUES ('7d2cdf61-d8b2-4d43-88d6-b5b485174d85', '019be334-bfc6-74fb-be11-ea6b522945bb', '2026-02-27T00:00:00.000000+00:00', false, false, true) ON CONFLICT (tool_id, flag_id) DO NOTHING;
-- tool_operations_junction
INSERT INTO public.tool_operations_junction (tool_id, operation_id, created_at, active, generated, mcp) VALUES ('7d2cdf61-d8b2-4d43-88d6-b5b485174d85', '019d0000-0001-7000-8000-000000000002', '2026-02-27T00:00:00.000000+00:00', true, false, false) ON CONFLICT (tool_id, operation_id) DO NOTHING;
-- tool_names_junction
INSERT INTO public.tool_names_junction (tool_id, name_id, created_at, generated, mcp, active) VALUES ('7d2cdf61-d8b2-4d43-88d6-b5b485174d85', '7a2111cf-317e-442f-9d95-fb005de6e05a', '2026-02-27T00:00:00.000000+00:00', false, false, true) ON CONFLICT (tool_id, name_id) DO NOTHING;
-- tool_tools_junction
INSERT INTO public.tool_tools_junction (tool_id, tools_id, active, created_at, generated, mcp) VALUES ('7d2cdf61-d8b2-4d43-88d6-b5b485174d85', '850b12ff-a1e7-4b59-b64b-6944847e19e4', true, '2026-02-27T00:00:00.000000+00:00', false, false) ON CONFLICT (tool_id, tools_id) DO NOTHING;
