-- Module: create_groups_rubric_grade_agents
-- Category: tool
-- Description: create_groups_rubric_grade_agents MCP tool
-- ============================================================


-- Resource rows
INSERT INTO public.args_resource (id, name, description, field_type, required, default_value, created_at, active, generated, mcp) VALUES ('019bbf87-091f-731c-a2f6-8ffc74d94378', 'rubric_id', '', 'string', true, '', '2026-01-13T02:51:36.014392+00:00', true, false, false) ON CONFLICT (id) DO NOTHING;
INSERT INTO public.arg_positions_resource (id, args_id, value, created_at, active, generated, mcp) VALUES ('019c4e6b-2c29-7898-a848-20d4d437c19d', '019bbf87-091f-731c-a2f6-8ffc74d94378', 0, '2026-02-11T20:36:12.457770+00:00', true, false, false) ON CONFLICT (id) DO NOTHING;
INSERT INTO public.args_resource (id, name, description, field_type, required, default_value, created_at, active, generated, mcp) VALUES ('019bbf87-091f-741e-9750-ffa018c4a030', 'active', '', 'boolean', true, 'true', '2026-01-13T03:25:29.718071+00:00', true, false, false) ON CONFLICT (id) DO NOTHING;
INSERT INTO public.arg_positions_resource (id, args_id, value, created_at, active, generated, mcp) VALUES ('019c4e6b-2c29-789f-a2e6-ae807055853c', '019bbf87-091f-741e-9750-ffa018c4a030', 1, '2026-02-11T20:36:12.457770+00:00', true, false, false) ON CONFLICT (id) DO NOTHING;
INSERT INTO public.args_resource (id, name, description, field_type, required, default_value, created_at, active, generated, mcp) VALUES ('019bbf87-091f-733e-8921-a259f7a4a804', 'grade_agent_id', '', 'string', true, '', '2026-01-13T02:51:36.014392+00:00', true, false, false) ON CONFLICT (id) DO NOTHING;
INSERT INTO public.arg_positions_resource (id, args_id, value, created_at, active, generated, mcp) VALUES ('019c4e6b-2c29-78a0-9001-c1a55ea77f80', '019bbf87-091f-733e-8921-a259f7a4a804', 2, '2026-02-11T20:36:12.457770+00:00', true, false, false) ON CONFLICT (id) DO NOTHING;
INSERT INTO public.args_resource (id, name, description, field_type, required, default_value, created_at, active, generated, mcp) VALUES ('019bbf87-091f-7363-a53b-59c0c5d9656b', 'agent_id', '', 'string', true, '', '2026-01-13T02:51:36.014392+00:00', true, false, false) ON CONFLICT (id) DO NOTHING;
INSERT INTO public.arg_positions_resource (id, args_id, value, created_at, active, generated, mcp) VALUES ('019c4e6b-2c29-78a4-a9ca-f99ae4daf329', '019bbf87-091f-7363-a53b-59c0c5d9656b', 3, '2026-02-11T20:36:12.457770+00:00', true, false, false) ON CONFLICT (id) DO NOTHING;
INSERT INTO public.args_outputs_resource (id, args_id, name, template, created_at, active, generated, mcp) VALUES ('019bbf87-0966-7034-9f1e-9aa5955a38aa', '019bbf87-091f-731c-a2f6-8ffc74d94378', 'id', '{{ rubric_id }}', '2026-01-13T02:51:36.014392+00:00', true, false, false) ON CONFLICT (id) DO NOTHING;
INSERT INTO public.args_outputs_resource (id, args_id, name, template, created_at, active, generated, mcp) VALUES ('019bbf87-0966-70de-ae41-beb4dd620fe1', '019bbf87-091f-733e-8921-a259f7a4a804', 'grade_agent_id', '{{ grade_agent_id }}', '2026-01-13T02:51:36.014392+00:00', true, false, false) ON CONFLICT (id) DO NOTHING;
INSERT INTO public.args_outputs_resource (id, args_id, name, template, created_at, active, generated, mcp) VALUES ('019bbf87-0966-7185-b960-c6c580ea7096', '019bbf87-091f-7363-a53b-59c0c5d9656b', 'id', '{{ agent_id }}', '2026-01-13T02:51:36.014392+00:00', true, false, false) ON CONFLICT (id) DO NOTHING;
INSERT INTO public.args_outputs_resource (id, args_id, name, template, created_at, active, generated, mcp) VALUES ('019bbf87-0965-723f-9fa6-99aaa445f4fc', '019bbf87-091f-741e-9750-ffa018c4a030', 'active', '{{ active }}', '2026-01-14T18:39:46.698365+00:00', true, false, false) ON CONFLICT (id) DO NOTHING;
INSERT INTO public.descriptions_resource (id, description, created_at, active, generated, mcp) VALUES ('019bbdce-8403-74f0-9da1-572a2a8d08e6', 'Create a new groups_rubric_grade_agents resource', '2026-01-14T18:39:46.667548+00:00', true, false, false) ON CONFLICT (id) DO NOTHING;
INSERT INTO public.names_resource (id, name, created_at, active, generated, mcp) VALUES ('019bbdce-8403-730a-b3f4-aa63f877a110', 'create_groups_rubric_grade_agents', '2026-01-14T18:39:46.667548+00:00', true, false, false) ON CONFLICT (id) DO NOTHING;
INSERT INTO public.tools_resource (id, created_at, generated, mcp, active, name, description, department_ids, createable, args_ids, args_output_ids, resource, entry, artifact) VALUES ('019bebc4-d436-7ce3-babd-f4ea7d97e54c', '2026-01-17T17:58:56.053417+00:00', false, false, true, 'create_groups_rubric_grade_agents', 'Create a new groups_rubric_grade_agents resource', '{}', true, '{019bbf87-091f-7363-a53b-59c0c5d9656b,019bbf87-091f-733e-8921-a259f7a4a804,019bbf87-091f-731c-a2f6-8ffc74d94378,019bbf87-091f-741e-9750-ffa018c4a030}', '{019bbf87-0966-7034-9f1e-9aa5955a38aa,019bbf87-0966-70de-ae41-beb4dd620fe1,019bbf87-0966-7185-b960-c6c580ea7096,019bbf87-0965-723f-9fa6-99aaa445f4fc}', 'group_rubrics', NULL, NULL) ON CONFLICT (id) DO NOTHING;

-- Artifact
-- tool_artifact
INSERT INTO public.tool_artifact (id, created_at, updated_at, generated, mcp) VALUES ('019bbdce-8403-7263-882c-cdc0fce2012b', '2026-01-14T18:39:46.667548+00:00', '2026-01-14T18:39:46.667548+00:00', false, false) ON CONFLICT (id) DO NOTHING;

-- Junctions
-- tool_arg_positions_junction
INSERT INTO public.tool_arg_positions_junction (tool_id, arg_positions_id, created_at, active, generated, mcp) VALUES ('019bbdce-8403-7263-882c-cdc0fce2012b', '019c4e6b-2c29-7898-a848-20d4d437c19d', '2026-02-11T20:36:12.459709+00:00', true, false, false) ON CONFLICT (tool_id, arg_positions_id) DO NOTHING;
INSERT INTO public.tool_arg_positions_junction (tool_id, arg_positions_id, created_at, active, generated, mcp) VALUES ('019bbdce-8403-7263-882c-cdc0fce2012b', '019c4e6b-2c29-789f-a2e6-ae807055853c', '2026-02-11T20:36:12.459709+00:00', true, false, false) ON CONFLICT (tool_id, arg_positions_id) DO NOTHING;
INSERT INTO public.tool_arg_positions_junction (tool_id, arg_positions_id, created_at, active, generated, mcp) VALUES ('019bbdce-8403-7263-882c-cdc0fce2012b', '019c4e6b-2c29-78a0-9001-c1a55ea77f80', '2026-02-11T20:36:12.459709+00:00', true, false, false) ON CONFLICT (tool_id, arg_positions_id) DO NOTHING;
INSERT INTO public.tool_arg_positions_junction (tool_id, arg_positions_id, created_at, active, generated, mcp) VALUES ('019bbdce-8403-7263-882c-cdc0fce2012b', '019c4e6b-2c29-78a4-a9ca-f99ae4daf329', '2026-02-11T20:36:12.459709+00:00', true, false, false) ON CONFLICT (tool_id, arg_positions_id) DO NOTHING;
-- tool_args_junction
INSERT INTO public.tool_args_junction (tool_id, args_id, created_at, generated, mcp, active) VALUES ('019bbdce-8403-7263-882c-cdc0fce2012b', '019bbf87-091f-7363-a53b-59c0c5d9656b', '2026-01-14T18:39:46.747769+00:00', false, false, true) ON CONFLICT (tool_id, args_id) DO NOTHING;
INSERT INTO public.tool_args_junction (tool_id, args_id, created_at, generated, mcp, active) VALUES ('019bbdce-8403-7263-882c-cdc0fce2012b', '019bbf87-091f-733e-8921-a259f7a4a804', '2026-01-14T18:39:46.747769+00:00', false, false, true) ON CONFLICT (tool_id, args_id) DO NOTHING;
INSERT INTO public.tool_args_junction (tool_id, args_id, created_at, generated, mcp, active) VALUES ('019bbdce-8403-7263-882c-cdc0fce2012b', '019bbf87-091f-731c-a2f6-8ffc74d94378', '2026-01-14T18:39:46.747769+00:00', false, false, true) ON CONFLICT (tool_id, args_id) DO NOTHING;
INSERT INTO public.tool_args_junction (tool_id, args_id, created_at, generated, mcp, active) VALUES ('019bbdce-8403-7263-882c-cdc0fce2012b', '019bbf87-091f-741e-9750-ffa018c4a030', '2026-01-14T18:39:46.747769+00:00', false, false, true) ON CONFLICT (tool_id, args_id) DO NOTHING;
-- tool_args_outputs_junction
INSERT INTO public.tool_args_outputs_junction (tool_id, args_outputs_id, created_at, generated, mcp, active) VALUES ('019bbdce-8403-7263-882c-cdc0fce2012b', '019bbf87-0966-7034-9f1e-9aa5955a38aa', '2026-01-15T02:40:56.673612+00:00', false, false, true) ON CONFLICT (tool_id, args_outputs_id) DO NOTHING;
INSERT INTO public.tool_args_outputs_junction (tool_id, args_outputs_id, created_at, generated, mcp, active) VALUES ('019bbdce-8403-7263-882c-cdc0fce2012b', '019bbf87-0966-70de-ae41-beb4dd620fe1', '2026-01-15T02:40:56.673612+00:00', false, false, true) ON CONFLICT (tool_id, args_outputs_id) DO NOTHING;
INSERT INTO public.tool_args_outputs_junction (tool_id, args_outputs_id, created_at, generated, mcp, active) VALUES ('019bbdce-8403-7263-882c-cdc0fce2012b', '019bbf87-0966-7185-b960-c6c580ea7096', '2026-01-15T02:40:56.673612+00:00', false, false, true) ON CONFLICT (tool_id, args_outputs_id) DO NOTHING;
INSERT INTO public.tool_args_outputs_junction (tool_id, args_outputs_id, created_at, generated, mcp, active) VALUES ('019bbdce-8403-7263-882c-cdc0fce2012b', '019bbf87-0965-723f-9fa6-99aaa445f4fc', '2026-01-15T02:40:56.673612+00:00', false, false, true) ON CONFLICT (tool_id, args_outputs_id) DO NOTHING;
-- tool_descriptions_junction
INSERT INTO public.tool_descriptions_junction (tool_id, description_id, created_at, generated, mcp, active) VALUES ('019bbdce-8403-7263-882c-cdc0fce2012b', '019bbdce-8403-74f0-9da1-572a2a8d08e6', '2026-01-14T18:39:46.667548+00:00', false, false, true) ON CONFLICT (tool_id, description_id) DO NOTHING;
-- tool_domains_junction
INSERT INTO public.tool_domains_junction (tool_id, domain_id, active, created_at, generated, mcp) VALUES ('019bbdce-8403-7263-882c-cdc0fce2012b', '019c4f27-1789-7095-80b8-34474346622f', true, '2026-02-12T00:01:27.881501+00:00', false, false) ON CONFLICT (tool_id, domain_id) DO NOTHING;
-- tool_flags_junction
INSERT INTO public.tool_flags_junction (tool_id, flag_id, value, created_at, generated, mcp, active) VALUES ('019bbdce-8403-7263-882c-cdc0fce2012b', '019be334-bfc6-74fb-be11-ea6b522945bb', true, '2026-01-14T18:39:46.667548+00:00', false, false, true) ON CONFLICT (tool_id, flag_id) DO NOTHING;
INSERT INTO public.tool_flags_junction (tool_id, flag_id, value, created_at, generated, mcp, active) VALUES ('019bbdce-8403-7263-882c-cdc0fce2012b', 'df188f80-b6c5-46bc-b945-df1a40318de5', true, '2026-02-22T12:36:03.817884+00:00', false, false, true) ON CONFLICT (tool_id, flag_id) DO NOTHING;
-- tool_names_junction
INSERT INTO public.tool_names_junction (tool_id, name_id, created_at, generated, mcp, active) VALUES ('019bbdce-8403-7263-882c-cdc0fce2012b', '019bbdce-8403-730a-b3f4-aa63f877a110', '2026-01-14T18:39:46.667548+00:00', false, false, true) ON CONFLICT (tool_id, name_id) DO NOTHING;
-- tool_tools_junction
INSERT INTO public.tool_tools_junction (tool_id, tools_id, active, created_at, generated, mcp) VALUES ('019bbdce-8403-7263-882c-cdc0fce2012b', '019bebc4-d436-7ce3-babd-f4ea7d97e54c', true, '2026-01-17T17:58:56.053417+00:00', false, false) ON CONFLICT (tool_id, tools_id) DO NOTHING;
