-- Module: create_attempt_chat
-- Category: tool
-- Description: create_attempt_chat MCP tool
-- ============================================================


-- Entry resource
INSERT INTO public.entries_resource (id, entry, created_at, active, generated, mcp) VALUES ('a05e23ed-70b7-429e-b37d-95bac0df497a', 'attempt_chats', '2026-02-27T00:00:00.000000+00:00', true, false, false) ON CONFLICT (id) DO NOTHING;

-- Resource rows
INSERT INTO public.args_resource (id, name, description, field_type, required, default_value, created_at, active, generated, mcp) VALUES ('8e167206-a1ec-47ec-b987-ddef963a1335', 'title', '', 'string', false, '', '2026-02-27T00:00:00.000000+00:00', true, false, false) ON CONFLICT (id) DO NOTHING;
INSERT INTO public.arg_positions_resource (id, args_id, value, created_at, active, generated, mcp) VALUES ('4b224fa8-a0fb-4536-a2aa-27a468c4c399', '8e167206-a1ec-47ec-b987-ddef963a1335', 0, '2026-02-27T00:00:00.000000+00:00', true, false, false) ON CONFLICT (id) DO NOTHING;
INSERT INTO public.args_outputs_resource (id, args_id, name, template, created_at, active, generated, mcp) VALUES ('34db2c9f-5b38-4690-8d13-9d7abd1161cf', '8e167206-a1ec-47ec-b987-ddef963a1335', 'title', '{{ title }}', '2026-02-27T00:00:00.000000+00:00', true, false, false) ON CONFLICT (id) DO NOTHING;
INSERT INTO public.args_resource (id, name, description, field_type, required, default_value, created_at, active, generated, mcp) VALUES ('daaddfb6-23b4-47cf-a9ad-10817e5dad8a', 'group_id', '', 'string', false, '', '2026-02-27T00:00:00.000000+00:00', true, false, false) ON CONFLICT (id) DO NOTHING;
INSERT INTO public.arg_positions_resource (id, args_id, value, created_at, active, generated, mcp) VALUES ('8183826c-3e5c-4805-83c1-98ef42ca3c0e', 'daaddfb6-23b4-47cf-a9ad-10817e5dad8a', 1, '2026-02-27T00:00:00.000000+00:00', true, false, false) ON CONFLICT (id) DO NOTHING;
INSERT INTO public.args_outputs_resource (id, args_id, name, template, created_at, active, generated, mcp) VALUES ('0e85f0d3-0635-4ba2-9e7b-64e519839a35', 'daaddfb6-23b4-47cf-a9ad-10817e5dad8a', 'group_id', '{{ group_id }}', '2026-02-27T00:00:00.000000+00:00', true, false, false) ON CONFLICT (id) DO NOTHING;
INSERT INTO public.args_resource (id, name, description, field_type, required, default_value, created_at, active, generated, mcp) VALUES ('e0cae8af-bdb4-4dfe-b979-2f78781296cb', 'chat_id', '', 'string', true, '', '2026-02-27T00:00:00.000000+00:00', true, false, false) ON CONFLICT (id) DO NOTHING;
INSERT INTO public.arg_positions_resource (id, args_id, value, created_at, active, generated, mcp) VALUES ('73abcdf7-6a5a-4a92-97ac-15668d4ebb26', 'e0cae8af-bdb4-4dfe-b979-2f78781296cb', 2, '2026-02-27T00:00:00.000000+00:00', true, false, false) ON CONFLICT (id) DO NOTHING;
INSERT INTO public.args_outputs_resource (id, args_id, name, template, created_at, active, generated, mcp) VALUES ('1d75cb46-7363-45a7-a2d3-74e6836592b3', 'e0cae8af-bdb4-4dfe-b979-2f78781296cb', 'chat_id', '{{ chat_id }}', '2026-02-27T00:00:00.000000+00:00', true, false, false) ON CONFLICT (id) DO NOTHING;
INSERT INTO public.args_resource (id, name, description, field_type, required, default_value, created_at, active, generated, mcp) VALUES ('f7a1a0d6-539b-4c9c-9e26-486295d321b0', 'position', '', 'number', false, '0', '2026-02-27T00:00:00.000000+00:00', true, false, false) ON CONFLICT (id) DO NOTHING;
INSERT INTO public.arg_positions_resource (id, args_id, value, created_at, active, generated, mcp) VALUES ('84824e06-f5df-45be-a2d0-57563c7b8746', 'f7a1a0d6-539b-4c9c-9e26-486295d321b0', 3, '2026-02-27T00:00:00.000000+00:00', true, false, false) ON CONFLICT (id) DO NOTHING;
INSERT INTO public.args_outputs_resource (id, args_id, name, template, created_at, active, generated, mcp) VALUES ('b4fab372-dc1c-4d2e-a37a-a51108c75375', 'f7a1a0d6-539b-4c9c-9e26-486295d321b0', 'position', '{{ position }}', '2026-02-27T00:00:00.000000+00:00', true, false, false) ON CONFLICT (id) DO NOTHING;
INSERT INTO public.args_resource (id, name, description, field_type, required, default_value, created_at, active, generated, mcp) VALUES ('c4596ccb-448d-4afa-8048-4f0496a3404a', 'time_limit', '', 'number', false, '', '2026-02-27T00:00:00.000000+00:00', true, false, false) ON CONFLICT (id) DO NOTHING;
INSERT INTO public.arg_positions_resource (id, args_id, value, created_at, active, generated, mcp) VALUES ('1a80d438-bf39-46da-a50f-c716e0117df3', 'c4596ccb-448d-4afa-8048-4f0496a3404a', 4, '2026-02-27T00:00:00.000000+00:00', true, false, false) ON CONFLICT (id) DO NOTHING;
INSERT INTO public.args_outputs_resource (id, args_id, name, template, created_at, active, generated, mcp) VALUES ('3dcb424a-8981-41c1-be60-19678dbe4fff', 'c4596ccb-448d-4afa-8048-4f0496a3404a', 'time_limit', '{{ time_limit }}', '2026-02-27T00:00:00.000000+00:00', true, false, false) ON CONFLICT (id) DO NOTHING;
INSERT INTO public.args_resource (id, name, description, field_type, required, default_value, created_at, active, generated, mcp) VALUES ('45ebc57c-a78e-4628-bd2c-186052f36dfe', 'negative_time', '', 'boolean', false, 'false', '2026-02-27T00:00:00.000000+00:00', true, false, false) ON CONFLICT (id) DO NOTHING;
INSERT INTO public.arg_positions_resource (id, args_id, value, created_at, active, generated, mcp) VALUES ('5d2dc61d-568b-4b4e-8dd6-74f5b75cd195', '45ebc57c-a78e-4628-bd2c-186052f36dfe', 5, '2026-02-27T00:00:00.000000+00:00', true, false, false) ON CONFLICT (id) DO NOTHING;
INSERT INTO public.args_outputs_resource (id, args_id, name, template, created_at, active, generated, mcp) VALUES ('c6d1b31d-856f-4cc3-9f32-7b3a2591b0b8', '45ebc57c-a78e-4628-bd2c-186052f36dfe', 'negative_time', '{{ negative_time }}', '2026-02-27T00:00:00.000000+00:00', true, false, false) ON CONFLICT (id) DO NOTHING;
INSERT INTO public.args_resource (id, name, description, field_type, required, default_value, created_at, active, generated, mcp) VALUES ('89db0ed3-13e8-473f-9be2-11f7a786126d', 'audio_enabled', '', 'boolean', false, 'false', '2026-02-27T00:00:00.000000+00:00', true, false, false) ON CONFLICT (id) DO NOTHING;
INSERT INTO public.arg_positions_resource (id, args_id, value, created_at, active, generated, mcp) VALUES ('632ab05a-2fcf-450c-a4a0-95bbacaaed48', '89db0ed3-13e8-473f-9be2-11f7a786126d', 6, '2026-02-27T00:00:00.000000+00:00', true, false, false) ON CONFLICT (id) DO NOTHING;
INSERT INTO public.args_outputs_resource (id, args_id, name, template, created_at, active, generated, mcp) VALUES ('3d02f941-4d06-4079-9bcb-db2a36c69c68', '89db0ed3-13e8-473f-9be2-11f7a786126d', 'audio_enabled', '{{ audio_enabled }}', '2026-02-27T00:00:00.000000+00:00', true, false, false) ON CONFLICT (id) DO NOTHING;
INSERT INTO public.args_resource (id, name, description, field_type, required, default_value, created_at, active, generated, mcp) VALUES ('d35ef42f-56d9-4583-b0f6-a1ce5b3a56b7', 'text_enabled', '', 'boolean', false, 'false', '2026-02-27T00:00:00.000000+00:00', true, false, false) ON CONFLICT (id) DO NOTHING;
INSERT INTO public.arg_positions_resource (id, args_id, value, created_at, active, generated, mcp) VALUES ('63da4e8b-52f8-4e95-b6f8-3aedacebc853', 'd35ef42f-56d9-4583-b0f6-a1ce5b3a56b7', 7, '2026-02-27T00:00:00.000000+00:00', true, false, false) ON CONFLICT (id) DO NOTHING;
INSERT INTO public.args_outputs_resource (id, args_id, name, template, created_at, active, generated, mcp) VALUES ('6d872f2b-d741-4bd0-aac2-f75d5ff1fc38', 'd35ef42f-56d9-4583-b0f6-a1ce5b3a56b7', 'text_enabled', '{{ text_enabled }}', '2026-02-27T00:00:00.000000+00:00', true, false, false) ON CONFLICT (id) DO NOTHING;
INSERT INTO public.args_resource (id, name, description, field_type, required, default_value, created_at, active, generated, mcp) VALUES ('2b775f26-f3f3-4c07-856a-bf7c2b61c086', 'hints_enabled', '', 'boolean', false, 'false', '2026-02-27T00:00:00.000000+00:00', true, false, false) ON CONFLICT (id) DO NOTHING;
INSERT INTO public.arg_positions_resource (id, args_id, value, created_at, active, generated, mcp) VALUES ('47df1d70-494d-40c8-b9e4-601ff3c67e99', '2b775f26-f3f3-4c07-856a-bf7c2b61c086', 8, '2026-02-27T00:00:00.000000+00:00', true, false, false) ON CONFLICT (id) DO NOTHING;
INSERT INTO public.args_outputs_resource (id, args_id, name, template, created_at, active, generated, mcp) VALUES ('004c6d1e-8d40-47d0-9420-97cb2addcc72', '2b775f26-f3f3-4c07-856a-bf7c2b61c086', 'hints_enabled', '{{ hints_enabled }}', '2026-02-27T00:00:00.000000+00:00', true, false, false) ON CONFLICT (id) DO NOTHING;
INSERT INTO public.args_resource (id, name, description, field_type, required, default_value, created_at, active, generated, mcp) VALUES ('04ef8acc-99de-4b19-b55a-b3d1f0a2a672', 'copy_paste_allowed', '', 'boolean', false, 'false', '2026-02-27T00:00:00.000000+00:00', true, false, false) ON CONFLICT (id) DO NOTHING;
INSERT INTO public.arg_positions_resource (id, args_id, value, created_at, active, generated, mcp) VALUES ('fa203d91-9fca-4099-9e06-d0ecdfa42f07', '04ef8acc-99de-4b19-b55a-b3d1f0a2a672', 9, '2026-02-27T00:00:00.000000+00:00', true, false, false) ON CONFLICT (id) DO NOTHING;
INSERT INTO public.args_outputs_resource (id, args_id, name, template, created_at, active, generated, mcp) VALUES ('f121bbcc-2991-4b16-855c-315987b9caf1', '04ef8acc-99de-4b19-b55a-b3d1f0a2a672', 'copy_paste_allowed', '{{ copy_paste_allowed }}', '2026-02-27T00:00:00.000000+00:00', true, false, false) ON CONFLICT (id) DO NOTHING;
INSERT INTO public.args_resource (id, name, description, field_type, required, default_value, created_at, active, generated, mcp) VALUES ('46a26dff-073a-47b5-a210-69b57dd61dd2', 'show_images', '', 'boolean', false, 'false', '2026-02-27T00:00:00.000000+00:00', true, false, false) ON CONFLICT (id) DO NOTHING;
INSERT INTO public.arg_positions_resource (id, args_id, value, created_at, active, generated, mcp) VALUES ('3a19647c-cdcc-4cae-9bde-7d60790124e8', '46a26dff-073a-47b5-a210-69b57dd61dd2', 10, '2026-02-27T00:00:00.000000+00:00', true, false, false) ON CONFLICT (id) DO NOTHING;
INSERT INTO public.args_outputs_resource (id, args_id, name, template, created_at, active, generated, mcp) VALUES ('6b0612ed-01c5-42b5-9733-c69685cac88a', '46a26dff-073a-47b5-a210-69b57dd61dd2', 'show_images', '{{ show_images }}', '2026-02-27T00:00:00.000000+00:00', true, false, false) ON CONFLICT (id) DO NOTHING;
INSERT INTO public.args_resource (id, name, description, field_type, required, default_value, created_at, active, generated, mcp) VALUES ('d67dfaf9-cd22-4337-8b07-c9d9c0b38b1d', 'show_objectives', '', 'boolean', false, 'false', '2026-02-27T00:00:00.000000+00:00', true, false, false) ON CONFLICT (id) DO NOTHING;
INSERT INTO public.arg_positions_resource (id, args_id, value, created_at, active, generated, mcp) VALUES ('f40be245-c196-4352-a200-53e24ee9e1b8', 'd67dfaf9-cd22-4337-8b07-c9d9c0b38b1d', 11, '2026-02-27T00:00:00.000000+00:00', true, false, false) ON CONFLICT (id) DO NOTHING;
INSERT INTO public.args_outputs_resource (id, args_id, name, template, created_at, active, generated, mcp) VALUES ('f18142dc-29e5-4336-9726-40fa7b75d142', 'd67dfaf9-cd22-4337-8b07-c9d9c0b38b1d', 'show_objectives', '{{ show_objectives }}', '2026-02-27T00:00:00.000000+00:00', true, false, false) ON CONFLICT (id) DO NOTHING;
INSERT INTO public.args_resource (id, name, description, field_type, required, default_value, created_at, active, generated, mcp) VALUES ('1658a880-9903-4f72-b021-f16cfb37e2cc', 'show_problem_statement', '', 'boolean', false, 'false', '2026-02-27T00:00:00.000000+00:00', true, false, false) ON CONFLICT (id) DO NOTHING;
INSERT INTO public.arg_positions_resource (id, args_id, value, created_at, active, generated, mcp) VALUES ('258121df-3869-41e8-995f-93bb0677953f', '1658a880-9903-4f72-b021-f16cfb37e2cc', 12, '2026-02-27T00:00:00.000000+00:00', true, false, false) ON CONFLICT (id) DO NOTHING;
INSERT INTO public.args_outputs_resource (id, args_id, name, template, created_at, active, generated, mcp) VALUES ('5370065a-b796-4bde-981f-0234867110a7', '1658a880-9903-4f72-b021-f16cfb37e2cc', 'show_problem_statement', '{{ show_problem_statement }}', '2026-02-27T00:00:00.000000+00:00', true, false, false) ON CONFLICT (id) DO NOTHING;
INSERT INTO public.args_resource (id, name, description, field_type, required, default_value, created_at, active, generated, mcp) VALUES ('53f25079-b540-403e-9992-a671aa385854', 'analyses_enabled', '', 'boolean', false, 'false', '2026-02-27T00:00:00.000000+00:00', true, false, false) ON CONFLICT (id) DO NOTHING;
INSERT INTO public.arg_positions_resource (id, args_id, value, created_at, active, generated, mcp) VALUES ('83e08af0-b108-4454-bc4b-3734380d4ecd', '53f25079-b540-403e-9992-a671aa385854', 13, '2026-02-27T00:00:00.000000+00:00', true, false, false) ON CONFLICT (id) DO NOTHING;
INSERT INTO public.args_outputs_resource (id, args_id, name, template, created_at, active, generated, mcp) VALUES ('6b2d2d39-6de5-4df0-8add-1ef7176e997e', '53f25079-b540-403e-9992-a671aa385854', 'analyses_enabled', '{{ analyses_enabled }}', '2026-02-27T00:00:00.000000+00:00', true, false, false) ON CONFLICT (id) DO NOTHING;
INSERT INTO public.args_resource (id, name, description, field_type, required, default_value, created_at, active, generated, mcp) VALUES ('402cbdb4-a6e9-45fb-95d7-90f9752545f1', 'improvements_enabled', '', 'boolean', false, 'false', '2026-02-27T00:00:00.000000+00:00', true, false, false) ON CONFLICT (id) DO NOTHING;
INSERT INTO public.arg_positions_resource (id, args_id, value, created_at, active, generated, mcp) VALUES ('f2046434-cc7b-4111-88ab-8b48cf1aecb5', '402cbdb4-a6e9-45fb-95d7-90f9752545f1', 14, '2026-02-27T00:00:00.000000+00:00', true, false, false) ON CONFLICT (id) DO NOTHING;
INSERT INTO public.args_outputs_resource (id, args_id, name, template, created_at, active, generated, mcp) VALUES ('a5b26860-2504-4f07-bfbd-7e63792e46af', '402cbdb4-a6e9-45fb-95d7-90f9752545f1', 'improvements_enabled', '{{ improvements_enabled }}', '2026-02-27T00:00:00.000000+00:00', true, false, false) ON CONFLICT (id) DO NOTHING;
INSERT INTO public.args_resource (id, name, description, field_type, required, default_value, created_at, active, generated, mcp) VALUES ('93ebbe3a-02db-412a-b7d5-d9badad15068', 'replacements_enabled', '', 'boolean', false, 'false', '2026-02-27T00:00:00.000000+00:00', true, false, false) ON CONFLICT (id) DO NOTHING;
INSERT INTO public.arg_positions_resource (id, args_id, value, created_at, active, generated, mcp) VALUES ('c2e2afc0-6203-411b-9dfa-18875203a622', '93ebbe3a-02db-412a-b7d5-d9badad15068', 15, '2026-02-27T00:00:00.000000+00:00', true, false, false) ON CONFLICT (id) DO NOTHING;
INSERT INTO public.args_outputs_resource (id, args_id, name, template, created_at, active, generated, mcp) VALUES ('2b4d83d7-f785-4d51-aee2-5fea175f34af', '93ebbe3a-02db-412a-b7d5-d9badad15068', 'replacements_enabled', '{{ replacements_enabled }}', '2026-02-27T00:00:00.000000+00:00', true, false, false) ON CONFLICT (id) DO NOTHING;
INSERT INTO public.args_resource (id, name, description, field_type, required, default_value, created_at, active, generated, mcp) VALUES ('fe4f35ee-f816-41b2-a712-a10b6bdd3b91', 'strengths_enabled', '', 'boolean', false, 'false', '2026-02-27T00:00:00.000000+00:00', true, false, false) ON CONFLICT (id) DO NOTHING;
INSERT INTO public.arg_positions_resource (id, args_id, value, created_at, active, generated, mcp) VALUES ('aec63356-a13e-48ff-bb9e-01005c715b18', 'fe4f35ee-f816-41b2-a712-a10b6bdd3b91', 16, '2026-02-27T00:00:00.000000+00:00', true, false, false) ON CONFLICT (id) DO NOTHING;
INSERT INTO public.args_outputs_resource (id, args_id, name, template, created_at, active, generated, mcp) VALUES ('742f3024-f155-444a-ba12-72e1e19d4434', 'fe4f35ee-f816-41b2-a712-a10b6bdd3b91', 'strengths_enabled', '{{ strengths_enabled }}', '2026-02-27T00:00:00.000000+00:00', true, false, false) ON CONFLICT (id) DO NOTHING;
INSERT INTO public.args_resource (id, name, description, field_type, required, default_value, created_at, active, generated, mcp) VALUES ('4d423851-57b5-41fa-8fed-9fb1e47e8976', 'use_custom', '', 'boolean', false, 'false', '2026-02-27T00:00:00.000000+00:00', true, false, false) ON CONFLICT (id) DO NOTHING;
INSERT INTO public.arg_positions_resource (id, args_id, value, created_at, active, generated, mcp) VALUES ('fec2d864-c6b1-49ee-a204-5935c1aeeacf', '4d423851-57b5-41fa-8fed-9fb1e47e8976', 17, '2026-02-27T00:00:00.000000+00:00', true, false, false) ON CONFLICT (id) DO NOTHING;
INSERT INTO public.args_outputs_resource (id, args_id, name, template, created_at, active, generated, mcp) VALUES ('d3318874-fe9c-4847-9526-b59b138fb539', '4d423851-57b5-41fa-8fed-9fb1e47e8976', 'use_custom', '{{ use_custom }}', '2026-02-27T00:00:00.000000+00:00', true, false, false) ON CONFLICT (id) DO NOTHING;
INSERT INTO public.args_resource (id, name, description, field_type, required, default_value, created_at, active, generated, mcp) VALUES ('b0e2a273-8d60-4f65-a244-8a04dc9a54d4', 'use_previous', '', 'boolean', false, 'false', '2026-02-27T00:00:00.000000+00:00', true, false, false) ON CONFLICT (id) DO NOTHING;
INSERT INTO public.arg_positions_resource (id, args_id, value, created_at, active, generated, mcp) VALUES ('f294b022-35c7-4430-82a6-2b950327c203', 'b0e2a273-8d60-4f65-a244-8a04dc9a54d4', 18, '2026-02-27T00:00:00.000000+00:00', true, false, false) ON CONFLICT (id) DO NOTHING;
INSERT INTO public.args_outputs_resource (id, args_id, name, template, created_at, active, generated, mcp) VALUES ('a2e7e744-9b96-431a-bd95-7655f40863f2', 'b0e2a273-8d60-4f65-a244-8a04dc9a54d4', 'use_previous', '{{ use_previous }}', '2026-02-27T00:00:00.000000+00:00', true, false, false) ON CONFLICT (id) DO NOTHING;
INSERT INTO public.args_resource (id, name, description, field_type, required, default_value, created_at, active, generated, mcp) VALUES ('6a0bd448-6eba-4bf0-bbf0-6cdc7d1c7452', 'problem_statement_enabled', '', 'boolean', false, 'false', '2026-02-27T00:00:00.000000+00:00', true, false, false) ON CONFLICT (id) DO NOTHING;
INSERT INTO public.arg_positions_resource (id, args_id, value, created_at, active, generated, mcp) VALUES ('c42c89c4-888e-4ba0-92c0-8421e8af9b7f', '6a0bd448-6eba-4bf0-bbf0-6cdc7d1c7452', 19, '2026-02-27T00:00:00.000000+00:00', true, false, false) ON CONFLICT (id) DO NOTHING;
INSERT INTO public.args_outputs_resource (id, args_id, name, template, created_at, active, generated, mcp) VALUES ('a2daee53-5c4d-44f1-9307-911120fad2dc', '6a0bd448-6eba-4bf0-bbf0-6cdc7d1c7452', 'problem_statement_enabled', '{{ problem_statement_enabled }}', '2026-02-27T00:00:00.000000+00:00', true, false, false) ON CONFLICT (id) DO NOTHING;
INSERT INTO public.args_resource (id, name, description, field_type, required, default_value, created_at, active, generated, mcp) VALUES ('fc72dfd6-7b7a-4d15-877e-9e023ac83d31', 'objectives_enabled', '', 'boolean', false, 'false', '2026-02-27T00:00:00.000000+00:00', true, false, false) ON CONFLICT (id) DO NOTHING;
INSERT INTO public.arg_positions_resource (id, args_id, value, created_at, active, generated, mcp) VALUES ('5bf35eee-46c0-40e0-92f0-aa4649b77d05', 'fc72dfd6-7b7a-4d15-877e-9e023ac83d31', 20, '2026-02-27T00:00:00.000000+00:00', true, false, false) ON CONFLICT (id) DO NOTHING;
INSERT INTO public.args_outputs_resource (id, args_id, name, template, created_at, active, generated, mcp) VALUES ('3990f056-b467-404b-85b9-e71b0c00c8e9', 'fc72dfd6-7b7a-4d15-877e-9e023ac83d31', 'objectives_enabled', '{{ objectives_enabled }}', '2026-02-27T00:00:00.000000+00:00', true, false, false) ON CONFLICT (id) DO NOTHING;
INSERT INTO public.args_resource (id, name, description, field_type, required, default_value, created_at, active, generated, mcp) VALUES ('fe1fb899-5265-43db-b4d6-f19fae7efafb', 'video_enabled', '', 'boolean', false, 'false', '2026-02-27T00:00:00.000000+00:00', true, false, false) ON CONFLICT (id) DO NOTHING;
INSERT INTO public.arg_positions_resource (id, args_id, value, created_at, active, generated, mcp) VALUES ('b054afbb-4a38-44e0-bcc5-6723b67cb261', 'fe1fb899-5265-43db-b4d6-f19fae7efafb', 21, '2026-02-27T00:00:00.000000+00:00', true, false, false) ON CONFLICT (id) DO NOTHING;
INSERT INTO public.args_outputs_resource (id, args_id, name, template, created_at, active, generated, mcp) VALUES ('c0a0a3b5-a781-45b8-8d06-c75decd819bb', 'fe1fb899-5265-43db-b4d6-f19fae7efafb', 'video_enabled', '{{ video_enabled }}', '2026-02-27T00:00:00.000000+00:00', true, false, false) ON CONFLICT (id) DO NOTHING;
INSERT INTO public.args_resource (id, name, description, field_type, required, default_value, created_at, active, generated, mcp) VALUES ('08623968-f612-4ef1-8611-581b44791e08', 'images_enabled', '', 'boolean', false, 'false', '2026-02-27T00:00:00.000000+00:00', true, false, false) ON CONFLICT (id) DO NOTHING;
INSERT INTO public.arg_positions_resource (id, args_id, value, created_at, active, generated, mcp) VALUES ('1d40397b-d411-4e01-81c1-2d0f3d97938c', '08623968-f612-4ef1-8611-581b44791e08', 22, '2026-02-27T00:00:00.000000+00:00', true, false, false) ON CONFLICT (id) DO NOTHING;
INSERT INTO public.args_outputs_resource (id, args_id, name, template, created_at, active, generated, mcp) VALUES ('affda677-42d0-4b2f-a852-e8d668d3c394', '08623968-f612-4ef1-8611-581b44791e08', 'images_enabled', '{{ images_enabled }}', '2026-02-27T00:00:00.000000+00:00', true, false, false) ON CONFLICT (id) DO NOTHING;
INSERT INTO public.args_resource (id, name, description, field_type, required, default_value, created_at, active, generated, mcp) VALUES ('bf8a48b4-63f8-400a-b291-ab9cc670f5cd', 'questions_enabled', '', 'boolean', false, 'false', '2026-02-27T00:00:00.000000+00:00', true, false, false) ON CONFLICT (id) DO NOTHING;
INSERT INTO public.arg_positions_resource (id, args_id, value, created_at, active, generated, mcp) VALUES ('63445c38-fdc4-4b41-aef9-1cedc6aa7bbd', 'bf8a48b4-63f8-400a-b291-ab9cc670f5cd', 23, '2026-02-27T00:00:00.000000+00:00', true, false, false) ON CONFLICT (id) DO NOTHING;
INSERT INTO public.args_outputs_resource (id, args_id, name, template, created_at, active, generated, mcp) VALUES ('2b92d80c-c7bf-4832-82bb-4c1367c7e6db', 'bf8a48b4-63f8-400a-b291-ab9cc670f5cd', 'questions_enabled', '{{ questions_enabled }}', '2026-02-27T00:00:00.000000+00:00', true, false, false) ON CONFLICT (id) DO NOTHING;
INSERT INTO public.args_resource (id, name, description, field_type, required, default_value, created_at, active, generated, mcp) VALUES ('7ca9a112-ba58-49b3-a5a8-6c974dbb8e05', 'assistant_persona_ids', '', 'string', false, 'ARRAY[]', '2026-02-27T00:00:00.000000+00:00', true, false, false) ON CONFLICT (id) DO NOTHING;
INSERT INTO public.arg_positions_resource (id, args_id, value, created_at, active, generated, mcp) VALUES ('a17039c4-c2ab-4221-822b-e39f76629cda', '7ca9a112-ba58-49b3-a5a8-6c974dbb8e05', 24, '2026-02-27T00:00:00.000000+00:00', true, false, false) ON CONFLICT (id) DO NOTHING;
INSERT INTO public.args_outputs_resource (id, args_id, name, template, created_at, active, generated, mcp) VALUES ('68e82dff-9ebe-439c-a313-45ad2523e2b6', '7ca9a112-ba58-49b3-a5a8-6c974dbb8e05', 'assistant_persona_ids', '{{ assistant_persona_ids }}', '2026-02-27T00:00:00.000000+00:00', true, false, false) ON CONFLICT (id) DO NOTHING;
INSERT INTO public.descriptions_resource (id, description, created_at, active, generated, mcp) VALUES ('21cba831-f98e-4eba-aa99-acce8c8570e3', 'Create a new attempt chat entry', '2026-02-27T00:00:00.000000+00:00', true, false, false) ON CONFLICT (id) DO NOTHING;
INSERT INTO public.names_resource (id, name, created_at, active, generated, mcp) VALUES ('e602bd9e-234d-4bce-aca8-97f541571b83', 'create_attempt_chat', '2026-02-27T00:00:00.000000+00:00', true, false, false) ON CONFLICT (id) DO NOTHING;
INSERT INTO public.tools_resource (id, created_at, generated, mcp, active, name, description, department_ids, operation, args_ids, args_output_ids, resources, entries, artifacts) VALUES ('4cda8473-a788-491d-87d3-49ade8e0e4a9', '2026-02-27T00:00:00.000000+00:00', false, false, true, 'create_attempt_chat', 'Create a new attempt chat entry', '{}', 'create', '{8e167206-a1ec-47ec-b987-ddef963a1335,daaddfb6-23b4-47cf-a9ad-10817e5dad8a,e0cae8af-bdb4-4dfe-b979-2f78781296cb,f7a1a0d6-539b-4c9c-9e26-486295d321b0,c4596ccb-448d-4afa-8048-4f0496a3404a,45ebc57c-a78e-4628-bd2c-186052f36dfe,89db0ed3-13e8-473f-9be2-11f7a786126d,d35ef42f-56d9-4583-b0f6-a1ce5b3a56b7,2b775f26-f3f3-4c07-856a-bf7c2b61c086,04ef8acc-99de-4b19-b55a-b3d1f0a2a672,46a26dff-073a-47b5-a210-69b57dd61dd2,d67dfaf9-cd22-4337-8b07-c9d9c0b38b1d,1658a880-9903-4f72-b021-f16cfb37e2cc,53f25079-b540-403e-9992-a671aa385854,402cbdb4-a6e9-45fb-95d7-90f9752545f1,93ebbe3a-02db-412a-b7d5-d9badad15068,fe4f35ee-f816-41b2-a712-a10b6bdd3b91,4d423851-57b5-41fa-8fed-9fb1e47e8976,b0e2a273-8d60-4f65-a244-8a04dc9a54d4,6a0bd448-6eba-4bf0-bbf0-6cdc7d1c7452,fc72dfd6-7b7a-4d15-877e-9e023ac83d31,fe1fb899-5265-43db-b4d6-f19fae7efafb,08623968-f612-4ef1-8611-581b44791e08,bf8a48b4-63f8-400a-b291-ab9cc670f5cd,7ca9a112-ba58-49b3-a5a8-6c974dbb8e05}', '{34db2c9f-5b38-4690-8d13-9d7abd1161cf,0e85f0d3-0635-4ba2-9e7b-64e519839a35,1d75cb46-7363-45a7-a2d3-74e6836592b3,b4fab372-dc1c-4d2e-a37a-a51108c75375,3dcb424a-8981-41c1-be60-19678dbe4fff,c6d1b31d-856f-4cc3-9f32-7b3a2591b0b8,3d02f941-4d06-4079-9bcb-db2a36c69c68,6d872f2b-d741-4bd0-aac2-f75d5ff1fc38,004c6d1e-8d40-47d0-9420-97cb2addcc72,f121bbcc-2991-4b16-855c-315987b9caf1,6b0612ed-01c5-42b5-9733-c69685cac88a,f18142dc-29e5-4336-9726-40fa7b75d142,5370065a-b796-4bde-981f-0234867110a7,6b2d2d39-6de5-4df0-8add-1ef7176e997e,a5b26860-2504-4f07-bfbd-7e63792e46af,2b4d83d7-f785-4d51-aee2-5fea175f34af,742f3024-f155-444a-ba12-72e1e19d4434,d3318874-fe9c-4847-9526-b59b138fb539,a2e7e744-9b96-431a-bd95-7655f40863f2,a2daee53-5c4d-44f1-9307-911120fad2dc,3990f056-b467-404b-85b9-e71b0c00c8e9,c0a0a3b5-a781-45b8-8d06-c75decd819bb,affda677-42d0-4b2f-a852-e8d668d3c394,2b92d80c-c7bf-4832-82bb-4c1367c7e6db,68e82dff-9ebe-439c-a313-45ad2523e2b6}', '{}'::text[], '{attempt_chats}'::text[], '{}'::text[]) ON CONFLICT (id) DO NOTHING;

-- Artifact
-- tool_artifact
INSERT INTO public.tool_artifact (id, created_at, updated_at, generated, mcp) VALUES ('d1eda9f2-dd03-4a05-987a-853a490f0518', '2026-02-27T00:00:00.000000+00:00', '2026-02-27T00:00:00.000000+00:00', false, false) ON CONFLICT (id) DO NOTHING;

-- Junctions
-- tool_arg_positions_junction
INSERT INTO public.tool_arg_positions_junction (tool_id, arg_positions_id, created_at, active, generated, mcp) VALUES ('d1eda9f2-dd03-4a05-987a-853a490f0518', '4b224fa8-a0fb-4536-a2aa-27a468c4c399', '2026-02-27T00:00:00.000000+00:00', true, false, false) ON CONFLICT (tool_id, arg_positions_id) DO NOTHING;
INSERT INTO public.tool_arg_positions_junction (tool_id, arg_positions_id, created_at, active, generated, mcp) VALUES ('d1eda9f2-dd03-4a05-987a-853a490f0518', '8183826c-3e5c-4805-83c1-98ef42ca3c0e', '2026-02-27T00:00:00.000000+00:00', true, false, false) ON CONFLICT (tool_id, arg_positions_id) DO NOTHING;
INSERT INTO public.tool_arg_positions_junction (tool_id, arg_positions_id, created_at, active, generated, mcp) VALUES ('d1eda9f2-dd03-4a05-987a-853a490f0518', '73abcdf7-6a5a-4a92-97ac-15668d4ebb26', '2026-02-27T00:00:00.000000+00:00', true, false, false) ON CONFLICT (tool_id, arg_positions_id) DO NOTHING;
INSERT INTO public.tool_arg_positions_junction (tool_id, arg_positions_id, created_at, active, generated, mcp) VALUES ('d1eda9f2-dd03-4a05-987a-853a490f0518', '84824e06-f5df-45be-a2d0-57563c7b8746', '2026-02-27T00:00:00.000000+00:00', true, false, false) ON CONFLICT (tool_id, arg_positions_id) DO NOTHING;
INSERT INTO public.tool_arg_positions_junction (tool_id, arg_positions_id, created_at, active, generated, mcp) VALUES ('d1eda9f2-dd03-4a05-987a-853a490f0518', '1a80d438-bf39-46da-a50f-c716e0117df3', '2026-02-27T00:00:00.000000+00:00', true, false, false) ON CONFLICT (tool_id, arg_positions_id) DO NOTHING;
INSERT INTO public.tool_arg_positions_junction (tool_id, arg_positions_id, created_at, active, generated, mcp) VALUES ('d1eda9f2-dd03-4a05-987a-853a490f0518', '5d2dc61d-568b-4b4e-8dd6-74f5b75cd195', '2026-02-27T00:00:00.000000+00:00', true, false, false) ON CONFLICT (tool_id, arg_positions_id) DO NOTHING;
INSERT INTO public.tool_arg_positions_junction (tool_id, arg_positions_id, created_at, active, generated, mcp) VALUES ('d1eda9f2-dd03-4a05-987a-853a490f0518', '632ab05a-2fcf-450c-a4a0-95bbacaaed48', '2026-02-27T00:00:00.000000+00:00', true, false, false) ON CONFLICT (tool_id, arg_positions_id) DO NOTHING;
INSERT INTO public.tool_arg_positions_junction (tool_id, arg_positions_id, created_at, active, generated, mcp) VALUES ('d1eda9f2-dd03-4a05-987a-853a490f0518', '63da4e8b-52f8-4e95-b6f8-3aedacebc853', '2026-02-27T00:00:00.000000+00:00', true, false, false) ON CONFLICT (tool_id, arg_positions_id) DO NOTHING;
INSERT INTO public.tool_arg_positions_junction (tool_id, arg_positions_id, created_at, active, generated, mcp) VALUES ('d1eda9f2-dd03-4a05-987a-853a490f0518', '47df1d70-494d-40c8-b9e4-601ff3c67e99', '2026-02-27T00:00:00.000000+00:00', true, false, false) ON CONFLICT (tool_id, arg_positions_id) DO NOTHING;
INSERT INTO public.tool_arg_positions_junction (tool_id, arg_positions_id, created_at, active, generated, mcp) VALUES ('d1eda9f2-dd03-4a05-987a-853a490f0518', 'fa203d91-9fca-4099-9e06-d0ecdfa42f07', '2026-02-27T00:00:00.000000+00:00', true, false, false) ON CONFLICT (tool_id, arg_positions_id) DO NOTHING;
INSERT INTO public.tool_arg_positions_junction (tool_id, arg_positions_id, created_at, active, generated, mcp) VALUES ('d1eda9f2-dd03-4a05-987a-853a490f0518', '3a19647c-cdcc-4cae-9bde-7d60790124e8', '2026-02-27T00:00:00.000000+00:00', true, false, false) ON CONFLICT (tool_id, arg_positions_id) DO NOTHING;
INSERT INTO public.tool_arg_positions_junction (tool_id, arg_positions_id, created_at, active, generated, mcp) VALUES ('d1eda9f2-dd03-4a05-987a-853a490f0518', 'f40be245-c196-4352-a200-53e24ee9e1b8', '2026-02-27T00:00:00.000000+00:00', true, false, false) ON CONFLICT (tool_id, arg_positions_id) DO NOTHING;
INSERT INTO public.tool_arg_positions_junction (tool_id, arg_positions_id, created_at, active, generated, mcp) VALUES ('d1eda9f2-dd03-4a05-987a-853a490f0518', '258121df-3869-41e8-995f-93bb0677953f', '2026-02-27T00:00:00.000000+00:00', true, false, false) ON CONFLICT (tool_id, arg_positions_id) DO NOTHING;
INSERT INTO public.tool_arg_positions_junction (tool_id, arg_positions_id, created_at, active, generated, mcp) VALUES ('d1eda9f2-dd03-4a05-987a-853a490f0518', '83e08af0-b108-4454-bc4b-3734380d4ecd', '2026-02-27T00:00:00.000000+00:00', true, false, false) ON CONFLICT (tool_id, arg_positions_id) DO NOTHING;
INSERT INTO public.tool_arg_positions_junction (tool_id, arg_positions_id, created_at, active, generated, mcp) VALUES ('d1eda9f2-dd03-4a05-987a-853a490f0518', 'f2046434-cc7b-4111-88ab-8b48cf1aecb5', '2026-02-27T00:00:00.000000+00:00', true, false, false) ON CONFLICT (tool_id, arg_positions_id) DO NOTHING;
INSERT INTO public.tool_arg_positions_junction (tool_id, arg_positions_id, created_at, active, generated, mcp) VALUES ('d1eda9f2-dd03-4a05-987a-853a490f0518', 'c2e2afc0-6203-411b-9dfa-18875203a622', '2026-02-27T00:00:00.000000+00:00', true, false, false) ON CONFLICT (tool_id, arg_positions_id) DO NOTHING;
INSERT INTO public.tool_arg_positions_junction (tool_id, arg_positions_id, created_at, active, generated, mcp) VALUES ('d1eda9f2-dd03-4a05-987a-853a490f0518', 'aec63356-a13e-48ff-bb9e-01005c715b18', '2026-02-27T00:00:00.000000+00:00', true, false, false) ON CONFLICT (tool_id, arg_positions_id) DO NOTHING;
INSERT INTO public.tool_arg_positions_junction (tool_id, arg_positions_id, created_at, active, generated, mcp) VALUES ('d1eda9f2-dd03-4a05-987a-853a490f0518', 'fec2d864-c6b1-49ee-a204-5935c1aeeacf', '2026-02-27T00:00:00.000000+00:00', true, false, false) ON CONFLICT (tool_id, arg_positions_id) DO NOTHING;
INSERT INTO public.tool_arg_positions_junction (tool_id, arg_positions_id, created_at, active, generated, mcp) VALUES ('d1eda9f2-dd03-4a05-987a-853a490f0518', 'f294b022-35c7-4430-82a6-2b950327c203', '2026-02-27T00:00:00.000000+00:00', true, false, false) ON CONFLICT (tool_id, arg_positions_id) DO NOTHING;
INSERT INTO public.tool_arg_positions_junction (tool_id, arg_positions_id, created_at, active, generated, mcp) VALUES ('d1eda9f2-dd03-4a05-987a-853a490f0518', 'c42c89c4-888e-4ba0-92c0-8421e8af9b7f', '2026-02-27T00:00:00.000000+00:00', true, false, false) ON CONFLICT (tool_id, arg_positions_id) DO NOTHING;
INSERT INTO public.tool_arg_positions_junction (tool_id, arg_positions_id, created_at, active, generated, mcp) VALUES ('d1eda9f2-dd03-4a05-987a-853a490f0518', '5bf35eee-46c0-40e0-92f0-aa4649b77d05', '2026-02-27T00:00:00.000000+00:00', true, false, false) ON CONFLICT (tool_id, arg_positions_id) DO NOTHING;
INSERT INTO public.tool_arg_positions_junction (tool_id, arg_positions_id, created_at, active, generated, mcp) VALUES ('d1eda9f2-dd03-4a05-987a-853a490f0518', 'b054afbb-4a38-44e0-bcc5-6723b67cb261', '2026-02-27T00:00:00.000000+00:00', true, false, false) ON CONFLICT (tool_id, arg_positions_id) DO NOTHING;
INSERT INTO public.tool_arg_positions_junction (tool_id, arg_positions_id, created_at, active, generated, mcp) VALUES ('d1eda9f2-dd03-4a05-987a-853a490f0518', '1d40397b-d411-4e01-81c1-2d0f3d97938c', '2026-02-27T00:00:00.000000+00:00', true, false, false) ON CONFLICT (tool_id, arg_positions_id) DO NOTHING;
INSERT INTO public.tool_arg_positions_junction (tool_id, arg_positions_id, created_at, active, generated, mcp) VALUES ('d1eda9f2-dd03-4a05-987a-853a490f0518', '63445c38-fdc4-4b41-aef9-1cedc6aa7bbd', '2026-02-27T00:00:00.000000+00:00', true, false, false) ON CONFLICT (tool_id, arg_positions_id) DO NOTHING;
INSERT INTO public.tool_arg_positions_junction (tool_id, arg_positions_id, created_at, active, generated, mcp) VALUES ('d1eda9f2-dd03-4a05-987a-853a490f0518', 'a17039c4-c2ab-4221-822b-e39f76629cda', '2026-02-27T00:00:00.000000+00:00', true, false, false) ON CONFLICT (tool_id, arg_positions_id) DO NOTHING;
-- tool_args_junction
INSERT INTO public.tool_args_junction (tool_id, args_id, created_at, generated, mcp, active) VALUES ('d1eda9f2-dd03-4a05-987a-853a490f0518', '8e167206-a1ec-47ec-b987-ddef963a1335', '2026-02-27T00:00:00.000000+00:00', false, false, true) ON CONFLICT (tool_id, args_id) DO NOTHING;
INSERT INTO public.tool_args_junction (tool_id, args_id, created_at, generated, mcp, active) VALUES ('d1eda9f2-dd03-4a05-987a-853a490f0518', 'daaddfb6-23b4-47cf-a9ad-10817e5dad8a', '2026-02-27T00:00:00.000000+00:00', false, false, true) ON CONFLICT (tool_id, args_id) DO NOTHING;
INSERT INTO public.tool_args_junction (tool_id, args_id, created_at, generated, mcp, active) VALUES ('d1eda9f2-dd03-4a05-987a-853a490f0518', 'e0cae8af-bdb4-4dfe-b979-2f78781296cb', '2026-02-27T00:00:00.000000+00:00', false, false, true) ON CONFLICT (tool_id, args_id) DO NOTHING;
INSERT INTO public.tool_args_junction (tool_id, args_id, created_at, generated, mcp, active) VALUES ('d1eda9f2-dd03-4a05-987a-853a490f0518', 'f7a1a0d6-539b-4c9c-9e26-486295d321b0', '2026-02-27T00:00:00.000000+00:00', false, false, true) ON CONFLICT (tool_id, args_id) DO NOTHING;
INSERT INTO public.tool_args_junction (tool_id, args_id, created_at, generated, mcp, active) VALUES ('d1eda9f2-dd03-4a05-987a-853a490f0518', 'c4596ccb-448d-4afa-8048-4f0496a3404a', '2026-02-27T00:00:00.000000+00:00', false, false, true) ON CONFLICT (tool_id, args_id) DO NOTHING;
INSERT INTO public.tool_args_junction (tool_id, args_id, created_at, generated, mcp, active) VALUES ('d1eda9f2-dd03-4a05-987a-853a490f0518', '45ebc57c-a78e-4628-bd2c-186052f36dfe', '2026-02-27T00:00:00.000000+00:00', false, false, true) ON CONFLICT (tool_id, args_id) DO NOTHING;
INSERT INTO public.tool_args_junction (tool_id, args_id, created_at, generated, mcp, active) VALUES ('d1eda9f2-dd03-4a05-987a-853a490f0518', '89db0ed3-13e8-473f-9be2-11f7a786126d', '2026-02-27T00:00:00.000000+00:00', false, false, true) ON CONFLICT (tool_id, args_id) DO NOTHING;
INSERT INTO public.tool_args_junction (tool_id, args_id, created_at, generated, mcp, active) VALUES ('d1eda9f2-dd03-4a05-987a-853a490f0518', 'd35ef42f-56d9-4583-b0f6-a1ce5b3a56b7', '2026-02-27T00:00:00.000000+00:00', false, false, true) ON CONFLICT (tool_id, args_id) DO NOTHING;
INSERT INTO public.tool_args_junction (tool_id, args_id, created_at, generated, mcp, active) VALUES ('d1eda9f2-dd03-4a05-987a-853a490f0518', '2b775f26-f3f3-4c07-856a-bf7c2b61c086', '2026-02-27T00:00:00.000000+00:00', false, false, true) ON CONFLICT (tool_id, args_id) DO NOTHING;
INSERT INTO public.tool_args_junction (tool_id, args_id, created_at, generated, mcp, active) VALUES ('d1eda9f2-dd03-4a05-987a-853a490f0518', '04ef8acc-99de-4b19-b55a-b3d1f0a2a672', '2026-02-27T00:00:00.000000+00:00', false, false, true) ON CONFLICT (tool_id, args_id) DO NOTHING;
INSERT INTO public.tool_args_junction (tool_id, args_id, created_at, generated, mcp, active) VALUES ('d1eda9f2-dd03-4a05-987a-853a490f0518', '46a26dff-073a-47b5-a210-69b57dd61dd2', '2026-02-27T00:00:00.000000+00:00', false, false, true) ON CONFLICT (tool_id, args_id) DO NOTHING;
INSERT INTO public.tool_args_junction (tool_id, args_id, created_at, generated, mcp, active) VALUES ('d1eda9f2-dd03-4a05-987a-853a490f0518', 'd67dfaf9-cd22-4337-8b07-c9d9c0b38b1d', '2026-02-27T00:00:00.000000+00:00', false, false, true) ON CONFLICT (tool_id, args_id) DO NOTHING;
INSERT INTO public.tool_args_junction (tool_id, args_id, created_at, generated, mcp, active) VALUES ('d1eda9f2-dd03-4a05-987a-853a490f0518', '1658a880-9903-4f72-b021-f16cfb37e2cc', '2026-02-27T00:00:00.000000+00:00', false, false, true) ON CONFLICT (tool_id, args_id) DO NOTHING;
INSERT INTO public.tool_args_junction (tool_id, args_id, created_at, generated, mcp, active) VALUES ('d1eda9f2-dd03-4a05-987a-853a490f0518', '53f25079-b540-403e-9992-a671aa385854', '2026-02-27T00:00:00.000000+00:00', false, false, true) ON CONFLICT (tool_id, args_id) DO NOTHING;
INSERT INTO public.tool_args_junction (tool_id, args_id, created_at, generated, mcp, active) VALUES ('d1eda9f2-dd03-4a05-987a-853a490f0518', '402cbdb4-a6e9-45fb-95d7-90f9752545f1', '2026-02-27T00:00:00.000000+00:00', false, false, true) ON CONFLICT (tool_id, args_id) DO NOTHING;
INSERT INTO public.tool_args_junction (tool_id, args_id, created_at, generated, mcp, active) VALUES ('d1eda9f2-dd03-4a05-987a-853a490f0518', '93ebbe3a-02db-412a-b7d5-d9badad15068', '2026-02-27T00:00:00.000000+00:00', false, false, true) ON CONFLICT (tool_id, args_id) DO NOTHING;
INSERT INTO public.tool_args_junction (tool_id, args_id, created_at, generated, mcp, active) VALUES ('d1eda9f2-dd03-4a05-987a-853a490f0518', 'fe4f35ee-f816-41b2-a712-a10b6bdd3b91', '2026-02-27T00:00:00.000000+00:00', false, false, true) ON CONFLICT (tool_id, args_id) DO NOTHING;
INSERT INTO public.tool_args_junction (tool_id, args_id, created_at, generated, mcp, active) VALUES ('d1eda9f2-dd03-4a05-987a-853a490f0518', '4d423851-57b5-41fa-8fed-9fb1e47e8976', '2026-02-27T00:00:00.000000+00:00', false, false, true) ON CONFLICT (tool_id, args_id) DO NOTHING;
INSERT INTO public.tool_args_junction (tool_id, args_id, created_at, generated, mcp, active) VALUES ('d1eda9f2-dd03-4a05-987a-853a490f0518', 'b0e2a273-8d60-4f65-a244-8a04dc9a54d4', '2026-02-27T00:00:00.000000+00:00', false, false, true) ON CONFLICT (tool_id, args_id) DO NOTHING;
INSERT INTO public.tool_args_junction (tool_id, args_id, created_at, generated, mcp, active) VALUES ('d1eda9f2-dd03-4a05-987a-853a490f0518', '6a0bd448-6eba-4bf0-bbf0-6cdc7d1c7452', '2026-02-27T00:00:00.000000+00:00', false, false, true) ON CONFLICT (tool_id, args_id) DO NOTHING;
INSERT INTO public.tool_args_junction (tool_id, args_id, created_at, generated, mcp, active) VALUES ('d1eda9f2-dd03-4a05-987a-853a490f0518', 'fc72dfd6-7b7a-4d15-877e-9e023ac83d31', '2026-02-27T00:00:00.000000+00:00', false, false, true) ON CONFLICT (tool_id, args_id) DO NOTHING;
INSERT INTO public.tool_args_junction (tool_id, args_id, created_at, generated, mcp, active) VALUES ('d1eda9f2-dd03-4a05-987a-853a490f0518', 'fe1fb899-5265-43db-b4d6-f19fae7efafb', '2026-02-27T00:00:00.000000+00:00', false, false, true) ON CONFLICT (tool_id, args_id) DO NOTHING;
INSERT INTO public.tool_args_junction (tool_id, args_id, created_at, generated, mcp, active) VALUES ('d1eda9f2-dd03-4a05-987a-853a490f0518', '08623968-f612-4ef1-8611-581b44791e08', '2026-02-27T00:00:00.000000+00:00', false, false, true) ON CONFLICT (tool_id, args_id) DO NOTHING;
INSERT INTO public.tool_args_junction (tool_id, args_id, created_at, generated, mcp, active) VALUES ('d1eda9f2-dd03-4a05-987a-853a490f0518', 'bf8a48b4-63f8-400a-b291-ab9cc670f5cd', '2026-02-27T00:00:00.000000+00:00', false, false, true) ON CONFLICT (tool_id, args_id) DO NOTHING;
INSERT INTO public.tool_args_junction (tool_id, args_id, created_at, generated, mcp, active) VALUES ('d1eda9f2-dd03-4a05-987a-853a490f0518', '7ca9a112-ba58-49b3-a5a8-6c974dbb8e05', '2026-02-27T00:00:00.000000+00:00', false, false, true) ON CONFLICT (tool_id, args_id) DO NOTHING;
-- tool_args_outputs_junction
INSERT INTO public.tool_args_outputs_junction (tool_id, args_outputs_id, created_at, generated, mcp, active) VALUES ('d1eda9f2-dd03-4a05-987a-853a490f0518', '34db2c9f-5b38-4690-8d13-9d7abd1161cf', '2026-02-27T00:00:00.000000+00:00', false, false, true) ON CONFLICT (tool_id, args_outputs_id) DO NOTHING;
INSERT INTO public.tool_args_outputs_junction (tool_id, args_outputs_id, created_at, generated, mcp, active) VALUES ('d1eda9f2-dd03-4a05-987a-853a490f0518', '0e85f0d3-0635-4ba2-9e7b-64e519839a35', '2026-02-27T00:00:00.000000+00:00', false, false, true) ON CONFLICT (tool_id, args_outputs_id) DO NOTHING;
INSERT INTO public.tool_args_outputs_junction (tool_id, args_outputs_id, created_at, generated, mcp, active) VALUES ('d1eda9f2-dd03-4a05-987a-853a490f0518', '1d75cb46-7363-45a7-a2d3-74e6836592b3', '2026-02-27T00:00:00.000000+00:00', false, false, true) ON CONFLICT (tool_id, args_outputs_id) DO NOTHING;
INSERT INTO public.tool_args_outputs_junction (tool_id, args_outputs_id, created_at, generated, mcp, active) VALUES ('d1eda9f2-dd03-4a05-987a-853a490f0518', 'b4fab372-dc1c-4d2e-a37a-a51108c75375', '2026-02-27T00:00:00.000000+00:00', false, false, true) ON CONFLICT (tool_id, args_outputs_id) DO NOTHING;
INSERT INTO public.tool_args_outputs_junction (tool_id, args_outputs_id, created_at, generated, mcp, active) VALUES ('d1eda9f2-dd03-4a05-987a-853a490f0518', '3dcb424a-8981-41c1-be60-19678dbe4fff', '2026-02-27T00:00:00.000000+00:00', false, false, true) ON CONFLICT (tool_id, args_outputs_id) DO NOTHING;
INSERT INTO public.tool_args_outputs_junction (tool_id, args_outputs_id, created_at, generated, mcp, active) VALUES ('d1eda9f2-dd03-4a05-987a-853a490f0518', 'c6d1b31d-856f-4cc3-9f32-7b3a2591b0b8', '2026-02-27T00:00:00.000000+00:00', false, false, true) ON CONFLICT (tool_id, args_outputs_id) DO NOTHING;
INSERT INTO public.tool_args_outputs_junction (tool_id, args_outputs_id, created_at, generated, mcp, active) VALUES ('d1eda9f2-dd03-4a05-987a-853a490f0518', '3d02f941-4d06-4079-9bcb-db2a36c69c68', '2026-02-27T00:00:00.000000+00:00', false, false, true) ON CONFLICT (tool_id, args_outputs_id) DO NOTHING;
INSERT INTO public.tool_args_outputs_junction (tool_id, args_outputs_id, created_at, generated, mcp, active) VALUES ('d1eda9f2-dd03-4a05-987a-853a490f0518', '6d872f2b-d741-4bd0-aac2-f75d5ff1fc38', '2026-02-27T00:00:00.000000+00:00', false, false, true) ON CONFLICT (tool_id, args_outputs_id) DO NOTHING;
INSERT INTO public.tool_args_outputs_junction (tool_id, args_outputs_id, created_at, generated, mcp, active) VALUES ('d1eda9f2-dd03-4a05-987a-853a490f0518', '004c6d1e-8d40-47d0-9420-97cb2addcc72', '2026-02-27T00:00:00.000000+00:00', false, false, true) ON CONFLICT (tool_id, args_outputs_id) DO NOTHING;
INSERT INTO public.tool_args_outputs_junction (tool_id, args_outputs_id, created_at, generated, mcp, active) VALUES ('d1eda9f2-dd03-4a05-987a-853a490f0518', 'f121bbcc-2991-4b16-855c-315987b9caf1', '2026-02-27T00:00:00.000000+00:00', false, false, true) ON CONFLICT (tool_id, args_outputs_id) DO NOTHING;
INSERT INTO public.tool_args_outputs_junction (tool_id, args_outputs_id, created_at, generated, mcp, active) VALUES ('d1eda9f2-dd03-4a05-987a-853a490f0518', '6b0612ed-01c5-42b5-9733-c69685cac88a', '2026-02-27T00:00:00.000000+00:00', false, false, true) ON CONFLICT (tool_id, args_outputs_id) DO NOTHING;
INSERT INTO public.tool_args_outputs_junction (tool_id, args_outputs_id, created_at, generated, mcp, active) VALUES ('d1eda9f2-dd03-4a05-987a-853a490f0518', 'f18142dc-29e5-4336-9726-40fa7b75d142', '2026-02-27T00:00:00.000000+00:00', false, false, true) ON CONFLICT (tool_id, args_outputs_id) DO NOTHING;
INSERT INTO public.tool_args_outputs_junction (tool_id, args_outputs_id, created_at, generated, mcp, active) VALUES ('d1eda9f2-dd03-4a05-987a-853a490f0518', '5370065a-b796-4bde-981f-0234867110a7', '2026-02-27T00:00:00.000000+00:00', false, false, true) ON CONFLICT (tool_id, args_outputs_id) DO NOTHING;
INSERT INTO public.tool_args_outputs_junction (tool_id, args_outputs_id, created_at, generated, mcp, active) VALUES ('d1eda9f2-dd03-4a05-987a-853a490f0518', '6b2d2d39-6de5-4df0-8add-1ef7176e997e', '2026-02-27T00:00:00.000000+00:00', false, false, true) ON CONFLICT (tool_id, args_outputs_id) DO NOTHING;
INSERT INTO public.tool_args_outputs_junction (tool_id, args_outputs_id, created_at, generated, mcp, active) VALUES ('d1eda9f2-dd03-4a05-987a-853a490f0518', 'a5b26860-2504-4f07-bfbd-7e63792e46af', '2026-02-27T00:00:00.000000+00:00', false, false, true) ON CONFLICT (tool_id, args_outputs_id) DO NOTHING;
INSERT INTO public.tool_args_outputs_junction (tool_id, args_outputs_id, created_at, generated, mcp, active) VALUES ('d1eda9f2-dd03-4a05-987a-853a490f0518', '2b4d83d7-f785-4d51-aee2-5fea175f34af', '2026-02-27T00:00:00.000000+00:00', false, false, true) ON CONFLICT (tool_id, args_outputs_id) DO NOTHING;
INSERT INTO public.tool_args_outputs_junction (tool_id, args_outputs_id, created_at, generated, mcp, active) VALUES ('d1eda9f2-dd03-4a05-987a-853a490f0518', '742f3024-f155-444a-ba12-72e1e19d4434', '2026-02-27T00:00:00.000000+00:00', false, false, true) ON CONFLICT (tool_id, args_outputs_id) DO NOTHING;
INSERT INTO public.tool_args_outputs_junction (tool_id, args_outputs_id, created_at, generated, mcp, active) VALUES ('d1eda9f2-dd03-4a05-987a-853a490f0518', 'd3318874-fe9c-4847-9526-b59b138fb539', '2026-02-27T00:00:00.000000+00:00', false, false, true) ON CONFLICT (tool_id, args_outputs_id) DO NOTHING;
INSERT INTO public.tool_args_outputs_junction (tool_id, args_outputs_id, created_at, generated, mcp, active) VALUES ('d1eda9f2-dd03-4a05-987a-853a490f0518', 'a2e7e744-9b96-431a-bd95-7655f40863f2', '2026-02-27T00:00:00.000000+00:00', false, false, true) ON CONFLICT (tool_id, args_outputs_id) DO NOTHING;
INSERT INTO public.tool_args_outputs_junction (tool_id, args_outputs_id, created_at, generated, mcp, active) VALUES ('d1eda9f2-dd03-4a05-987a-853a490f0518', 'a2daee53-5c4d-44f1-9307-911120fad2dc', '2026-02-27T00:00:00.000000+00:00', false, false, true) ON CONFLICT (tool_id, args_outputs_id) DO NOTHING;
INSERT INTO public.tool_args_outputs_junction (tool_id, args_outputs_id, created_at, generated, mcp, active) VALUES ('d1eda9f2-dd03-4a05-987a-853a490f0518', '3990f056-b467-404b-85b9-e71b0c00c8e9', '2026-02-27T00:00:00.000000+00:00', false, false, true) ON CONFLICT (tool_id, args_outputs_id) DO NOTHING;
INSERT INTO public.tool_args_outputs_junction (tool_id, args_outputs_id, created_at, generated, mcp, active) VALUES ('d1eda9f2-dd03-4a05-987a-853a490f0518', 'c0a0a3b5-a781-45b8-8d06-c75decd819bb', '2026-02-27T00:00:00.000000+00:00', false, false, true) ON CONFLICT (tool_id, args_outputs_id) DO NOTHING;
INSERT INTO public.tool_args_outputs_junction (tool_id, args_outputs_id, created_at, generated, mcp, active) VALUES ('d1eda9f2-dd03-4a05-987a-853a490f0518', 'affda677-42d0-4b2f-a852-e8d668d3c394', '2026-02-27T00:00:00.000000+00:00', false, false, true) ON CONFLICT (tool_id, args_outputs_id) DO NOTHING;
INSERT INTO public.tool_args_outputs_junction (tool_id, args_outputs_id, created_at, generated, mcp, active) VALUES ('d1eda9f2-dd03-4a05-987a-853a490f0518', '2b92d80c-c7bf-4832-82bb-4c1367c7e6db', '2026-02-27T00:00:00.000000+00:00', false, false, true) ON CONFLICT (tool_id, args_outputs_id) DO NOTHING;
INSERT INTO public.tool_args_outputs_junction (tool_id, args_outputs_id, created_at, generated, mcp, active) VALUES ('d1eda9f2-dd03-4a05-987a-853a490f0518', '68e82dff-9ebe-439c-a313-45ad2523e2b6', '2026-02-27T00:00:00.000000+00:00', false, false, true) ON CONFLICT (tool_id, args_outputs_id) DO NOTHING;
-- tool_entries_junction
INSERT INTO public.tool_entries_junction (tool_id, entry_id, active, created_at, generated, mcp) VALUES ('d1eda9f2-dd03-4a05-987a-853a490f0518', 'a05e23ed-70b7-429e-b37d-95bac0df497a', true, '2026-02-27T00:00:00.000000+00:00', false, false) ON CONFLICT (tool_id, entry_id) DO NOTHING;
-- tool_descriptions_junction
INSERT INTO public.tool_descriptions_junction (tool_id, description_id, created_at, generated, mcp, active) VALUES ('d1eda9f2-dd03-4a05-987a-853a490f0518', '21cba831-f98e-4eba-aa99-acce8c8570e3', '2026-02-27T00:00:00.000000+00:00', false, false, true) ON CONFLICT (tool_id, description_id) DO NOTHING;
-- tool_flags_junction
INSERT INTO public.tool_flags_junction (tool_id, flag_id, value, created_at, generated, mcp, active) VALUES ('d1eda9f2-dd03-4a05-987a-853a490f0518', '019be334-bfc6-74fb-be11-ea6b522945bb', true, '2026-02-27T00:00:00.000000+00:00', false, false, true) ON CONFLICT (tool_id, flag_id) DO NOTHING;
-- tool_operations_junction
INSERT INTO public.tool_operations_junction (tool_id, operation_id, created_at, active, generated, mcp) VALUES ('d1eda9f2-dd03-4a05-987a-853a490f0518', '019d0000-0001-7000-8000-000000000002', '2026-02-27T00:00:00.000000+00:00', true, false, false) ON CONFLICT (tool_id, operation_id) DO NOTHING;
-- tool_names_junction
INSERT INTO public.tool_names_junction (tool_id, name_id, created_at, generated, mcp, active) VALUES ('d1eda9f2-dd03-4a05-987a-853a490f0518', 'e602bd9e-234d-4bce-aca8-97f541571b83', '2026-02-27T00:00:00.000000+00:00', false, false, true) ON CONFLICT (tool_id, name_id) DO NOTHING;
-- tool_tools_junction
INSERT INTO public.tool_tools_junction (tool_id, tools_id, active, created_at, generated, mcp) VALUES ('d1eda9f2-dd03-4a05-987a-853a490f0518', '4cda8473-a788-491d-87d3-49ade8e0e4a9', true, '2026-02-27T00:00:00.000000+00:00', false, false) ON CONFLICT (tool_id, tools_id) DO NOTHING;
