-- Module: create_attempt_chat
-- Category: tool
-- Description: create_attempt_chat MCP tool
-- ============================================================


-- Entry resource
INSERT INTO public.entries_resource (id, entry, created_at, active, generated, mcp) VALUES ('8cd113f7-513d-421d-bca3-1e9a4f8c3f85', 'attempt_chats', '2026-02-27T00:00:00.000000+00:00', true, false, false) ON CONFLICT (id) DO NOTHING;

-- Resource rows
INSERT INTO public.args_resource (id, name, description, field_type, required, default_value, created_at, active, generated, mcp) VALUES ('ff235490-fa8c-4a9b-8262-bca43e2852df', 'call_id', '', 'string', false, '', '2026-02-27T00:00:00.000000+00:00', true, false, false) ON CONFLICT (id) DO NOTHING;
INSERT INTO public.arg_positions_resource (id, args_id, value, created_at, active, generated, mcp) VALUES ('9e970963-8498-403b-bbb8-a659494c46f7', 'ff235490-fa8c-4a9b-8262-bca43e2852df', 0, '2026-02-27T00:00:00.000000+00:00', true, false, false) ON CONFLICT (id) DO NOTHING;
INSERT INTO public.args_outputs_resource (id, args_id, name, template, created_at, active, generated, mcp) VALUES ('e1f835cb-902b-46c6-8c86-53ab72154d75', 'ff235490-fa8c-4a9b-8262-bca43e2852df', 'call_id', '{{ call_id }}', '2026-02-27T00:00:00.000000+00:00', true, false, false) ON CONFLICT (id) DO NOTHING;
INSERT INTO public.args_resource (id, name, description, field_type, required, default_value, created_at, active, generated, mcp) VALUES ('e5e7d4cc-a642-4bf8-a416-07089768d97b', 'title', '', 'string', false, '', '2026-02-27T00:00:00.000000+00:00', true, false, false) ON CONFLICT (id) DO NOTHING;
INSERT INTO public.arg_positions_resource (id, args_id, value, created_at, active, generated, mcp) VALUES ('e4a03218-cac3-4f6a-8d78-17d9c1256eea', 'e5e7d4cc-a642-4bf8-a416-07089768d97b', 1, '2026-02-27T00:00:00.000000+00:00', true, false, false) ON CONFLICT (id) DO NOTHING;
INSERT INTO public.args_outputs_resource (id, args_id, name, template, created_at, active, generated, mcp) VALUES ('8e9cf20d-398d-48e3-af0a-79a8f1b31c11', 'e5e7d4cc-a642-4bf8-a416-07089768d97b', 'title', '{{ title }}', '2026-02-27T00:00:00.000000+00:00', true, false, false) ON CONFLICT (id) DO NOTHING;
INSERT INTO public.args_resource (id, name, description, field_type, required, default_value, created_at, active, generated, mcp) VALUES ('6b8fb602-fbe3-4b52-b5e9-1ed782279dfc', 'group_id', '', 'string', false, '', '2026-02-27T00:00:00.000000+00:00', true, false, false) ON CONFLICT (id) DO NOTHING;
INSERT INTO public.arg_positions_resource (id, args_id, value, created_at, active, generated, mcp) VALUES ('96866934-4375-4316-82cc-e5d4ad4fea66', '6b8fb602-fbe3-4b52-b5e9-1ed782279dfc', 2, '2026-02-27T00:00:00.000000+00:00', true, false, false) ON CONFLICT (id) DO NOTHING;
INSERT INTO public.args_outputs_resource (id, args_id, name, template, created_at, active, generated, mcp) VALUES ('23753325-e046-4d0e-905d-a2d7f296cdba', '6b8fb602-fbe3-4b52-b5e9-1ed782279dfc', 'group_id', '{{ group_id }}', '2026-02-27T00:00:00.000000+00:00', true, false, false) ON CONFLICT (id) DO NOTHING;
INSERT INTO public.args_resource (id, name, description, field_type, required, default_value, created_at, active, generated, mcp) VALUES ('d55e5189-9577-423f-9345-001d5f4f875a', 'chat_id', '', 'string', true, '', '2026-02-27T00:00:00.000000+00:00', true, false, false) ON CONFLICT (id) DO NOTHING;
INSERT INTO public.arg_positions_resource (id, args_id, value, created_at, active, generated, mcp) VALUES ('724ee2a4-65fa-4178-b94f-84be89f0643f', 'd55e5189-9577-423f-9345-001d5f4f875a', 3, '2026-02-27T00:00:00.000000+00:00', true, false, false) ON CONFLICT (id) DO NOTHING;
INSERT INTO public.args_outputs_resource (id, args_id, name, template, created_at, active, generated, mcp) VALUES ('5afeedae-2438-4841-b1a6-a40b63adbbb4', 'd55e5189-9577-423f-9345-001d5f4f875a', 'chat_id', '{{ chat_id }}', '2026-02-27T00:00:00.000000+00:00', true, false, false) ON CONFLICT (id) DO NOTHING;
INSERT INTO public.args_resource (id, name, description, field_type, required, default_value, created_at, active, generated, mcp) VALUES ('8f70d646-0eab-4b2d-b498-3e5a019636f5', 'position', '', 'number', false, '0', '2026-02-27T00:00:00.000000+00:00', true, false, false) ON CONFLICT (id) DO NOTHING;
INSERT INTO public.arg_positions_resource (id, args_id, value, created_at, active, generated, mcp) VALUES ('1a543811-11a6-405a-b5fd-546f63daafdc', '8f70d646-0eab-4b2d-b498-3e5a019636f5', 4, '2026-02-27T00:00:00.000000+00:00', true, false, false) ON CONFLICT (id) DO NOTHING;
INSERT INTO public.args_outputs_resource (id, args_id, name, template, created_at, active, generated, mcp) VALUES ('3b300251-7ab7-4f1d-b5bb-adc0e9de6542', '8f70d646-0eab-4b2d-b498-3e5a019636f5', 'position', '{{ position }}', '2026-02-27T00:00:00.000000+00:00', true, false, false) ON CONFLICT (id) DO NOTHING;
INSERT INTO public.args_resource (id, name, description, field_type, required, default_value, created_at, active, generated, mcp) VALUES ('37a828ac-23d2-42e2-8565-a3a8f4c37db6', 'time_limit', '', 'number', false, '', '2026-02-27T00:00:00.000000+00:00', true, false, false) ON CONFLICT (id) DO NOTHING;
INSERT INTO public.arg_positions_resource (id, args_id, value, created_at, active, generated, mcp) VALUES ('8f78cad9-61fe-4138-ab3f-6c6023413e3e', '37a828ac-23d2-42e2-8565-a3a8f4c37db6', 5, '2026-02-27T00:00:00.000000+00:00', true, false, false) ON CONFLICT (id) DO NOTHING;
INSERT INTO public.args_outputs_resource (id, args_id, name, template, created_at, active, generated, mcp) VALUES ('23c8a69b-76e2-434a-bd94-b33b1d06d534', '37a828ac-23d2-42e2-8565-a3a8f4c37db6', 'time_limit', '{{ time_limit }}', '2026-02-27T00:00:00.000000+00:00', true, false, false) ON CONFLICT (id) DO NOTHING;
INSERT INTO public.args_resource (id, name, description, field_type, required, default_value, created_at, active, generated, mcp) VALUES ('fa85211b-37a6-40e2-b4db-72db0e4a5f57', 'negative_time', '', 'boolean', false, 'false', '2026-02-27T00:00:00.000000+00:00', true, false, false) ON CONFLICT (id) DO NOTHING;
INSERT INTO public.arg_positions_resource (id, args_id, value, created_at, active, generated, mcp) VALUES ('4765067b-9bb6-48b8-97b6-78faccdc6fb0', 'fa85211b-37a6-40e2-b4db-72db0e4a5f57', 6, '2026-02-27T00:00:00.000000+00:00', true, false, false) ON CONFLICT (id) DO NOTHING;
INSERT INTO public.args_outputs_resource (id, args_id, name, template, created_at, active, generated, mcp) VALUES ('959795bb-8cd0-40dd-8b0b-b5fa75711075', 'fa85211b-37a6-40e2-b4db-72db0e4a5f57', 'negative_time', '{{ negative_time }}', '2026-02-27T00:00:00.000000+00:00', true, false, false) ON CONFLICT (id) DO NOTHING;
INSERT INTO public.args_resource (id, name, description, field_type, required, default_value, created_at, active, generated, mcp) VALUES ('764e5d02-8908-4dda-a647-2eb6fbda895a', 'audio_enabled', '', 'boolean', false, 'false', '2026-02-27T00:00:00.000000+00:00', true, false, false) ON CONFLICT (id) DO NOTHING;
INSERT INTO public.arg_positions_resource (id, args_id, value, created_at, active, generated, mcp) VALUES ('b4e2fb7e-ff27-413b-a963-a8508993ca82', '764e5d02-8908-4dda-a647-2eb6fbda895a', 7, '2026-02-27T00:00:00.000000+00:00', true, false, false) ON CONFLICT (id) DO NOTHING;
INSERT INTO public.args_outputs_resource (id, args_id, name, template, created_at, active, generated, mcp) VALUES ('175af59b-d8dd-4681-883c-db07e57ecf1a', '764e5d02-8908-4dda-a647-2eb6fbda895a', 'audio_enabled', '{{ audio_enabled }}', '2026-02-27T00:00:00.000000+00:00', true, false, false) ON CONFLICT (id) DO NOTHING;
INSERT INTO public.args_resource (id, name, description, field_type, required, default_value, created_at, active, generated, mcp) VALUES ('f3e20a7e-01e5-4576-b837-4802acb5c092', 'text_enabled', '', 'boolean', false, 'false', '2026-02-27T00:00:00.000000+00:00', true, false, false) ON CONFLICT (id) DO NOTHING;
INSERT INTO public.arg_positions_resource (id, args_id, value, created_at, active, generated, mcp) VALUES ('52b47d20-4325-4844-b152-61b25f7082e7', 'f3e20a7e-01e5-4576-b837-4802acb5c092', 8, '2026-02-27T00:00:00.000000+00:00', true, false, false) ON CONFLICT (id) DO NOTHING;
INSERT INTO public.args_outputs_resource (id, args_id, name, template, created_at, active, generated, mcp) VALUES ('b284461d-53a8-4e14-b6c7-c0c4881bccb2', 'f3e20a7e-01e5-4576-b837-4802acb5c092', 'text_enabled', '{{ text_enabled }}', '2026-02-27T00:00:00.000000+00:00', true, false, false) ON CONFLICT (id) DO NOTHING;
INSERT INTO public.args_resource (id, name, description, field_type, required, default_value, created_at, active, generated, mcp) VALUES ('ce03a48c-137e-440d-a01e-3a9ed52bbcac', 'hints_enabled', '', 'boolean', false, 'false', '2026-02-27T00:00:00.000000+00:00', true, false, false) ON CONFLICT (id) DO NOTHING;
INSERT INTO public.arg_positions_resource (id, args_id, value, created_at, active, generated, mcp) VALUES ('81afbec8-e003-40f3-beb2-be09b5ff2a57', 'ce03a48c-137e-440d-a01e-3a9ed52bbcac', 9, '2026-02-27T00:00:00.000000+00:00', true, false, false) ON CONFLICT (id) DO NOTHING;
INSERT INTO public.args_outputs_resource (id, args_id, name, template, created_at, active, generated, mcp) VALUES ('29bb3867-3f11-4365-b541-54dd6913509c', 'ce03a48c-137e-440d-a01e-3a9ed52bbcac', 'hints_enabled', '{{ hints_enabled }}', '2026-02-27T00:00:00.000000+00:00', true, false, false) ON CONFLICT (id) DO NOTHING;
INSERT INTO public.args_resource (id, name, description, field_type, required, default_value, created_at, active, generated, mcp) VALUES ('eb702fcc-ab2b-4836-9a47-bdb90b10ba8d', 'copy_paste_allowed', '', 'boolean', false, 'false', '2026-02-27T00:00:00.000000+00:00', true, false, false) ON CONFLICT (id) DO NOTHING;
INSERT INTO public.arg_positions_resource (id, args_id, value, created_at, active, generated, mcp) VALUES ('ff1514c7-2b08-464d-8081-423c83be8dcd', 'eb702fcc-ab2b-4836-9a47-bdb90b10ba8d', 10, '2026-02-27T00:00:00.000000+00:00', true, false, false) ON CONFLICT (id) DO NOTHING;
INSERT INTO public.args_outputs_resource (id, args_id, name, template, created_at, active, generated, mcp) VALUES ('4cd81ca4-e5a3-43ea-b3c3-60f7bb826f6d', 'eb702fcc-ab2b-4836-9a47-bdb90b10ba8d', 'copy_paste_allowed', '{{ copy_paste_allowed }}', '2026-02-27T00:00:00.000000+00:00', true, false, false) ON CONFLICT (id) DO NOTHING;
INSERT INTO public.args_resource (id, name, description, field_type, required, default_value, created_at, active, generated, mcp) VALUES ('aa8df32b-fce5-4ceb-9072-893cc478997e', 'show_images', '', 'boolean', false, 'false', '2026-02-27T00:00:00.000000+00:00', true, false, false) ON CONFLICT (id) DO NOTHING;
INSERT INTO public.arg_positions_resource (id, args_id, value, created_at, active, generated, mcp) VALUES ('e813db4a-46a6-4660-891f-71c4762b3dd6', 'aa8df32b-fce5-4ceb-9072-893cc478997e', 11, '2026-02-27T00:00:00.000000+00:00', true, false, false) ON CONFLICT (id) DO NOTHING;
INSERT INTO public.args_outputs_resource (id, args_id, name, template, created_at, active, generated, mcp) VALUES ('458ba44c-f64b-48c7-a56d-366ea99bfa74', 'aa8df32b-fce5-4ceb-9072-893cc478997e', 'show_images', '{{ show_images }}', '2026-02-27T00:00:00.000000+00:00', true, false, false) ON CONFLICT (id) DO NOTHING;
INSERT INTO public.args_resource (id, name, description, field_type, required, default_value, created_at, active, generated, mcp) VALUES ('1f4ea7e3-2274-48f9-9699-b60dd23e33bb', 'show_objectives', '', 'boolean', false, 'false', '2026-02-27T00:00:00.000000+00:00', true, false, false) ON CONFLICT (id) DO NOTHING;
INSERT INTO public.arg_positions_resource (id, args_id, value, created_at, active, generated, mcp) VALUES ('e7afba30-9f88-4d42-8a3a-9febf6e1668e', '1f4ea7e3-2274-48f9-9699-b60dd23e33bb', 12, '2026-02-27T00:00:00.000000+00:00', true, false, false) ON CONFLICT (id) DO NOTHING;
INSERT INTO public.args_outputs_resource (id, args_id, name, template, created_at, active, generated, mcp) VALUES ('37d383ad-7fc6-4535-a33b-af4d943f5aed', '1f4ea7e3-2274-48f9-9699-b60dd23e33bb', 'show_objectives', '{{ show_objectives }}', '2026-02-27T00:00:00.000000+00:00', true, false, false) ON CONFLICT (id) DO NOTHING;
INSERT INTO public.args_resource (id, name, description, field_type, required, default_value, created_at, active, generated, mcp) VALUES ('7ac2996c-fc07-4ede-8d0c-f478bd5b02d9', 'show_problem_statement', '', 'boolean', false, 'false', '2026-02-27T00:00:00.000000+00:00', true, false, false) ON CONFLICT (id) DO NOTHING;
INSERT INTO public.arg_positions_resource (id, args_id, value, created_at, active, generated, mcp) VALUES ('9e9dd840-5ba4-4aa4-af7d-9a3f911fdedc', '7ac2996c-fc07-4ede-8d0c-f478bd5b02d9', 13, '2026-02-27T00:00:00.000000+00:00', true, false, false) ON CONFLICT (id) DO NOTHING;
INSERT INTO public.args_outputs_resource (id, args_id, name, template, created_at, active, generated, mcp) VALUES ('bda1a010-fb94-4883-8480-999e655407ef', '7ac2996c-fc07-4ede-8d0c-f478bd5b02d9', 'show_problem_statement', '{{ show_problem_statement }}', '2026-02-27T00:00:00.000000+00:00', true, false, false) ON CONFLICT (id) DO NOTHING;
INSERT INTO public.args_resource (id, name, description, field_type, required, default_value, created_at, active, generated, mcp) VALUES ('a45ba6da-b877-4bf5-83d5-9d0865f8d46a', 'analyses_enabled', '', 'boolean', false, 'false', '2026-02-27T00:00:00.000000+00:00', true, false, false) ON CONFLICT (id) DO NOTHING;
INSERT INTO public.arg_positions_resource (id, args_id, value, created_at, active, generated, mcp) VALUES ('ec6cbcde-83c0-49cd-bf75-1744d40235b9', 'a45ba6da-b877-4bf5-83d5-9d0865f8d46a', 14, '2026-02-27T00:00:00.000000+00:00', true, false, false) ON CONFLICT (id) DO NOTHING;
INSERT INTO public.args_outputs_resource (id, args_id, name, template, created_at, active, generated, mcp) VALUES ('e6dadea1-db82-4f17-86d1-3e027bc722c3', 'a45ba6da-b877-4bf5-83d5-9d0865f8d46a', 'analyses_enabled', '{{ analyses_enabled }}', '2026-02-27T00:00:00.000000+00:00', true, false, false) ON CONFLICT (id) DO NOTHING;
INSERT INTO public.args_resource (id, name, description, field_type, required, default_value, created_at, active, generated, mcp) VALUES ('14d17f6c-0038-49ff-b5d0-8078f95e00c3', 'improvements_enabled', '', 'boolean', false, 'false', '2026-02-27T00:00:00.000000+00:00', true, false, false) ON CONFLICT (id) DO NOTHING;
INSERT INTO public.arg_positions_resource (id, args_id, value, created_at, active, generated, mcp) VALUES ('a696cc8c-c9e8-4873-8abc-cabba7e22641', '14d17f6c-0038-49ff-b5d0-8078f95e00c3', 15, '2026-02-27T00:00:00.000000+00:00', true, false, false) ON CONFLICT (id) DO NOTHING;
INSERT INTO public.args_outputs_resource (id, args_id, name, template, created_at, active, generated, mcp) VALUES ('068c57a4-8fc7-47f7-aabd-7d0482fbb4bf', '14d17f6c-0038-49ff-b5d0-8078f95e00c3', 'improvements_enabled', '{{ improvements_enabled }}', '2026-02-27T00:00:00.000000+00:00', true, false, false) ON CONFLICT (id) DO NOTHING;
INSERT INTO public.args_resource (id, name, description, field_type, required, default_value, created_at, active, generated, mcp) VALUES ('b1d8cde0-6f38-4ce9-9b2f-9c89a89e6635', 'replacements_enabled', '', 'boolean', false, 'false', '2026-02-27T00:00:00.000000+00:00', true, false, false) ON CONFLICT (id) DO NOTHING;
INSERT INTO public.arg_positions_resource (id, args_id, value, created_at, active, generated, mcp) VALUES ('0c23bdc1-67b3-470d-a69d-251483e5981f', 'b1d8cde0-6f38-4ce9-9b2f-9c89a89e6635', 16, '2026-02-27T00:00:00.000000+00:00', true, false, false) ON CONFLICT (id) DO NOTHING;
INSERT INTO public.args_outputs_resource (id, args_id, name, template, created_at, active, generated, mcp) VALUES ('784b9ca7-4f65-4cd3-9627-be548ff07756', 'b1d8cde0-6f38-4ce9-9b2f-9c89a89e6635', 'replacements_enabled', '{{ replacements_enabled }}', '2026-02-27T00:00:00.000000+00:00', true, false, false) ON CONFLICT (id) DO NOTHING;
INSERT INTO public.args_resource (id, name, description, field_type, required, default_value, created_at, active, generated, mcp) VALUES ('3b75683c-c002-4980-8478-012a71d0af76', 'strengths_enabled', '', 'boolean', false, 'false', '2026-02-27T00:00:00.000000+00:00', true, false, false) ON CONFLICT (id) DO NOTHING;
INSERT INTO public.arg_positions_resource (id, args_id, value, created_at, active, generated, mcp) VALUES ('b4721a51-bac1-4ebe-833e-fefb50e94679', '3b75683c-c002-4980-8478-012a71d0af76', 17, '2026-02-27T00:00:00.000000+00:00', true, false, false) ON CONFLICT (id) DO NOTHING;
INSERT INTO public.args_outputs_resource (id, args_id, name, template, created_at, active, generated, mcp) VALUES ('716fa56e-a7cf-416f-8da4-9dae69131930', '3b75683c-c002-4980-8478-012a71d0af76', 'strengths_enabled', '{{ strengths_enabled }}', '2026-02-27T00:00:00.000000+00:00', true, false, false) ON CONFLICT (id) DO NOTHING;
INSERT INTO public.args_resource (id, name, description, field_type, required, default_value, created_at, active, generated, mcp) VALUES ('a29179b8-ab5b-4791-be38-33b9d4d026bf', 'use_custom', '', 'boolean', false, 'false', '2026-02-27T00:00:00.000000+00:00', true, false, false) ON CONFLICT (id) DO NOTHING;
INSERT INTO public.arg_positions_resource (id, args_id, value, created_at, active, generated, mcp) VALUES ('e5d2661c-dad7-4390-9516-0d9e4a6490dc', 'a29179b8-ab5b-4791-be38-33b9d4d026bf', 18, '2026-02-27T00:00:00.000000+00:00', true, false, false) ON CONFLICT (id) DO NOTHING;
INSERT INTO public.args_outputs_resource (id, args_id, name, template, created_at, active, generated, mcp) VALUES ('fa052de9-0efb-4b99-ab55-72bb5dd9abde', 'a29179b8-ab5b-4791-be38-33b9d4d026bf', 'use_custom', '{{ use_custom }}', '2026-02-27T00:00:00.000000+00:00', true, false, false) ON CONFLICT (id) DO NOTHING;
INSERT INTO public.args_resource (id, name, description, field_type, required, default_value, created_at, active, generated, mcp) VALUES ('c125f189-da26-4ebd-9594-8f50c1c62cbc', 'use_previous', '', 'boolean', false, 'false', '2026-02-27T00:00:00.000000+00:00', true, false, false) ON CONFLICT (id) DO NOTHING;
INSERT INTO public.arg_positions_resource (id, args_id, value, created_at, active, generated, mcp) VALUES ('d5e37ec4-f01d-40e8-ac30-88db3c82e213', 'c125f189-da26-4ebd-9594-8f50c1c62cbc', 19, '2026-02-27T00:00:00.000000+00:00', true, false, false) ON CONFLICT (id) DO NOTHING;
INSERT INTO public.args_outputs_resource (id, args_id, name, template, created_at, active, generated, mcp) VALUES ('107c7b34-a085-4617-a7c0-a42814ff628d', 'c125f189-da26-4ebd-9594-8f50c1c62cbc', 'use_previous', '{{ use_previous }}', '2026-02-27T00:00:00.000000+00:00', true, false, false) ON CONFLICT (id) DO NOTHING;
INSERT INTO public.args_resource (id, name, description, field_type, required, default_value, created_at, active, generated, mcp) VALUES ('7172a73d-a8b0-4752-91f6-0ab9c92da561', 'problem_statement_enabled', '', 'boolean', false, 'false', '2026-02-27T00:00:00.000000+00:00', true, false, false) ON CONFLICT (id) DO NOTHING;
INSERT INTO public.arg_positions_resource (id, args_id, value, created_at, active, generated, mcp) VALUES ('edf2cadd-3332-4b3b-acdb-c2097eb976c2', '7172a73d-a8b0-4752-91f6-0ab9c92da561', 20, '2026-02-27T00:00:00.000000+00:00', true, false, false) ON CONFLICT (id) DO NOTHING;
INSERT INTO public.args_outputs_resource (id, args_id, name, template, created_at, active, generated, mcp) VALUES ('9a6b35cb-2282-4c62-9fd6-ae124d9e2edb', '7172a73d-a8b0-4752-91f6-0ab9c92da561', 'problem_statement_enabled', '{{ problem_statement_enabled }}', '2026-02-27T00:00:00.000000+00:00', true, false, false) ON CONFLICT (id) DO NOTHING;
INSERT INTO public.args_resource (id, name, description, field_type, required, default_value, created_at, active, generated, mcp) VALUES ('fd3937c7-6fed-4a49-9a77-4d5b961e195f', 'objectives_enabled', '', 'boolean', false, 'false', '2026-02-27T00:00:00.000000+00:00', true, false, false) ON CONFLICT (id) DO NOTHING;
INSERT INTO public.arg_positions_resource (id, args_id, value, created_at, active, generated, mcp) VALUES ('3e6d3fc0-974f-4869-8007-c13745e9257c', 'fd3937c7-6fed-4a49-9a77-4d5b961e195f', 21, '2026-02-27T00:00:00.000000+00:00', true, false, false) ON CONFLICT (id) DO NOTHING;
INSERT INTO public.args_outputs_resource (id, args_id, name, template, created_at, active, generated, mcp) VALUES ('fd09b074-defe-4ef6-9971-19b44221f600', 'fd3937c7-6fed-4a49-9a77-4d5b961e195f', 'objectives_enabled', '{{ objectives_enabled }}', '2026-02-27T00:00:00.000000+00:00', true, false, false) ON CONFLICT (id) DO NOTHING;
INSERT INTO public.args_resource (id, name, description, field_type, required, default_value, created_at, active, generated, mcp) VALUES ('f540dc0a-8e6d-4358-b904-f5884a563ed5', 'video_enabled', '', 'boolean', false, 'false', '2026-02-27T00:00:00.000000+00:00', true, false, false) ON CONFLICT (id) DO NOTHING;
INSERT INTO public.arg_positions_resource (id, args_id, value, created_at, active, generated, mcp) VALUES ('9ac6d0c7-f9eb-4bb6-8add-3e57999fcae0', 'f540dc0a-8e6d-4358-b904-f5884a563ed5', 22, '2026-02-27T00:00:00.000000+00:00', true, false, false) ON CONFLICT (id) DO NOTHING;
INSERT INTO public.args_outputs_resource (id, args_id, name, template, created_at, active, generated, mcp) VALUES ('efad4ef8-7cec-4e29-af00-55c0a984839a', 'f540dc0a-8e6d-4358-b904-f5884a563ed5', 'video_enabled', '{{ video_enabled }}', '2026-02-27T00:00:00.000000+00:00', true, false, false) ON CONFLICT (id) DO NOTHING;
INSERT INTO public.args_resource (id, name, description, field_type, required, default_value, created_at, active, generated, mcp) VALUES ('319719c8-7e51-48bf-b4f2-a79ed430c900', 'images_enabled', '', 'boolean', false, 'false', '2026-02-27T00:00:00.000000+00:00', true, false, false) ON CONFLICT (id) DO NOTHING;
INSERT INTO public.arg_positions_resource (id, args_id, value, created_at, active, generated, mcp) VALUES ('899c4b79-de7d-4fb5-b413-64d1afa1f8d6', '319719c8-7e51-48bf-b4f2-a79ed430c900', 23, '2026-02-27T00:00:00.000000+00:00', true, false, false) ON CONFLICT (id) DO NOTHING;
INSERT INTO public.args_outputs_resource (id, args_id, name, template, created_at, active, generated, mcp) VALUES ('ec6839e4-08cc-4c8f-a8d0-33b61494506e', '319719c8-7e51-48bf-b4f2-a79ed430c900', 'images_enabled', '{{ images_enabled }}', '2026-02-27T00:00:00.000000+00:00', true, false, false) ON CONFLICT (id) DO NOTHING;
INSERT INTO public.args_resource (id, name, description, field_type, required, default_value, created_at, active, generated, mcp) VALUES ('dba9a288-55fa-4805-abeb-a49156d19f6e', 'questions_enabled', '', 'boolean', false, 'false', '2026-02-27T00:00:00.000000+00:00', true, false, false) ON CONFLICT (id) DO NOTHING;
INSERT INTO public.arg_positions_resource (id, args_id, value, created_at, active, generated, mcp) VALUES ('03f695a4-4311-46c2-8a5e-901c9073290e', 'dba9a288-55fa-4805-abeb-a49156d19f6e', 24, '2026-02-27T00:00:00.000000+00:00', true, false, false) ON CONFLICT (id) DO NOTHING;
INSERT INTO public.args_outputs_resource (id, args_id, name, template, created_at, active, generated, mcp) VALUES ('bc336620-5389-4397-b684-582fa8ee20c0', 'dba9a288-55fa-4805-abeb-a49156d19f6e', 'questions_enabled', '{{ questions_enabled }}', '2026-02-27T00:00:00.000000+00:00', true, false, false) ON CONFLICT (id) DO NOTHING;
INSERT INTO public.args_resource (id, name, description, field_type, required, default_value, created_at, active, generated, mcp) VALUES ('03eee079-0e25-41a9-aca4-1cb4b6c7a4b5', 'assistant_persona_ids', '', 'string', false, 'ARRAY[]', '2026-02-27T00:00:00.000000+00:00', true, false, false) ON CONFLICT (id) DO NOTHING;
INSERT INTO public.arg_positions_resource (id, args_id, value, created_at, active, generated, mcp) VALUES ('cdf04623-5980-4ada-8934-f81132a69832', '03eee079-0e25-41a9-aca4-1cb4b6c7a4b5', 25, '2026-02-27T00:00:00.000000+00:00', true, false, false) ON CONFLICT (id) DO NOTHING;
INSERT INTO public.args_outputs_resource (id, args_id, name, template, created_at, active, generated, mcp) VALUES ('3b60398d-09fa-464f-9516-4d84df7da8c7', '03eee079-0e25-41a9-aca4-1cb4b6c7a4b5', 'assistant_persona_ids', '{{ assistant_persona_ids }}', '2026-02-27T00:00:00.000000+00:00', true, false, false) ON CONFLICT (id) DO NOTHING;
INSERT INTO public.descriptions_resource (id, description, created_at, active, generated, mcp) VALUES ('d389a8d0-8b02-4766-8938-fcd21283b27f', 'Create a new attempt chat entry', '2026-02-27T00:00:00.000000+00:00', true, false, false) ON CONFLICT (id) DO NOTHING;
INSERT INTO public.names_resource (id, name, created_at, active, generated, mcp) VALUES ('08347827-a97f-4cea-b948-ee203f69a4c2', 'create_attempt_chat', '2026-02-27T00:00:00.000000+00:00', true, false, false) ON CONFLICT (id) DO NOTHING;
INSERT INTO public.tools_resource (id, created_at, generated, mcp, active, name, description, department_ids, operation, args_ids, args_output_ids, resources, entries, artifacts) VALUES ('057dae10-e5f9-4a19-bf3b-18dbbbdb49c7', '2026-02-27T00:00:00.000000+00:00', false, false, true, 'create_attempt_chat', 'Create a new attempt chat entry', '{}', 'create', '{ff235490-fa8c-4a9b-8262-bca43e2852df,e5e7d4cc-a642-4bf8-a416-07089768d97b,6b8fb602-fbe3-4b52-b5e9-1ed782279dfc,d55e5189-9577-423f-9345-001d5f4f875a,8f70d646-0eab-4b2d-b498-3e5a019636f5,37a828ac-23d2-42e2-8565-a3a8f4c37db6,fa85211b-37a6-40e2-b4db-72db0e4a5f57,764e5d02-8908-4dda-a647-2eb6fbda895a,f3e20a7e-01e5-4576-b837-4802acb5c092,ce03a48c-137e-440d-a01e-3a9ed52bbcac,eb702fcc-ab2b-4836-9a47-bdb90b10ba8d,aa8df32b-fce5-4ceb-9072-893cc478997e,1f4ea7e3-2274-48f9-9699-b60dd23e33bb,7ac2996c-fc07-4ede-8d0c-f478bd5b02d9,a45ba6da-b877-4bf5-83d5-9d0865f8d46a,14d17f6c-0038-49ff-b5d0-8078f95e00c3,b1d8cde0-6f38-4ce9-9b2f-9c89a89e6635,3b75683c-c002-4980-8478-012a71d0af76,a29179b8-ab5b-4791-be38-33b9d4d026bf,c125f189-da26-4ebd-9594-8f50c1c62cbc,7172a73d-a8b0-4752-91f6-0ab9c92da561,fd3937c7-6fed-4a49-9a77-4d5b961e195f,f540dc0a-8e6d-4358-b904-f5884a563ed5,319719c8-7e51-48bf-b4f2-a79ed430c900,dba9a288-55fa-4805-abeb-a49156d19f6e,03eee079-0e25-41a9-aca4-1cb4b6c7a4b5}', '{e1f835cb-902b-46c6-8c86-53ab72154d75,8e9cf20d-398d-48e3-af0a-79a8f1b31c11,23753325-e046-4d0e-905d-a2d7f296cdba,5afeedae-2438-4841-b1a6-a40b63adbbb4,3b300251-7ab7-4f1d-b5bb-adc0e9de6542,23c8a69b-76e2-434a-bd94-b33b1d06d534,959795bb-8cd0-40dd-8b0b-b5fa75711075,175af59b-d8dd-4681-883c-db07e57ecf1a,b284461d-53a8-4e14-b6c7-c0c4881bccb2,29bb3867-3f11-4365-b541-54dd6913509c,4cd81ca4-e5a3-43ea-b3c3-60f7bb826f6d,458ba44c-f64b-48c7-a56d-366ea99bfa74,37d383ad-7fc6-4535-a33b-af4d943f5aed,bda1a010-fb94-4883-8480-999e655407ef,e6dadea1-db82-4f17-86d1-3e027bc722c3,068c57a4-8fc7-47f7-aabd-7d0482fbb4bf,784b9ca7-4f65-4cd3-9627-be548ff07756,716fa56e-a7cf-416f-8da4-9dae69131930,fa052de9-0efb-4b99-ab55-72bb5dd9abde,107c7b34-a085-4617-a7c0-a42814ff628d,9a6b35cb-2282-4c62-9fd6-ae124d9e2edb,fd09b074-defe-4ef6-9971-19b44221f600,efad4ef8-7cec-4e29-af00-55c0a984839a,ec6839e4-08cc-4c8f-a8d0-33b61494506e,bc336620-5389-4397-b684-582fa8ee20c0,3b60398d-09fa-464f-9516-4d84df7da8c7}', '{}'::text[], '{attempt_chats}'::text[], '{}'::text[]) ON CONFLICT (id) DO NOTHING;

-- Artifact
-- tool_artifact
INSERT INTO public.tool_artifact (id, created_at, updated_at, generated, mcp) VALUES ('453e6b5e-ea3c-42f3-82fa-e8a68adae03b', '2026-02-27T00:00:00.000000+00:00', '2026-02-27T00:00:00.000000+00:00', false, false) ON CONFLICT (id) DO NOTHING;

-- Junctions
-- tool_arg_positions_junction
INSERT INTO public.tool_arg_positions_junction (tool_id, arg_positions_id, created_at, active, generated, mcp) VALUES ('453e6b5e-ea3c-42f3-82fa-e8a68adae03b', '9e970963-8498-403b-bbb8-a659494c46f7', '2026-02-27T00:00:00.000000+00:00', true, false, false) ON CONFLICT (tool_id, arg_positions_id) DO NOTHING;
INSERT INTO public.tool_arg_positions_junction (tool_id, arg_positions_id, created_at, active, generated, mcp) VALUES ('453e6b5e-ea3c-42f3-82fa-e8a68adae03b', 'e4a03218-cac3-4f6a-8d78-17d9c1256eea', '2026-02-27T00:00:00.000000+00:00', true, false, false) ON CONFLICT (tool_id, arg_positions_id) DO NOTHING;
INSERT INTO public.tool_arg_positions_junction (tool_id, arg_positions_id, created_at, active, generated, mcp) VALUES ('453e6b5e-ea3c-42f3-82fa-e8a68adae03b', '96866934-4375-4316-82cc-e5d4ad4fea66', '2026-02-27T00:00:00.000000+00:00', true, false, false) ON CONFLICT (tool_id, arg_positions_id) DO NOTHING;
INSERT INTO public.tool_arg_positions_junction (tool_id, arg_positions_id, created_at, active, generated, mcp) VALUES ('453e6b5e-ea3c-42f3-82fa-e8a68adae03b', '724ee2a4-65fa-4178-b94f-84be89f0643f', '2026-02-27T00:00:00.000000+00:00', true, false, false) ON CONFLICT (tool_id, arg_positions_id) DO NOTHING;
INSERT INTO public.tool_arg_positions_junction (tool_id, arg_positions_id, created_at, active, generated, mcp) VALUES ('453e6b5e-ea3c-42f3-82fa-e8a68adae03b', '1a543811-11a6-405a-b5fd-546f63daafdc', '2026-02-27T00:00:00.000000+00:00', true, false, false) ON CONFLICT (tool_id, arg_positions_id) DO NOTHING;
INSERT INTO public.tool_arg_positions_junction (tool_id, arg_positions_id, created_at, active, generated, mcp) VALUES ('453e6b5e-ea3c-42f3-82fa-e8a68adae03b', '8f78cad9-61fe-4138-ab3f-6c6023413e3e', '2026-02-27T00:00:00.000000+00:00', true, false, false) ON CONFLICT (tool_id, arg_positions_id) DO NOTHING;
INSERT INTO public.tool_arg_positions_junction (tool_id, arg_positions_id, created_at, active, generated, mcp) VALUES ('453e6b5e-ea3c-42f3-82fa-e8a68adae03b', '4765067b-9bb6-48b8-97b6-78faccdc6fb0', '2026-02-27T00:00:00.000000+00:00', true, false, false) ON CONFLICT (tool_id, arg_positions_id) DO NOTHING;
INSERT INTO public.tool_arg_positions_junction (tool_id, arg_positions_id, created_at, active, generated, mcp) VALUES ('453e6b5e-ea3c-42f3-82fa-e8a68adae03b', 'b4e2fb7e-ff27-413b-a963-a8508993ca82', '2026-02-27T00:00:00.000000+00:00', true, false, false) ON CONFLICT (tool_id, arg_positions_id) DO NOTHING;
INSERT INTO public.tool_arg_positions_junction (tool_id, arg_positions_id, created_at, active, generated, mcp) VALUES ('453e6b5e-ea3c-42f3-82fa-e8a68adae03b', '52b47d20-4325-4844-b152-61b25f7082e7', '2026-02-27T00:00:00.000000+00:00', true, false, false) ON CONFLICT (tool_id, arg_positions_id) DO NOTHING;
INSERT INTO public.tool_arg_positions_junction (tool_id, arg_positions_id, created_at, active, generated, mcp) VALUES ('453e6b5e-ea3c-42f3-82fa-e8a68adae03b', '81afbec8-e003-40f3-beb2-be09b5ff2a57', '2026-02-27T00:00:00.000000+00:00', true, false, false) ON CONFLICT (tool_id, arg_positions_id) DO NOTHING;
INSERT INTO public.tool_arg_positions_junction (tool_id, arg_positions_id, created_at, active, generated, mcp) VALUES ('453e6b5e-ea3c-42f3-82fa-e8a68adae03b', 'ff1514c7-2b08-464d-8081-423c83be8dcd', '2026-02-27T00:00:00.000000+00:00', true, false, false) ON CONFLICT (tool_id, arg_positions_id) DO NOTHING;
INSERT INTO public.tool_arg_positions_junction (tool_id, arg_positions_id, created_at, active, generated, mcp) VALUES ('453e6b5e-ea3c-42f3-82fa-e8a68adae03b', 'e813db4a-46a6-4660-891f-71c4762b3dd6', '2026-02-27T00:00:00.000000+00:00', true, false, false) ON CONFLICT (tool_id, arg_positions_id) DO NOTHING;
INSERT INTO public.tool_arg_positions_junction (tool_id, arg_positions_id, created_at, active, generated, mcp) VALUES ('453e6b5e-ea3c-42f3-82fa-e8a68adae03b', 'e7afba30-9f88-4d42-8a3a-9febf6e1668e', '2026-02-27T00:00:00.000000+00:00', true, false, false) ON CONFLICT (tool_id, arg_positions_id) DO NOTHING;
INSERT INTO public.tool_arg_positions_junction (tool_id, arg_positions_id, created_at, active, generated, mcp) VALUES ('453e6b5e-ea3c-42f3-82fa-e8a68adae03b', '9e9dd840-5ba4-4aa4-af7d-9a3f911fdedc', '2026-02-27T00:00:00.000000+00:00', true, false, false) ON CONFLICT (tool_id, arg_positions_id) DO NOTHING;
INSERT INTO public.tool_arg_positions_junction (tool_id, arg_positions_id, created_at, active, generated, mcp) VALUES ('453e6b5e-ea3c-42f3-82fa-e8a68adae03b', 'ec6cbcde-83c0-49cd-bf75-1744d40235b9', '2026-02-27T00:00:00.000000+00:00', true, false, false) ON CONFLICT (tool_id, arg_positions_id) DO NOTHING;
INSERT INTO public.tool_arg_positions_junction (tool_id, arg_positions_id, created_at, active, generated, mcp) VALUES ('453e6b5e-ea3c-42f3-82fa-e8a68adae03b', 'a696cc8c-c9e8-4873-8abc-cabba7e22641', '2026-02-27T00:00:00.000000+00:00', true, false, false) ON CONFLICT (tool_id, arg_positions_id) DO NOTHING;
INSERT INTO public.tool_arg_positions_junction (tool_id, arg_positions_id, created_at, active, generated, mcp) VALUES ('453e6b5e-ea3c-42f3-82fa-e8a68adae03b', '0c23bdc1-67b3-470d-a69d-251483e5981f', '2026-02-27T00:00:00.000000+00:00', true, false, false) ON CONFLICT (tool_id, arg_positions_id) DO NOTHING;
INSERT INTO public.tool_arg_positions_junction (tool_id, arg_positions_id, created_at, active, generated, mcp) VALUES ('453e6b5e-ea3c-42f3-82fa-e8a68adae03b', 'b4721a51-bac1-4ebe-833e-fefb50e94679', '2026-02-27T00:00:00.000000+00:00', true, false, false) ON CONFLICT (tool_id, arg_positions_id) DO NOTHING;
INSERT INTO public.tool_arg_positions_junction (tool_id, arg_positions_id, created_at, active, generated, mcp) VALUES ('453e6b5e-ea3c-42f3-82fa-e8a68adae03b', 'e5d2661c-dad7-4390-9516-0d9e4a6490dc', '2026-02-27T00:00:00.000000+00:00', true, false, false) ON CONFLICT (tool_id, arg_positions_id) DO NOTHING;
INSERT INTO public.tool_arg_positions_junction (tool_id, arg_positions_id, created_at, active, generated, mcp) VALUES ('453e6b5e-ea3c-42f3-82fa-e8a68adae03b', 'd5e37ec4-f01d-40e8-ac30-88db3c82e213', '2026-02-27T00:00:00.000000+00:00', true, false, false) ON CONFLICT (tool_id, arg_positions_id) DO NOTHING;
INSERT INTO public.tool_arg_positions_junction (tool_id, arg_positions_id, created_at, active, generated, mcp) VALUES ('453e6b5e-ea3c-42f3-82fa-e8a68adae03b', 'edf2cadd-3332-4b3b-acdb-c2097eb976c2', '2026-02-27T00:00:00.000000+00:00', true, false, false) ON CONFLICT (tool_id, arg_positions_id) DO NOTHING;
INSERT INTO public.tool_arg_positions_junction (tool_id, arg_positions_id, created_at, active, generated, mcp) VALUES ('453e6b5e-ea3c-42f3-82fa-e8a68adae03b', '3e6d3fc0-974f-4869-8007-c13745e9257c', '2026-02-27T00:00:00.000000+00:00', true, false, false) ON CONFLICT (tool_id, arg_positions_id) DO NOTHING;
INSERT INTO public.tool_arg_positions_junction (tool_id, arg_positions_id, created_at, active, generated, mcp) VALUES ('453e6b5e-ea3c-42f3-82fa-e8a68adae03b', '9ac6d0c7-f9eb-4bb6-8add-3e57999fcae0', '2026-02-27T00:00:00.000000+00:00', true, false, false) ON CONFLICT (tool_id, arg_positions_id) DO NOTHING;
INSERT INTO public.tool_arg_positions_junction (tool_id, arg_positions_id, created_at, active, generated, mcp) VALUES ('453e6b5e-ea3c-42f3-82fa-e8a68adae03b', '899c4b79-de7d-4fb5-b413-64d1afa1f8d6', '2026-02-27T00:00:00.000000+00:00', true, false, false) ON CONFLICT (tool_id, arg_positions_id) DO NOTHING;
INSERT INTO public.tool_arg_positions_junction (tool_id, arg_positions_id, created_at, active, generated, mcp) VALUES ('453e6b5e-ea3c-42f3-82fa-e8a68adae03b', '03f695a4-4311-46c2-8a5e-901c9073290e', '2026-02-27T00:00:00.000000+00:00', true, false, false) ON CONFLICT (tool_id, arg_positions_id) DO NOTHING;
INSERT INTO public.tool_arg_positions_junction (tool_id, arg_positions_id, created_at, active, generated, mcp) VALUES ('453e6b5e-ea3c-42f3-82fa-e8a68adae03b', 'cdf04623-5980-4ada-8934-f81132a69832', '2026-02-27T00:00:00.000000+00:00', true, false, false) ON CONFLICT (tool_id, arg_positions_id) DO NOTHING;
-- tool_args_junction
INSERT INTO public.tool_args_junction (tool_id, args_id, created_at, generated, mcp, active) VALUES ('453e6b5e-ea3c-42f3-82fa-e8a68adae03b', 'ff235490-fa8c-4a9b-8262-bca43e2852df', '2026-02-27T00:00:00.000000+00:00', false, false, true) ON CONFLICT (tool_id, args_id) DO NOTHING;
INSERT INTO public.tool_args_junction (tool_id, args_id, created_at, generated, mcp, active) VALUES ('453e6b5e-ea3c-42f3-82fa-e8a68adae03b', 'e5e7d4cc-a642-4bf8-a416-07089768d97b', '2026-02-27T00:00:00.000000+00:00', false, false, true) ON CONFLICT (tool_id, args_id) DO NOTHING;
INSERT INTO public.tool_args_junction (tool_id, args_id, created_at, generated, mcp, active) VALUES ('453e6b5e-ea3c-42f3-82fa-e8a68adae03b', '6b8fb602-fbe3-4b52-b5e9-1ed782279dfc', '2026-02-27T00:00:00.000000+00:00', false, false, true) ON CONFLICT (tool_id, args_id) DO NOTHING;
INSERT INTO public.tool_args_junction (tool_id, args_id, created_at, generated, mcp, active) VALUES ('453e6b5e-ea3c-42f3-82fa-e8a68adae03b', 'd55e5189-9577-423f-9345-001d5f4f875a', '2026-02-27T00:00:00.000000+00:00', false, false, true) ON CONFLICT (tool_id, args_id) DO NOTHING;
INSERT INTO public.tool_args_junction (tool_id, args_id, created_at, generated, mcp, active) VALUES ('453e6b5e-ea3c-42f3-82fa-e8a68adae03b', '8f70d646-0eab-4b2d-b498-3e5a019636f5', '2026-02-27T00:00:00.000000+00:00', false, false, true) ON CONFLICT (tool_id, args_id) DO NOTHING;
INSERT INTO public.tool_args_junction (tool_id, args_id, created_at, generated, mcp, active) VALUES ('453e6b5e-ea3c-42f3-82fa-e8a68adae03b', '37a828ac-23d2-42e2-8565-a3a8f4c37db6', '2026-02-27T00:00:00.000000+00:00', false, false, true) ON CONFLICT (tool_id, args_id) DO NOTHING;
INSERT INTO public.tool_args_junction (tool_id, args_id, created_at, generated, mcp, active) VALUES ('453e6b5e-ea3c-42f3-82fa-e8a68adae03b', 'fa85211b-37a6-40e2-b4db-72db0e4a5f57', '2026-02-27T00:00:00.000000+00:00', false, false, true) ON CONFLICT (tool_id, args_id) DO NOTHING;
INSERT INTO public.tool_args_junction (tool_id, args_id, created_at, generated, mcp, active) VALUES ('453e6b5e-ea3c-42f3-82fa-e8a68adae03b', '764e5d02-8908-4dda-a647-2eb6fbda895a', '2026-02-27T00:00:00.000000+00:00', false, false, true) ON CONFLICT (tool_id, args_id) DO NOTHING;
INSERT INTO public.tool_args_junction (tool_id, args_id, created_at, generated, mcp, active) VALUES ('453e6b5e-ea3c-42f3-82fa-e8a68adae03b', 'f3e20a7e-01e5-4576-b837-4802acb5c092', '2026-02-27T00:00:00.000000+00:00', false, false, true) ON CONFLICT (tool_id, args_id) DO NOTHING;
INSERT INTO public.tool_args_junction (tool_id, args_id, created_at, generated, mcp, active) VALUES ('453e6b5e-ea3c-42f3-82fa-e8a68adae03b', 'ce03a48c-137e-440d-a01e-3a9ed52bbcac', '2026-02-27T00:00:00.000000+00:00', false, false, true) ON CONFLICT (tool_id, args_id) DO NOTHING;
INSERT INTO public.tool_args_junction (tool_id, args_id, created_at, generated, mcp, active) VALUES ('453e6b5e-ea3c-42f3-82fa-e8a68adae03b', 'eb702fcc-ab2b-4836-9a47-bdb90b10ba8d', '2026-02-27T00:00:00.000000+00:00', false, false, true) ON CONFLICT (tool_id, args_id) DO NOTHING;
INSERT INTO public.tool_args_junction (tool_id, args_id, created_at, generated, mcp, active) VALUES ('453e6b5e-ea3c-42f3-82fa-e8a68adae03b', 'aa8df32b-fce5-4ceb-9072-893cc478997e', '2026-02-27T00:00:00.000000+00:00', false, false, true) ON CONFLICT (tool_id, args_id) DO NOTHING;
INSERT INTO public.tool_args_junction (tool_id, args_id, created_at, generated, mcp, active) VALUES ('453e6b5e-ea3c-42f3-82fa-e8a68adae03b', '1f4ea7e3-2274-48f9-9699-b60dd23e33bb', '2026-02-27T00:00:00.000000+00:00', false, false, true) ON CONFLICT (tool_id, args_id) DO NOTHING;
INSERT INTO public.tool_args_junction (tool_id, args_id, created_at, generated, mcp, active) VALUES ('453e6b5e-ea3c-42f3-82fa-e8a68adae03b', '7ac2996c-fc07-4ede-8d0c-f478bd5b02d9', '2026-02-27T00:00:00.000000+00:00', false, false, true) ON CONFLICT (tool_id, args_id) DO NOTHING;
INSERT INTO public.tool_args_junction (tool_id, args_id, created_at, generated, mcp, active) VALUES ('453e6b5e-ea3c-42f3-82fa-e8a68adae03b', 'a45ba6da-b877-4bf5-83d5-9d0865f8d46a', '2026-02-27T00:00:00.000000+00:00', false, false, true) ON CONFLICT (tool_id, args_id) DO NOTHING;
INSERT INTO public.tool_args_junction (tool_id, args_id, created_at, generated, mcp, active) VALUES ('453e6b5e-ea3c-42f3-82fa-e8a68adae03b', '14d17f6c-0038-49ff-b5d0-8078f95e00c3', '2026-02-27T00:00:00.000000+00:00', false, false, true) ON CONFLICT (tool_id, args_id) DO NOTHING;
INSERT INTO public.tool_args_junction (tool_id, args_id, created_at, generated, mcp, active) VALUES ('453e6b5e-ea3c-42f3-82fa-e8a68adae03b', 'b1d8cde0-6f38-4ce9-9b2f-9c89a89e6635', '2026-02-27T00:00:00.000000+00:00', false, false, true) ON CONFLICT (tool_id, args_id) DO NOTHING;
INSERT INTO public.tool_args_junction (tool_id, args_id, created_at, generated, mcp, active) VALUES ('453e6b5e-ea3c-42f3-82fa-e8a68adae03b', '3b75683c-c002-4980-8478-012a71d0af76', '2026-02-27T00:00:00.000000+00:00', false, false, true) ON CONFLICT (tool_id, args_id) DO NOTHING;
INSERT INTO public.tool_args_junction (tool_id, args_id, created_at, generated, mcp, active) VALUES ('453e6b5e-ea3c-42f3-82fa-e8a68adae03b', 'a29179b8-ab5b-4791-be38-33b9d4d026bf', '2026-02-27T00:00:00.000000+00:00', false, false, true) ON CONFLICT (tool_id, args_id) DO NOTHING;
INSERT INTO public.tool_args_junction (tool_id, args_id, created_at, generated, mcp, active) VALUES ('453e6b5e-ea3c-42f3-82fa-e8a68adae03b', 'c125f189-da26-4ebd-9594-8f50c1c62cbc', '2026-02-27T00:00:00.000000+00:00', false, false, true) ON CONFLICT (tool_id, args_id) DO NOTHING;
INSERT INTO public.tool_args_junction (tool_id, args_id, created_at, generated, mcp, active) VALUES ('453e6b5e-ea3c-42f3-82fa-e8a68adae03b', '7172a73d-a8b0-4752-91f6-0ab9c92da561', '2026-02-27T00:00:00.000000+00:00', false, false, true) ON CONFLICT (tool_id, args_id) DO NOTHING;
INSERT INTO public.tool_args_junction (tool_id, args_id, created_at, generated, mcp, active) VALUES ('453e6b5e-ea3c-42f3-82fa-e8a68adae03b', 'fd3937c7-6fed-4a49-9a77-4d5b961e195f', '2026-02-27T00:00:00.000000+00:00', false, false, true) ON CONFLICT (tool_id, args_id) DO NOTHING;
INSERT INTO public.tool_args_junction (tool_id, args_id, created_at, generated, mcp, active) VALUES ('453e6b5e-ea3c-42f3-82fa-e8a68adae03b', 'f540dc0a-8e6d-4358-b904-f5884a563ed5', '2026-02-27T00:00:00.000000+00:00', false, false, true) ON CONFLICT (tool_id, args_id) DO NOTHING;
INSERT INTO public.tool_args_junction (tool_id, args_id, created_at, generated, mcp, active) VALUES ('453e6b5e-ea3c-42f3-82fa-e8a68adae03b', '319719c8-7e51-48bf-b4f2-a79ed430c900', '2026-02-27T00:00:00.000000+00:00', false, false, true) ON CONFLICT (tool_id, args_id) DO NOTHING;
INSERT INTO public.tool_args_junction (tool_id, args_id, created_at, generated, mcp, active) VALUES ('453e6b5e-ea3c-42f3-82fa-e8a68adae03b', 'dba9a288-55fa-4805-abeb-a49156d19f6e', '2026-02-27T00:00:00.000000+00:00', false, false, true) ON CONFLICT (tool_id, args_id) DO NOTHING;
INSERT INTO public.tool_args_junction (tool_id, args_id, created_at, generated, mcp, active) VALUES ('453e6b5e-ea3c-42f3-82fa-e8a68adae03b', '03eee079-0e25-41a9-aca4-1cb4b6c7a4b5', '2026-02-27T00:00:00.000000+00:00', false, false, true) ON CONFLICT (tool_id, args_id) DO NOTHING;
-- tool_args_outputs_junction
INSERT INTO public.tool_args_outputs_junction (tool_id, args_outputs_id, created_at, generated, mcp, active) VALUES ('453e6b5e-ea3c-42f3-82fa-e8a68adae03b', 'e1f835cb-902b-46c6-8c86-53ab72154d75', '2026-02-27T00:00:00.000000+00:00', false, false, true) ON CONFLICT (tool_id, args_outputs_id) DO NOTHING;
INSERT INTO public.tool_args_outputs_junction (tool_id, args_outputs_id, created_at, generated, mcp, active) VALUES ('453e6b5e-ea3c-42f3-82fa-e8a68adae03b', '8e9cf20d-398d-48e3-af0a-79a8f1b31c11', '2026-02-27T00:00:00.000000+00:00', false, false, true) ON CONFLICT (tool_id, args_outputs_id) DO NOTHING;
INSERT INTO public.tool_args_outputs_junction (tool_id, args_outputs_id, created_at, generated, mcp, active) VALUES ('453e6b5e-ea3c-42f3-82fa-e8a68adae03b', '23753325-e046-4d0e-905d-a2d7f296cdba', '2026-02-27T00:00:00.000000+00:00', false, false, true) ON CONFLICT (tool_id, args_outputs_id) DO NOTHING;
INSERT INTO public.tool_args_outputs_junction (tool_id, args_outputs_id, created_at, generated, mcp, active) VALUES ('453e6b5e-ea3c-42f3-82fa-e8a68adae03b', '5afeedae-2438-4841-b1a6-a40b63adbbb4', '2026-02-27T00:00:00.000000+00:00', false, false, true) ON CONFLICT (tool_id, args_outputs_id) DO NOTHING;
INSERT INTO public.tool_args_outputs_junction (tool_id, args_outputs_id, created_at, generated, mcp, active) VALUES ('453e6b5e-ea3c-42f3-82fa-e8a68adae03b', '3b300251-7ab7-4f1d-b5bb-adc0e9de6542', '2026-02-27T00:00:00.000000+00:00', false, false, true) ON CONFLICT (tool_id, args_outputs_id) DO NOTHING;
INSERT INTO public.tool_args_outputs_junction (tool_id, args_outputs_id, created_at, generated, mcp, active) VALUES ('453e6b5e-ea3c-42f3-82fa-e8a68adae03b', '23c8a69b-76e2-434a-bd94-b33b1d06d534', '2026-02-27T00:00:00.000000+00:00', false, false, true) ON CONFLICT (tool_id, args_outputs_id) DO NOTHING;
INSERT INTO public.tool_args_outputs_junction (tool_id, args_outputs_id, created_at, generated, mcp, active) VALUES ('453e6b5e-ea3c-42f3-82fa-e8a68adae03b', '959795bb-8cd0-40dd-8b0b-b5fa75711075', '2026-02-27T00:00:00.000000+00:00', false, false, true) ON CONFLICT (tool_id, args_outputs_id) DO NOTHING;
INSERT INTO public.tool_args_outputs_junction (tool_id, args_outputs_id, created_at, generated, mcp, active) VALUES ('453e6b5e-ea3c-42f3-82fa-e8a68adae03b', '175af59b-d8dd-4681-883c-db07e57ecf1a', '2026-02-27T00:00:00.000000+00:00', false, false, true) ON CONFLICT (tool_id, args_outputs_id) DO NOTHING;
INSERT INTO public.tool_args_outputs_junction (tool_id, args_outputs_id, created_at, generated, mcp, active) VALUES ('453e6b5e-ea3c-42f3-82fa-e8a68adae03b', 'b284461d-53a8-4e14-b6c7-c0c4881bccb2', '2026-02-27T00:00:00.000000+00:00', false, false, true) ON CONFLICT (tool_id, args_outputs_id) DO NOTHING;
INSERT INTO public.tool_args_outputs_junction (tool_id, args_outputs_id, created_at, generated, mcp, active) VALUES ('453e6b5e-ea3c-42f3-82fa-e8a68adae03b', '29bb3867-3f11-4365-b541-54dd6913509c', '2026-02-27T00:00:00.000000+00:00', false, false, true) ON CONFLICT (tool_id, args_outputs_id) DO NOTHING;
INSERT INTO public.tool_args_outputs_junction (tool_id, args_outputs_id, created_at, generated, mcp, active) VALUES ('453e6b5e-ea3c-42f3-82fa-e8a68adae03b', '4cd81ca4-e5a3-43ea-b3c3-60f7bb826f6d', '2026-02-27T00:00:00.000000+00:00', false, false, true) ON CONFLICT (tool_id, args_outputs_id) DO NOTHING;
INSERT INTO public.tool_args_outputs_junction (tool_id, args_outputs_id, created_at, generated, mcp, active) VALUES ('453e6b5e-ea3c-42f3-82fa-e8a68adae03b', '458ba44c-f64b-48c7-a56d-366ea99bfa74', '2026-02-27T00:00:00.000000+00:00', false, false, true) ON CONFLICT (tool_id, args_outputs_id) DO NOTHING;
INSERT INTO public.tool_args_outputs_junction (tool_id, args_outputs_id, created_at, generated, mcp, active) VALUES ('453e6b5e-ea3c-42f3-82fa-e8a68adae03b', '37d383ad-7fc6-4535-a33b-af4d943f5aed', '2026-02-27T00:00:00.000000+00:00', false, false, true) ON CONFLICT (tool_id, args_outputs_id) DO NOTHING;
INSERT INTO public.tool_args_outputs_junction (tool_id, args_outputs_id, created_at, generated, mcp, active) VALUES ('453e6b5e-ea3c-42f3-82fa-e8a68adae03b', 'bda1a010-fb94-4883-8480-999e655407ef', '2026-02-27T00:00:00.000000+00:00', false, false, true) ON CONFLICT (tool_id, args_outputs_id) DO NOTHING;
INSERT INTO public.tool_args_outputs_junction (tool_id, args_outputs_id, created_at, generated, mcp, active) VALUES ('453e6b5e-ea3c-42f3-82fa-e8a68adae03b', 'e6dadea1-db82-4f17-86d1-3e027bc722c3', '2026-02-27T00:00:00.000000+00:00', false, false, true) ON CONFLICT (tool_id, args_outputs_id) DO NOTHING;
INSERT INTO public.tool_args_outputs_junction (tool_id, args_outputs_id, created_at, generated, mcp, active) VALUES ('453e6b5e-ea3c-42f3-82fa-e8a68adae03b', '068c57a4-8fc7-47f7-aabd-7d0482fbb4bf', '2026-02-27T00:00:00.000000+00:00', false, false, true) ON CONFLICT (tool_id, args_outputs_id) DO NOTHING;
INSERT INTO public.tool_args_outputs_junction (tool_id, args_outputs_id, created_at, generated, mcp, active) VALUES ('453e6b5e-ea3c-42f3-82fa-e8a68adae03b', '784b9ca7-4f65-4cd3-9627-be548ff07756', '2026-02-27T00:00:00.000000+00:00', false, false, true) ON CONFLICT (tool_id, args_outputs_id) DO NOTHING;
INSERT INTO public.tool_args_outputs_junction (tool_id, args_outputs_id, created_at, generated, mcp, active) VALUES ('453e6b5e-ea3c-42f3-82fa-e8a68adae03b', '716fa56e-a7cf-416f-8da4-9dae69131930', '2026-02-27T00:00:00.000000+00:00', false, false, true) ON CONFLICT (tool_id, args_outputs_id) DO NOTHING;
INSERT INTO public.tool_args_outputs_junction (tool_id, args_outputs_id, created_at, generated, mcp, active) VALUES ('453e6b5e-ea3c-42f3-82fa-e8a68adae03b', 'fa052de9-0efb-4b99-ab55-72bb5dd9abde', '2026-02-27T00:00:00.000000+00:00', false, false, true) ON CONFLICT (tool_id, args_outputs_id) DO NOTHING;
INSERT INTO public.tool_args_outputs_junction (tool_id, args_outputs_id, created_at, generated, mcp, active) VALUES ('453e6b5e-ea3c-42f3-82fa-e8a68adae03b', '107c7b34-a085-4617-a7c0-a42814ff628d', '2026-02-27T00:00:00.000000+00:00', false, false, true) ON CONFLICT (tool_id, args_outputs_id) DO NOTHING;
INSERT INTO public.tool_args_outputs_junction (tool_id, args_outputs_id, created_at, generated, mcp, active) VALUES ('453e6b5e-ea3c-42f3-82fa-e8a68adae03b', '9a6b35cb-2282-4c62-9fd6-ae124d9e2edb', '2026-02-27T00:00:00.000000+00:00', false, false, true) ON CONFLICT (tool_id, args_outputs_id) DO NOTHING;
INSERT INTO public.tool_args_outputs_junction (tool_id, args_outputs_id, created_at, generated, mcp, active) VALUES ('453e6b5e-ea3c-42f3-82fa-e8a68adae03b', 'fd09b074-defe-4ef6-9971-19b44221f600', '2026-02-27T00:00:00.000000+00:00', false, false, true) ON CONFLICT (tool_id, args_outputs_id) DO NOTHING;
INSERT INTO public.tool_args_outputs_junction (tool_id, args_outputs_id, created_at, generated, mcp, active) VALUES ('453e6b5e-ea3c-42f3-82fa-e8a68adae03b', 'efad4ef8-7cec-4e29-af00-55c0a984839a', '2026-02-27T00:00:00.000000+00:00', false, false, true) ON CONFLICT (tool_id, args_outputs_id) DO NOTHING;
INSERT INTO public.tool_args_outputs_junction (tool_id, args_outputs_id, created_at, generated, mcp, active) VALUES ('453e6b5e-ea3c-42f3-82fa-e8a68adae03b', 'ec6839e4-08cc-4c8f-a8d0-33b61494506e', '2026-02-27T00:00:00.000000+00:00', false, false, true) ON CONFLICT (tool_id, args_outputs_id) DO NOTHING;
INSERT INTO public.tool_args_outputs_junction (tool_id, args_outputs_id, created_at, generated, mcp, active) VALUES ('453e6b5e-ea3c-42f3-82fa-e8a68adae03b', 'bc336620-5389-4397-b684-582fa8ee20c0', '2026-02-27T00:00:00.000000+00:00', false, false, true) ON CONFLICT (tool_id, args_outputs_id) DO NOTHING;
INSERT INTO public.tool_args_outputs_junction (tool_id, args_outputs_id, created_at, generated, mcp, active) VALUES ('453e6b5e-ea3c-42f3-82fa-e8a68adae03b', '3b60398d-09fa-464f-9516-4d84df7da8c7', '2026-02-27T00:00:00.000000+00:00', false, false, true) ON CONFLICT (tool_id, args_outputs_id) DO NOTHING;
-- tool_entries_junction
INSERT INTO public.tool_entries_junction (tool_id, entries_id, active, created_at, generated, mcp) VALUES ('453e6b5e-ea3c-42f3-82fa-e8a68adae03b', '8cd113f7-513d-421d-bca3-1e9a4f8c3f85', true, '2026-02-27T00:00:00.000000+00:00', false, false) ON CONFLICT (tool_id, entries_id) DO NOTHING;
-- tool_descriptions_junction
INSERT INTO public.tool_descriptions_junction (tool_id, descriptions_id, created_at, generated, mcp, active) VALUES ('453e6b5e-ea3c-42f3-82fa-e8a68adae03b', 'd389a8d0-8b02-4766-8938-fcd21283b27f', '2026-02-27T00:00:00.000000+00:00', false, false, true) ON CONFLICT (tool_id, descriptions_id) DO NOTHING;
-- tool_flags_junction
INSERT INTO public.tool_flags_junction (tool_id, flags_id, created_at, generated, mcp, active) VALUES ('453e6b5e-ea3c-42f3-82fa-e8a68adae03b', '019be334-bfc6-74fb-be11-ea6b522945bb', '2026-02-27T00:00:00.000000+00:00', false, false, true) ON CONFLICT (tool_id, flags_id) DO NOTHING;
-- tool_operations_junction
INSERT INTO public.tool_operations_junction (tool_id, operations_id, created_at, active, generated, mcp) VALUES ('453e6b5e-ea3c-42f3-82fa-e8a68adae03b', '019d0000-0001-7000-8000-000000000002', '2026-02-27T00:00:00.000000+00:00', true, false, false) ON CONFLICT (tool_id, operations_id) DO NOTHING;
-- tool_names_junction
INSERT INTO public.tool_names_junction (tool_id, names_id, created_at, generated, mcp, active) VALUES ('453e6b5e-ea3c-42f3-82fa-e8a68adae03b', '08347827-a97f-4cea-b948-ee203f69a4c2', '2026-02-27T00:00:00.000000+00:00', false, false, true) ON CONFLICT (tool_id, names_id) DO NOTHING;
-- tool_tools_junction
INSERT INTO public.tool_tools_junction (tool_id, tools_id, active, created_at, generated, mcp) VALUES ('453e6b5e-ea3c-42f3-82fa-e8a68adae03b', '057dae10-e5f9-4a19-bf3b-18dbbbdb49c7', true, '2026-02-27T00:00:00.000000+00:00', false, false) ON CONFLICT (tool_id, tools_id) DO NOTHING;
