-- Module: create_improvement
-- Category: tool
-- Description: create_improvement MCP tool
-- ============================================================


-- Resource rows
INSERT INTO public.args_resource (id, name, description, field_type, required, default_value, created_at, active, generated, mcp) VALUES ('019c16d8-a124-708b-8851-29cd4866002f', 'improvement_grade_id', 'The ID of the grade to add improvement to', 'string', true, '', '2026-02-01T01:37:01.720364+00:00', true, false, false) ON CONFLICT (id) DO NOTHING;
INSERT INTO public.arg_positions_resource (id, args_id, value, created_at, active, generated, mcp) VALUES ('019c4e6b-2c29-79df-a8df-8913494e6d56', '019c16d8-a124-708b-8851-29cd4866002f', 0, '2026-02-11T20:36:12.457770+00:00', true, false, false) ON CONFLICT (id) DO NOTHING;
INSERT INTO public.args_resource (id, name, description, field_type, required, default_value, created_at, active, generated, mcp) VALUES ('019c16d8-a124-70ad-b5a7-b380744c9db3', 'improvement_message_id', 'The ID of the specific message (optional)', 'string', false, '', '2026-02-01T01:37:01.720364+00:00', true, false, false) ON CONFLICT (id) DO NOTHING;
INSERT INTO public.arg_positions_resource (id, args_id, value, created_at, active, generated, mcp) VALUES ('019c4e6b-2c29-79e1-a1fa-1b3aaa55f51f', '019c16d8-a124-70ad-b5a7-b380744c9db3', 1, '2026-02-11T20:36:12.457770+00:00', true, false, false) ON CONFLICT (id) DO NOTHING;
INSERT INTO public.args_resource (id, name, description, field_type, required, default_value, created_at, active, generated, mcp) VALUES ('019c16d8-a124-70d6-bc1f-70888d53b9a2', 'improvement_name', 'The name/title of the improvement', 'string', true, '', '2026-02-01T01:37:01.720364+00:00', true, false, false) ON CONFLICT (id) DO NOTHING;
INSERT INTO public.arg_positions_resource (id, args_id, value, created_at, active, generated, mcp) VALUES ('019c4e6b-2c29-79e6-a8b5-aa98d5638193', '019c16d8-a124-70d6-bc1f-70888d53b9a2', 2, '2026-02-11T20:36:12.457770+00:00', true, false, false) ON CONFLICT (id) DO NOTHING;
INSERT INTO public.args_resource (id, name, description, field_type, required, default_value, created_at, active, generated, mcp) VALUES ('019c16d8-a124-70f7-bb76-743aa9aae464', 'improvement_description', 'The description of the improvement', 'string', true, '', '2026-02-01T01:37:01.720364+00:00', true, false, false) ON CONFLICT (id) DO NOTHING;
INSERT INTO public.arg_positions_resource (id, args_id, value, created_at, active, generated, mcp) VALUES ('019c4e6b-2c29-79eb-b30c-8cbde77a79dd', '019c16d8-a124-70f7-bb76-743aa9aae464', 3, '2026-02-11T20:36:12.457770+00:00', true, false, false) ON CONFLICT (id) DO NOTHING;
INSERT INTO public.args_outputs_resource (id, args_id, name, template, created_at, active, generated, mcp) VALUES ('019c24ff-49ee-7630-8f04-db2b2fdccb6b', '019c16d8-a124-708b-8851-29cd4866002f', 'grade_id', '{{ improvement_grade_id }}', '2026-02-03T19:33:56.326236+00:00', true, false, false) ON CONFLICT (id) DO NOTHING;
INSERT INTO public.args_outputs_resource (id, args_id, name, template, created_at, active, generated, mcp) VALUES ('019c24ff-49ee-77c2-8c82-b90dd6fbab59', '019c16d8-a124-70ad-b5a7-b380744c9db3', 'message_id', '{{ improvement_message_id }}', '2026-02-03T19:33:56.326236+00:00', true, false, false) ON CONFLICT (id) DO NOTHING;
INSERT INTO public.args_outputs_resource (id, args_id, name, template, created_at, active, generated, mcp) VALUES ('019c24ff-49ee-793b-8373-a80db875d497', '019c16d8-a124-70d6-bc1f-70888d53b9a2', 'name', '{{ improvement_name }}', '2026-02-03T19:33:56.326236+00:00', true, false, false) ON CONFLICT (id) DO NOTHING;
INSERT INTO public.args_outputs_resource (id, args_id, name, template, created_at, active, generated, mcp) VALUES ('019c24ff-49ee-7aa6-9c6b-bef6c3fa5bf4', '019c16d8-a124-70f7-bb76-743aa9aae464', 'description', '{{ improvement_description }}', '2026-02-03T19:33:56.326236+00:00', true, false, false) ON CONFLICT (id) DO NOTHING;
INSERT INTO public.descriptions_resource (id, description, created_at, active, generated, mcp) VALUES ('019c16d8-a127-7d18-a625-df9c533d3971', 'Create an improvement entry for a grade in the simulation', '2026-02-01T01:37:01.720364+00:00', true, false, false) ON CONFLICT (id) DO NOTHING;
INSERT INTO public.names_resource (id, name, created_at, active, generated, mcp) VALUES ('019bbabc-5a2f-7373-9153-39a55562dee3', 'create_improvement', '2025-12-29T19:41:03.614243+00:00', true, false, false) ON CONFLICT (id) DO NOTHING;
INSERT INTO public.tools_resource (id, created_at, generated, mcp, active, name, description, department_ids, createable, args_ids, args_output_ids, resource, entry, artifact) VALUES ('019bebc4-d436-7bb7-964b-e3ad705be38d', '2026-01-13T23:48:20.098044+00:00', false, false, true, 'create_improvement', 'Create improvement feedback for a specific message. Suggest improvements for this message in the conversation. You can optionally provide strikethrough/replace suggestions.', '{}', true, '{019c16d8-a124-708b-8851-29cd4866002f,019c16d8-a124-70ad-b5a7-b380744c9db3,019c16d8-a124-70d6-bc1f-70888d53b9a2,019c16d8-a124-70f7-bb76-743aa9aae464}', '{019c24ff-49ee-7630-8f04-db2b2fdccb6b,019c24ff-49ee-77c2-8c82-b90dd6fbab59,019c24ff-49ee-793b-8373-a80db875d497,019c24ff-49ee-7aa6-9c6b-bef6c3fa5bf4}', NULL, 'improvements', NULL) ON CONFLICT (id) DO NOTHING;

-- Artifact
-- tool_artifact
INSERT INTO public.tool_artifact (id, created_at, updated_at, generated, mcp) VALUES ('019c16d8-a127-7a68-852f-bfcef6c0c4c4', '2026-02-01T01:37:01.720364+00:00', '2026-02-01T01:37:01.720364+00:00', false, false) ON CONFLICT (id) DO NOTHING;

-- Junctions
-- tool_arg_positions_junction
INSERT INTO public.tool_arg_positions_junction (tool_id, arg_positions_id, created_at, active, generated, mcp) VALUES ('019c16d8-a127-7a68-852f-bfcef6c0c4c4', '019c4e6b-2c29-79df-a8df-8913494e6d56', '2026-02-11T20:36:12.459709+00:00', true, false, false) ON CONFLICT (tool_id, arg_positions_id) DO NOTHING;
INSERT INTO public.tool_arg_positions_junction (tool_id, arg_positions_id, created_at, active, generated, mcp) VALUES ('019c16d8-a127-7a68-852f-bfcef6c0c4c4', '019c4e6b-2c29-79e1-a1fa-1b3aaa55f51f', '2026-02-11T20:36:12.459709+00:00', true, false, false) ON CONFLICT (tool_id, arg_positions_id) DO NOTHING;
INSERT INTO public.tool_arg_positions_junction (tool_id, arg_positions_id, created_at, active, generated, mcp) VALUES ('019c16d8-a127-7a68-852f-bfcef6c0c4c4', '019c4e6b-2c29-79e6-a8b5-aa98d5638193', '2026-02-11T20:36:12.459709+00:00', true, false, false) ON CONFLICT (tool_id, arg_positions_id) DO NOTHING;
INSERT INTO public.tool_arg_positions_junction (tool_id, arg_positions_id, created_at, active, generated, mcp) VALUES ('019c16d8-a127-7a68-852f-bfcef6c0c4c4', '019c4e6b-2c29-79eb-b30c-8cbde77a79dd', '2026-02-11T20:36:12.459709+00:00', true, false, false) ON CONFLICT (tool_id, arg_positions_id) DO NOTHING;
-- tool_args_junction
INSERT INTO public.tool_args_junction (tool_id, args_id, created_at, generated, mcp, active) VALUES ('019c16d8-a127-7a68-852f-bfcef6c0c4c4', '019c16d8-a124-708b-8851-29cd4866002f', '2026-02-01T01:37:01.720364+00:00', false, false, true) ON CONFLICT (tool_id, args_id) DO NOTHING;
INSERT INTO public.tool_args_junction (tool_id, args_id, created_at, generated, mcp, active) VALUES ('019c16d8-a127-7a68-852f-bfcef6c0c4c4', '019c16d8-a124-70ad-b5a7-b380744c9db3', '2026-02-01T01:37:01.720364+00:00', false, false, true) ON CONFLICT (tool_id, args_id) DO NOTHING;
INSERT INTO public.tool_args_junction (tool_id, args_id, created_at, generated, mcp, active) VALUES ('019c16d8-a127-7a68-852f-bfcef6c0c4c4', '019c16d8-a124-70d6-bc1f-70888d53b9a2', '2026-02-01T01:37:01.720364+00:00', false, false, true) ON CONFLICT (tool_id, args_id) DO NOTHING;
INSERT INTO public.tool_args_junction (tool_id, args_id, created_at, generated, mcp, active) VALUES ('019c16d8-a127-7a68-852f-bfcef6c0c4c4', '019c16d8-a124-70f7-bb76-743aa9aae464', '2026-02-01T01:37:01.720364+00:00', false, false, true) ON CONFLICT (tool_id, args_id) DO NOTHING;
-- tool_args_outputs_junction
INSERT INTO public.tool_args_outputs_junction (tool_id, args_outputs_id, created_at, generated, mcp, active) VALUES ('019c16d8-a127-7a68-852f-bfcef6c0c4c4', '019c24ff-49ee-7630-8f04-db2b2fdccb6b', '2026-02-03T19:33:56.326236+00:00', false, false, true) ON CONFLICT (tool_id, args_outputs_id) DO NOTHING;
INSERT INTO public.tool_args_outputs_junction (tool_id, args_outputs_id, created_at, generated, mcp, active) VALUES ('019c16d8-a127-7a68-852f-bfcef6c0c4c4', '019c24ff-49ee-77c2-8c82-b90dd6fbab59', '2026-02-03T19:33:56.326236+00:00', false, false, true) ON CONFLICT (tool_id, args_outputs_id) DO NOTHING;
INSERT INTO public.tool_args_outputs_junction (tool_id, args_outputs_id, created_at, generated, mcp, active) VALUES ('019c16d8-a127-7a68-852f-bfcef6c0c4c4', '019c24ff-49ee-793b-8373-a80db875d497', '2026-02-03T19:33:56.326236+00:00', false, false, true) ON CONFLICT (tool_id, args_outputs_id) DO NOTHING;
INSERT INTO public.tool_args_outputs_junction (tool_id, args_outputs_id, created_at, generated, mcp, active) VALUES ('019c16d8-a127-7a68-852f-bfcef6c0c4c4', '019c24ff-49ee-7aa6-9c6b-bef6c3fa5bf4', '2026-02-03T19:33:56.326236+00:00', false, false, true) ON CONFLICT (tool_id, args_outputs_id) DO NOTHING;
-- tool_entries_junction
INSERT INTO public.tool_entries_junction (tool_id, entry_id, active, created_at, generated, mcp) VALUES ('019c16d8-a127-7a68-852f-bfcef6c0c4c4', 'd42abbc8-2ac6-47d0-bd2a-cecfa829c19c', true, '2026-02-19T14:14:23.736172+00:00', false, false) ON CONFLICT (tool_id, entry_id) DO NOTHING;
-- tool_descriptions_junction
INSERT INTO public.tool_descriptions_junction (tool_id, description_id, created_at, generated, mcp, active) VALUES ('019c16d8-a127-7a68-852f-bfcef6c0c4c4', '019c16d8-a127-7d18-a625-df9c533d3971', '2026-02-01T01:37:01.720364+00:00', false, false, true) ON CONFLICT (tool_id, description_id) DO NOTHING;
-- tool_flags_junction
INSERT INTO public.tool_flags_junction (tool_id, flag_id, value, created_at, generated, mcp, active) VALUES ('019c16d8-a127-7a68-852f-bfcef6c0c4c4', '019be334-bfc6-74fb-be11-ea6b522945bb', true, '2026-02-01T01:37:01.720364+00:00', false, false, true) ON CONFLICT (tool_id, flag_id) DO NOTHING;
INSERT INTO public.tool_flags_junction (tool_id, flag_id, value, created_at, generated, mcp, active) VALUES ('019c16d8-a127-7a68-852f-bfcef6c0c4c4', 'df188f80-b6c5-46bc-b945-df1a40318de5', true, '2026-02-01T01:37:01.720364+00:00', false, false, true) ON CONFLICT (tool_id, flag_id) DO NOTHING;
-- tool_names_junction
INSERT INTO public.tool_names_junction (tool_id, name_id, created_at, generated, mcp, active) VALUES ('019c16d8-a127-7a68-852f-bfcef6c0c4c4', '019bbabc-5a2f-7373-9153-39a55562dee3', '2026-02-01T01:37:01.720364+00:00', false, false, true) ON CONFLICT (tool_id, name_id) DO NOTHING;
-- tool_tools_junction
INSERT INTO public.tool_tools_junction (tool_id, tools_id, active, created_at, generated, mcp) VALUES ('019c16d8-a127-7a68-852f-bfcef6c0c4c4', '019bebc4-d436-7bb7-964b-e3ad705be38d', true, '2026-02-01T01:37:01.720364+00:00', false, false) ON CONFLICT (tool_id, tools_id) DO NOTHING;
