-- Module: create_test_invocation
-- Category: tool
-- Description: create_test_invocation MCP tool
-- ============================================================


-- Entry resource
INSERT INTO public.entries_resource (id, entry, created_at, active, generated, mcp) VALUES ('51794197-7154-481b-845c-e637b687ad01', 'test_invocations', '2026-02-27T00:00:00.000000+00:00', true, false, false) ON CONFLICT (id) DO NOTHING;

-- Resource rows
INSERT INTO public.args_resource (id, name, description, field_type, required, default_value, created_at, active, generated, mcp) VALUES ('626e5524-5e2e-420c-8755-ad81cc7f66fd', 'call_id', '', 'string', false, '', '2026-02-27T00:00:00.000000+00:00', true, false, false) ON CONFLICT (id) DO NOTHING;
INSERT INTO public.arg_positions_resource (id, args_id, value, created_at, active, generated, mcp) VALUES ('95260646-6759-48e8-9b47-85ca8f503283', '626e5524-5e2e-420c-8755-ad81cc7f66fd', 0, '2026-02-27T00:00:00.000000+00:00', true, false, false) ON CONFLICT (id) DO NOTHING;
INSERT INTO public.args_outputs_resource (id, args_id, name, template, created_at, active, generated, mcp) VALUES ('dbad57de-7708-46d8-8430-9ca589fb87ec', '626e5524-5e2e-420c-8755-ad81cc7f66fd', 'call_id', '{{ call_id }}', '2026-02-27T00:00:00.000000+00:00', true, false, false) ON CONFLICT (id) DO NOTHING;
INSERT INTO public.args_resource (id, name, description, field_type, required, default_value, created_at, active, generated, mcp) VALUES ('16ef3140-0800-473b-8d66-2696f32518a8', 'title', '', 'string', false, '', '2026-02-27T00:00:00.000000+00:00', true, false, false) ON CONFLICT (id) DO NOTHING;
INSERT INTO public.arg_positions_resource (id, args_id, value, created_at, active, generated, mcp) VALUES ('94a7157c-280f-437d-98fd-0f79b03be033', '16ef3140-0800-473b-8d66-2696f32518a8', 1, '2026-02-27T00:00:00.000000+00:00', true, false, false) ON CONFLICT (id) DO NOTHING;
INSERT INTO public.args_outputs_resource (id, args_id, name, template, created_at, active, generated, mcp) VALUES ('b24aaeb3-d752-4d8b-9358-4a3e47d36b4f', '16ef3140-0800-473b-8d66-2696f32518a8', 'title', '{{ title }}', '2026-02-27T00:00:00.000000+00:00', true, false, false) ON CONFLICT (id) DO NOTHING;
INSERT INTO public.args_resource (id, name, description, field_type, required, default_value, created_at, active, generated, mcp) VALUES ('6dee14e5-d9c4-458e-b528-6398581804d7', 'group_id', '', 'string', false, '', '2026-02-27T00:00:00.000000+00:00', true, false, false) ON CONFLICT (id) DO NOTHING;
INSERT INTO public.arg_positions_resource (id, args_id, value, created_at, active, generated, mcp) VALUES ('83a08af3-6730-4de1-882f-d2a0a366f857', '6dee14e5-d9c4-458e-b528-6398581804d7', 2, '2026-02-27T00:00:00.000000+00:00', true, false, false) ON CONFLICT (id) DO NOTHING;
INSERT INTO public.args_outputs_resource (id, args_id, name, template, created_at, active, generated, mcp) VALUES ('b97678f2-b7d0-404a-b058-6228d2d33da1', '6dee14e5-d9c4-458e-b528-6398581804d7', 'group_id', '{{ group_id }}', '2026-02-27T00:00:00.000000+00:00', true, false, false) ON CONFLICT (id) DO NOTHING;
INSERT INTO public.args_resource (id, name, description, field_type, required, default_value, created_at, active, generated, mcp) VALUES ('b936c218-140a-4a83-b5dd-7fc0c282289f', 'invocation_id', '', 'string', false, '', '2026-02-27T00:00:00.000000+00:00', true, false, false) ON CONFLICT (id) DO NOTHING;
INSERT INTO public.arg_positions_resource (id, args_id, value, created_at, active, generated, mcp) VALUES ('ed8dc1c9-427e-4750-bbb4-a7c98e7c21af', 'b936c218-140a-4a83-b5dd-7fc0c282289f', 3, '2026-02-27T00:00:00.000000+00:00', true, false, false) ON CONFLICT (id) DO NOTHING;
INSERT INTO public.args_outputs_resource (id, args_id, name, template, created_at, active, generated, mcp) VALUES ('43ffcdaa-f246-4f80-8b82-cd698b6a7d24', 'b936c218-140a-4a83-b5dd-7fc0c282289f', 'invocation_id', '{{ invocation_id }}', '2026-02-27T00:00:00.000000+00:00', true, false, false) ON CONFLICT (id) DO NOTHING;
INSERT INTO public.args_resource (id, name, description, field_type, required, default_value, created_at, active, generated, mcp) VALUES ('908e214c-a01a-4e7e-80a7-a1123661d2d0', 'departments_id', '', 'string', false, '', '2026-02-27T00:00:00.000000+00:00', true, false, false) ON CONFLICT (id) DO NOTHING;
INSERT INTO public.arg_positions_resource (id, args_id, value, created_at, active, generated, mcp) VALUES ('99421afa-4837-4481-b00b-a8a457a65b7a', '908e214c-a01a-4e7e-80a7-a1123661d2d0', 4, '2026-02-27T00:00:00.000000+00:00', true, false, false) ON CONFLICT (id) DO NOTHING;
INSERT INTO public.args_outputs_resource (id, args_id, name, template, created_at, active, generated, mcp) VALUES ('4ca2bc63-0e1d-496c-839d-3c2e245399f7', '908e214c-a01a-4e7e-80a7-a1123661d2d0', 'departments_id', '{{ departments_id }}', '2026-02-27T00:00:00.000000+00:00', true, false, false) ON CONFLICT (id) DO NOTHING;
INSERT INTO public.args_resource (id, name, description, field_type, required, default_value, created_at, active, generated, mcp) VALUES ('5cce613c-cf95-4d93-8bf7-767b62543efa', 'config_signature', '', 'string', false, '', '2026-02-27T00:00:00.000000+00:00', true, false, false) ON CONFLICT (id) DO NOTHING;
INSERT INTO public.arg_positions_resource (id, args_id, value, created_at, active, generated, mcp) VALUES ('a58cd92b-8aaf-401d-845a-e3fb4d0bd4e9', '5cce613c-cf95-4d93-8bf7-767b62543efa', 5, '2026-02-27T00:00:00.000000+00:00', true, false, false) ON CONFLICT (id) DO NOTHING;
INSERT INTO public.args_outputs_resource (id, args_id, name, template, created_at, active, generated, mcp) VALUES ('23d9467b-d55f-4f71-810a-a842b8bb9d15', '5cce613c-cf95-4d93-8bf7-767b62543efa', 'config_signature', '{{ config_signature }}', '2026-02-27T00:00:00.000000+00:00', true, false, false) ON CONFLICT (id) DO NOTHING;
INSERT INTO public.args_resource (id, name, description, field_type, required, default_value, created_at, active, generated, mcp) VALUES ('533b6ada-4214-4f82-ba2d-ddc8ebcba946', 'test_id', '', 'string', false, '', '2026-02-27T00:00:00.000000+00:00', true, false, false) ON CONFLICT (id) DO NOTHING;
INSERT INTO public.arg_positions_resource (id, args_id, value, created_at, active, generated, mcp) VALUES ('816d43c9-5b4b-4ef5-81aa-f70a9d49714e', '533b6ada-4214-4f82-ba2d-ddc8ebcba946', 6, '2026-02-27T00:00:00.000000+00:00', true, false, false) ON CONFLICT (id) DO NOTHING;
INSERT INTO public.args_outputs_resource (id, args_id, name, template, created_at, active, generated, mcp) VALUES ('e3ec6901-77e0-4ff6-baec-217e50e93d3d', '533b6ada-4214-4f82-ba2d-ddc8ebcba946', 'test_id', '{{ test_id }}', '2026-02-27T00:00:00.000000+00:00', true, false, false) ON CONFLICT (id) DO NOTHING;
INSERT INTO public.descriptions_resource (id, description, created_at, active, generated, mcp) VALUES ('98c800e9-2a46-4c38-8fa5-f01b730b92b9', 'Create a new test invocation entry', '2026-02-27T00:00:00.000000+00:00', true, false, false) ON CONFLICT (id) DO NOTHING;
INSERT INTO public.names_resource (id, name, created_at, active, generated, mcp) VALUES ('7e00ad14-9f39-47e2-8770-db69f4d1ab43', 'create_test_invocation', '2026-02-27T00:00:00.000000+00:00', true, false, false) ON CONFLICT (id) DO NOTHING;
INSERT INTO public.tools_resource (id, created_at, generated, mcp, active, name, description, department_ids, operation, args_ids, args_output_ids, resources, entries, artifacts) VALUES ('65857cc9-3fd8-4224-b3ad-6a308c0979df', '2026-02-27T00:00:00.000000+00:00', false, false, true, 'create_test_invocation', 'Create a new test invocation entry', '{}', 'create', '{626e5524-5e2e-420c-8755-ad81cc7f66fd,16ef3140-0800-473b-8d66-2696f32518a8,6dee14e5-d9c4-458e-b528-6398581804d7,b936c218-140a-4a83-b5dd-7fc0c282289f,908e214c-a01a-4e7e-80a7-a1123661d2d0,5cce613c-cf95-4d93-8bf7-767b62543efa,533b6ada-4214-4f82-ba2d-ddc8ebcba946}', '{dbad57de-7708-46d8-8430-9ca589fb87ec,b24aaeb3-d752-4d8b-9358-4a3e47d36b4f,b97678f2-b7d0-404a-b058-6228d2d33da1,43ffcdaa-f246-4f80-8b82-cd698b6a7d24,4ca2bc63-0e1d-496c-839d-3c2e245399f7,23d9467b-d55f-4f71-810a-a842b8bb9d15,e3ec6901-77e0-4ff6-baec-217e50e93d3d}', '{}'::text[], '{test_invocations}'::text[], '{}'::text[]) ON CONFLICT (id) DO NOTHING;

-- Artifact
-- tool_artifact
INSERT INTO public.tool_artifact (id, created_at, updated_at, generated, mcp) VALUES ('e27e6578-9cac-4e26-9dfa-1799b7036c35', '2026-02-27T00:00:00.000000+00:00', '2026-02-27T00:00:00.000000+00:00', false, false) ON CONFLICT (id) DO NOTHING;

-- Junctions
-- tool_arg_positions_junction
INSERT INTO public.tool_arg_positions_junction (tool_id, arg_positions_id, created_at, active, generated, mcp) VALUES ('e27e6578-9cac-4e26-9dfa-1799b7036c35', '95260646-6759-48e8-9b47-85ca8f503283', '2026-02-27T00:00:00.000000+00:00', true, false, false) ON CONFLICT (tool_id, arg_positions_id) DO NOTHING;
INSERT INTO public.tool_arg_positions_junction (tool_id, arg_positions_id, created_at, active, generated, mcp) VALUES ('e27e6578-9cac-4e26-9dfa-1799b7036c35', '94a7157c-280f-437d-98fd-0f79b03be033', '2026-02-27T00:00:00.000000+00:00', true, false, false) ON CONFLICT (tool_id, arg_positions_id) DO NOTHING;
INSERT INTO public.tool_arg_positions_junction (tool_id, arg_positions_id, created_at, active, generated, mcp) VALUES ('e27e6578-9cac-4e26-9dfa-1799b7036c35', '83a08af3-6730-4de1-882f-d2a0a366f857', '2026-02-27T00:00:00.000000+00:00', true, false, false) ON CONFLICT (tool_id, arg_positions_id) DO NOTHING;
INSERT INTO public.tool_arg_positions_junction (tool_id, arg_positions_id, created_at, active, generated, mcp) VALUES ('e27e6578-9cac-4e26-9dfa-1799b7036c35', 'ed8dc1c9-427e-4750-bbb4-a7c98e7c21af', '2026-02-27T00:00:00.000000+00:00', true, false, false) ON CONFLICT (tool_id, arg_positions_id) DO NOTHING;
INSERT INTO public.tool_arg_positions_junction (tool_id, arg_positions_id, created_at, active, generated, mcp) VALUES ('e27e6578-9cac-4e26-9dfa-1799b7036c35', '99421afa-4837-4481-b00b-a8a457a65b7a', '2026-02-27T00:00:00.000000+00:00', true, false, false) ON CONFLICT (tool_id, arg_positions_id) DO NOTHING;
INSERT INTO public.tool_arg_positions_junction (tool_id, arg_positions_id, created_at, active, generated, mcp) VALUES ('e27e6578-9cac-4e26-9dfa-1799b7036c35', 'a58cd92b-8aaf-401d-845a-e3fb4d0bd4e9', '2026-02-27T00:00:00.000000+00:00', true, false, false) ON CONFLICT (tool_id, arg_positions_id) DO NOTHING;
INSERT INTO public.tool_arg_positions_junction (tool_id, arg_positions_id, created_at, active, generated, mcp) VALUES ('e27e6578-9cac-4e26-9dfa-1799b7036c35', '816d43c9-5b4b-4ef5-81aa-f70a9d49714e', '2026-02-27T00:00:00.000000+00:00', true, false, false) ON CONFLICT (tool_id, arg_positions_id) DO NOTHING;
-- tool_args_junction
INSERT INTO public.tool_args_junction (tool_id, args_id, created_at, generated, mcp, active) VALUES ('e27e6578-9cac-4e26-9dfa-1799b7036c35', '626e5524-5e2e-420c-8755-ad81cc7f66fd', '2026-02-27T00:00:00.000000+00:00', false, false, true) ON CONFLICT (tool_id, args_id) DO NOTHING;
INSERT INTO public.tool_args_junction (tool_id, args_id, created_at, generated, mcp, active) VALUES ('e27e6578-9cac-4e26-9dfa-1799b7036c35', '16ef3140-0800-473b-8d66-2696f32518a8', '2026-02-27T00:00:00.000000+00:00', false, false, true) ON CONFLICT (tool_id, args_id) DO NOTHING;
INSERT INTO public.tool_args_junction (tool_id, args_id, created_at, generated, mcp, active) VALUES ('e27e6578-9cac-4e26-9dfa-1799b7036c35', '6dee14e5-d9c4-458e-b528-6398581804d7', '2026-02-27T00:00:00.000000+00:00', false, false, true) ON CONFLICT (tool_id, args_id) DO NOTHING;
INSERT INTO public.tool_args_junction (tool_id, args_id, created_at, generated, mcp, active) VALUES ('e27e6578-9cac-4e26-9dfa-1799b7036c35', 'b936c218-140a-4a83-b5dd-7fc0c282289f', '2026-02-27T00:00:00.000000+00:00', false, false, true) ON CONFLICT (tool_id, args_id) DO NOTHING;
INSERT INTO public.tool_args_junction (tool_id, args_id, created_at, generated, mcp, active) VALUES ('e27e6578-9cac-4e26-9dfa-1799b7036c35', '908e214c-a01a-4e7e-80a7-a1123661d2d0', '2026-02-27T00:00:00.000000+00:00', false, false, true) ON CONFLICT (tool_id, args_id) DO NOTHING;
INSERT INTO public.tool_args_junction (tool_id, args_id, created_at, generated, mcp, active) VALUES ('e27e6578-9cac-4e26-9dfa-1799b7036c35', '5cce613c-cf95-4d93-8bf7-767b62543efa', '2026-02-27T00:00:00.000000+00:00', false, false, true) ON CONFLICT (tool_id, args_id) DO NOTHING;
INSERT INTO public.tool_args_junction (tool_id, args_id, created_at, generated, mcp, active) VALUES ('e27e6578-9cac-4e26-9dfa-1799b7036c35', '533b6ada-4214-4f82-ba2d-ddc8ebcba946', '2026-02-27T00:00:00.000000+00:00', false, false, true) ON CONFLICT (tool_id, args_id) DO NOTHING;
-- tool_args_outputs_junction
INSERT INTO public.tool_args_outputs_junction (tool_id, args_outputs_id, created_at, generated, mcp, active) VALUES ('e27e6578-9cac-4e26-9dfa-1799b7036c35', 'dbad57de-7708-46d8-8430-9ca589fb87ec', '2026-02-27T00:00:00.000000+00:00', false, false, true) ON CONFLICT (tool_id, args_outputs_id) DO NOTHING;
INSERT INTO public.tool_args_outputs_junction (tool_id, args_outputs_id, created_at, generated, mcp, active) VALUES ('e27e6578-9cac-4e26-9dfa-1799b7036c35', 'b24aaeb3-d752-4d8b-9358-4a3e47d36b4f', '2026-02-27T00:00:00.000000+00:00', false, false, true) ON CONFLICT (tool_id, args_outputs_id) DO NOTHING;
INSERT INTO public.tool_args_outputs_junction (tool_id, args_outputs_id, created_at, generated, mcp, active) VALUES ('e27e6578-9cac-4e26-9dfa-1799b7036c35', 'b97678f2-b7d0-404a-b058-6228d2d33da1', '2026-02-27T00:00:00.000000+00:00', false, false, true) ON CONFLICT (tool_id, args_outputs_id) DO NOTHING;
INSERT INTO public.tool_args_outputs_junction (tool_id, args_outputs_id, created_at, generated, mcp, active) VALUES ('e27e6578-9cac-4e26-9dfa-1799b7036c35', '43ffcdaa-f246-4f80-8b82-cd698b6a7d24', '2026-02-27T00:00:00.000000+00:00', false, false, true) ON CONFLICT (tool_id, args_outputs_id) DO NOTHING;
INSERT INTO public.tool_args_outputs_junction (tool_id, args_outputs_id, created_at, generated, mcp, active) VALUES ('e27e6578-9cac-4e26-9dfa-1799b7036c35', '4ca2bc63-0e1d-496c-839d-3c2e245399f7', '2026-02-27T00:00:00.000000+00:00', false, false, true) ON CONFLICT (tool_id, args_outputs_id) DO NOTHING;
INSERT INTO public.tool_args_outputs_junction (tool_id, args_outputs_id, created_at, generated, mcp, active) VALUES ('e27e6578-9cac-4e26-9dfa-1799b7036c35', '23d9467b-d55f-4f71-810a-a842b8bb9d15', '2026-02-27T00:00:00.000000+00:00', false, false, true) ON CONFLICT (tool_id, args_outputs_id) DO NOTHING;
INSERT INTO public.tool_args_outputs_junction (tool_id, args_outputs_id, created_at, generated, mcp, active) VALUES ('e27e6578-9cac-4e26-9dfa-1799b7036c35', 'e3ec6901-77e0-4ff6-baec-217e50e93d3d', '2026-02-27T00:00:00.000000+00:00', false, false, true) ON CONFLICT (tool_id, args_outputs_id) DO NOTHING;
-- tool_entries_junction
INSERT INTO public.tool_entries_junction (tool_id, entry_id, active, created_at, generated, mcp) VALUES ('e27e6578-9cac-4e26-9dfa-1799b7036c35', '51794197-7154-481b-845c-e637b687ad01', '2026-02-27T00:00:00.000000+00:00', false, false) ON CONFLICT (tool_id, entry_id) DO NOTHING;
-- tool_descriptions_junction
INSERT INTO public.tool_descriptions_junction (tool_id, description_id, created_at, generated, mcp, active) VALUES ('e27e6578-9cac-4e26-9dfa-1799b7036c35', '98c800e9-2a46-4c38-8fa5-f01b730b92b9', '2026-02-27T00:00:00.000000+00:00', false, false, true) ON CONFLICT (tool_id, description_id) DO NOTHING;
-- tool_flags_junction
INSERT INTO public.tool_flags_junction (tool_id, flag_id, created_at, generated, mcp, active) VALUES ('e27e6578-9cac-4e26-9dfa-1799b7036c35', '019be334-bfc6-74fb-be11-ea6b522945bb', '2026-02-27T00:00:00.000000+00:00', false, false, true) ON CONFLICT (tool_id, flag_id) DO NOTHING;
-- tool_operations_junction
INSERT INTO public.tool_operations_junction (tool_id, operation_id, created_at, active, generated, mcp) VALUES ('e27e6578-9cac-4e26-9dfa-1799b7036c35', '019d0000-0001-7000-8000-000000000002', '2026-02-27T00:00:00.000000+00:00', true, false, false) ON CONFLICT (tool_id, operation_id) DO NOTHING;
-- tool_names_junction
INSERT INTO public.tool_names_junction (tool_id, name_id, created_at, generated, mcp, active) VALUES ('e27e6578-9cac-4e26-9dfa-1799b7036c35', '7e00ad14-9f39-47e2-8770-db69f4d1ab43', '2026-02-27T00:00:00.000000+00:00', false, false, true) ON CONFLICT (tool_id, name_id) DO NOTHING;
-- tool_tools_junction
INSERT INTO public.tool_tools_junction (tool_id, tools_id, active, created_at, generated, mcp) VALUES ('e27e6578-9cac-4e26-9dfa-1799b7036c35', '65857cc9-3fd8-4224-b3ad-6a308c0979df', '2026-02-27T00:00:00.000000+00:00', false, false) ON CONFLICT (tool_id, tools_id) DO NOTHING;
