-- Module: create_standard_groups
-- Category: tool
-- Description: create_standard_groups MCP tool
-- ============================================================


-- Resource rows
INSERT INTO public.args_resource (id, name, description, field_type, required, default_value, created_at, active, generated, mcp) VALUES ('019bbf87-091e-73a9-b24d-e7ab977a5273', 'name', '', 'string', true, '', '2026-01-05T00:28:02.003807+00:00', true, false, false) ON CONFLICT (id) DO NOTHING;
INSERT INTO public.arg_positions_resource (id, args_id, value, created_at, active, generated, mcp) VALUES ('f841a1eb-7549-48b2-9eb7-7afcc1d12595', '019bbf87-091e-73a9-b24d-e7ab977a5273', 0, '2026-02-21T22:16:39.608062+00:00', true, false, false) ON CONFLICT (id) DO NOTHING;
INSERT INTO public.args_resource (id, name, description, field_type, required, default_value, created_at, active, generated, mcp) VALUES ('019bbf87-091e-7895-9f2e-46eea761d7e2', 'short_name', '', 'string', true, '', '2026-01-06T15:55:22.223579+00:00', true, false, false) ON CONFLICT (id) DO NOTHING;
INSERT INTO public.arg_positions_resource (id, args_id, value, created_at, active, generated, mcp) VALUES ('3694ee9b-50fa-4671-a0e6-20a2b7c7a762', '019bbf87-091e-7895-9f2e-46eea761d7e2', 1, '2026-02-21T22:16:39.608062+00:00', true, false, false) ON CONFLICT (id) DO NOTHING;
INSERT INTO public.args_resource (id, name, description, field_type, required, default_value, created_at, active, generated, mcp) VALUES ('019bbf87-091e-7373-8a48-37437e3ffde1', 'description', '', 'string', false, '', '2026-01-05T00:28:02.003807+00:00', true, false, false) ON CONFLICT (id) DO NOTHING;
INSERT INTO public.arg_positions_resource (id, args_id, value, created_at, active, generated, mcp) VALUES ('de8798e1-83b3-496e-a5cd-4620ad4e166b', '019bbf87-091e-7373-8a48-37437e3ffde1', 2, '2026-02-21T22:16:39.608062+00:00', true, false, false) ON CONFLICT (id) DO NOTHING;
INSERT INTO public.args_resource (id, name, description, field_type, required, default_value, created_at, active, generated, mcp) VALUES ('019bbf87-091e-718e-ac0e-bd9b33b4e4fd', 'points', '', 'string', false, '', '2026-01-05T00:28:02.003807+00:00', true, false, false) ON CONFLICT (id) DO NOTHING;
INSERT INTO public.arg_positions_resource (id, args_id, value, created_at, active, generated, mcp) VALUES ('a9bf3a48-d443-4be4-8b01-f444b595358d', '019bbf87-091e-718e-ac0e-bd9b33b4e4fd', 3, '2026-02-21T22:16:39.608062+00:00', true, false, false) ON CONFLICT (id) DO NOTHING;
INSERT INTO public.args_resource (id, name, description, field_type, required, default_value, created_at, active, generated, mcp) VALUES ('019bbf87-091e-7990-bfc1-b8d3af60d137', 'pass_points', '', 'number', true, '', '2026-01-06T15:55:22.223579+00:00', true, false, false) ON CONFLICT (id) DO NOTHING;
INSERT INTO public.arg_positions_resource (id, args_id, value, created_at, active, generated, mcp) VALUES ('8d17894f-2180-405f-8b00-29df201e68e1', '019bbf87-091e-7990-bfc1-b8d3af60d137', 4, '2026-02-21T22:16:39.608062+00:00', true, false, false) ON CONFLICT (id) DO NOTHING;
INSERT INTO public.args_outputs_resource (id, args_id, name, template, created_at, active, generated, mcp) VALUES ('019bbf87-0964-77cd-ab26-d467f04ec130', '019bbf87-091e-73a9-b24d-e7ab977a5273', 'name', '{{ name }}', '2026-01-14T18:39:46.698365+00:00', true, false, false) ON CONFLICT (id) DO NOTHING;
INSERT INTO public.args_outputs_resource (id, args_id, name, template, created_at, active, generated, mcp) VALUES ('019bbf87-096a-7fb2-828d-8ecd49404ace', '019bbf87-091e-7895-9f2e-46eea761d7e2', 'short_name', '', '2026-01-06T15:55:22.223579+00:00', true, false, false) ON CONFLICT (id) DO NOTHING;
INSERT INTO public.args_outputs_resource (id, args_id, name, template, created_at, active, generated, mcp) VALUES ('019bbf87-0964-7ddd-9ac0-ca38f131c8b8', '019bbf87-091e-7373-8a48-37437e3ffde1', 'description', '{{ description }}', '2026-01-14T18:39:46.698365+00:00', true, false, false) ON CONFLICT (id) DO NOTHING;
INSERT INTO public.args_outputs_resource (id, args_id, name, template, created_at, active, generated, mcp) VALUES ('019bbf87-096b-7104-81f2-bef158001bef', '019bbf87-091e-718e-ac0e-bd9b33b4e4fd', 'points', '', '2026-01-06T15:55:22.223579+00:00', true, false, false) ON CONFLICT (id) DO NOTHING;
INSERT INTO public.args_outputs_resource (id, args_id, name, template, created_at, active, generated, mcp) VALUES ('019bbf87-096b-71a3-9900-f15cd40781ae', '019bbf87-091e-7990-bfc1-b8d3af60d137', 'pass_points', '', '2026-01-06T15:55:22.223579+00:00', true, false, false) ON CONFLICT (id) DO NOTHING;
INSERT INTO public.descriptions_resource (id, description, created_at, active, generated, mcp) VALUES ('019c82b8-5d87-7622-b0bc-5b32dc2ac30f', 'Create a new standard groups resource', '2026-02-22T00:20:46.593734+00:00', true, false, false) ON CONFLICT (id) DO NOTHING;
INSERT INTO public.names_resource (id, name, created_at, active, generated, mcp) VALUES ('019c82b8-5d87-74f1-beec-84dd87929e59', 'create_standard_groups', '2026-02-22T00:20:46.593734+00:00', true, false, false) ON CONFLICT (id) DO NOTHING;
INSERT INTO public.tools_resource (id, created_at, generated, mcp, active, name, description, department_ids, operation, args_ids, args_output_ids, resources, entries, artifacts) VALUES ('3ac11084-85a1-4f04-9dba-5e514d9afc00', '2026-02-21T22:16:39.608062+00:00', false, false, true, 'create_standard_groups', 'Create a new standard group resource', '{}', 'create', '{019bbf87-091e-718e-ac0e-bd9b33b4e4fd,019bbf87-091e-7373-8a48-37437e3ffde1,019bbf87-091e-73a9-b24d-e7ab977a5273,019bbf87-091e-7895-9f2e-46eea761d7e2,019bbf87-091e-7990-bfc1-b8d3af60d137}', '{019bbf87-0964-77cd-ab26-d467f04ec130,019bbf87-0964-7ddd-9ac0-ca38f131c8b8,019bbf87-096a-7fb2-828d-8ecd49404ace,019bbf87-096b-7104-81f2-bef158001bef,019bbf87-096b-71a3-9900-f15cd40781ae}', '{}'::text[], '{}'::text[], '{}'::text[]) ON CONFLICT (id) DO NOTHING;

-- Artifact
-- tool_artifact
INSERT INTO public.tool_artifact (id, created_at, updated_at, generated, mcp) VALUES ('3c4fbeb9-c454-4d32-8c76-5069c4d732a3', '2026-02-21T22:16:39.608062+00:00', '2026-02-21T22:16:39.608062+00:00', false, false) ON CONFLICT (id) DO NOTHING;

-- Junctions
-- tool_arg_positions_junction
INSERT INTO public.tool_arg_positions_junction (tool_id, arg_positions_id, created_at, active, generated, mcp) VALUES ('3c4fbeb9-c454-4d32-8c76-5069c4d732a3', 'f841a1eb-7549-48b2-9eb7-7afcc1d12595', '2026-02-21T22:16:39.608062+00:00', true, false, false) ON CONFLICT (tool_id, arg_positions_id) DO NOTHING;
INSERT INTO public.tool_arg_positions_junction (tool_id, arg_positions_id, created_at, active, generated, mcp) VALUES ('3c4fbeb9-c454-4d32-8c76-5069c4d732a3', '3694ee9b-50fa-4671-a0e6-20a2b7c7a762', '2026-02-21T22:16:39.608062+00:00', true, false, false) ON CONFLICT (tool_id, arg_positions_id) DO NOTHING;
INSERT INTO public.tool_arg_positions_junction (tool_id, arg_positions_id, created_at, active, generated, mcp) VALUES ('3c4fbeb9-c454-4d32-8c76-5069c4d732a3', 'de8798e1-83b3-496e-a5cd-4620ad4e166b', '2026-02-21T22:16:39.608062+00:00', true, false, false) ON CONFLICT (tool_id, arg_positions_id) DO NOTHING;
INSERT INTO public.tool_arg_positions_junction (tool_id, arg_positions_id, created_at, active, generated, mcp) VALUES ('3c4fbeb9-c454-4d32-8c76-5069c4d732a3', 'a9bf3a48-d443-4be4-8b01-f444b595358d', '2026-02-21T22:16:39.608062+00:00', true, false, false) ON CONFLICT (tool_id, arg_positions_id) DO NOTHING;
INSERT INTO public.tool_arg_positions_junction (tool_id, arg_positions_id, created_at, active, generated, mcp) VALUES ('3c4fbeb9-c454-4d32-8c76-5069c4d732a3', '8d17894f-2180-405f-8b00-29df201e68e1', '2026-02-21T22:16:39.608062+00:00', true, false, false) ON CONFLICT (tool_id, arg_positions_id) DO NOTHING;
-- tool_args_junction
INSERT INTO public.tool_args_junction (tool_id, args_id, created_at, generated, mcp, active) VALUES ('3c4fbeb9-c454-4d32-8c76-5069c4d732a3', '019bbf87-091e-73a9-b24d-e7ab977a5273', '2026-02-21T22:16:39.608062+00:00', false, false, true) ON CONFLICT (tool_id, args_id) DO NOTHING;
INSERT INTO public.tool_args_junction (tool_id, args_id, created_at, generated, mcp, active) VALUES ('3c4fbeb9-c454-4d32-8c76-5069c4d732a3', '019bbf87-091e-7895-9f2e-46eea761d7e2', '2026-02-21T22:16:39.608062+00:00', false, false, true) ON CONFLICT (tool_id, args_id) DO NOTHING;
INSERT INTO public.tool_args_junction (tool_id, args_id, created_at, generated, mcp, active) VALUES ('3c4fbeb9-c454-4d32-8c76-5069c4d732a3', '019bbf87-091e-7373-8a48-37437e3ffde1', '2026-02-21T22:16:39.608062+00:00', false, false, true) ON CONFLICT (tool_id, args_id) DO NOTHING;
INSERT INTO public.tool_args_junction (tool_id, args_id, created_at, generated, mcp, active) VALUES ('3c4fbeb9-c454-4d32-8c76-5069c4d732a3', '019bbf87-091e-718e-ac0e-bd9b33b4e4fd', '2026-02-21T22:16:39.608062+00:00', false, false, true) ON CONFLICT (tool_id, args_id) DO NOTHING;
INSERT INTO public.tool_args_junction (tool_id, args_id, created_at, generated, mcp, active) VALUES ('3c4fbeb9-c454-4d32-8c76-5069c4d732a3', '019bbf87-091e-7990-bfc1-b8d3af60d137', '2026-02-21T22:16:39.608062+00:00', false, false, true) ON CONFLICT (tool_id, args_id) DO NOTHING;
-- tool_args_outputs_junction
INSERT INTO public.tool_args_outputs_junction (tool_id, args_outputs_id, created_at, generated, mcp, active) VALUES ('3c4fbeb9-c454-4d32-8c76-5069c4d732a3', '019bbf87-0964-77cd-ab26-d467f04ec130', '2026-02-21T22:16:39.608062+00:00', false, false, true) ON CONFLICT (tool_id, args_outputs_id) DO NOTHING;
INSERT INTO public.tool_args_outputs_junction (tool_id, args_outputs_id, created_at, generated, mcp, active) VALUES ('3c4fbeb9-c454-4d32-8c76-5069c4d732a3', '019bbf87-096a-7fb2-828d-8ecd49404ace', '2026-02-21T22:16:39.608062+00:00', false, false, true) ON CONFLICT (tool_id, args_outputs_id) DO NOTHING;
INSERT INTO public.tool_args_outputs_junction (tool_id, args_outputs_id, created_at, generated, mcp, active) VALUES ('3c4fbeb9-c454-4d32-8c76-5069c4d732a3', '019bbf87-0964-7ddd-9ac0-ca38f131c8b8', '2026-02-21T22:16:39.608062+00:00', false, false, true) ON CONFLICT (tool_id, args_outputs_id) DO NOTHING;
INSERT INTO public.tool_args_outputs_junction (tool_id, args_outputs_id, created_at, generated, mcp, active) VALUES ('3c4fbeb9-c454-4d32-8c76-5069c4d732a3', '019bbf87-096b-7104-81f2-bef158001bef', '2026-02-21T22:16:39.608062+00:00', false, false, true) ON CONFLICT (tool_id, args_outputs_id) DO NOTHING;
INSERT INTO public.tool_args_outputs_junction (tool_id, args_outputs_id, created_at, generated, mcp, active) VALUES ('3c4fbeb9-c454-4d32-8c76-5069c4d732a3', '019bbf87-096b-71a3-9900-f15cd40781ae', '2026-02-21T22:16:39.608062+00:00', false, false, true) ON CONFLICT (tool_id, args_outputs_id) DO NOTHING;
-- tool_descriptions_junction
INSERT INTO public.tool_descriptions_junction (tool_id, descriptions_id, created_at, generated, mcp, active) VALUES ('3c4fbeb9-c454-4d32-8c76-5069c4d732a3', '019c82b8-5d87-7622-b0bc-5b32dc2ac30f', '2026-02-22T00:20:46.593734+00:00', false, false, true) ON CONFLICT (tool_id, descriptions_id) DO NOTHING;
-- tool_flags_junction
INSERT INTO public.tool_flags_junction (tool_id, flags_id, created_at, generated, mcp, active) VALUES ('3c4fbeb9-c454-4d32-8c76-5069c4d732a3', '019be334-bfc6-74fb-be11-ea6b522945bb', '2026-02-22T00:20:46.593734+00:00', false, false, true) ON CONFLICT (tool_id, flags_id) DO NOTHING;
-- tool_operations_junction
INSERT INTO public.tool_operations_junction (tool_id, operations_id, created_at, active, generated, mcp) VALUES ('3c4fbeb9-c454-4d32-8c76-5069c4d732a3', '019d0000-0001-7000-8000-000000000002', '2026-02-27T00:00:00.000000+00:00', true, false, false) ON CONFLICT (tool_id, operations_id) DO NOTHING;
-- tool_names_junction
INSERT INTO public.tool_names_junction (tool_id, names_id, created_at, generated, mcp, active) VALUES ('3c4fbeb9-c454-4d32-8c76-5069c4d732a3', '019c82b8-5d87-74f1-beec-84dd87929e59', '2026-02-22T00:20:46.593734+00:00', false, false, true) ON CONFLICT (tool_id, names_id) DO NOTHING;
-- tool_tools_junction
INSERT INTO public.tool_tools_junction (tool_id, tools_id, active, created_at, generated, mcp) VALUES ('3c4fbeb9-c454-4d32-8c76-5069c4d732a3', '3ac11084-85a1-4f04-9dba-5e514d9afc00', true, '2026-02-21T22:16:39.608062+00:00', false, false) ON CONFLICT (tool_id, tools_id) DO NOTHING;
