-- Module: create_strength
-- Category: tool
-- Description: create_strength MCP tool
-- ============================================================


-- Resource rows
INSERT INTO public.args_resource (id, name, description, field_type, required, default_value, created_at, active, generated, mcp) VALUES ('019c16d8-a124-7002-98bc-8d85766d98a3', 'strength_grade_id', 'The ID of the grade to add strength to', 'string', true, '', '2026-02-01T01:37:01.720364+00:00', true, false, false) ON CONFLICT (id) DO NOTHING;
INSERT INTO public.arg_positions_resource (id, args_id, value, created_at, active, generated, mcp) VALUES ('019c4e6b-2c29-79cc-a790-1108163f7c64', '019c16d8-a124-7002-98bc-8d85766d98a3', 0, '2026-02-11T20:36:12.457770+00:00', true, false, false) ON CONFLICT (id) DO NOTHING;
INSERT INTO public.args_resource (id, name, description, field_type, required, default_value, created_at, active, generated, mcp) VALUES ('019c16d8-a124-7022-8725-7350d3322d28', 'strength_message_id', 'The ID of the specific message (optional)', 'string', false, '', '2026-02-01T01:37:01.720364+00:00', true, false, false) ON CONFLICT (id) DO NOTHING;
INSERT INTO public.arg_positions_resource (id, args_id, value, created_at, active, generated, mcp) VALUES ('019c4e6b-2c29-79d3-b7c7-b55d60ac4f61', '019c16d8-a124-7022-8725-7350d3322d28', 1, '2026-02-11T20:36:12.457770+00:00', true, false, false) ON CONFLICT (id) DO NOTHING;
INSERT INTO public.args_resource (id, name, description, field_type, required, default_value, created_at, active, generated, mcp) VALUES ('019c16d8-a124-7042-9411-d301e1f9154a', 'strength_name', 'The name/title of the strength', 'string', true, '', '2026-02-01T01:37:01.720364+00:00', true, false, false) ON CONFLICT (id) DO NOTHING;
INSERT INTO public.arg_positions_resource (id, args_id, value, created_at, active, generated, mcp) VALUES ('019c4e6b-2c29-79d5-9ac2-d2595160bbb5', '019c16d8-a124-7042-9411-d301e1f9154a', 2, '2026-02-11T20:36:12.457770+00:00', true, false, false) ON CONFLICT (id) DO NOTHING;
INSERT INTO public.args_resource (id, name, description, field_type, required, default_value, created_at, active, generated, mcp) VALUES ('019c16d8-a124-7062-a2b0-54377f200e63', 'strength_description', 'The description of the strength', 'string', true, '', '2026-02-01T01:37:01.720364+00:00', true, false, false) ON CONFLICT (id) DO NOTHING;
INSERT INTO public.arg_positions_resource (id, args_id, value, created_at, active, generated, mcp) VALUES ('019c4e6b-2c29-79db-b17d-f69904bf8fe8', '019c16d8-a124-7062-a2b0-54377f200e63', 3, '2026-02-11T20:36:12.457770+00:00', true, false, false) ON CONFLICT (id) DO NOTHING;
INSERT INTO public.args_outputs_resource (id, args_id, name, template, created_at, active, generated, mcp) VALUES ('019c24ff-49ed-7ba1-8a91-f2ff8c2f8587', '019c16d8-a124-7002-98bc-8d85766d98a3', 'grade_id', '{{ strength_grade_id }}', '2026-02-03T19:33:56.326236+00:00', true, false, false) ON CONFLICT (id) DO NOTHING;
INSERT INTO public.args_outputs_resource (id, args_id, name, template, created_at, active, generated, mcp) VALUES ('019c24ff-49ed-7d86-9949-3e3f1a78f4c7', '019c16d8-a124-7022-8725-7350d3322d28', 'message_id', '{{ strength_message_id }}', '2026-02-03T19:33:56.326236+00:00', true, false, false) ON CONFLICT (id) DO NOTHING;
INSERT INTO public.args_outputs_resource (id, args_id, name, template, created_at, active, generated, mcp) VALUES ('019c24ff-49ed-7f0c-83a7-592260b57fea', '019c16d8-a124-7042-9411-d301e1f9154a', 'name', '{{ strength_name }}', '2026-02-03T19:33:56.326236+00:00', true, false, false) ON CONFLICT (id) DO NOTHING;
INSERT INTO public.args_outputs_resource (id, args_id, name, template, created_at, active, generated, mcp) VALUES ('019c24ff-49ee-7192-9874-60e554e5eb07', '019c16d8-a124-7062-a2b0-54377f200e63', 'description', '{{ strength_description }}', '2026-02-03T19:33:56.326236+00:00', true, false, false) ON CONFLICT (id) DO NOTHING;
INSERT INTO public.descriptions_resource (id, description, created_at, active, generated, mcp) VALUES ('019c16d8-a127-7455-abb2-3d1a6d0172df', 'Create a strength entry for a grade in the simulation', '2026-02-01T01:37:01.720364+00:00', true, false, false) ON CONFLICT (id) DO NOTHING;
INSERT INTO public.names_resource (id, name, created_at, active, generated, mcp) VALUES ('019bbabc-5a2f-7c4d-a2a0-99de03bf9bbd', 'create_strength', '2025-12-29T19:41:03.614243+00:00', true, false, false) ON CONFLICT (id) DO NOTHING;
INSERT INTO public.tools_resource (id, created_at, generated, mcp, active, name, description, department_ids, operation, args_ids, args_output_ids, resources, entries, artifacts) VALUES ('019bebc4-d436-7bac-88c6-8d40538bcb49', '2026-01-13T23:48:20.098044+00:00', false, false, true, 'create_strength', 'Create strength feedback for a specific message. Highlight what was strong about this message in the conversation. You can optionally highlight specific sections.', '{}', 'create', '{019c16d8-a124-7002-98bc-8d85766d98a3,019c16d8-a124-7022-8725-7350d3322d28,019c16d8-a124-7042-9411-d301e1f9154a,019c16d8-a124-7062-a2b0-54377f200e63}', '{019c24ff-49ed-7ba1-8a91-f2ff8c2f8587,019c24ff-49ed-7d86-9949-3e3f1a78f4c7,019c24ff-49ed-7f0c-83a7-592260b57fea,019c24ff-49ee-7192-9874-60e554e5eb07}', '{}'::text[], '{strengths}'::text[], '{}'::text[]) ON CONFLICT (id) DO NOTHING;

-- Artifact
-- tool_artifact
INSERT INTO public.tool_artifact (id, created_at, updated_at, generated, mcp) VALUES ('019c16d8-a127-71ab-833e-f4d9273033a8', '2026-02-01T01:37:01.720364+00:00', '2026-02-01T01:37:01.720364+00:00', false, false) ON CONFLICT (id) DO NOTHING;

-- Junctions
-- tool_arg_positions_junction
INSERT INTO public.tool_arg_positions_junction (tool_id, arg_positions_id, created_at, active, generated, mcp) VALUES ('019c16d8-a127-71ab-833e-f4d9273033a8', '019c4e6b-2c29-79cc-a790-1108163f7c64', '2026-02-11T20:36:12.459709+00:00', true, false, false) ON CONFLICT (tool_id, arg_positions_id) DO NOTHING;
INSERT INTO public.tool_arg_positions_junction (tool_id, arg_positions_id, created_at, active, generated, mcp) VALUES ('019c16d8-a127-71ab-833e-f4d9273033a8', '019c4e6b-2c29-79d3-b7c7-b55d60ac4f61', '2026-02-11T20:36:12.459709+00:00', true, false, false) ON CONFLICT (tool_id, arg_positions_id) DO NOTHING;
INSERT INTO public.tool_arg_positions_junction (tool_id, arg_positions_id, created_at, active, generated, mcp) VALUES ('019c16d8-a127-71ab-833e-f4d9273033a8', '019c4e6b-2c29-79d5-9ac2-d2595160bbb5', '2026-02-11T20:36:12.459709+00:00', true, false, false) ON CONFLICT (tool_id, arg_positions_id) DO NOTHING;
INSERT INTO public.tool_arg_positions_junction (tool_id, arg_positions_id, created_at, active, generated, mcp) VALUES ('019c16d8-a127-71ab-833e-f4d9273033a8', '019c4e6b-2c29-79db-b17d-f69904bf8fe8', '2026-02-11T20:36:12.459709+00:00', true, false, false) ON CONFLICT (tool_id, arg_positions_id) DO NOTHING;
-- tool_args_junction
INSERT INTO public.tool_args_junction (tool_id, args_id, created_at, generated, mcp, active) VALUES ('019c16d8-a127-71ab-833e-f4d9273033a8', '019c16d8-a124-7002-98bc-8d85766d98a3', '2026-02-01T01:37:01.720364+00:00', false, false, true) ON CONFLICT (tool_id, args_id) DO NOTHING;
INSERT INTO public.tool_args_junction (tool_id, args_id, created_at, generated, mcp, active) VALUES ('019c16d8-a127-71ab-833e-f4d9273033a8', '019c16d8-a124-7022-8725-7350d3322d28', '2026-02-01T01:37:01.720364+00:00', false, false, true) ON CONFLICT (tool_id, args_id) DO NOTHING;
INSERT INTO public.tool_args_junction (tool_id, args_id, created_at, generated, mcp, active) VALUES ('019c16d8-a127-71ab-833e-f4d9273033a8', '019c16d8-a124-7042-9411-d301e1f9154a', '2026-02-01T01:37:01.720364+00:00', false, false, true) ON CONFLICT (tool_id, args_id) DO NOTHING;
INSERT INTO public.tool_args_junction (tool_id, args_id, created_at, generated, mcp, active) VALUES ('019c16d8-a127-71ab-833e-f4d9273033a8', '019c16d8-a124-7062-a2b0-54377f200e63', '2026-02-01T01:37:01.720364+00:00', false, false, true) ON CONFLICT (tool_id, args_id) DO NOTHING;
-- tool_args_outputs_junction
INSERT INTO public.tool_args_outputs_junction (tool_id, args_outputs_id, created_at, generated, mcp, active) VALUES ('019c16d8-a127-71ab-833e-f4d9273033a8', '019c24ff-49ed-7ba1-8a91-f2ff8c2f8587', '2026-02-03T19:33:56.326236+00:00', false, false, true) ON CONFLICT (tool_id, args_outputs_id) DO NOTHING;
INSERT INTO public.tool_args_outputs_junction (tool_id, args_outputs_id, created_at, generated, mcp, active) VALUES ('019c16d8-a127-71ab-833e-f4d9273033a8', '019c24ff-49ed-7d86-9949-3e3f1a78f4c7', '2026-02-03T19:33:56.326236+00:00', false, false, true) ON CONFLICT (tool_id, args_outputs_id) DO NOTHING;
INSERT INTO public.tool_args_outputs_junction (tool_id, args_outputs_id, created_at, generated, mcp, active) VALUES ('019c16d8-a127-71ab-833e-f4d9273033a8', '019c24ff-49ed-7f0c-83a7-592260b57fea', '2026-02-03T19:33:56.326236+00:00', false, false, true) ON CONFLICT (tool_id, args_outputs_id) DO NOTHING;
INSERT INTO public.tool_args_outputs_junction (tool_id, args_outputs_id, created_at, generated, mcp, active) VALUES ('019c16d8-a127-71ab-833e-f4d9273033a8', '019c24ff-49ee-7192-9874-60e554e5eb07', '2026-02-03T19:33:56.326236+00:00', false, false, true) ON CONFLICT (tool_id, args_outputs_id) DO NOTHING;
-- tool_entries_junction
INSERT INTO public.tool_entries_junction (tool_id, entry_id, active, created_at, generated, mcp) VALUES ('019c16d8-a127-71ab-833e-f4d9273033a8', '047ec235-767f-4c72-94dc-c4c7d6edd88e', true, '2026-02-19T14:14:23.735995+00:00', false, false) ON CONFLICT (tool_id, entry_id) DO NOTHING;
-- tool_descriptions_junction
INSERT INTO public.tool_descriptions_junction (tool_id, description_id, created_at, generated, mcp, active) VALUES ('019c16d8-a127-71ab-833e-f4d9273033a8', '019c16d8-a127-7455-abb2-3d1a6d0172df', '2026-02-01T01:37:01.720364+00:00', false, false, true) ON CONFLICT (tool_id, description_id) DO NOTHING;
-- tool_flags_junction
INSERT INTO public.tool_flags_junction (tool_id, flag_id, value, created_at, generated, mcp, active) VALUES ('019c16d8-a127-71ab-833e-f4d9273033a8', '019be334-bfc6-74fb-be11-ea6b522945bb', true, '2026-02-01T01:37:01.720364+00:00', false, false, true) ON CONFLICT (tool_id, flag_id) DO NOTHING;
-- tool_operations_junction
INSERT INTO public.tool_operations_junction (tool_id, operation_id, created_at, active, generated, mcp) VALUES ('019c16d8-a127-71ab-833e-f4d9273033a8', '019d0000-0001-7000-8000-000000000002', '2026-02-27T00:00:00.000000+00:00', true, false, false) ON CONFLICT (tool_id, operation_id) DO NOTHING;
-- tool_names_junction
INSERT INTO public.tool_names_junction (tool_id, name_id, created_at, generated, mcp, active) VALUES ('019c16d8-a127-71ab-833e-f4d9273033a8', '019bbabc-5a2f-7c4d-a2a0-99de03bf9bbd', '2026-02-01T01:37:01.720364+00:00', false, false, true) ON CONFLICT (tool_id, name_id) DO NOTHING;
-- tool_tools_junction
INSERT INTO public.tool_tools_junction (tool_id, tools_id, active, created_at, generated, mcp) VALUES ('019c16d8-a127-71ab-833e-f4d9273033a8', '019bebc4-d436-7bac-88c6-8d40538bcb49', true, '2026-02-01T01:37:01.720364+00:00', false, false) ON CONFLICT (tool_id, tools_id) DO NOTHING;
