-- Module: texts
-- Category: texts
-- Description: Text entries and connections for document texts
-- ============================================================

-- texts_entry
INSERT INTO public.texts_entry (id, created_at, updated_at, active, generated, mcp) VALUES ('019c29d6-003a-7f3d-9c60-a6c537f708ce', '2025-12-06T02:59:23.893847+00:00', '2025-12-06T02:59:23.893847+00:00', true, false, false) ON CONFLICT (id) DO NOTHING;
INSERT INTO public.texts_entry (id, created_at, updated_at, active, generated, mcp) VALUES ('019c29d6-003a-7541-984b-5374263aa03b', '2025-12-06T02:59:23.893847+00:00', '2025-12-06T02:59:23.893847+00:00', true, false, false) ON CONFLICT (id) DO NOTHING;
INSERT INTO public.texts_entry (id, created_at, updated_at, active, generated, mcp) VALUES ('019c29d6-003b-71b1-bfa5-69ef5f636751', '2025-12-06T02:59:23.893847+00:00', '2025-12-06T02:59:23.893847+00:00', true, false, false) ON CONFLICT (id) DO NOTHING;
INSERT INTO public.texts_entry (id, created_at, updated_at, active, generated, mcp) VALUES ('019c29d6-003a-731f-b918-64b6c99d0464', '2025-12-06T02:59:23.893847+00:00', '2025-12-06T02:59:23.893847+00:00', true, false, false) ON CONFLICT (id) DO NOTHING;
INSERT INTO public.texts_entry (id, created_at, updated_at, active, generated, mcp) VALUES ('019c29d6-003a-740e-8854-4d9ee26d34a6', '2025-12-06T02:59:23.893847+00:00', '2025-12-06T02:59:23.893847+00:00', true, false, false) ON CONFLICT (id) DO NOTHING;
INSERT INTO public.texts_entry (id, created_at, updated_at, active, generated, mcp) VALUES ('019c29d6-003b-7026-b46a-5def99ec275a', '2025-12-06T02:59:23.893847+00:00', '2025-12-06T02:59:23.893847+00:00', true, false, false) ON CONFLICT (id) DO NOTHING;
INSERT INTO public.texts_entry (id, created_at, updated_at, active, generated, mcp) VALUES ('019c29d6-003a-7647-aa7f-b9baebd83bf3', '2025-12-06T02:59:23.893847+00:00', '2025-12-06T02:59:23.893847+00:00', true, false, false) ON CONFLICT (id) DO NOTHING;
INSERT INTO public.texts_entry (id, created_at, updated_at, active, generated, mcp) VALUES ('019c5ad4-73da-75a6-a9bf-5c4c5e79178e', '2026-02-14T06:26:38.435028+00:00', '2026-02-14T06:26:38.435028+00:00', true, false, false) ON CONFLICT (id) DO NOTHING;

-- uploads_entry (text file uploads)
INSERT INTO public.uploads_entry (id, file_path, mime_type, size, created_at, updated_at, active, generated, mcp) VALUES ('56956ca9-c215-4196-97ac-d4a36edcfe90', 'text/240250e5-efb5-4d74-91b2-5484d0d9d0d9.txt', 'text/plain', 10044, '2025-12-06T02:59:23.893847+00:00', '2025-12-06T02:59:23.893847+00:00', true, false, false) ON CONFLICT (id) DO NOTHING;
INSERT INTO public.uploads_entry (id, file_path, mime_type, size, created_at, updated_at, active, generated, mcp) VALUES ('5080c553-9d16-427d-8881-0db2626bbbbb', 'text/2d420b2a-a347-42e9-9e36-b1703d5a9aa3.txt', 'text/plain', 9970, '2025-12-06T02:59:23.893847+00:00', '2025-12-06T02:59:23.893847+00:00', true, false, false) ON CONFLICT (id) DO NOTHING;
INSERT INTO public.uploads_entry (id, file_path, mime_type, size, created_at, updated_at, active, generated, mcp) VALUES ('3f02d38c-94ad-42ae-bfca-2d7ef620661f', 'text/f6f82c39-2db2-439b-9501-1124821f7c6c.txt', 'text/plain', 9748, '2025-12-06T02:59:23.893847+00:00', '2025-12-06T02:59:23.893847+00:00', true, false, false) ON CONFLICT (id) DO NOTHING;
INSERT INTO public.uploads_entry (id, file_path, mime_type, size, created_at, updated_at, active, generated, mcp) VALUES ('a4bc542b-44da-4fc8-948f-7d8d8fda71e1', 'text/d060952e-f68b-4a67-a231-1dd224937206.txt', 'text/plain', 11672, '2025-12-06T02:59:23.893847+00:00', '2025-12-06T02:59:23.893847+00:00', true, false, false) ON CONFLICT (id) DO NOTHING;
INSERT INTO public.uploads_entry (id, file_path, mime_type, size, created_at, updated_at, active, generated, mcp) VALUES ('2b0efa76-7d9c-4d52-9a63-37a8d9ba8793', 'text/1e2da365-fe6c-43ef-bf3a-3395fb281a09.txt', 'text/plain', 9065, '2025-12-06T02:59:23.893847+00:00', '2025-12-06T02:59:23.893847+00:00', true, false, false) ON CONFLICT (id) DO NOTHING;
INSERT INTO public.uploads_entry (id, file_path, mime_type, size, created_at, updated_at, active, generated, mcp) VALUES ('9e9640a9-33b8-424a-bc55-dbaf96732118', 'text/c27ec685-ca41-445a-9f51-ea383b32df54.txt', 'text/plain', 9458, '2025-12-06T02:59:23.893847+00:00', '2025-12-06T02:59:23.893847+00:00', true, false, false) ON CONFLICT (id) DO NOTHING;
INSERT INTO public.uploads_entry (id, file_path, mime_type, size, created_at, updated_at, active, generated, mcp) VALUES ('b082252d-5959-4124-8e45-9aec5a491378', 'text/c1464d2f-6fce-45b0-9c86-af40aad3df61.txt', 'text/plain', 11093, '2025-12-06T02:59:23.893847+00:00', '2025-12-06T02:59:23.893847+00:00', true, false, false) ON CONFLICT (id) DO NOTHING;
INSERT INTO public.uploads_entry (id, file_path, mime_type, size, created_at, updated_at, active, generated, mcp) VALUES ('cb5d6544-a8d3-4e1f-8e48-b5126dd58656', 'text/5ac95858-9590-4164-b7d3-ca4285f1e0bf.txt', 'text/plain', 9828, '2026-02-14T06:26:38.435028+00:00', '2026-02-14T06:26:38.435028+00:00', true, false, false) ON CONFLICT (id) DO NOTHING;

-- text_uploads_entry (junction)
INSERT INTO public.text_uploads_entry (text_id, upload_id) VALUES ('019c29d6-003a-7f3d-9c60-a6c537f708ce', '56956ca9-c215-4196-97ac-d4a36edcfe90') ON CONFLICT (text_id, upload_id) DO NOTHING;
INSERT INTO public.text_uploads_entry (text_id, upload_id) VALUES ('019c29d6-003a-7541-984b-5374263aa03b', '5080c553-9d16-427d-8881-0db2626bbbbb') ON CONFLICT (text_id, upload_id) DO NOTHING;
INSERT INTO public.text_uploads_entry (text_id, upload_id) VALUES ('019c29d6-003b-71b1-bfa5-69ef5f636751', '3f02d38c-94ad-42ae-bfca-2d7ef620661f') ON CONFLICT (text_id, upload_id) DO NOTHING;
INSERT INTO public.text_uploads_entry (text_id, upload_id) VALUES ('019c29d6-003a-731f-b918-64b6c99d0464', 'a4bc542b-44da-4fc8-948f-7d8d8fda71e1') ON CONFLICT (text_id, upload_id) DO NOTHING;
INSERT INTO public.text_uploads_entry (text_id, upload_id) VALUES ('019c29d6-003a-740e-8854-4d9ee26d34a6', '2b0efa76-7d9c-4d52-9a63-37a8d9ba8793') ON CONFLICT (text_id, upload_id) DO NOTHING;
INSERT INTO public.text_uploads_entry (text_id, upload_id) VALUES ('019c29d6-003b-7026-b46a-5def99ec275a', '9e9640a9-33b8-424a-bc55-dbaf96732118') ON CONFLICT (text_id, upload_id) DO NOTHING;
INSERT INTO public.text_uploads_entry (text_id, upload_id) VALUES ('019c29d6-003a-7647-aa7f-b9baebd83bf3', 'b082252d-5959-4124-8e45-9aec5a491378') ON CONFLICT (text_id, upload_id) DO NOTHING;
INSERT INTO public.text_uploads_entry (text_id, upload_id) VALUES ('019c5ad4-73da-75a6-a9bf-5c4c5e79178e', 'cb5d6544-a8d3-4e1f-8e48-b5126dd58656') ON CONFLICT (text_id, upload_id) DO NOTHING;

-- texts_texts_connection
INSERT INTO public.texts_texts_connection (texts_id, text_id, active, created_at, updated_at) VALUES ('019c29d6-005b-7e73-92cf-45f8bfca8d76', '019c29d6-003a-7f3d-9c60-a6c537f708ce', true, '2026-02-04T18:06:56.587632+00:00', '2026-02-04T18:06:56.587632+00:00') ON CONFLICT (texts_id, text_id) DO NOTHING;
INSERT INTO public.texts_texts_connection (texts_id, text_id, active, created_at, updated_at) VALUES ('019c29d6-005c-70a2-921b-6f8c3be52b7a', '019c29d6-003a-7541-984b-5374263aa03b', true, '2026-02-04T18:06:56.587632+00:00', '2026-02-04T18:06:56.587632+00:00') ON CONFLICT (texts_id, text_id) DO NOTHING;
INSERT INTO public.texts_texts_connection (texts_id, text_id, active, created_at, updated_at) VALUES ('019c29d6-005c-714c-81db-6998e1e7ef95', '019c29d6-003b-71b1-bfa5-69ef5f636751', true, '2026-02-04T18:06:56.587632+00:00', '2026-02-04T18:06:56.587632+00:00') ON CONFLICT (texts_id, text_id) DO NOTHING;
INSERT INTO public.texts_texts_connection (texts_id, text_id, active, created_at, updated_at) VALUES ('019c29d6-005c-7205-8dea-be2ddf4258ef', '019c29d6-003a-731f-b918-64b6c99d0464', true, '2026-02-04T18:06:56.587632+00:00', '2026-02-04T18:06:56.587632+00:00') ON CONFLICT (texts_id, text_id) DO NOTHING;
INSERT INTO public.texts_texts_connection (texts_id, text_id, active, created_at, updated_at) VALUES ('019c29d6-005c-72ae-8312-4708579fd54b', '019c29d6-003a-740e-8854-4d9ee26d34a6', true, '2026-02-04T18:06:56.587632+00:00', '2026-02-04T18:06:56.587632+00:00') ON CONFLICT (texts_id, text_id) DO NOTHING;
INSERT INTO public.texts_texts_connection (texts_id, text_id, active, created_at, updated_at) VALUES ('019c29d6-005c-733c-a565-88b232c706d3', '019c29d6-003b-7026-b46a-5def99ec275a', true, '2026-02-04T18:06:56.587632+00:00', '2026-02-04T18:06:56.587632+00:00') ON CONFLICT (texts_id, text_id) DO NOTHING;
INSERT INTO public.texts_texts_connection (texts_id, text_id, active, created_at, updated_at) VALUES ('019c29d6-005c-7419-9bbc-db30a5b6483c', '019c29d6-003a-7647-aa7f-b9baebd83bf3', true, '2026-02-04T18:06:56.587632+00:00', '2026-02-04T18:06:56.587632+00:00') ON CONFLICT (texts_id, text_id) DO NOTHING;
